<?xml version="1.0" encoding="utf-8"?>
<motionPrimitive ID="10234">
   <controller type="generator space control">controller10234.mat</controller>
   <successors>
      <id>9096</id>
      <id>9097</id>
      <id>9098</id>
      <id>9099</id>
      <id>9100</id>
      <id>9101</id>
      <id>9102</id>
      <id>9103</id>
      <id>9104</id>
      <id>9105</id>
      <id>9106</id>
      <id>9107</id>
      <id>9108</id>
      <id>9109</id>
      <id>9110</id>
      <id>9111</id>
      <id>9112</id>
      <id>9113</id>
      <id>9114</id>
      <id>9115</id>
      <id>9116</id>
      <id>9117</id>
      <id>9118</id>
      <id>9119</id>
      <id>9120</id>
      <id>9121</id>
      <id>9122</id>
      <id>9123</id>
      <id>9124</id>
      <id>9125</id>
      <id>9126</id>
      <id>9127</id>
      <id>9128</id>
      <id>9129</id>
      <id>9130</id>
      <id>9131</id>
      <id>9132</id>
      <id>9133</id>
      <id>9134</id>
      <id>9135</id>
      <id>9136</id>
      <id>9137</id>
      <id>9138</id>
      <id>9139</id>
      <id>9140</id>
      <id>9141</id>
      <id>9142</id>
      <id>9143</id>
      <id>9144</id>
      <id>9145</id>
      <id>9146</id>
      <id>9147</id>
      <id>9148</id>
      <id>9149</id>
      <id>9150</id>
      <id>9151</id>
      <id>9152</id>
      <id>9153</id>
      <id>9154</id>
      <id>9155</id>
      <id>9156</id>
      <id>9157</id>
      <id>9158</id>
      <id>9159</id>
      <id>9160</id>
      <id>9161</id>
      <id>9162</id>
      <id>9163</id>
      <id>9164</id>
      <id>9165</id>
      <id>9166</id>
      <id>9167</id>
      <id>9168</id>
      <id>9169</id>
      <id>9170</id>
      <id>9171</id>
      <id>9172</id>
      <id>9173</id>
      <id>9174</id>
      <id>9175</id>
      <id>9176</id>
      <id>9177</id>
      <id>9178</id>
      <id>9179</id>
      <id>9180</id>
      <id>9181</id>
      <id>9182</id>
      <id>9183</id>
      <id>9184</id>
      <id>9185</id>
      <id>9186</id>
      <id>9187</id>
      <id>9188</id>
      <id>9189</id>
      <id>9190</id>
      <id>9191</id>
      <id>9192</id>
      <id>9193</id>
      <id>9194</id>
      <id>9195</id>
      <id>9196</id>
      <id>9197</id>
      <id>9198</id>
      <id>9199</id>
      <id>9200</id>
      <id>9201</id>
      <id>9202</id>
      <id>9203</id>
      <id>9204</id>
      <id>9205</id>
      <id>9206</id>
      <id>9207</id>
      <id>9208</id>
      <id>9209</id>
      <id>9210</id>
      <id>9211</id>
      <id>9212</id>
      <id>9213</id>
      <id>9214</id>
      <id>9215</id>
      <id>9216</id>
      <id>9217</id>
      <id>9218</id>
      <id>9219</id>
      <id>9220</id>
      <id>9221</id>
      <id>9222</id>
      <id>9223</id>
      <id>9224</id>
      <id>9225</id>
      <id>9226</id>
      <id>9227</id>
      <id>9228</id>
      <id>9229</id>
      <id>9230</id>
      <id>9231</id>
      <id>9232</id>
      <id>9233</id>
      <id>9234</id>
      <id>9235</id>
      <id>9236</id>
      <id>9237</id>
      <id>9238</id>
      <id>9239</id>
      <id>9240</id>
      <id>9241</id>
      <id>9242</id>
      <id>9243</id>
      <id>9244</id>
      <id>9245</id>
      <id>9246</id>
      <id>9247</id>
      <id>9248</id>
      <id>9249</id>
      <id>9250</id>
      <id>9251</id>
      <id>9252</id>
      <id>9253</id>
      <id>9254</id>
      <id>9255</id>
      <id>9256</id>
      <id>9257</id>
      <id>9258</id>
      <id>9259</id>
      <id>9260</id>
      <id>9261</id>
      <id>9262</id>
      <id>9263</id>
      <id>9264</id>
      <id>9265</id>
      <id>9266</id>
      <id>9267</id>
      <id>9268</id>
      <id>9269</id>
      <id>9270</id>
      <id>9271</id>
      <id>9272</id>
      <id>9273</id>
      <id>9274</id>
      <id>9275</id>
   </successors>
   <trajectory>
      <states>
         <state>
            <time>0</time>
            <x>0</x>
            <y>0</y>
            <velocity>24.4</velocity>
            <orientation>0</orientation>
         </state>
         <state>
            <time>0.1</time>
            <x>2.4272</x>
            <y>0.10088</y>
            <velocity>24.2</velocity>
            <orientation>0.083077</orientation>
         </state>
         <state>
            <time>0.2</time>
            <x>4.8179</x>
            <y>0.39952</y>
            <velocity>24</velocity>
            <orientation>0.16547</orientation>
         </state>
         <state>
            <time>0.3</time>
            <x>7.1566</x>
            <y>0.88901</y>
            <velocity>23.8</velocity>
            <orientation>0.24718</orientation>
         </state>
         <state>
            <time>0.4</time>
            <x>9.4286</x>
            <y>1.5613</y>
            <velocity>23.6</velocity>
            <orientation>0.32821</orientation>
         </state>
         <state>
            <time>0.5</time>
            <x>11.6203</x>
            <y>2.4073</y>
            <velocity>23.4</velocity>
            <orientation>0.40855</orientation>
         </state>
         <state>
            <time>0.6</time>
            <x>13.7195</x>
            <y>3.4171</y>
            <velocity>23.2</velocity>
            <orientation>0.48821</orientation>
         </state>
         <state>
            <time>0.7</time>
            <x>15.7147</x>
            <y>4.58</y>
            <velocity>23</velocity>
            <orientation>0.56718</orientation>
         </state>
         <state>
            <time>0.8</time>
            <x>17.596</x>
            <y>5.8846</y>
            <velocity>22.8</velocity>
            <orientation>0.64547</orientation>
         </state>
         <state>
            <time>0.9</time>
            <x>19.3546</x>
            <y>7.3191</y>
            <velocity>22.6</velocity>
            <orientation>0.72308</orientation>
         </state>
         <state>
            <time>1</time>
            <x>20.9827</x>
            <y>8.8713</y>
            <velocity>22.4</velocity>
            <orientation>0.8</orientation>
         </state>
      </states>
      <inputs>
         <input>
            <acceleration>-2</acceleration>
            <steer>0.078471</steer>
         </input>
         <input>
            <acceleration>-2</acceleration>
            <steer>0.078471</steer>
         </input>
         <input>
            <acceleration>-2</acceleration>
            <steer>0.078471</steer>
         </input>
         <input>
            <acceleration>-2</acceleration>
            <steer>0.078471</steer>
         </input>
         <input>
            <acceleration>-2</acceleration>
            <steer>0.078471</steer>
         </input>
         <input>
            <acceleration>-2</acceleration>
            <steer>0.078471</steer>
         </input>
         <input>
            <acceleration>-2</acceleration>
            <steer>0.078471</steer>
         </input>
         <input>
            <acceleration>-2</acceleration>
            <steer>0.078471</steer>
         </input>
         <input>
            <acceleration>-2</acceleration>
            <steer>0.078471</steer>
         </input>
         <input>
            <acceleration>-2</acceleration>
            <steer>0.078471</steer>
         </input>
      </inputs>
   </trajectory>
   <occupancySet>
      <occupancy>
         <time>
            <intervalStart>0</intervalStart>
            <intervalEnd>0.1</intervalEnd>
         </time>
         <set>
            <point>
               <element dimension="1">-1.1283</element>
               <element dimension="2">1.0186</element>
            </point>
            <point>
               <element dimension="1">0.36682</element>
               <element dimension="2">1.1369</element>
            </point>
            <point>
               <element dimension="1">5.5642</element>
               <element dimension="2">1.353</element>
            </point>
            <point>
               <element dimension="1">5.756</element>
               <element dimension="2">1.3538</element>
            </point>
            <point>
               <element dimension="1">5.893</element>
               <element dimension="2">-0.37755</element>
            </point>
            <point>
               <element dimension="1">5.8987</element>
               <element dimension="2">-0.51618</element>
            </point>
            <point>
               <element dimension="1">5.9001</element>
               <element dimension="2">-0.83192</element>
            </point>
            <point>
               <element dimension="1">3.6581</element>
               <element dimension="2">-1.0093</element>
            </point>
            <point>
               <element dimension="1">3.0932</element>
               <element dimension="2">-1.0328</element>
            </point>
            <point>
               <element dimension="1">-1.1187</element>
               <element dimension="2">-1.0504</element>
            </point>
            <point>
               <element dimension="1">-1.1197</element>
               <element dimension="2">-1.0372</element>
            </point>
            <point>
               <element dimension="1">-1.1197</element>
               <element dimension="2">-1.0369</element>
            </point>
         </set>
      </occupancy>
      <occupancy>
         <time>
            <intervalStart>0.1</intervalStart>
            <intervalEnd>0.2</intervalEnd>
         </time>
         <set>
            <point>
               <element dimension="1">0.99392</element>
               <element dimension="2">0.97995</element>
            </point>
            <point>
               <element dimension="1">3.4754</element>
               <element dimension="2">1.3839</element>
            </point>
            <point>
               <element dimension="1">7.8577</element>
               <element dimension="2">1.9131</element>
            </point>
            <point>
               <element dimension="1">8.0277</element>
               <element dimension="2">1.9266</element>
            </point>
            <point>
               <element dimension="1">8.3114</element>
               <element dimension="2">0.18431</element>
            </point>
            <point>
               <element dimension="1">8.3117</element>
               <element dimension="2">0.18114</element>
            </point>
            <point>
               <element dimension="1">8.3435</element>
               <element dimension="2">-0.2202</element>
            </point>
            <point>
               <element dimension="1">5.8979</element>
               <element dimension="2">-0.61836</element>
            </point>
            <point>
               <element dimension="1">5.1606</element>
               <element dimension="2">-0.70739</element>
            </point>
            <point>
               <element dimension="1">1.1555</element>
               <element dimension="2">-1.0243</element>
            </point>
            <point>
               <element dimension="1">1.1496</element>
               <element dimension="2">-0.98801</element>
            </point>
            <point>
               <element dimension="1">1.1496</element>
               <element dimension="2">-0.988</element>
            </point>
         </set>
      </occupancy>
      <occupancy>
         <time>
            <intervalStart>0.2</intervalStart>
            <intervalEnd>0.3</intervalEnd>
         </time>
         <set>
            <point>
               <element dimension="1">3.3222</element>
               <element dimension="2">1.1627</element>
            </point>
            <point>
               <element dimension="1">5.5715</element>
               <element dimension="2">1.7206</element>
            </point>
            <point>
               <element dimension="1">10.077</element>
               <element dimension="2">2.6446</element>
            </point>
            <point>
               <element dimension="1">10.2229</element>
               <element dimension="2">2.6683</element>
            </point>
            <point>
               <element dimension="1">10.6529</element>
               <element dimension="2">0.93461</element>
            </point>
            <point>
               <element dimension="1">10.7148</element>
               <element dimension="2">0.55464</element>
            </point>
            <point>
               <element dimension="1">8.325</element>
               <element dimension="2">-0.038126</element>
            </point>
            <point>
               <element dimension="1">7.6833</element>
               <element dimension="2">-0.16971</element>
            </point>
            <point>
               <element dimension="1">3.6502</element>
               <element dimension="2">-0.82633</element>
            </point>
            <point>
               <element dimension="1">3.638</element>
               <element dimension="2">-0.77745</element>
            </point>
         </set>
      </occupancy>
      <occupancy>
         <time>
            <intervalStart>0.3</intervalStart>
            <intervalEnd>0.4</intervalEnd>
         </time>
         <set>
            <point>
               <element dimension="1">5.6154</element>
               <element dimension="2">1.5254</element>
            </point>
            <point>
               <element dimension="1">7.7317</element>
               <element dimension="2">2.2365</element>
            </point>
            <point>
               <element dimension="1">12.2138</element>
               <element dimension="2">3.5432</element>
            </point>
            <point>
               <element dimension="1">12.3355</element>
               <element dimension="2">3.5733</element>
            </point>
            <point>
               <element dimension="1">12.9083</element>
               <element dimension="2">1.8688</element>
            </point>
            <point>
               <element dimension="1">12.9946</element>
               <element dimension="2">1.5206</element>
            </point>
            <point>
               <element dimension="1">10.6719</element>
               <element dimension="2">0.74003</element>
            </point>
            <point>
               <element dimension="1">10.0858</element>
               <element dimension="2">0.56916</element>
            </point>
            <point>
               <element dimension="1">6.103</element>
               <element dimension="2">-0.41872</element>
            </point>
            <point>
               <element dimension="1">6.0822</element>
               <element dimension="2">-0.35656</element>
            </point>
         </set>
      </occupancy>
      <occupancy>
         <time>
            <intervalStart>0.4</intervalStart>
            <intervalEnd>0.5</intervalEnd>
         </time>
         <set>
            <point>
               <element dimension="1">7.8534</element>
               <element dimension="2">2.065</element>
            </point>
            <point>
               <element dimension="1">9.6871</element>
               <element dimension="2">2.8502</element>
            </point>
            <point>
               <element dimension="1">14.2553</element>
               <element dimension="2">4.5925</element>
            </point>
            <point>
               <element dimension="1">14.3522</element>
               <element dimension="2">4.6251</element>
            </point>
            <point>
               <element dimension="1">15.0569</element>
               <element dimension="2">2.9793</element>
            </point>
            <point>
               <element dimension="1">15.1645</element>
               <element dimension="2">2.6591</element>
            </point>
            <point>
               <element dimension="1">12.9311</element>
               <element dimension="2">1.7028</element>
            </point>
            <point>
               <element dimension="1">12.4414</element>
               <element dimension="2">1.516</element>
            </point>
            <point>
               <element dimension="1">8.4891</element>
               <element dimension="2">0.18786</element>
            </point>
            <point>
               <element dimension="1">8.4663</element>
               <element dimension="2">0.24102</element>
            </point>
         </set>
      </occupancy>
      <occupancy>
         <time>
            <intervalStart>0.5</intervalStart>
            <intervalEnd>0.6</intervalEnd>
         </time>
         <set>
            <point>
               <element dimension="1">10.0305</element>
               <element dimension="2">2.7704</element>
            </point>
            <point>
               <element dimension="1">11.8132</element>
               <element dimension="2">3.7081</element>
            </point>
            <point>
               <element dimension="1">16.1896</element>
               <element dimension="2">5.7921</element>
            </point>
            <point>
               <element dimension="1">16.263</element>
               <element dimension="2">5.8235</element>
            </point>
            <point>
               <element dimension="1">17.0932</element>
               <element dimension="2">4.2454</element>
            </point>
            <point>
               <element dimension="1">17.2134</element>
               <element dimension="2">3.9645</element>
            </point>
            <point>
               <element dimension="1">15.08</element>
               <element dimension="2">2.8423</element>
            </point>
            <point>
               <element dimension="1">14.594</element>
               <element dimension="2">2.6109</element>
            </point>
            <point>
               <element dimension="1">10.7988</element>
               <element dimension="2">0.98588</element>
            </point>
            <point>
               <element dimension="1">10.7759</element>
               <element dimension="2">1.0295</element>
            </point>
         </set>
      </occupancy>
      <occupancy>
         <time>
            <intervalStart>0.6</intervalStart>
            <intervalEnd>0.7</intervalEnd>
         </time>
         <set>
            <point>
               <element dimension="1">12.128</element>
               <element dimension="2">3.6422</element>
            </point>
            <point>
               <element dimension="1">13.8356</element>
               <element dimension="2">4.7205</element>
            </point>
            <point>
               <element dimension="1">18.007</element>
               <element dimension="2">7.1298</element>
            </point>
            <point>
               <element dimension="1">18.0586</element>
               <element dimension="2">7.1569</element>
            </point>
            <point>
               <element dimension="1">19.0068</element>
               <element dimension="2">5.6553</element>
            </point>
            <point>
               <element dimension="1">19.134</element>
               <element dimension="2">5.4137</element>
            </point>
            <point>
               <element dimension="1">17.1138</element>
               <element dimension="2">4.1379</element>
            </point>
            <point>
               <element dimension="1">16.6459</element>
               <element dimension="2">3.8677</element>
            </point>
            <point>
               <element dimension="1">13.0171</element>
               <element dimension="2">1.9588</element>
            </point>
            <point>
               <element dimension="1">12.9951</element>
               <element dimension="2">1.9937</element>
            </point>
         </set>
      </occupancy>
      <occupancy>
         <time>
            <intervalStart>0.7</intervalStart>
            <intervalEnd>0.8</intervalEnd>
         </time>
         <set>
            <point>
               <element dimension="1">14.1341</element>
               <element dimension="2">4.6706</element>
            </point>
            <point>
               <element dimension="1">15.7543</element>
               <element dimension="2">5.8809</element>
            </point>
            <point>
               <element dimension="1">19.6989</element>
               <element dimension="2">8.5936</element>
            </point>
            <point>
               <element dimension="1">19.7304</element>
               <element dimension="2">8.6135</element>
            </point>
            <point>
               <element dimension="1">20.789</element>
               <element dimension="2">7.1965</element>
            </point>
            <point>
               <element dimension="1">20.9173</element>
               <element dimension="2">6.9934</element>
            </point>
            <point>
               <element dimension="1">19.0215</element>
               <element dimension="2">5.5772</element>
            </point>
            <point>
               <element dimension="1">18.5759</element>
               <element dimension="2">5.2708</element>
            </point>
            <point>
               <element dimension="1">15.1317</element>
               <element dimension="2">3.0958</element>
            </point>
            <point>
               <element dimension="1">15.1119</element>
               <element dimension="2">3.1223</element>
            </point>
         </set>
      </occupancy>
      <occupancy>
         <time>
            <intervalStart>0.8</intervalStart>
            <intervalEnd>0.9</intervalEnd>
         </time>
         <set>
            <point>
               <element dimension="1">16.0381</element>
               <element dimension="2">5.8456</element>
            </point>
            <point>
               <element dimension="1">17.5738</element>
               <element dimension="2">7.1904</element>
            </point>
            <point>
               <element dimension="1">21.2639</element>
               <element dimension="2">10.1769</element>
            </point>
            <point>
               <element dimension="1">21.2708</element>
               <element dimension="2">10.1821</element>
            </point>
            <point>
               <element dimension="1">22.4321</element>
               <element dimension="2">8.8559</element>
            </point>
            <point>
               <element dimension="1">22.5561</element>
               <element dimension="2">8.6899</element>
            </point>
            <point>
               <element dimension="1">20.794</element>
               <element dimension="2">7.1469</element>
            </point>
            <point>
               <element dimension="1">20.3743</element>
               <element dimension="2">6.8072</element>
            </point>
            <point>
               <element dimension="1">17.1317</element>
               <element dimension="2">4.3849</element>
            </point>
            <point>
               <element dimension="1">17.1151</element>
               <element dimension="2">4.404</element>
            </point>
         </set>
      </occupancy>
      <occupancy>
         <time>
            <intervalStart>0.9</intervalStart>
            <intervalEnd>1</intervalEnd>
         </time>
         <set>
            <point>
               <element dimension="1">17.83</element>
               <element dimension="2">7.1566</element>
            </point>
            <point>
               <element dimension="1">19.2727</element>
               <element dimension="2">8.6307</element>
            </point>
            <point>
               <element dimension="1">22.6703</element>
               <element dimension="2">11.8451</element>
            </point>
            <point>
               <element dimension="1">22.6745</element>
               <element dimension="2">11.8488</element>
            </point>
            <point>
               <element dimension="1">23.9103</element>
               <element dimension="2">10.6394</element>
            </point>
            <point>
               <element dimension="1">24.0432</element>
               <element dimension="2">10.4877</element>
            </point>
            <point>
               <element dimension="1">22.4261</element>
               <element dimension="2">8.8353</element>
            </point>
            <point>
               <element dimension="1">21.9705</element>
               <element dimension="2">8.4043</element>
            </point>
            <point>
               <element dimension="1">19.0099</element>
               <element dimension="2">5.8117</element>
            </point>
            <point>
               <element dimension="1">18.9948</element>
               <element dimension="2">5.8265</element>
            </point>
         </set>
      </occupancy>
   </occupancySet>
   <reachableSet>
      <reachability>
         <time>0</time>
         <x>
            <intervalStart>-0.1</intervalStart>
            <intervalEnd>0.1</intervalEnd>
         </x>
         <y>
            <intervalStart>-0.1</intervalStart>
            <intervalEnd>0.1</intervalEnd>
         </y>
         <velocity>
            <intervalStart>24.2</intervalStart>
            <intervalEnd>24.6</intervalEnd>
         </velocity>
         <orientation>
            <intervalStart>-0.02</intervalStart>
            <intervalEnd>0.02</intervalEnd>
         </orientation>
      </reachability>
      <reachability>
         <time>1</time>
         <x>
            <intervalStart>20.9784</intervalStart>
            <intervalEnd>20.9862</intervalEnd>
         </x>
         <y>
            <intervalStart>8.8657</intervalStart>
            <intervalEnd>8.8775</intervalEnd>
         </y>
         <velocity>
            <intervalStart>22.4</intervalStart>
            <intervalEnd>22.4</intervalEnd>
         </velocity>
         <orientation>
            <intervalStart>0.79974</intervalStart>
            <intervalEnd>0.80029</intervalEnd>
         </orientation>
      </reachability>
   </reachableSet>
</motionPrimitive>