<?xml version="1.0" encoding="utf-8"?>
<motionPrimitive ID="1007">
   <controller type="generator space control">controller1007.mat</controller>
   <successors>
      <id>1787</id>
      <id>1788</id>
      <id>1789</id>
      <id>1790</id>
      <id>1791</id>
      <id>1792</id>
      <id>1793</id>
      <id>1794</id>
      <id>1795</id>
      <id>1796</id>
      <id>1797</id>
      <id>1798</id>
      <id>1799</id>
      <id>1800</id>
      <id>1801</id>
      <id>1802</id>
      <id>1803</id>
      <id>1804</id>
      <id>1805</id>
      <id>1806</id>
      <id>1807</id>
      <id>1808</id>
      <id>1809</id>
      <id>1810</id>
      <id>1811</id>
      <id>1812</id>
      <id>1813</id>
      <id>1814</id>
      <id>1815</id>
      <id>1816</id>
      <id>1817</id>
      <id>1818</id>
      <id>1819</id>
      <id>1820</id>
      <id>1821</id>
      <id>1822</id>
      <id>1823</id>
      <id>1824</id>
      <id>1825</id>
      <id>1826</id>
      <id>1827</id>
      <id>1828</id>
      <id>1829</id>
      <id>1830</id>
      <id>1831</id>
      <id>1832</id>
      <id>1833</id>
      <id>1834</id>
      <id>1835</id>
      <id>1836</id>
      <id>1837</id>
      <id>1838</id>
      <id>1839</id>
      <id>1840</id>
      <id>1841</id>
      <id>1842</id>
      <id>1843</id>
      <id>1844</id>
      <id>1845</id>
      <id>1846</id>
      <id>1847</id>
      <id>1848</id>
      <id>1849</id>
      <id>1850</id>
      <id>1851</id>
      <id>1852</id>
      <id>1853</id>
      <id>1854</id>
      <id>1855</id>
      <id>1856</id>
      <id>1857</id>
      <id>1858</id>
      <id>1859</id>
      <id>1860</id>
      <id>1861</id>
      <id>1862</id>
      <id>1863</id>
      <id>1864</id>
      <id>1865</id>
      <id>1866</id>
      <id>1867</id>
      <id>1868</id>
      <id>1869</id>
      <id>1870</id>
      <id>1871</id>
      <id>1872</id>
      <id>1873</id>
      <id>1874</id>
      <id>1875</id>
      <id>1876</id>
      <id>1877</id>
      <id>1878</id>
      <id>1879</id>
      <id>1880</id>
      <id>1881</id>
      <id>1882</id>
      <id>1883</id>
      <id>1884</id>
      <id>1885</id>
      <id>1886</id>
      <id>1887</id>
      <id>1888</id>
      <id>1889</id>
      <id>1890</id>
      <id>1891</id>
      <id>1892</id>
      <id>1893</id>
      <id>1894</id>
      <id>1895</id>
      <id>1896</id>
      <id>1897</id>
      <id>1898</id>
      <id>1899</id>
      <id>1900</id>
      <id>1901</id>
      <id>1902</id>
      <id>1903</id>
      <id>1904</id>
      <id>1905</id>
      <id>1906</id>
      <id>1907</id>
      <id>1908</id>
      <id>1909</id>
      <id>1910</id>
      <id>1911</id>
      <id>1912</id>
      <id>1913</id>
      <id>1914</id>
      <id>1915</id>
      <id>1916</id>
      <id>1917</id>
      <id>1918</id>
      <id>1919</id>
      <id>1920</id>
      <id>1921</id>
      <id>1922</id>
      <id>1923</id>
      <id>1924</id>
      <id>1925</id>
      <id>1926</id>
      <id>1927</id>
      <id>1928</id>
      <id>1929</id>
      <id>1930</id>
      <id>1931</id>
      <id>1932</id>
      <id>1933</id>
      <id>1934</id>
      <id>1935</id>
      <id>1936</id>
      <id>1937</id>
      <id>1938</id>
      <id>1939</id>
      <id>1940</id>
      <id>1941</id>
      <id>1942</id>
      <id>1943</id>
      <id>1944</id>
      <id>1945</id>
      <id>1946</id>
      <id>1947</id>
      <id>1948</id>
      <id>1949</id>
      <id>1950</id>
      <id>1951</id>
      <id>1952</id>
      <id>1953</id>
      <id>1954</id>
      <id>1955</id>
      <id>1956</id>
      <id>1957</id>
      <id>1958</id>
      <id>1959</id>
      <id>1960</id>
      <id>1961</id>
      <id>1962</id>
      <id>1963</id>
      <id>1964</id>
      <id>1965</id>
      <id>1966</id>
      <id>1967</id>
      <id>1968</id>
      <id>1969</id>
      <id>1970</id>
      <id>1971</id>
      <id>1972</id>
      <id>1973</id>
      <id>1974</id>
      <id>1975</id>
      <id>1976</id>
      <id>1977</id>
      <id>1978</id>
      <id>1979</id>
      <id>1980</id>
      <id>1981</id>
   </successors>
   <trajectory>
      <states>
         <state>
            <time>0</time>
            <x>0</x>
            <y>0</y>
            <velocity>5.6</velocity>
            <orientation>0</orientation>
         </state>
         <state>
            <time>0.1</time>
            <x>0.56994</x>
            <y>0.0073837</y>
            <velocity>5.8</velocity>
            <orientation>0.025909</orientation>
         </state>
         <state>
            <time>0.2</time>
            <x>1.1595</x>
            <y>0.030575</y>
            <velocity>6</velocity>
            <orientation>0.052727</orientation>
         </state>
         <state>
            <time>0.3</time>
            <x>1.7681</x>
            <y>0.071164</y>
            <velocity>6.2</velocity>
            <orientation>0.080455</orientation>
         </state>
         <state>
            <time>0.4</time>
            <x>2.3952</x>
            <y>0.13078</y>
            <velocity>6.4</velocity>
            <orientation>0.10909</orientation>
         </state>
         <state>
            <time>0.5</time>
            <x>3.0402</x>
            <y>0.21108</y>
            <velocity>6.6</velocity>
            <orientation>0.13864</orientation>
         </state>
         <state>
            <time>0.6</time>
            <x>3.7023</x>
            <y>0.31376</y>
            <velocity>6.8</velocity>
            <orientation>0.16909</orientation>
         </state>
         <state>
            <time>0.7</time>
            <x>4.3805</x>
            <y>0.44052</y>
            <velocity>7</velocity>
            <orientation>0.20045</orientation>
         </state>
         <state>
            <time>0.8</time>
            <x>5.0739</x>
            <y>0.5931</y>
            <velocity>7.2</velocity>
            <orientation>0.23273</orientation>
         </state>
         <state>
            <time>0.9</time>
            <x>5.7813</x>
            <y>0.77321</y>
            <velocity>7.4</velocity>
            <orientation>0.26591</orientation>
         </state>
         <state>
            <time>1</time>
            <x>6.5014</x>
            <y>0.9826</y>
            <velocity>7.6</velocity>
            <orientation>0.3</orientation>
         </state>
      </states>
      <inputs>
         <input>
            <acceleration>2</acceleration>
            <steer>0.10417</steer>
         </input>
         <input>
            <acceleration>2</acceleration>
            <steer>0.10417</steer>
         </input>
         <input>
            <acceleration>2</acceleration>
            <steer>0.10417</steer>
         </input>
         <input>
            <acceleration>2</acceleration>
            <steer>0.10417</steer>
         </input>
         <input>
            <acceleration>2</acceleration>
            <steer>0.10417</steer>
         </input>
         <input>
            <acceleration>2</acceleration>
            <steer>0.10417</steer>
         </input>
         <input>
            <acceleration>2</acceleration>
            <steer>0.10417</steer>
         </input>
         <input>
            <acceleration>2</acceleration>
            <steer>0.10417</steer>
         </input>
         <input>
            <acceleration>2</acceleration>
            <steer>0.10417</steer>
         </input>
         <input>
            <acceleration>2</acceleration>
            <steer>0.10417</steer>
         </input>
      </inputs>
   </trajectory>
   <occupancySet>
      <occupancy>
         <time>
            <intervalStart>0</intervalStart>
            <intervalEnd>0.1</intervalEnd>
         </time>
         <set>
            <point>
               <element dimension="1">-1.1224</element>
               <element dimension="2">1.0184</element>
            </point>
            <point>
               <element dimension="1">-1.0622</element>
               <element dimension="2">1.0199</element>
            </point>
            <point>
               <element dimension="1">1.6458</element>
               <element dimension="2">1.055</element>
            </point>
            <point>
               <element dimension="1">3.9553</element>
               <element dimension="2">1.058</element>
            </point>
            <point>
               <element dimension="1">3.9979</element>
               <element dimension="2">-0.66581</element>
            </point>
            <point>
               <element dimension="1">3.9995</element>
               <element dimension="2">-0.79205</element>
            </point>
            <point>
               <element dimension="1">3.9998</element>
               <element dimension="2">-1.0025</element>
            </point>
            <point>
               <element dimension="1">3.4181</element>
               <element dimension="2">-1.0168</element>
            </point>
            <point>
               <element dimension="1">-1.1198</element>
               <element dimension="2">-1.0227</element>
            </point>
            <point>
               <element dimension="1">-1.1198</element>
               <element dimension="2">-1.0224</element>
            </point>
            <point>
               <element dimension="1">-1.1198</element>
               <element dimension="2">-1.0224</element>
            </point>
         </set>
      </occupancy>
      <occupancy>
         <time>
            <intervalStart>0.1</intervalStart>
            <intervalEnd>0.2</intervalEnd>
         </time>
         <set>
            <point>
               <element dimension="1">-0.62185</element>
               <element dimension="2">0.94724</element>
            </point>
            <point>
               <element dimension="1">3.1183</element>
               <element dimension="2">1.1402</element>
            </point>
            <point>
               <element dimension="1">4.3506</element>
               <element dimension="2">1.1872</element>
            </point>
            <point>
               <element dimension="1">4.5201</element>
               <element dimension="2">1.1914</element>
            </point>
            <point>
               <element dimension="1">4.6133</element>
               <element dimension="2">-0.61513</element>
            </point>
            <point>
               <element dimension="1">4.619</element>
               <element dimension="2">-0.84532</element>
            </point>
            <point>
               <element dimension="1">3.9219</element>
               <element dimension="2">-0.88129</element>
            </point>
            <point>
               <element dimension="1">1.1439</element>
               <element dimension="2">-0.98727</element>
            </point>
            <point>
               <element dimension="1">-0.57189</element>
               <element dimension="2">-1.0296</element>
            </point>
            <point>
               <element dimension="1">-0.5741</element>
               <element dimension="2">-0.9868</element>
            </point>
         </set>
      </occupancy>
      <occupancy>
         <time>
            <intervalStart>0.2</intervalStart>
            <intervalEnd>0.3</intervalEnd>
         </time>
         <set>
            <point>
               <element dimension="1">-0.066072</element>
               <element dimension="2">0.95704</element>
            </point>
            <point>
               <element dimension="1">1.639</element>
               <element dimension="2">1.0924</element>
            </point>
            <point>
               <element dimension="1">4.9377</element>
               <element dimension="2">1.3086</element>
            </point>
            <point>
               <element dimension="1">5.0852</element>
               <element dimension="2">1.3162</element>
            </point>
            <point>
               <element dimension="1">5.2291</element>
               <element dimension="2">-0.49678</element>
            </point>
            <point>
               <element dimension="1">5.2412</element>
               <element dimension="2">-0.73108</element>
            </point>
            <point>
               <element dimension="1">4.5388</element>
               <element dimension="2">-0.78685</element>
            </point>
            <point>
               <element dimension="1">3.7942</element>
               <element dimension="2">-0.83564</element>
            </point>
            <point>
               <element dimension="1">0.037048</element>
               <element dimension="2">-1.0295</element>
            </point>
            <point>
               <element dimension="1">0.035274</element>
               <element dimension="2">-1.0072</element>
            </point>
         </set>
      </occupancy>
      <occupancy>
         <time>
            <intervalStart>0.3</intervalStart>
            <intervalEnd>0.4</intervalEnd>
         </time>
         <set>
            <point>
               <element dimension="1">0.52665</element>
               <element dimension="2">0.9559</element>
            </point>
            <point>
               <element dimension="1">2.3018</element>
               <element dimension="2">1.148</element>
            </point>
            <point>
               <element dimension="1">5.5417</element>
               <element dimension="2">1.4518</element>
            </point>
            <point>
               <element dimension="1">5.6685</element>
               <element dimension="2">1.4619</element>
            </point>
            <point>
               <element dimension="1">5.8649</element>
               <element dimension="2">-0.35325</element>
            </point>
            <point>
               <element dimension="1">5.8818</element>
               <element dimension="2">-0.56654</element>
            </point>
            <point>
               <element dimension="1">5.1559</element>
               <element dimension="2">-0.64508</element>
            </point>
            <point>
               <element dimension="1">4.3601</element>
               <element dimension="2">-0.71972</element>
            </point>
            <point>
               <element dimension="1">0.68374</element>
               <element dimension="2">-1.0116</element>
            </point>
            <point>
               <element dimension="1">0.68049</element>
               <element dimension="2">-0.98158</element>
            </point>
         </set>
      </occupancy>
      <occupancy>
         <time>
            <intervalStart>0.4</intervalStart>
            <intervalEnd>0.5</intervalEnd>
         </time>
         <set>
            <point>
               <element dimension="1">1.1356</element>
               <element dimension="2">0.9726</element>
            </point>
            <point>
               <element dimension="1">2.5277</element>
               <element dimension="2">1.1649</element>
            </point>
            <point>
               <element dimension="1">6.1581</element>
               <element dimension="2">1.6119</element>
            </point>
            <point>
               <element dimension="1">6.2627</element>
               <element dimension="2">1.6232</element>
            </point>
            <point>
               <element dimension="1">6.512</element>
               <element dimension="2">-0.1811</element>
            </point>
            <point>
               <element dimension="1">6.5334</element>
               <element dimension="2">-0.37925</element>
            </point>
            <point>
               <element dimension="1">5.7935</element>
               <element dimension="2">-0.48146</element>
            </point>
            <point>
               <element dimension="1">5.3804</element>
               <element dimension="2">-0.53232</element>
            </point>
            <point>
               <element dimension="1">1.346</element>
               <element dimension="2">-0.96881</element>
            </point>
            <point>
               <element dimension="1">1.3441</element>
               <element dimension="2">-0.95468</element>
            </point>
         </set>
      </occupancy>
      <occupancy>
         <time>
            <intervalStart>0.5</intervalStart>
            <intervalEnd>0.6</intervalEnd>
         </time>
         <set>
            <point>
               <element dimension="1">1.768</element>
               <element dimension="2">1.0028</element>
            </point>
            <point>
               <element dimension="1">3.2162</element>
               <element dimension="2">1.248</element>
            </point>
            <point>
               <element dimension="1">6.7929</element>
               <element dimension="2">1.7976</element>
            </point>
            <point>
               <element dimension="1">6.8705</element>
               <element dimension="2">1.8083</element>
            </point>
            <point>
               <element dimension="1">7.174</element>
               <element dimension="2">0.015218</element>
            </point>
            <point>
               <element dimension="1">7.1982</element>
               <element dimension="2">-0.16018</element>
            </point>
            <point>
               <element dimension="1">6.4406</element>
               <element dimension="2">-0.28842</element>
            </point>
            <point>
               <element dimension="1">5.9839</element>
               <element dimension="2">-0.3586</element>
            </point>
            <point>
               <element dimension="1">2.0319</element>
               <element dimension="2">-0.90454</element>
            </point>
            <point>
               <element dimension="1">2.0299</element>
               <element dimension="2">-0.89276</element>
            </point>
         </set>
      </occupancy>
      <occupancy>
         <time>
            <intervalStart>0.6</intervalStart>
            <intervalEnd>0.7</intervalEnd>
         </time>
         <set>
            <point>
               <element dimension="1">2.4189</element>
               <element dimension="2">1.0545</element>
            </point>
            <point>
               <element dimension="1">3.9122</element>
               <element dimension="2">1.3557</element>
            </point>
            <point>
               <element dimension="1">7.4852</element>
               <element dimension="2">2.0182</element>
            </point>
            <point>
               <element dimension="1">7.4905</element>
               <element dimension="2">2.0191</element>
            </point>
            <point>
               <element dimension="1">7.8497</element>
               <element dimension="2">0.23799</element>
            </point>
            <point>
               <element dimension="1">7.8755</element>
               <element dimension="2">0.085576</element>
            </point>
            <point>
               <element dimension="1">7.1017</element>
               <element dimension="2">-0.070477</element>
            </point>
            <point>
               <element dimension="1">6.579</element>
               <element dimension="2">-0.16741</element>
            </point>
            <point>
               <element dimension="1">2.7362</element>
               <element dimension="2">-0.81788</element>
            </point>
            <point>
               <element dimension="1">2.734</element>
               <element dimension="2">-0.8066</element>
            </point>
         </set>
      </occupancy>
      <occupancy>
         <time>
            <intervalStart>0.7</intervalStart>
            <intervalEnd>0.8</intervalEnd>
         </time>
         <set>
            <point>
               <element dimension="1">3.0876</element>
               <element dimension="2">1.1288</element>
            </point>
            <point>
               <element dimension="1">4.6941</element>
               <element dimension="2">1.5071</element>
            </point>
            <point>
               <element dimension="1">8.1152</element>
               <element dimension="2">2.2546</element>
            </point>
            <point>
               <element dimension="1">8.1219</element>
               <element dimension="2">2.2559</element>
            </point>
            <point>
               <element dimension="1">8.538</element>
               <element dimension="2">0.48883</element>
            </point>
            <point>
               <element dimension="1">8.5639</element>
               <element dimension="2">0.36023</element>
            </point>
            <point>
               <element dimension="1">7.7757</element>
               <element dimension="2">0.17464</element>
            </point>
            <point>
               <element dimension="1">7.1699</element>
               <element dimension="2">0.042289</element>
            </point>
            <point>
               <element dimension="1">3.458</element>
               <element dimension="2">-0.70629</element>
            </point>
            <point>
               <element dimension="1">3.4554</element>
               <element dimension="2">-0.69522</element>
            </point>
         </set>
      </occupancy>
      <occupancy>
         <time>
            <intervalStart>0.8</intervalStart>
            <intervalEnd>0.9</intervalEnd>
         </time>
         <set>
            <point>
               <element dimension="1">3.7729</element>
               <element dimension="2">1.2284</element>
            </point>
            <point>
               <element dimension="1">7.1357</element>
               <element dimension="2">2.1387</element>
            </point>
            <point>
               <element dimension="1">8.7468</element>
               <element dimension="2">2.5463</element>
            </point>
            <point>
               <element dimension="1">8.7558</element>
               <element dimension="2">2.5485</element>
            </point>
            <point>
               <element dimension="1">9.2374</element>
               <element dimension="2">0.76929</element>
            </point>
            <point>
               <element dimension="1">9.2621</element>
               <element dimension="2">0.66439</element>
            </point>
            <point>
               <element dimension="1">8.4339</element>
               <element dimension="2">0.4402</element>
            </point>
            <point>
               <element dimension="1">6.1593</element>
               <element dimension="2">-0.13528</element>
            </point>
            <point>
               <element dimension="1">4.2038</element>
               <element dimension="2">-0.59568</element>
            </point>
            <point>
               <element dimension="1">4.1933</element>
               <element dimension="2">-0.55677</element>
            </point>
         </set>
      </occupancy>
      <occupancy>
         <time>
            <intervalStart>0.9</intervalStart>
            <intervalEnd>1</intervalEnd>
         </time>
         <set>
            <point>
               <element dimension="1">4.4661</element>
               <element dimension="2">1.3843</element>
            </point>
            <point>
               <element dimension="1">4.5534</element>
               <element dimension="2">1.4112</element>
            </point>
            <point>
               <element dimension="1">8.4732</element>
               <element dimension="2">2.5444</element>
            </point>
            <point>
               <element dimension="1">9.4064</element>
               <element dimension="2">2.797</element>
            </point>
            <point>
               <element dimension="1">9.9162</element>
               <element dimension="2">1.1398</element>
            </point>
            <point>
               <element dimension="1">9.9631</element>
               <element dimension="2">0.96639</element>
            </point>
            <point>
               <element dimension="1">9.1567</element>
               <element dimension="2">0.71828</element>
            </point>
            <point>
               <element dimension="1">8.9562</element>
               <element dimension="2">0.66033</element>
            </point>
            <point>
               <element dimension="1">4.9564</element>
               <element dimension="2">-0.42243</element>
            </point>
            <point>
               <element dimension="1">4.9462</element>
               <element dimension="2">-0.38938</element>
            </point>
         </set>
      </occupancy>
   </occupancySet>
   <reachableSet>
      <reachability>
         <time>0</time>
         <x>
            <intervalStart>-0.1</intervalStart>
            <intervalEnd>0.1</intervalEnd>
         </x>
         <y>
            <intervalStart>-0.1</intervalStart>
            <intervalEnd>0.1</intervalEnd>
         </y>
         <velocity>
            <intervalStart>5.4</intervalStart>
            <intervalEnd>5.8</intervalEnd>
         </velocity>
         <orientation>
            <intervalStart>-0.02</intervalStart>
            <intervalEnd>0.02</intervalEnd>
         </orientation>
      </reachability>
      <reachability>
         <time>1</time>
         <x>
            <intervalStart>6.4983</intervalStart>
            <intervalEnd>6.5033</intervalEnd>
         </x>
         <y>
            <intervalStart>0.97315</intervalStart>
            <intervalEnd>0.99374</intervalEnd>
         </y>
         <velocity>
            <intervalStart>7.6</intervalStart>
            <intervalEnd>7.6</intervalEnd>
         </velocity>
         <orientation>
            <intervalStart>0.29853</intervalStart>
            <intervalEnd>0.30185</intervalEnd>
         </orientation>
      </reachability>
   </reachableSet>
</motionPrimitive>