<?xml version="1.0" encoding="utf-8"?>
<motionPrimitive ID="10247">
   <controller type="generator space control">controller10247.mat</controller>
   <successors>
      <id>11989</id>
      <id>11990</id>
      <id>11991</id>
      <id>11992</id>
      <id>11993</id>
      <id>11994</id>
      <id>11995</id>
      <id>11996</id>
      <id>11997</id>
      <id>11998</id>
      <id>11999</id>
      <id>12000</id>
      <id>12001</id>
      <id>12002</id>
      <id>12003</id>
      <id>12004</id>
      <id>12005</id>
      <id>12006</id>
      <id>12007</id>
      <id>12008</id>
      <id>12009</id>
      <id>12010</id>
      <id>12011</id>
      <id>12012</id>
      <id>12013</id>
      <id>12014</id>
      <id>12015</id>
      <id>12016</id>
      <id>12017</id>
      <id>12018</id>
      <id>12019</id>
      <id>12020</id>
      <id>12021</id>
      <id>12022</id>
      <id>12023</id>
      <id>12024</id>
      <id>12025</id>
      <id>12026</id>
      <id>12027</id>
      <id>12028</id>
      <id>12029</id>
      <id>12030</id>
      <id>12031</id>
      <id>12032</id>
      <id>12033</id>
      <id>12034</id>
      <id>12035</id>
      <id>12036</id>
      <id>12037</id>
      <id>12038</id>
      <id>12039</id>
      <id>12040</id>
      <id>12041</id>
      <id>12042</id>
      <id>12043</id>
      <id>12044</id>
      <id>12045</id>
      <id>12046</id>
      <id>12047</id>
      <id>12048</id>
      <id>12049</id>
      <id>12050</id>
      <id>12051</id>
      <id>12052</id>
      <id>12053</id>
      <id>12054</id>
      <id>12055</id>
      <id>12056</id>
      <id>12057</id>
      <id>12058</id>
      <id>12059</id>
      <id>12060</id>
      <id>12061</id>
      <id>12062</id>
      <id>12063</id>
      <id>12064</id>
      <id>12065</id>
      <id>12066</id>
      <id>12067</id>
      <id>12068</id>
      <id>12069</id>
      <id>12070</id>
      <id>12071</id>
      <id>12072</id>
      <id>12073</id>
      <id>12074</id>
      <id>12075</id>
      <id>12076</id>
      <id>12077</id>
      <id>12078</id>
      <id>12079</id>
      <id>12080</id>
      <id>12081</id>
      <id>12082</id>
      <id>12083</id>
      <id>12084</id>
      <id>12085</id>
      <id>12086</id>
      <id>12087</id>
      <id>12088</id>
      <id>12089</id>
      <id>12090</id>
      <id>12091</id>
      <id>12092</id>
      <id>12093</id>
      <id>12094</id>
      <id>12095</id>
      <id>12096</id>
      <id>12097</id>
      <id>12098</id>
      <id>12099</id>
      <id>12100</id>
      <id>12101</id>
      <id>12102</id>
      <id>12103</id>
      <id>12104</id>
      <id>12105</id>
      <id>12106</id>
      <id>12107</id>
      <id>12108</id>
      <id>12109</id>
      <id>12110</id>
      <id>12111</id>
      <id>12112</id>
      <id>12113</id>
      <id>12114</id>
      <id>12115</id>
      <id>12116</id>
      <id>12117</id>
      <id>12118</id>
      <id>12119</id>
      <id>12120</id>
      <id>12121</id>
      <id>12122</id>
      <id>12123</id>
      <id>12124</id>
      <id>12125</id>
      <id>12126</id>
      <id>12127</id>
      <id>12128</id>
      <id>12129</id>
      <id>12130</id>
      <id>12131</id>
      <id>12132</id>
      <id>12133</id>
      <id>12134</id>
      <id>12135</id>
      <id>12136</id>
      <id>12137</id>
      <id>12138</id>
   </successors>
   <trajectory>
      <states>
         <state>
            <time>0</time>
            <x>0</x>
            <y>0</y>
            <velocity>24.8</velocity>
            <orientation>0</orientation>
         </state>
         <state>
            <time>0.1</time>
            <x>2.4994</x>
            <y>0.046636</y>
            <velocity>25.2</velocity>
            <orientation>0.037313</orientation>
         </state>
         <state>
            <time>0.2</time>
            <x>5.0352</x>
            <y>0.18947</y>
            <velocity>25.6</velocity>
            <orientation>0.075224</orientation>
         </state>
         <state>
            <time>0.3</time>
            <x>7.6036</x>
            <y>0.43285</y>
            <velocity>26</velocity>
            <orientation>0.11373</orientation>
         </state>
         <state>
            <time>0.4</time>
            <x>10.2002</x>
            <y>0.781</y>
            <velocity>26.4</velocity>
            <orientation>0.15284</orientation>
         </state>
         <state>
            <time>0.5</time>
            <x>12.8204</x>
            <y>1.238</y>
            <velocity>26.8</velocity>
            <orientation>0.19254</orientation>
         </state>
         <state>
            <time>0.6</time>
            <x>15.4594</x>
            <y>1.8079</y>
            <velocity>27.2</velocity>
            <orientation>0.23284</orientation>
         </state>
         <state>
            <time>0.7</time>
            <x>18.1118</x>
            <y>2.4945</y>
            <velocity>27.6</velocity>
            <orientation>0.27373</orientation>
         </state>
         <state>
            <time>0.8</time>
            <x>20.772</x>
            <y>3.3013</y>
            <velocity>28</velocity>
            <orientation>0.31522</orientation>
         </state>
         <state>
            <time>0.9</time>
            <x>23.4338</x>
            <y>4.2317</y>
            <velocity>28.4</velocity>
            <orientation>0.35731</orientation>
         </state>
         <state>
            <time>1</time>
            <x>26.091</x>
            <y>5.2889</y>
            <velocity>28.8</velocity>
            <orientation>0.4</orientation>
         </state>
      </states>
      <inputs>
         <input>
            <acceleration>4</acceleration>
            <steer>0.034315</steer>
         </input>
         <input>
            <acceleration>4</acceleration>
            <steer>0.034315</steer>
         </input>
         <input>
            <acceleration>4</acceleration>
            <steer>0.034315</steer>
         </input>
         <input>
            <acceleration>4</acceleration>
            <steer>0.034315</steer>
         </input>
         <input>
            <acceleration>4</acceleration>
            <steer>0.034315</steer>
         </input>
         <input>
            <acceleration>4</acceleration>
            <steer>0.034315</steer>
         </input>
         <input>
            <acceleration>4</acceleration>
            <steer>0.034315</steer>
         </input>
         <input>
            <acceleration>4</acceleration>
            <steer>0.034315</steer>
         </input>
         <input>
            <acceleration>4</acceleration>
            <steer>0.034315</steer>
         </input>
         <input>
            <acceleration>4</acceleration>
            <steer>0.034315</steer>
         </input>
      </inputs>
   </trajectory>
   <occupancySet>
      <occupancy>
         <time>
            <intervalStart>0</intervalStart>
            <intervalEnd>0.1</intervalEnd>
         </time>
         <set>
            <point>
               <element dimension="1">-1.1235</element>
               <element dimension="2">1.0187</element>
            </point>
            <point>
               <element dimension="1">-0.93293</element>
               <element dimension="2">1.0255</element>
            </point>
            <point>
               <element dimension="1">5.6827</element>
               <element dimension="2">1.1488</element>
            </point>
            <point>
               <element dimension="1">5.8734</element>
               <element dimension="2">1.1492</element>
            </point>
            <point>
               <element dimension="1">5.9346</element>
               <element dimension="2">-0.57632</element>
            </point>
            <point>
               <element dimension="1">5.9374</element>
               <element dimension="2">-0.72453</element>
            </point>
            <point>
               <element dimension="1">5.9378</element>
               <element dimension="2">-0.93373</element>
            </point>
            <point>
               <element dimension="1">3.6652</element>
               <element dimension="2">-1.0143</element>
            </point>
            <point>
               <element dimension="1">3.3434</element>
               <element dimension="2">-1.0203</element>
            </point>
            <point>
               <element dimension="1">-1.1197</element>
               <element dimension="2">-1.0286</element>
            </point>
            <point>
               <element dimension="1">-1.1197</element>
               <element dimension="2">-1.0269</element>
            </point>
            <point>
               <element dimension="1">-1.1198</element>
               <element dimension="2">-1.0266</element>
            </point>
         </set>
      </occupancy>
      <occupancy>
         <time>
            <intervalStart>0.1</intervalStart>
            <intervalEnd>0.2</intervalEnd>
         </time>
         <set>
            <point>
               <element dimension="1">1.1024</element>
               <element dimension="2">0.98154</element>
            </point>
            <point>
               <element dimension="1">3.4921</element>
               <element dimension="2">1.1571</element>
            </point>
            <point>
               <element dimension="1">8.1899</element>
               <element dimension="2">1.4128</element>
            </point>
            <point>
               <element dimension="1">8.3587</element>
               <element dimension="2">1.4188</element>
            </point>
            <point>
               <element dimension="1">8.4864</element>
               <element dimension="2">-0.31985</element>
            </point>
            <point>
               <element dimension="1">8.4869</element>
               <element dimension="2">-0.32844</element>
            </point>
            <point>
               <element dimension="1">8.4975</element>
               <element dimension="2">-0.62815</element>
            </point>
            <point>
               <element dimension="1">5.9365</element>
               <element dimension="2">-0.81628</element>
            </point>
            <point>
               <element dimension="1">5.2541</element>
               <element dimension="2">-0.85342</element>
            </point>
            <point>
               <element dimension="1">1.1732</element>
               <element dimension="2">-0.99812</element>
            </point>
            <point>
               <element dimension="1">1.1721</element>
               <element dimension="2">-0.98253</element>
            </point>
         </set>
      </occupancy>
      <occupancy>
         <time>
            <intervalStart>0.2</intervalStart>
            <intervalEnd>0.3</intervalEnd>
         </time>
         <set>
            <point>
               <element dimension="1">3.6062</element>
               <element dimension="2">1.0711</element>
            </point>
            <point>
               <element dimension="1">5.5032</element>
               <element dimension="2">1.284</element>
            </point>
            <point>
               <element dimension="1">10.7213</element>
               <element dimension="2">1.7684</element>
            </point>
            <point>
               <element dimension="1">10.8677</element>
               <element dimension="2">1.7792</element>
            </point>
            <point>
               <element dimension="1">11.0633</element>
               <element dimension="2">0.037017</element>
            </point>
            <point>
               <element dimension="1">11.0846</element>
               <element dimension="2">-0.25254</element>
            </point>
            <point>
               <element dimension="1">8.4925</element>
               <element dimension="2">-0.54355</element>
            </point>
            <point>
               <element dimension="1">8.0129</element>
               <element dimension="2">-0.58807</element>
            </point>
            <point>
               <element dimension="1">3.7518</element>
               <element dimension="2">-0.90108</element>
            </point>
            <point>
               <element dimension="1">3.7496</element>
               <element dimension="2">-0.88132</element>
            </point>
         </set>
      </occupancy>
      <occupancy>
         <time>
            <intervalStart>0.3</intervalStart>
            <intervalEnd>0.4</intervalEnd>
         </time>
         <set>
            <point>
               <element dimension="1">6.1493</element>
               <element dimension="2">1.2499</element>
            </point>
            <point>
               <element dimension="1">7.9537</element>
               <element dimension="2">1.5242</element>
            </point>
            <point>
               <element dimension="1">13.276</element>
               <element dimension="2">2.2273</element>
            </point>
            <point>
               <element dimension="1">13.4008</element>
               <element dimension="2">2.2413</element>
            </point>
            <point>
               <element dimension="1">13.6651</element>
               <element dimension="2">0.503</element>
            </point>
            <point>
               <element dimension="1">13.6946</element>
               <element dimension="2">0.24013</element>
            </point>
            <point>
               <element dimension="1">11.0721</element>
               <element dimension="2">-0.15856</element>
            </point>
            <point>
               <element dimension="1">10.6358</element>
               <element dimension="2">-0.2162</element>
            </point>
            <point>
               <element dimension="1">6.3688</element>
               <element dimension="2">-0.69526</element>
            </point>
            <point>
               <element dimension="1">6.3647</element>
               <element dimension="2">-0.66828</element>
            </point>
         </set>
      </occupancy>
      <occupancy>
         <time>
            <intervalStart>0.4</intervalStart>
            <intervalEnd>0.5</intervalEnd>
         </time>
         <set>
            <point>
               <element dimension="1">8.723</element>
               <element dimension="2">1.5298</element>
            </point>
            <point>
               <element dimension="1">10.3023</element>
               <element dimension="2">1.8345</element>
            </point>
            <point>
               <element dimension="1">15.8498</element>
               <element dimension="2">2.7908</element>
            </point>
            <point>
               <element dimension="1">15.952</element>
               <element dimension="2">2.8063</element>
            </point>
            <point>
               <element dimension="1">16.2843</element>
               <element dimension="2">1.0836</element>
            </point>
            <point>
               <element dimension="1">16.3205</element>
               <element dimension="2">0.84559</element>
            </point>
            <point>
               <element dimension="1">13.6766</element>
               <element dimension="2">0.33564</element>
            </point>
            <point>
               <element dimension="1">13.2908</element>
               <element dimension="2">0.26913</element>
            </point>
            <point>
               <element dimension="1">9.0145</element>
               <element dimension="2">-0.38099</element>
            </point>
            <point>
               <element dimension="1">9.0098</element>
               <element dimension="2">-0.35648</element>
            </point>
         </set>
      </occupancy>
      <occupancy>
         <time>
            <intervalStart>0.5</intervalStart>
            <intervalEnd>0.6</intervalEnd>
         </time>
         <set>
            <point>
               <element dimension="1">11.3256</element>
               <element dimension="2">1.9127</element>
            </point>
            <point>
               <element dimension="1">12.9154</element>
               <element dimension="2">2.2863</element>
            </point>
            <point>
               <element dimension="1">18.4372</element>
               <element dimension="2">3.4672</element>
            </point>
            <point>
               <element dimension="1">18.517</element>
               <element dimension="2">3.4826</element>
            </point>
            <point>
               <element dimension="1">18.9176</element>
               <element dimension="2">1.778</element>
            </point>
            <point>
               <element dimension="1">18.9576</element>
               <element dimension="2">1.5704</element>
            </point>
            <point>
               <element dimension="1">16.2961</element>
               <element dimension="2">0.94493</element>
            </point>
            <point>
               <element dimension="1">15.9041</element>
               <element dimension="2">0.86109</element>
            </point>
            <point>
               <element dimension="1">11.6862</element>
               <element dimension="2">0.047543</element>
            </point>
            <point>
               <element dimension="1">11.6814</element>
               <element dimension="2">0.067975</element>
            </point>
         </set>
      </occupancy>
      <occupancy>
         <time>
            <intervalStart>0.6</intervalStart>
            <intervalEnd>0.7</intervalEnd>
         </time>
         <set>
            <point>
               <element dimension="1">13.9506</element>
               <element dimension="2">2.4074</element>
            </point>
            <point>
               <element dimension="1">15.5363</element>
               <element dimension="2">2.8491</element>
            </point>
            <point>
               <element dimension="1">21.0327</element>
               <element dimension="2">4.2598</element>
            </point>
            <point>
               <element dimension="1">21.0905</element>
               <element dimension="2">4.2734</element>
            </point>
            <point>
               <element dimension="1">21.5595</element>
               <element dimension="2">2.59</element>
            </point>
            <point>
               <element dimension="1">21.601</element>
               <element dimension="2">2.4132</element>
            </point>
            <point>
               <element dimension="1">18.9284</element>
               <element dimension="2">1.6687</element>
            </point>
            <point>
               <element dimension="1">18.541</element>
               <element dimension="2">1.5693</element>
            </point>
            <point>
               <element dimension="1">14.3781</element>
               <element dimension="2">0.59098</element>
            </point>
            <point>
               <element dimension="1">14.3735</element>
               <element dimension="2">0.60756</element>
            </point>
         </set>
      </occupancy>
      <occupancy>
         <time>
            <intervalStart>0.7</intervalStart>
            <intervalEnd>0.8</intervalEnd>
         </time>
         <set>
            <point>
               <element dimension="1">16.5928</element>
               <element dimension="2">3.0175</element>
            </point>
            <point>
               <element dimension="1">18.1702</element>
               <element dimension="2">3.5283</element>
            </point>
            <point>
               <element dimension="1">23.6305</element>
               <element dimension="2">5.1721</element>
            </point>
            <point>
               <element dimension="1">23.667</element>
               <element dimension="2">5.1822</element>
            </point>
            <point>
               <element dimension="1">24.2042</element>
               <element dimension="2">3.5231</element>
            </point>
            <point>
               <element dimension="1">24.2448</element>
               <element dimension="2">3.3774</element>
            </point>
            <point>
               <element dimension="1">21.5678</element>
               <element dimension="2">2.5106</element>
            </point>
            <point>
               <element dimension="1">21.1858</element>
               <element dimension="2">2.3956</element>
            </point>
            <point>
               <element dimension="1">17.0848</element>
               <element dimension="2">1.2532</element>
            </point>
            <point>
               <element dimension="1">17.0807</element>
               <element dimension="2">1.266</element>
            </point>
         </set>
      </occupancy>
      <occupancy>
         <time>
            <intervalStart>0.8</intervalStart>
            <intervalEnd>0.9</intervalEnd>
         </time>
         <set>
            <point>
               <element dimension="1">19.2467</element>
               <element dimension="2">3.7471</element>
            </point>
            <point>
               <element dimension="1">20.8147</element>
               <element dimension="2">4.3287</element>
            </point>
            <point>
               <element dimension="1">26.2248</element>
               <element dimension="2">6.2071</element>
            </point>
            <point>
               <element dimension="1">26.2402</element>
               <element dimension="2">6.2121</element>
            </point>
            <point>
               <element dimension="1">26.8455</element>
               <element dimension="2">4.5802</element>
            </point>
            <point>
               <element dimension="1">26.8825</element>
               <element dimension="2">4.466</element>
            </point>
            <point>
               <element dimension="1">24.2086</element>
               <element dimension="2">3.4741</element>
            </point>
            <point>
               <element dimension="1">23.8315</element>
               <element dimension="2">3.3432</element>
            </point>
            <point>
               <element dimension="1">19.8005</element>
               <element dimension="2">2.038</element>
            </point>
            <point>
               <element dimension="1">19.7972</element>
               <element dimension="2">2.0469</element>
            </point>
         </set>
      </occupancy>
      <occupancy>
         <time>
            <intervalStart>0.9</intervalStart>
            <intervalEnd>1</intervalEnd>
         </time>
         <set>
            <point>
               <element dimension="1">21.9064</element>
               <element dimension="2">4.5997</element>
            </point>
            <point>
               <element dimension="1">23.5899</element>
               <element dimension="2">5.3073</element>
            </point>
            <point>
               <element dimension="1">28.8002</element>
               <element dimension="2">7.3674</element>
            </point>
            <point>
               <element dimension="1">28.8038</element>
               <element dimension="2">7.3688</element>
            </point>
            <point>
               <element dimension="1">29.4686</element>
               <element dimension="2">5.787</element>
            </point>
            <point>
               <element dimension="1">29.4688</element>
               <element dimension="2">5.7865</element>
            </point>
            <point>
               <element dimension="1">29.5077</element>
               <element dimension="2">5.6815</element>
            </point>
            <point>
               <element dimension="1">26.8444</element>
               <element dimension="2">4.5622</element>
            </point>
            <point>
               <element dimension="1">26.464</element>
               <element dimension="2">4.4118</element>
            </point>
            <point>
               <element dimension="1">22.5191</element>
               <element dimension="2">2.9485</element>
            </point>
            <point>
               <element dimension="1">22.5168</element>
               <element dimension="2">2.9539</element>
            </point>
         </set>
      </occupancy>
   </occupancySet>
   <reachableSet>
      <reachability>
         <time>0</time>
         <x>
            <intervalStart>-0.1</intervalStart>
            <intervalEnd>0.1</intervalEnd>
         </x>
         <y>
            <intervalStart>-0.1</intervalStart>
            <intervalEnd>0.1</intervalEnd>
         </y>
         <velocity>
            <intervalStart>24.6</intervalStart>
            <intervalEnd>25</intervalEnd>
         </velocity>
         <orientation>
            <intervalStart>-0.02</intervalStart>
            <intervalEnd>0.02</intervalEnd>
         </orientation>
      </reachability>
      <reachability>
         <time>1</time>
         <x>
            <intervalStart>26.0888</intervalStart>
            <intervalEnd>26.0928</intervalEnd>
         </x>
         <y>
            <intervalStart>5.2832</intervalStart>
            <intervalEnd>5.295</intervalEnd>
         </y>
         <velocity>
            <intervalStart>28.8</intervalStart>
            <intervalEnd>28.8</intervalEnd>
         </velocity>
         <orientation>
            <intervalStart>0.39977</intervalStart>
            <intervalEnd>0.40024</intervalEnd>
         </orientation>
      </reachability>
   </reachableSet>
</motionPrimitive>