<?xml version="1.0" encoding="utf-8"?>
<motionPrimitive ID="1026">
   <controller type="generator space control">controller1026.mat</controller>
   <successors>
      <id>1</id>
      <id>2</id>
      <id>3</id>
      <id>4</id>
      <id>5</id>
      <id>6</id>
      <id>7</id>
      <id>8</id>
      <id>9</id>
      <id>10</id>
      <id>11</id>
      <id>12</id>
      <id>13</id>
      <id>14</id>
      <id>15</id>
      <id>16</id>
      <id>17</id>
      <id>18</id>
      <id>19</id>
      <id>20</id>
      <id>21</id>
      <id>22</id>
      <id>23</id>
      <id>24</id>
      <id>25</id>
      <id>26</id>
      <id>27</id>
      <id>28</id>
      <id>29</id>
      <id>30</id>
      <id>31</id>
      <id>32</id>
      <id>33</id>
      <id>34</id>
      <id>35</id>
      <id>36</id>
      <id>37</id>
      <id>38</id>
      <id>39</id>
      <id>40</id>
      <id>41</id>
      <id>42</id>
      <id>43</id>
      <id>44</id>
      <id>45</id>
      <id>46</id>
      <id>47</id>
      <id>48</id>
      <id>49</id>
      <id>50</id>
      <id>51</id>
      <id>52</id>
      <id>53</id>
      <id>54</id>
      <id>55</id>
      <id>56</id>
      <id>57</id>
      <id>58</id>
      <id>59</id>
      <id>60</id>
      <id>61</id>
      <id>62</id>
      <id>63</id>
      <id>64</id>
      <id>65</id>
      <id>66</id>
      <id>67</id>
      <id>68</id>
      <id>69</id>
      <id>70</id>
      <id>71</id>
      <id>72</id>
      <id>73</id>
      <id>74</id>
      <id>75</id>
      <id>76</id>
      <id>77</id>
      <id>78</id>
      <id>79</id>
      <id>80</id>
      <id>81</id>
      <id>82</id>
      <id>83</id>
      <id>84</id>
      <id>85</id>
      <id>86</id>
      <id>87</id>
      <id>88</id>
      <id>89</id>
      <id>90</id>
      <id>91</id>
      <id>92</id>
      <id>93</id>
      <id>94</id>
      <id>95</id>
      <id>96</id>
      <id>97</id>
      <id>98</id>
      <id>99</id>
      <id>100</id>
      <id>101</id>
      <id>102</id>
      <id>103</id>
      <id>104</id>
      <id>105</id>
      <id>106</id>
      <id>107</id>
      <id>108</id>
      <id>109</id>
      <id>110</id>
      <id>111</id>
      <id>112</id>
      <id>113</id>
      <id>114</id>
      <id>115</id>
      <id>116</id>
      <id>117</id>
      <id>118</id>
      <id>119</id>
      <id>120</id>
      <id>121</id>
      <id>122</id>
      <id>123</id>
      <id>124</id>
      <id>125</id>
      <id>126</id>
      <id>127</id>
      <id>128</id>
      <id>129</id>
      <id>130</id>
      <id>131</id>
      <id>132</id>
      <id>133</id>
      <id>134</id>
      <id>135</id>
      <id>136</id>
      <id>137</id>
      <id>138</id>
      <id>139</id>
      <id>140</id>
      <id>141</id>
      <id>142</id>
      <id>143</id>
      <id>144</id>
      <id>145</id>
      <id>146</id>
      <id>147</id>
      <id>148</id>
      <id>149</id>
      <id>150</id>
      <id>151</id>
      <id>152</id>
      <id>153</id>
      <id>154</id>
   </successors>
   <trajectory>
      <states>
         <state>
            <time>0</time>
            <x>0</x>
            <y>0</y>
            <velocity>5.6</velocity>
            <orientation>0</orientation>
         </state>
         <state>
            <time>0.1</time>
            <x>0.54869</x>
            <y>0.032841</y>
            <velocity>5.4</velocity>
            <orientation>0.11957</orientation>
         </state>
         <state>
            <time>0.2</time>
            <x>1.0701</x>
            <y>0.1262</y>
            <velocity>5.2</velocity>
            <orientation>0.23478</orientation>
         </state>
         <state>
            <time>0.3</time>
            <x>1.5585</x>
            <y>0.27207</y>
            <velocity>5</velocity>
            <orientation>0.34565</orientation>
         </state>
         <state>
            <time>0.4</time>
            <x>2.0098</x>
            <y>0.4623</y>
            <velocity>4.8</velocity>
            <orientation>0.45217</orientation>
         </state>
         <state>
            <time>0.5</time>
            <x>2.4214</x>
            <y>0.68888</y>
            <velocity>4.6</velocity>
            <orientation>0.55435</orientation>
         </state>
         <state>
            <time>0.6</time>
            <x>2.7918</x>
            <y>0.94408</y>
            <velocity>4.4</velocity>
            <orientation>0.65217</orientation>
         </state>
         <state>
            <time>0.7</time>
            <x>3.1209</x>
            <y>1.2206</y>
            <velocity>4.2</velocity>
            <orientation>0.74565</orientation>
         </state>
         <state>
            <time>0.8</time>
            <x>3.4093</x>
            <y>1.5118</y>
            <velocity>4</velocity>
            <orientation>0.83478</orientation>
         </state>
         <state>
            <time>0.9</time>
            <x>3.6586</x>
            <y>1.8116</y>
            <velocity>3.8</velocity>
            <orientation>0.91957</orientation>
         </state>
         <state>
            <time>1</time>
            <x>3.8708</x>
            <y>2.1146</y>
            <velocity>3.6</velocity>
            <orientation>1</orientation>
         </state>
      </states>
      <inputs>
         <input>
            <acceleration>-2</acceleration>
            <steer>0.46365</steer>
         </input>
         <input>
            <acceleration>-2</acceleration>
            <steer>0.46365</steer>
         </input>
         <input>
            <acceleration>-2</acceleration>
            <steer>0.46365</steer>
         </input>
         <input>
            <acceleration>-2</acceleration>
            <steer>0.46365</steer>
         </input>
         <input>
            <acceleration>-2</acceleration>
            <steer>0.46365</steer>
         </input>
         <input>
            <acceleration>-2</acceleration>
            <steer>0.46365</steer>
         </input>
         <input>
            <acceleration>-2</acceleration>
            <steer>0.46365</steer>
         </input>
         <input>
            <acceleration>-2</acceleration>
            <steer>0.46365</steer>
         </input>
         <input>
            <acceleration>-2</acceleration>
            <steer>0.46365</steer>
         </input>
         <input>
            <acceleration>-2</acceleration>
            <steer>0.46365</steer>
         </input>
      </inputs>
   </trajectory>
   <occupancySet>
      <occupancy>
         <time>
            <intervalStart>0</intervalStart>
            <intervalEnd>0.1</intervalEnd>
         </time>
         <set>
            <point>
               <element dimension="1">-1.1326</element>
               <element dimension="2">1.0262</element>
            </point>
            <point>
               <element dimension="1">1.6404</element>
               <element dimension="2">1.3428</element>
            </point>
            <point>
               <element dimension="1">3.654</element>
               <element dimension="2">1.4635</element>
            </point>
            <point>
               <element dimension="1">3.848</element>
               <element dimension="2">1.4647</element>
            </point>
            <point>
               <element dimension="1">4.0634</element>
               <element dimension="2">-0.42141</element>
            </point>
            <point>
               <element dimension="1">4.0687</element>
               <element dimension="2">-0.51063</element>
            </point>
            <point>
               <element dimension="1">4.0714</element>
               <element dimension="2">-0.94537</element>
            </point>
            <point>
               <element dimension="1">3.4273</element>
               <element dimension="2">-1.0189</element>
            </point>
            <point>
               <element dimension="1">1.5441</element>
               <element dimension="2">-1.1318</element>
            </point>
            <point>
               <element dimension="1">-1.1082</element>
               <element dimension="2">-1.1479</element>
            </point>
            <point>
               <element dimension="1">-1.12</element>
               <element dimension="2">-1.0453</element>
            </point>
            <point>
               <element dimension="1">-1.12</element>
               <element dimension="2">-1.0452</element>
            </point>
         </set>
      </occupancy>
      <occupancy>
         <time>
            <intervalStart>0.1</intervalStart>
            <intervalEnd>0.2</intervalEnd>
         </time>
         <set>
            <point>
               <element dimension="1">-0.7586</element>
               <element dimension="2">0.94902</element>
            </point>
            <point>
               <element dimension="1">1.9388</element>
               <element dimension="2">1.5781</element>
            </point>
            <point>
               <element dimension="1">4.0011</element>
               <element dimension="2">1.9351</element>
            </point>
            <point>
               <element dimension="1">4.1718</element>
               <element dimension="2">1.9546</element>
            </point>
            <point>
               <element dimension="1">4.6144</element>
               <element dimension="2">0.056412</element>
            </point>
            <point>
               <element dimension="1">4.6164</element>
               <element dimension="2">0.045087</element>
            </point>
            <point>
               <element dimension="1">4.6776</element>
               <element dimension="2">-0.49094</element>
            </point>
            <point>
               <element dimension="1">3.9975</element>
               <element dimension="2">-0.64957</element>
            </point>
            <point>
               <element dimension="1">2.2371</element>
               <element dimension="2">-0.95427</element>
            </point>
            <point>
               <element dimension="1">-0.49064</element>
               <element dimension="2">-1.2657</element>
            </point>
            <point>
               <element dimension="1">-0.51996</element>
               <element dimension="2">-1.14</element>
            </point>
            <point>
               <element dimension="1">-0.52029</element>
               <element dimension="2">-1.1381</element>
            </point>
         </set>
      </occupancy>
      <occupancy>
         <time>
            <intervalStart>0.2</intervalStart>
            <intervalEnd>0.3</intervalEnd>
         </time>
         <set>
            <point>
               <element dimension="1">-0.33364</element>
               <element dimension="2">0.9128</element>
            </point>
            <point>
               <element dimension="1">2.3506</element>
               <element dimension="2">1.8679</element>
            </point>
            <point>
               <element dimension="1">4.4384</element>
               <element dimension="2">2.4805</element>
            </point>
            <point>
               <element dimension="1">4.4536</element>
               <element dimension="2">2.484</element>
            </point>
            <point>
               <element dimension="1">5.1344</element>
               <element dimension="2">0.57075</element>
            </point>
            <point>
               <element dimension="1">5.1392</element>
               <element dimension="2">0.55416</element>
            </point>
            <point>
               <element dimension="1">5.2544</element>
               <element dimension="2">0.060561</element>
            </point>
            <point>
               <element dimension="1">4.5701</element>
               <element dimension="2">-0.1829</element>
            </point>
            <point>
               <element dimension="1">2.5954</element>
               <element dimension="2">-0.76228</element>
            </point>
            <point>
               <element dimension="1">0.20669</element>
               <element dimension="2">-1.3194</element>
            </point>
            <point>
               <element dimension="1">0.14938</element>
               <element dimension="2">-1.1583</element>
            </point>
         </set>
      </occupancy>
      <occupancy>
         <time>
            <intervalStart>0.3</intervalStart>
            <intervalEnd>0.4</intervalEnd>
         </time>
         <set>
            <point>
               <element dimension="1">0.038135</element>
               <element dimension="2">0.90538</element>
            </point>
            <point>
               <element dimension="1">1.9168</element>
               <element dimension="2">1.8096</element>
            </point>
            <point>
               <element dimension="1">4.6369</element>
               <element dimension="2">2.9442</element>
            </point>
            <point>
               <element dimension="1">4.6553</element>
               <element dimension="2">2.9507</element>
            </point>
            <point>
               <element dimension="1">5.5348</element>
               <element dimension="2">1.1234</element>
            </point>
            <point>
               <element dimension="1">5.7072</element>
               <element dimension="2">0.63879</element>
            </point>
            <point>
               <element dimension="1">5.1005</element>
               <element dimension="2">0.34675</element>
            </point>
            <point>
               <element dimension="1">3.8801</element>
               <element dimension="2">-0.16229</element>
            </point>
            <point>
               <element dimension="1">0.81542</element>
               <element dimension="2">-1.2528</element>
            </point>
            <point>
               <element dimension="1">0.77948</element>
               <element dimension="2">-1.1781</element>
            </point>
         </set>
      </occupancy>
      <occupancy>
         <time>
            <intervalStart>0.4</intervalStart>
            <intervalEnd>0.5</intervalEnd>
         </time>
         <set>
            <point>
               <element dimension="1">0.44876</element>
               <element dimension="2">0.91077</element>
            </point>
            <point>
               <element dimension="1">2.4008</element>
               <element dimension="2">2.1102</element>
            </point>
            <point>
               <element dimension="1">4.7791</element>
               <element dimension="2">3.4088</element>
            </point>
            <point>
               <element dimension="1">4.7998</element>
               <element dimension="2">3.4187</element>
            </point>
            <point>
               <element dimension="1">5.862</element>
               <element dimension="2">1.69</element>
            </point>
            <point>
               <element dimension="1">6.061</element>
               <element dimension="2">1.2767</element>
            </point>
            <point>
               <element dimension="1">5.4999</element>
               <element dimension="2">0.93191</element>
            </point>
            <point>
               <element dimension="1">4.1639</element>
               <element dimension="2">0.20244</element>
            </point>
            <point>
               <element dimension="1">1.4321</element>
               <element dimension="2">-1.1124</element>
            </point>
            <point>
               <element dimension="1">1.3882</element>
               <element dimension="2">-1.041</element>
            </point>
         </set>
      </occupancy>
      <occupancy>
         <time>
            <intervalStart>0.5</intervalStart>
            <intervalEnd>0.6</intervalEnd>
         </time>
         <set>
            <point>
               <element dimension="1">0.83981</element>
               <element dimension="2">0.9654</element>
            </point>
            <point>
               <element dimension="1">2.7081</element>
               <element dimension="2">2.3828</element>
            </point>
            <point>
               <element dimension="1">4.8714</element>
               <element dimension="2">3.8629</element>
            </point>
            <point>
               <element dimension="1">4.8933</element>
               <element dimension="2">3.8764</element>
            </point>
            <point>
               <element dimension="1">6.1209</element>
               <element dimension="2">2.2583</element>
            </point>
            <point>
               <element dimension="1">6.335</element>
               <element dimension="2">1.9098</element>
            </point>
            <point>
               <element dimension="1">5.774</element>
               <element dimension="2">1.4842</element>
            </point>
            <point>
               <element dimension="1">4.5818</element>
               <element dimension="2">0.66849</element>
            </point>
            <point>
               <element dimension="1">2.0048</element>
               <element dimension="2">-0.91494</element>
            </point>
            <point>
               <element dimension="1">1.9542</element>
               <element dimension="2">-0.84822</element>
            </point>
         </set>
      </occupancy>
      <occupancy>
         <time>
            <intervalStart>0.6</intervalStart>
            <intervalEnd>0.7</intervalEnd>
         </time>
         <set>
            <point>
               <element dimension="1">1.2077</element>
               <element dimension="2">1.0607</element>
            </point>
            <point>
               <element dimension="1">2.9278</element>
               <element dimension="2">2.6399</element>
            </point>
            <point>
               <element dimension="1">4.9068</element>
               <element dimension="2">4.2931</element>
            </point>
            <point>
               <element dimension="1">4.9408</element>
               <element dimension="2">4.3189</element>
            </point>
            <point>
               <element dimension="1">6.3167</element>
               <element dimension="2">2.8202</element>
            </point>
            <point>
               <element dimension="1">6.5358</element>
               <element dimension="2">2.5314</element>
            </point>
            <point>
               <element dimension="1">6.0273</element>
               <element dimension="2">2.0646</element>
            </point>
            <point>
               <element dimension="1">4.9493</element>
               <element dimension="2">1.1641</element>
            </point>
            <point>
               <element dimension="1">2.5312</element>
               <element dimension="2">-0.67048</element>
            </point>
            <point>
               <element dimension="1">2.4732</element>
               <element dimension="2">-0.60735</element>
            </point>
         </set>
      </occupancy>
      <occupancy>
         <time>
            <intervalStart>0.7</intervalStart>
            <intervalEnd>0.8</intervalEnd>
         </time>
         <set>
            <point>
               <element dimension="1">1.5464</element>
               <element dimension="2">1.1928</element>
            </point>
            <point>
               <element dimension="1">3.5746</element>
               <element dimension="2">3.4198</element>
            </point>
            <point>
               <element dimension="1">4.881</element>
               <element dimension="2">4.7317</element>
            </point>
            <point>
               <element dimension="1">4.9196</element>
               <element dimension="2">4.7671</element>
            </point>
            <point>
               <element dimension="1">6.4552</element>
               <element dimension="2">3.3685</element>
            </point>
            <point>
               <element dimension="1">6.6731</element>
               <element dimension="2">3.1312</element>
            </point>
            <point>
               <element dimension="1">6.2629</element>
               <element dimension="2">2.6808</element>
            </point>
            <point>
               <element dimension="1">4.7224</element>
               <element dimension="2">1.1338</element>
            </point>
            <point>
               <element dimension="1">3.0367</element>
               <element dimension="2">-0.41379</element>
            </point>
            <point>
               <element dimension="1">2.9431</element>
               <element dimension="2">-0.3285</element>
            </point>
         </set>
      </occupancy>
      <occupancy>
         <time>
            <intervalStart>0.8</intervalStart>
            <intervalEnd>0.9</intervalEnd>
         </time>
         <set>
            <point>
               <element dimension="1">1.8345</element>
               <element dimension="2">1.3718</element>
            </point>
            <point>
               <element dimension="1">3.65</element>
               <element dimension="2">3.7417</element>
            </point>
            <point>
               <element dimension="1">4.8326</element>
               <element dimension="2">5.1569</element>
            </point>
            <point>
               <element dimension="1">4.8597</element>
               <element dimension="2">5.1866</element>
            </point>
            <point>
               <element dimension="1">6.5421</element>
               <element dimension="2">3.8977</element>
            </point>
            <point>
               <element dimension="1">6.774</element>
               <element dimension="2">3.6865</element>
            </point>
            <point>
               <element dimension="1">6.4278</element>
               <element dimension="2">3.2347</element>
            </point>
            <point>
               <element dimension="1">5.0206</element>
               <element dimension="2">1.5506</element>
            </point>
            <point>
               <element dimension="1">3.4966</element>
               <element dimension="2">-0.12268</element>
            </point>
            <point>
               <element dimension="1">3.3632</element>
               <element dimension="2">-0.020469</element>
            </point>
         </set>
      </occupancy>
      <occupancy>
         <time>
            <intervalStart>0.9</intervalStart>
            <intervalEnd>1</intervalEnd>
         </time>
         <set>
            <point>
               <element dimension="1">2.0923</element>
               <element dimension="2">1.5663</element>
            </point>
            <point>
               <element dimension="1">2.1467</element>
               <element dimension="2">1.6509</element>
            </point>
            <point>
               <element dimension="1">4.3037</element>
               <element dimension="2">4.7197</element>
            </point>
            <point>
               <element dimension="1">4.874</element>
               <element dimension="2">5.4641</element>
            </point>
            <point>
               <element dimension="1">6.4587</element>
               <element dimension="2">4.4449</element>
            </point>
            <point>
               <element dimension="1">6.4596</element>
               <element dimension="2">4.4443</element>
            </point>
            <point>
               <element dimension="1">6.8012</element>
               <element dimension="2">4.1826</element>
            </point>
            <point>
               <element dimension="1">6.5385</element>
               <element dimension="2">3.7742</element>
            </point>
            <point>
               <element dimension="1">6.3717</element>
               <element dimension="2">3.5368</element>
            </point>
            <point>
               <element dimension="1">3.8442</element>
               <element dimension="2">0.23765</element>
            </point>
            <point>
               <element dimension="1">3.7341</element>
               <element dimension="2">0.30844</element>
            </point>
         </set>
      </occupancy>
   </occupancySet>
   <reachableSet>
      <reachability>
         <time>0</time>
         <x>
            <intervalStart>-0.1</intervalStart>
            <intervalEnd>0.1</intervalEnd>
         </x>
         <y>
            <intervalStart>-0.1</intervalStart>
            <intervalEnd>0.1</intervalEnd>
         </y>
         <velocity>
            <intervalStart>5.4</intervalStart>
            <intervalEnd>5.8</intervalEnd>
         </velocity>
         <orientation>
            <intervalStart>-0.02</intervalStart>
            <intervalEnd>0.02</intervalEnd>
         </orientation>
      </reachability>
      <reachability>
         <time>1</time>
         <x>
            <intervalStart>3.8428</intervalStart>
            <intervalEnd>3.8901</intervalEnd>
         </x>
         <y>
            <intervalStart>2.0889</intervalStart>
            <intervalEnd>2.1481</intervalEnd>
         </y>
         <velocity>
            <intervalStart>3.6</intervalStart>
            <intervalEnd>3.6</intervalEnd>
         </velocity>
         <orientation>
            <intervalStart>0.98862</intervalStart>
            <intervalEnd>1.0177</intervalEnd>
         </orientation>
      </reachability>
   </reachableSet>
</motionPrimitive>