<?xml version="1.0" encoding="utf-8"?>
<motionPrimitive ID="10087">
   <controller type="generator space control">controller10087.mat</controller>
   <successors>
      <id>6129</id>
      <id>6130</id>
      <id>6131</id>
      <id>6132</id>
      <id>6133</id>
      <id>6134</id>
      <id>6135</id>
      <id>6136</id>
      <id>6137</id>
      <id>6138</id>
      <id>6139</id>
      <id>6140</id>
      <id>6141</id>
      <id>6142</id>
      <id>6143</id>
      <id>6144</id>
      <id>6145</id>
      <id>6146</id>
      <id>6147</id>
      <id>6148</id>
      <id>6149</id>
      <id>6150</id>
      <id>6151</id>
      <id>6152</id>
      <id>6153</id>
      <id>6154</id>
      <id>6155</id>
      <id>6156</id>
      <id>6157</id>
      <id>6158</id>
      <id>6159</id>
      <id>6160</id>
      <id>6161</id>
      <id>6162</id>
      <id>6163</id>
      <id>6164</id>
      <id>6165</id>
      <id>6166</id>
      <id>6167</id>
      <id>6168</id>
      <id>6169</id>
      <id>6170</id>
      <id>6171</id>
      <id>6172</id>
      <id>6173</id>
      <id>6174</id>
      <id>6175</id>
      <id>6176</id>
      <id>6177</id>
      <id>6178</id>
      <id>6179</id>
      <id>6180</id>
      <id>6181</id>
      <id>6182</id>
      <id>6183</id>
      <id>6184</id>
      <id>6185</id>
      <id>6186</id>
      <id>6187</id>
      <id>6188</id>
      <id>6189</id>
      <id>6190</id>
      <id>6191</id>
      <id>6192</id>
      <id>6193</id>
      <id>6194</id>
      <id>6195</id>
      <id>6196</id>
      <id>6197</id>
      <id>6198</id>
      <id>6199</id>
      <id>6200</id>
      <id>6201</id>
      <id>6202</id>
      <id>6203</id>
      <id>6204</id>
      <id>6205</id>
      <id>6206</id>
      <id>6207</id>
      <id>6208</id>
      <id>6209</id>
      <id>6210</id>
      <id>6211</id>
      <id>6212</id>
      <id>6213</id>
      <id>6214</id>
      <id>6215</id>
      <id>6216</id>
      <id>6217</id>
      <id>6218</id>
      <id>6219</id>
      <id>6220</id>
      <id>6221</id>
      <id>6222</id>
      <id>6223</id>
      <id>6224</id>
      <id>6225</id>
      <id>6226</id>
      <id>6227</id>
      <id>6228</id>
      <id>6229</id>
      <id>6230</id>
      <id>6231</id>
      <id>6232</id>
      <id>6233</id>
      <id>6234</id>
      <id>6235</id>
      <id>6236</id>
      <id>6237</id>
      <id>6238</id>
      <id>6239</id>
      <id>6240</id>
      <id>6241</id>
      <id>6242</id>
      <id>6243</id>
      <id>6244</id>
      <id>6245</id>
      <id>6246</id>
      <id>6247</id>
      <id>6248</id>
      <id>6249</id>
      <id>6250</id>
      <id>6251</id>
      <id>6252</id>
      <id>6253</id>
      <id>6254</id>
      <id>6255</id>
      <id>6256</id>
      <id>6257</id>
      <id>6258</id>
      <id>6259</id>
      <id>6260</id>
      <id>6261</id>
      <id>6262</id>
      <id>6263</id>
      <id>6264</id>
      <id>6265</id>
      <id>6266</id>
      <id>6267</id>
      <id>6268</id>
      <id>6269</id>
      <id>6270</id>
      <id>6271</id>
      <id>6272</id>
      <id>6273</id>
      <id>6274</id>
      <id>6275</id>
      <id>6276</id>
      <id>6277</id>
      <id>6278</id>
      <id>6279</id>
      <id>6280</id>
      <id>6281</id>
      <id>6282</id>
      <id>6283</id>
      <id>6284</id>
      <id>6285</id>
      <id>6286</id>
      <id>6287</id>
      <id>6288</id>
      <id>6289</id>
      <id>6290</id>
      <id>6291</id>
      <id>6292</id>
      <id>6293</id>
      <id>6294</id>
      <id>6295</id>
      <id>6296</id>
      <id>6297</id>
      <id>6298</id>
      <id>6299</id>
      <id>6300</id>
      <id>6301</id>
      <id>6302</id>
      <id>6303</id>
      <id>6304</id>
      <id>6305</id>
      <id>6306</id>
      <id>6307</id>
      <id>6308</id>
      <id>6309</id>
      <id>6310</id>
      <id>6311</id>
      <id>6312</id>
      <id>6313</id>
      <id>6314</id>
      <id>6315</id>
      <id>6316</id>
      <id>6317</id>
      <id>6318</id>
      <id>6319</id>
      <id>6320</id>
      <id>6321</id>
      <id>6322</id>
      <id>6323</id>
   </successors>
   <trajectory>
      <states>
         <state>
            <time>0</time>
            <x>0</x>
            <y>0</y>
            <velocity>24.4</velocity>
            <orientation>0</orientation>
         </state>
         <state>
            <time>0.1</time>
            <x>2.3999</x>
            <y>-0.014117</y>
            <velocity>23.6</velocity>
            <orientation>-0.011765</orientation>
         </state>
         <state>
            <time>0.2</time>
            <x>4.7196</x>
            <y>-0.054601</y>
            <velocity>22.8</velocity>
            <orientation>-0.023137</orientation>
         </state>
         <state>
            <time>0.3</time>
            <x>6.9586</x>
            <y>-0.11872</y>
            <velocity>22</velocity>
            <orientation>-0.034118</orientation>
         </state>
         <state>
            <time>0.4</time>
            <x>9.117</x>
            <y>-0.20382</y>
            <velocity>21.2</velocity>
            <orientation>-0.044706</orientation>
         </state>
         <state>
            <time>0.5</time>
            <x>11.1944</x>
            <y>-0.30737</y>
            <velocity>20.4</velocity>
            <orientation>-0.054902</orientation>
         </state>
         <state>
            <time>0.6</time>
            <x>13.1908</x>
            <y>-0.42691</y>
            <velocity>19.6</velocity>
            <orientation>-0.064706</orientation>
         </state>
         <state>
            <time>0.7</time>
            <x>15.1062</x>
            <y>-0.56007</y>
            <velocity>18.8</velocity>
            <orientation>-0.074118</orientation>
         </state>
         <state>
            <time>0.8</time>
            <x>16.9405</x>
            <y>-0.7046</y>
            <velocity>18</velocity>
            <orientation>-0.083137</orientation>
         </state>
         <state>
            <time>0.9</time>
            <x>18.6937</x>
            <y>-0.85832</y>
            <velocity>17.2</velocity>
            <orientation>-0.091765</orientation>
         </state>
         <state>
            <time>1</time>
            <x>20.366</x>
            <y>-1.0192</y>
            <velocity>16.4</velocity>
            <orientation>-0.1</orientation>
         </state>
      </states>
      <inputs>
         <input>
            <acceleration>-8</acceleration>
            <steer>-0.011274</steer>
         </input>
         <input>
            <acceleration>-8</acceleration>
            <steer>-0.011274</steer>
         </input>
         <input>
            <acceleration>-8</acceleration>
            <steer>-0.011274</steer>
         </input>
         <input>
            <acceleration>-8</acceleration>
            <steer>-0.011274</steer>
         </input>
         <input>
            <acceleration>-8</acceleration>
            <steer>-0.011274</steer>
         </input>
         <input>
            <acceleration>-8</acceleration>
            <steer>-0.011274</steer>
         </input>
         <input>
            <acceleration>-8</acceleration>
            <steer>-0.011274</steer>
         </input>
         <input>
            <acceleration>-8</acceleration>
            <steer>-0.011274</steer>
         </input>
         <input>
            <acceleration>-8</acceleration>
            <steer>-0.011274</steer>
         </input>
         <input>
            <acceleration>-8</acceleration>
            <steer>-0.011274</steer>
         </input>
      </inputs>
   </trajectory>
   <occupancySet>
      <occupancy>
         <time>
            <intervalStart>0</intervalStart>
            <intervalEnd>0.1</intervalEnd>
         </time>
         <set>
            <point>
               <element dimension="1">-1.1209</element>
               <element dimension="2">-1.0185</element>
            </point>
            <point>
               <element dimension="1">-1.1197</element>
               <element dimension="2">1.0209</element>
            </point>
            <point>
               <element dimension="1">-1.1197</element>
               <element dimension="2">1.0212</element>
            </point>
            <point>
               <element dimension="1">-1.1197</element>
               <element dimension="2">1.0213</element>
            </point>
            <point>
               <element dimension="1">3.4168</element>
               <element dimension="2">1.0186</element>
            </point>
            <point>
               <element dimension="1">3.6479</element>
               <element dimension="2">1.0172</element>
            </point>
            <point>
               <element dimension="1">5.8266</element>
               <element dimension="2">0.99283</element>
            </point>
            <point>
               <element dimension="1">5.8265</element>
               <element dimension="2">0.726</element>
            </point>
            <point>
               <element dimension="1">5.8262</element>
               <element dimension="2">0.68294</element>
            </point>
            <point>
               <element dimension="1">5.8071</element>
               <element dimension="2">-1.0304</element>
            </point>
            <point>
               <element dimension="1">0.32921</element>
               <element dimension="2">-1.0271</element>
            </point>
            <point>
               <element dimension="1">-1.1044</element>
               <element dimension="2">-1.0187</element>
            </point>
         </set>
      </occupancy>
      <occupancy>
         <time>
            <intervalStart>0.1</intervalStart>
            <intervalEnd>0.2</intervalEnd>
         </time>
         <set>
            <point>
               <element dimension="1">1.0344</element>
               <element dimension="2">-0.9776</element>
            </point>
            <point>
               <element dimension="1">1.0562</element>
               <element dimension="2">0.97899</element>
            </point>
            <point>
               <element dimension="1">1.0564</element>
               <element dimension="2">0.98368</element>
            </point>
            <point>
               <element dimension="1">5.1334</element>
               <element dimension="2">0.93807</element>
            </point>
            <point>
               <element dimension="1">5.8254</element>
               <element dimension="2">0.92638</element>
            </point>
            <point>
               <element dimension="1">8.1687</element>
               <element dimension="2">0.87346</element>
            </point>
            <point>
               <element dimension="1">8.166</element>
               <element dimension="2">0.63313</element>
            </point>
            <point>
               <element dimension="1">8.1267</element>
               <element dimension="2">-1.1073</element>
            </point>
            <point>
               <element dimension="1">7.9262</element>
               <element dimension="2">-1.105</element>
            </point>
            <point>
               <element dimension="1">2.978</element>
               <element dimension="2">-1.0215</element>
            </point>
         </set>
      </occupancy>
      <occupancy>
         <time>
            <intervalStart>0.2</intervalStart>
            <intervalEnd>0.3</intervalEnd>
         </time>
         <set>
            <point>
               <element dimension="1">3.3393</element>
               <element dimension="2">-0.99989</element>
            </point>
            <point>
               <element dimension="1">3.3833</element>
               <element dimension="2">0.94908</element>
            </point>
            <point>
               <element dimension="1">3.3835</element>
               <element dimension="2">0.95361</element>
            </point>
            <point>
               <element dimension="1">7.8979</element>
               <element dimension="2">0.85165</element>
            </point>
            <point>
               <element dimension="1">8.1601</element>
               <element dimension="2">0.84429</element>
            </point>
            <point>
               <element dimension="1">10.4151</element>
               <element dimension="2">0.76853</element>
            </point>
            <point>
               <element dimension="1">10.4101</element>
               <element dimension="2">0.54732</element>
            </point>
            <point>
               <element dimension="1">10.3517</element>
               <element dimension="2">-1.1928</element>
            </point>
            <point>
               <element dimension="1">9.6107</element>
               <element dimension="2">-1.1761</element>
            </point>
            <point>
               <element dimension="1">3.35</element>
               <element dimension="2">-1.0003</element>
            </point>
         </set>
      </occupancy>
      <occupancy>
         <time>
            <intervalStart>0.3</intervalStart>
            <intervalEnd>0.4</intervalEnd>
         </time>
         <set>
            <point>
               <element dimension="1">5.5795</element>
               <element dimension="2">-1.0332</element>
            </point>
            <point>
               <element dimension="1">5.6438</element>
               <element dimension="2">0.88095</element>
            </point>
            <point>
               <element dimension="1">5.6441</element>
               <element dimension="2">0.88773</element>
            </point>
            <point>
               <element dimension="1">10.1524</element>
               <element dimension="2">0.73628</element>
            </point>
            <point>
               <element dimension="1">10.3955</element>
               <element dimension="2">0.72682</element>
            </point>
            <point>
               <element dimension="1">12.57</element>
               <element dimension="2">0.63068</element>
            </point>
            <point>
               <element dimension="1">12.5637</element>
               <element dimension="2">0.443</element>
            </point>
            <point>
               <element dimension="1">12.4867</element>
               <element dimension="2">-1.2989</element>
            </point>
            <point>
               <element dimension="1">11.901</element>
               <element dimension="2">-1.2792</element>
            </point>
            <point>
               <element dimension="1">5.6001</element>
               <element dimension="2">-1.0341</element>
            </point>
         </set>
      </occupancy>
      <occupancy>
         <time>
            <intervalStart>0.4</intervalStart>
            <intervalEnd>0.5</intervalEnd>
         </time>
         <set>
            <point>
               <element dimension="1">7.7491</element>
               <element dimension="2">-1.0899</element>
            </point>
            <point>
               <element dimension="1">7.8325</element>
               <element dimension="2">0.79508</element>
            </point>
            <point>
               <element dimension="1">7.8328</element>
               <element dimension="2">0.80089</element>
            </point>
            <point>
               <element dimension="1">12.323</element>
               <element dimension="2">0.60236</element>
            </point>
            <point>
               <element dimension="1">12.5421</element>
               <element dimension="2">0.59155</element>
            </point>
            <point>
               <element dimension="1">14.6352</element>
               <element dimension="2">0.47757</element>
            </point>
            <point>
               <element dimension="1">14.6282</element>
               <element dimension="2">0.31953</element>
            </point>
            <point>
               <element dimension="1">14.5335</element>
               <element dimension="2">-1.42</element>
            </point>
            <point>
               <element dimension="1">13.6117</element>
               <element dimension="2">-1.3793</element>
            </point>
            <point>
               <element dimension="1">7.7772</element>
               <element dimension="2">-1.0914</element>
            </point>
         </set>
      </occupancy>
      <occupancy>
         <time>
            <intervalStart>0.5</intervalStart>
            <intervalEnd>0.6</intervalEnd>
         </time>
         <set>
            <point>
               <element dimension="1">9.8465</element>
               <element dimension="2">-1.165</element>
            </point>
            <point>
               <element dimension="1">9.9474</element>
               <element dimension="2">0.6884</element>
            </point>
            <point>
               <element dimension="1">9.9477</element>
               <element dimension="2">0.69279</element>
            </point>
            <point>
               <element dimension="1">14.4044</element>
               <element dimension="2">0.4501</element>
            </point>
            <point>
               <element dimension="1">14.5989</element>
               <element dimension="2">0.43855</element>
            </point>
            <point>
               <element dimension="1">16.6169</element>
               <element dimension="2">0.30877</element>
            </point>
            <point>
               <element dimension="1">16.6099</element>
               <element dimension="2">0.18135</element>
            </point>
            <point>
               <element dimension="1">16.4982</element>
               <element dimension="2">-1.5559</element>
            </point>
            <point>
               <element dimension="1">15.6395</element>
               <element dimension="2">-1.5091</element>
            </point>
            <point>
               <element dimension="1">9.8821</element>
               <element dimension="2">-1.1673</element>
            </point>
         </set>
      </occupancy>
      <occupancy>
         <time>
            <intervalStart>0.6</intervalStart>
            <intervalEnd>0.7</intervalEnd>
         </time>
         <set>
            <point>
               <element dimension="1">11.865</element>
               <element dimension="2">-1.2578</element>
            </point>
            <point>
               <element dimension="1">11.9823</element>
               <element dimension="2">0.56493</element>
            </point>
            <point>
               <element dimension="1">11.9825</element>
               <element dimension="2">0.56815</element>
            </point>
            <point>
               <element dimension="1">16.4034</element>
               <element dimension="2">0.28382</element>
            </point>
            <point>
               <element dimension="1">16.5727</element>
               <element dimension="2">0.27214</element>
            </point>
            <point>
               <element dimension="1">18.5164</element>
               <element dimension="2">0.12871</element>
            </point>
            <point>
               <element dimension="1">18.5101</element>
               <element dimension="2">0.030681</element>
            </point>
            <point>
               <element dimension="1">18.3821</element>
               <element dimension="2">-1.7042</element>
            </point>
            <point>
               <element dimension="1">17.5732</element>
               <element dimension="2">-1.6522</element>
            </point>
            <point>
               <element dimension="1">11.9079</element>
               <element dimension="2">-1.261</element>
            </point>
         </set>
      </occupancy>
      <occupancy>
         <time>
            <intervalStart>0.7</intervalStart>
            <intervalEnd>0.8</intervalEnd>
         </time>
         <set>
            <point>
               <element dimension="1">13.8034</element>
               <element dimension="2">-1.366</element>
            </point>
            <point>
               <element dimension="1">13.9357</element>
               <element dimension="2">0.42725</element>
            </point>
            <point>
               <element dimension="1">13.9359</element>
               <element dimension="2">0.42937</element>
            </point>
            <point>
               <element dimension="1">18.3215</element>
               <element dimension="2">0.10575</element>
            </point>
            <point>
               <element dimension="1">18.4647</element>
               <element dimension="2">0.094526</element>
            </point>
            <point>
               <element dimension="1">20.3349</element>
               <element dimension="2">-0.060481</element>
            </point>
            <point>
               <element dimension="1">20.3297</element>
               <element dimension="2">-0.13028</element>
            </point>
            <point>
               <element dimension="1">20.1861</element>
               <element dimension="2">-1.8627</element>
            </point>
            <point>
               <element dimension="1">19.4248</element>
               <element dimension="2">-1.8065</element>
            </point>
            <point>
               <element dimension="1">13.8532</element>
               <element dimension="2">-1.3701</element>
            </point>
         </set>
      </occupancy>
      <occupancy>
         <time>
            <intervalStart>0.8</intervalStart>
            <intervalEnd>0.9</intervalEnd>
         </time>
         <set>
            <point>
               <element dimension="1">15.6605</element>
               <element dimension="2">-1.487</element>
            </point>
            <point>
               <element dimension="1">15.8068</element>
               <element dimension="2">0.27776</element>
            </point>
            <point>
               <element dimension="1">15.8069</element>
               <element dimension="2">0.27882</element>
            </point>
            <point>
               <element dimension="1">20.1508</element>
               <element dimension="2">-0.081237</element>
            </point>
            <point>
               <element dimension="1">20.276</element>
               <element dimension="2">-0.092155</element>
            </point>
            <point>
               <element dimension="1">22.0769</element>
               <element dimension="2">-0.25711</element>
            </point>
            <point>
               <element dimension="1">22.0733</element>
               <element dimension="2">-0.30052</element>
            </point>
            <point>
               <element dimension="1">22.0731</element>
               <element dimension="2">-0.30256</element>
            </point>
            <point>
               <element dimension="1">21.9146</element>
               <element dimension="2">-2.0335</element>
            </point>
            <point>
               <element dimension="1">21.9117</element>
               <element dimension="2">-2.0332</element>
            </point>
            <point>
               <element dimension="1">15.8697</element>
               <element dimension="2">-1.5061</element>
            </point>
         </set>
      </occupancy>
      <occupancy>
         <time>
            <intervalStart>0.9</intervalStart>
            <intervalEnd>1</intervalEnd>
         </time>
         <set>
            <point>
               <element dimension="1">17.4315</element>
               <element dimension="2">-1.6218</element>
            </point>
            <point>
               <element dimension="1">17.5912</element>
               <element dimension="2">0.12193</element>
            </point>
            <point>
               <element dimension="1">17.5914</element>
               <element dimension="2">0.12419</element>
            </point>
            <point>
               <element dimension="1">21.5461</element>
               <element dimension="2">-0.23804</element>
            </point>
            <point>
               <element dimension="1">21.9996</element>
               <element dimension="2">-0.28148</element>
            </point>
            <point>
               <element dimension="1">23.7408</element>
               <element dimension="2">-0.45547</element>
            </point>
            <point>
               <element dimension="1">23.7364</element>
               <element dimension="2">-0.50316</element>
            </point>
            <point>
               <element dimension="1">23.5665</element>
               <element dimension="2">-2.2031</element>
            </point>
            <point>
               <element dimension="1">22.018</element>
               <element dimension="2">-2.0613</element>
            </point>
            <point>
               <element dimension="1">17.5062</element>
               <element dimension="2">-1.6292</element>
            </point>
         </set>
      </occupancy>
   </occupancySet>
   <reachableSet>
      <reachability>
         <time>0</time>
         <x>
            <intervalStart>-0.1</intervalStart>
            <intervalEnd>0.1</intervalEnd>
         </x>
         <y>
            <intervalStart>-0.1</intervalStart>
            <intervalEnd>0.1</intervalEnd>
         </y>
         <velocity>
            <intervalStart>24.2</intervalStart>
            <intervalEnd>24.6</intervalEnd>
         </velocity>
         <orientation>
            <intervalStart>-0.02</intervalStart>
            <intervalEnd>0.02</intervalEnd>
         </orientation>
      </reachability>
      <reachability>
         <time>1</time>
         <x>
            <intervalStart>20.365</intervalStart>
            <intervalEnd>20.3666</intervalEnd>
         </x>
         <y>
            <intervalStart>-1.0243</intervalStart>
            <intervalEnd>-1.0141</intervalEnd>
         </y>
         <velocity>
            <intervalStart>16.4</intervalStart>
            <intervalEnd>16.4</intervalEnd>
         </velocity>
         <orientation>
            <intervalStart>-0.10026</intervalStart>
            <intervalEnd>-0.099749</intervalEnd>
         </orientation>
      </reachability>
   </reachableSet>
</motionPrimitive>