<?xml version="1.0" encoding="utf-8"?>
<motionPrimitive ID="10392">
   <controller type="generator space control">controller10392.mat</controller>
   <successors>
      <id>11121</id>
      <id>11122</id>
      <id>11123</id>
      <id>11124</id>
      <id>11125</id>
      <id>11126</id>
      <id>11127</id>
      <id>11128</id>
      <id>11129</id>
      <id>11130</id>
      <id>11131</id>
      <id>11132</id>
      <id>11133</id>
      <id>11134</id>
      <id>11135</id>
      <id>11136</id>
      <id>11137</id>
      <id>11138</id>
      <id>11139</id>
      <id>11140</id>
      <id>11141</id>
      <id>11142</id>
      <id>11143</id>
      <id>11144</id>
      <id>11145</id>
      <id>11146</id>
      <id>11147</id>
      <id>11148</id>
      <id>11149</id>
      <id>11150</id>
      <id>11151</id>
      <id>11152</id>
      <id>11153</id>
      <id>11154</id>
      <id>11155</id>
      <id>11156</id>
      <id>11157</id>
      <id>11158</id>
      <id>11159</id>
      <id>11160</id>
      <id>11161</id>
      <id>11162</id>
      <id>11163</id>
      <id>11164</id>
      <id>11165</id>
      <id>11166</id>
      <id>11167</id>
      <id>11168</id>
      <id>11169</id>
      <id>11170</id>
      <id>11171</id>
      <id>11172</id>
      <id>11173</id>
      <id>11174</id>
      <id>11175</id>
      <id>11176</id>
      <id>11177</id>
      <id>11178</id>
      <id>11179</id>
      <id>11180</id>
      <id>11181</id>
      <id>11182</id>
      <id>11183</id>
      <id>11184</id>
      <id>11185</id>
      <id>11186</id>
      <id>11187</id>
      <id>11188</id>
      <id>11189</id>
      <id>11190</id>
      <id>11191</id>
      <id>11192</id>
      <id>11193</id>
      <id>11194</id>
      <id>11195</id>
      <id>11196</id>
      <id>11197</id>
      <id>11198</id>
      <id>11199</id>
      <id>11200</id>
      <id>11201</id>
      <id>11202</id>
      <id>11203</id>
      <id>11204</id>
      <id>11205</id>
      <id>11206</id>
      <id>11207</id>
      <id>11208</id>
      <id>11209</id>
      <id>11210</id>
      <id>11211</id>
      <id>11212</id>
      <id>11213</id>
      <id>11214</id>
      <id>11215</id>
      <id>11216</id>
      <id>11217</id>
      <id>11218</id>
      <id>11219</id>
      <id>11220</id>
      <id>11221</id>
      <id>11222</id>
      <id>11223</id>
      <id>11224</id>
      <id>11225</id>
      <id>11226</id>
      <id>11227</id>
      <id>11228</id>
      <id>11229</id>
      <id>11230</id>
      <id>11231</id>
      <id>11232</id>
      <id>11233</id>
      <id>11234</id>
      <id>11235</id>
      <id>11236</id>
      <id>11237</id>
      <id>11238</id>
      <id>11239</id>
      <id>11240</id>
      <id>11241</id>
      <id>11242</id>
      <id>11243</id>
      <id>11244</id>
      <id>11245</id>
      <id>11246</id>
      <id>11247</id>
      <id>11248</id>
      <id>11249</id>
      <id>11250</id>
      <id>11251</id>
      <id>11252</id>
      <id>11253</id>
      <id>11254</id>
      <id>11255</id>
      <id>11256</id>
      <id>11257</id>
      <id>11258</id>
      <id>11259</id>
      <id>11260</id>
      <id>11261</id>
      <id>11262</id>
      <id>11263</id>
      <id>11264</id>
      <id>11265</id>
      <id>11266</id>
      <id>11267</id>
      <id>11268</id>
      <id>11269</id>
      <id>11270</id>
      <id>11271</id>
      <id>11272</id>
      <id>11273</id>
      <id>11274</id>
      <id>11275</id>
      <id>11276</id>
      <id>11277</id>
      <id>11278</id>
      <id>11279</id>
      <id>11280</id>
      <id>11281</id>
      <id>11282</id>
      <id>11283</id>
      <id>11284</id>
      <id>11285</id>
   </successors>
   <trajectory>
      <states>
         <state>
            <time>0</time>
            <x>0</x>
            <y>0</y>
            <velocity>24.8</velocity>
            <orientation>0</orientation>
         </state>
         <state>
            <time>0.1</time>
            <x>2.4875</x>
            <y>-0.096078</y>
            <velocity>25</velocity>
            <orientation>-0.077209</orientation>
         </state>
         <state>
            <time>0.2</time>
            <x>4.98</x>
            <y>-0.38682</y>
            <velocity>25.2</velocity>
            <orientation>-0.15504</orientation>
         </state>
         <state>
            <time>0.3</time>
            <x>7.4618</x>
            <y>-0.8751</y>
            <velocity>25.4</velocity>
            <orientation>-0.23349</orientation>
         </state>
         <state>
            <time>0.4</time>
            <x>9.9167</x>
            <y>-1.5625</y>
            <velocity>25.6</velocity>
            <orientation>-0.31256</orientation>
         </state>
         <state>
            <time>0.5</time>
            <x>12.3281</x>
            <y>-2.4493</y>
            <velocity>25.8</velocity>
            <orientation>-0.39225</orientation>
         </state>
         <state>
            <time>0.6</time>
            <x>14.6791</x>
            <y>-3.5344</y>
            <velocity>26</velocity>
            <orientation>-0.47256</orientation>
         </state>
         <state>
            <time>0.7</time>
            <x>16.9525</x>
            <y>-4.8151</y>
            <velocity>26.2</velocity>
            <orientation>-0.55349</orientation>
         </state>
         <state>
            <time>0.8</time>
            <x>19.131</x>
            <y>-6.2872</y>
            <velocity>26.4</velocity>
            <orientation>-0.63504</orientation>
         </state>
         <state>
            <time>0.9</time>
            <x>21.1974</x>
            <y>-7.945</y>
            <velocity>26.6</velocity>
            <orientation>-0.71721</orientation>
         </state>
         <state>
            <time>1</time>
            <x>23.1347</x>
            <y>-9.7812</y>
            <velocity>26.8</velocity>
            <orientation>-0.8</orientation>
         </state>
      </states>
      <inputs>
         <input>
            <acceleration>2</acceleration>
            <steer>-0.071197</steer>
         </input>
         <input>
            <acceleration>2</acceleration>
            <steer>-0.071197</steer>
         </input>
         <input>
            <acceleration>2</acceleration>
            <steer>-0.071197</steer>
         </input>
         <input>
            <acceleration>2</acceleration>
            <steer>-0.071197</steer>
         </input>
         <input>
            <acceleration>2</acceleration>
            <steer>-0.071197</steer>
         </input>
         <input>
            <acceleration>2</acceleration>
            <steer>-0.071197</steer>
         </input>
         <input>
            <acceleration>2</acceleration>
            <steer>-0.071197</steer>
         </input>
         <input>
            <acceleration>2</acceleration>
            <steer>-0.071197</steer>
         </input>
         <input>
            <acceleration>2</acceleration>
            <steer>-0.071197</steer>
         </input>
         <input>
            <acceleration>2</acceleration>
            <steer>-0.071197</steer>
         </input>
      </inputs>
   </trajectory>
   <occupancySet>
      <occupancy>
         <time>
            <intervalStart>0</intervalStart>
            <intervalEnd>0.1</intervalEnd>
         </time>
         <set>
            <point>
               <element dimension="1">-1.1277</element>
               <element dimension="2">-1.0187</element>
            </point>
            <point>
               <element dimension="1">-1.1197</element>
               <element dimension="2">1.0355</element>
            </point>
            <point>
               <element dimension="1">-1.1197</element>
               <element dimension="2">1.0358</element>
            </point>
            <point>
               <element dimension="1">-1.1189</element>
               <element dimension="2">1.0479</element>
            </point>
            <point>
               <element dimension="1">3.0996</element>
               <element dimension="2">1.0316</element>
            </point>
            <point>
               <element dimension="1">3.6679</element>
               <element dimension="2">1.0097</element>
            </point>
            <point>
               <element dimension="1">5.9565</element>
               <element dimension="2">0.8415</element>
            </point>
            <point>
               <element dimension="1">5.9554</element>
               <element dimension="2">0.5485</element>
            </point>
            <point>
               <element dimension="1">5.9498</element>
               <element dimension="2">0.40261</element>
            </point>
            <point>
               <element dimension="1">5.8224</element>
               <element dimension="2">-1.3306</element>
            </point>
            <point>
               <element dimension="1">5.6307</element>
               <element dimension="2">-1.3299</element>
            </point>
            <point>
               <element dimension="1">0.31186</element>
               <element dimension="2">-1.1245</element>
            </point>
         </set>
      </occupancy>
      <occupancy>
         <time>
            <intervalStart>0.1</intervalStart>
            <intervalEnd>0.2</intervalEnd>
         </time>
         <set>
            <point>
               <element dimension="1">1.0522</element>
               <element dimension="2">-0.98282</element>
            </point>
            <point>
               <element dimension="1">1.1969</element>
               <element dimension="2">0.98662</element>
            </point>
            <point>
               <element dimension="1">1.2019</element>
               <element dimension="2">1.0195</element>
            </point>
            <point>
               <element dimension="1">5.2491</element>
               <element dimension="2">0.72209</element>
            </point>
            <point>
               <element dimension="1">5.9546</element>
               <element dimension="2">0.64257</element>
            </point>
            <point>
               <element dimension="1">8.498</element>
               <element dimension="2">0.25516</element>
            </point>
            <point>
               <element dimension="1">8.4697</element>
               <element dimension="2">-0.1305</element>
            </point>
            <point>
               <element dimension="1">8.4687</element>
               <element dimension="2">-0.13972</element>
            </point>
            <point>
               <element dimension="1">8.2036</element>
               <element dimension="2">-1.8801</element>
            </point>
            <point>
               <element dimension="1">8.0335</element>
               <element dimension="2">-1.8676</element>
            </point>
            <point>
               <element dimension="1">3.5229</element>
               <element dimension="2">-1.3591</element>
            </point>
         </set>
      </occupancy>
      <occupancy>
         <time>
            <intervalStart>0.2</intervalStart>
            <intervalEnd>0.3</intervalEnd>
         </time>
         <set>
            <point>
               <element dimension="1">3.4822</element>
               <element dimension="2">-1.1631</element>
            </point>
            <point>
               <element dimension="1">3.7782</element>
               <element dimension="2">0.78032</element>
            </point>
            <point>
               <element dimension="1">3.7889</element>
               <element dimension="2">0.82605</element>
            </point>
            <point>
               <element dimension="1">7.8559</element>
               <element dimension="2">0.20658</element>
            </point>
            <point>
               <element dimension="1">8.4826</element>
               <element dimension="2">0.085811</element>
            </point>
            <point>
               <element dimension="1">11.0121</element>
               <element dimension="2">-0.50531</element>
            </point>
            <point>
               <element dimension="1">10.9553</element>
               <element dimension="2">-0.87802</element>
            </point>
            <point>
               <element dimension="1">10.5501</element>
               <element dimension="2">-2.6119</element>
            </point>
            <point>
               <element dimension="1">10.4038</element>
               <element dimension="2">-2.5896</element>
            </point>
            <point>
               <element dimension="1">5.7418</element>
               <element dimension="2">-1.6912</element>
            </point>
         </set>
      </occupancy>
      <occupancy>
         <time>
            <intervalStart>0.3</intervalStart>
            <intervalEnd>0.4</intervalEnd>
         </time>
         <set>
            <point>
               <element dimension="1">5.9157</element>
               <element dimension="2">-1.5289</element>
            </point>
            <point>
               <element dimension="1">6.3574</element>
               <element dimension="2">0.36095</element>
            </point>
            <point>
               <element dimension="1">6.3761</element>
               <element dimension="2">0.41961</element>
            </point>
            <point>
               <element dimension="1">10.408</element>
               <element dimension="2">-0.52263</element>
            </point>
            <point>
               <element dimension="1">10.9753</element>
               <element dimension="2">-0.67908</element>
            </point>
            <point>
               <element dimension="1">13.4773</element>
               <element dimension="2">-1.4767</element>
            </point>
            <point>
               <element dimension="1">13.3969</element>
               <element dimension="2">-1.8209</element>
            </point>
            <point>
               <element dimension="1">12.8526</element>
               <element dimension="2">-3.5282</element>
            </point>
            <point>
               <element dimension="1">12.7302</element>
               <element dimension="2">-3.4996</element>
            </point>
            <point>
               <element dimension="1">8.0413</element>
               <element dimension="2">-2.2065</element>
            </point>
         </set>
      </occupancy>
      <occupancy>
         <time>
            <intervalStart>0.4</intervalStart>
            <intervalEnd>0.5</intervalEnd>
         </time>
         <set>
            <point>
               <element dimension="1">8.3327</element>
               <element dimension="2">-2.0854</element>
            </point>
            <point>
               <element dimension="1">8.9174</element>
               <element dimension="2">-0.25092</element>
            </point>
            <point>
               <element dimension="1">8.9386</element>
               <element dimension="2">-0.19927</element>
            </point>
            <point>
               <element dimension="1">12.9401</element>
               <element dimension="2">-1.4749</element>
            </point>
            <point>
               <element dimension="1">13.4214</element>
               <element dimension="2">-1.6497</element>
            </point>
            <point>
               <element dimension="1">15.871</element>
               <element dimension="2">-2.6517</element>
            </point>
            <point>
               <element dimension="1">15.7696</element>
               <element dimension="2">-2.9699</element>
            </point>
            <point>
               <element dimension="1">15.0938</element>
               <element dimension="2">-4.622</element>
            </point>
            <point>
               <element dimension="1">14.996</element>
               <element dimension="2">-4.5909</element>
            </point>
            <point>
               <element dimension="1">10.1904</element>
               <element dimension="2">-2.8452</element>
            </point>
         </set>
      </occupancy>
      <occupancy>
         <time>
            <intervalStart>0.5</intervalStart>
            <intervalEnd>0.6</intervalEnd>
         </time>
         <set>
            <point>
               <element dimension="1">10.7238</element>
               <element dimension="2">-2.8306</element>
            </point>
            <point>
               <element dimension="1">11.4415</element>
               <element dimension="2">-1.0759</element>
            </point>
            <point>
               <element dimension="1">11.4632</element>
               <element dimension="2">-1.0331</element>
            </point>
            <point>
               <element dimension="1">15.3214</element>
               <element dimension="2">-2.6113</element>
            </point>
            <point>
               <element dimension="1">15.795</element>
               <element dimension="2">-2.8275</element>
            </point>
            <point>
               <element dimension="1">18.1764</element>
               <element dimension="2">-4.0328</element>
            </point>
            <point>
               <element dimension="1">18.0615</element>
               <element dimension="2">-4.3137</element>
            </point>
            <point>
               <element dimension="1">17.2583</element>
               <element dimension="2">-5.9006</element>
            </point>
            <point>
               <element dimension="1">17.1841</element>
               <element dimension="2">-5.8703</element>
            </point>
            <point>
               <element dimension="1">12.5313</element>
               <element dimension="2">-3.7454</element>
            </point>
         </set>
      </occupancy>
      <occupancy>
         <time>
            <intervalStart>0.6</intervalStart>
            <intervalEnd>0.7</intervalEnd>
         </time>
         <set>
            <point>
               <element dimension="1">13.0675</element>
               <element dimension="2">-3.7734</element>
            </point>
            <point>
               <element dimension="1">13.9096</element>
               <element dimension="2">-2.1095</element>
            </point>
            <point>
               <element dimension="1">13.9308</element>
               <element dimension="2">-2.075</element>
            </point>
            <point>
               <element dimension="1">17.632</element>
               <element dimension="2">-3.9483</element>
            </point>
            <point>
               <element dimension="1">18.085</element>
               <element dimension="2">-4.2011</element>
            </point>
            <point>
               <element dimension="1">20.3785</element>
               <element dimension="2">-5.6054</element>
            </point>
            <point>
               <element dimension="1">20.2555</element>
               <element dimension="2">-5.8483</element>
            </point>
            <point>
               <element dimension="1">19.3301</element>
               <element dimension="2">-7.3596</element>
            </point>
            <point>
               <element dimension="1">19.2779</element>
               <element dimension="2">-7.3332</element>
            </point>
            <point>
               <element dimension="1">14.8003</element>
               <element dimension="2">-4.8345</element>
            </point>
         </set>
      </occupancy>
      <occupancy>
         <time>
            <intervalStart>0.7</intervalStart>
            <intervalEnd>0.8</intervalEnd>
         </time>
         <set>
            <point>
               <element dimension="1">15.3467</element>
               <element dimension="2">-4.9123</element>
            </point>
            <point>
               <element dimension="1">16.304</element>
               <element dimension="2">-3.349</element>
            </point>
            <point>
               <element dimension="1">16.3234</element>
               <element dimension="2">-3.3224</element>
            </point>
            <point>
               <element dimension="1">19.8446</element>
               <element dimension="2">-5.4786</element>
            </point>
            <point>
               <element dimension="1">20.2738</element>
               <element dimension="2">-5.7661</element>
            </point>
            <point>
               <element dimension="1">22.4598</element>
               <element dimension="2">-7.3632</element>
            </point>
            <point>
               <element dimension="1">22.3345</element>
               <element dimension="2">-7.5678</element>
            </point>
            <point>
               <element dimension="1">21.293</element>
               <element dimension="2">-8.9934</element>
            </point>
            <point>
               <element dimension="1">21.261</element>
               <element dimension="2">-8.9739</element>
            </point>
            <point>
               <element dimension="1">16.9906</element>
               <element dimension="2">-6.1133</element>
            </point>
         </set>
      </occupancy>
      <occupancy>
         <time>
            <intervalStart>0.8</intervalStart>
            <intervalEnd>0.9</intervalEnd>
         </time>
         <set>
            <point>
               <element dimension="1">17.5442</element>
               <element dimension="2">-6.2446</element>
            </point>
            <point>
               <element dimension="1">18.6064</element>
               <element dimension="2">-4.7907</element>
            </point>
            <point>
               <element dimension="1">18.623</element>
               <element dimension="2">-4.7715</element>
            </point>
            <point>
               <element dimension="1">21.9408</element>
               <element dimension="2">-7.1954</element>
            </point>
            <point>
               <element dimension="1">22.3444</element>
               <element dimension="2">-7.5165</element>
            </point>
            <point>
               <element dimension="1">24.4038</element>
               <element dimension="2">-9.2977</element>
            </point>
            <point>
               <element dimension="1">24.2818</element>
               <element dimension="2">-9.4648</element>
            </point>
            <point>
               <element dimension="1">23.1309</element>
               <element dimension="2">-10.7954</element>
            </point>
            <point>
               <element dimension="1">23.1202</element>
               <element dimension="2">-10.7877</element>
            </point>
            <point>
               <element dimension="1">19.0869</element>
               <element dimension="2">-7.5789</element>
            </point>
         </set>
      </occupancy>
      <occupancy>
         <time>
            <intervalStart>0.9</intervalStart>
            <intervalEnd>1</intervalEnd>
         </time>
         <set>
            <point>
               <element dimension="1">19.6426</element>
               <element dimension="2">-7.7659</element>
            </point>
            <point>
               <element dimension="1">20.7988</element>
               <element dimension="2">-6.4291</element>
            </point>
            <point>
               <element dimension="1">20.8126</element>
               <element dimension="2">-6.4156</element>
            </point>
            <point>
               <element dimension="1">23.8806</element>
               <element dimension="2">-9.0693</element>
            </point>
            <point>
               <element dimension="1">24.2798</element>
               <element dimension="2">-9.4445</element>
            </point>
            <point>
               <element dimension="1">26.1931</element>
               <element dimension="2">-11.3982</element>
            </point>
            <point>
               <element dimension="1">26.0629</element>
               <element dimension="2">-11.5488</element>
            </point>
            <point>
               <element dimension="1">26.0626</element>
               <element dimension="2">-11.5491</element>
            </point>
            <point>
               <element dimension="1">24.8272</element>
               <element dimension="2">-12.7588</element>
            </point>
            <point>
               <element dimension="1">24.823</element>
               <element dimension="2">-12.7552</element>
            </point>
            <point>
               <element dimension="1">21.1184</element>
               <element dimension="2">-9.2729</element>
            </point>
         </set>
      </occupancy>
   </occupancySet>
   <reachableSet>
      <reachability>
         <time>0</time>
         <x>
            <intervalStart>-0.1</intervalStart>
            <intervalEnd>0.1</intervalEnd>
         </x>
         <y>
            <intervalStart>-0.1</intervalStart>
            <intervalEnd>0.1</intervalEnd>
         </y>
         <velocity>
            <intervalStart>24.6</intervalStart>
            <intervalEnd>25</intervalEnd>
         </velocity>
         <orientation>
            <intervalStart>-0.02</intervalStart>
            <intervalEnd>0.02</intervalEnd>
         </orientation>
      </reachability>
      <reachability>
         <time>1</time>
         <x>
            <intervalStart>23.1305</intervalStart>
            <intervalEnd>23.1382</intervalEnd>
         </x>
         <y>
            <intervalStart>-9.7875</intervalStart>
            <intervalEnd>-9.7755</intervalEnd>
         </y>
         <velocity>
            <intervalStart>26.8</intervalStart>
            <intervalEnd>26.8</intervalEnd>
         </velocity>
         <orientation>
            <intervalStart>-0.80026</intervalStart>
            <intervalEnd>-0.79976</intervalEnd>
         </orientation>
      </reachability>
   </reachableSet>
</motionPrimitive>