<?xml version="1.0" encoding="utf-8"?>
<motionPrimitive ID="10133">
   <controller type="generator space control">controller10133.mat</controller>
   <successors>
      <id>9876</id>
      <id>9877</id>
      <id>9878</id>
      <id>9879</id>
      <id>9880</id>
      <id>9881</id>
      <id>9882</id>
      <id>9883</id>
      <id>9884</id>
      <id>9885</id>
      <id>9886</id>
      <id>9887</id>
      <id>9888</id>
      <id>9889</id>
      <id>9890</id>
      <id>9891</id>
      <id>9892</id>
      <id>9893</id>
      <id>9894</id>
      <id>9895</id>
      <id>9896</id>
      <id>9897</id>
      <id>9898</id>
      <id>9899</id>
      <id>9900</id>
      <id>9901</id>
      <id>9902</id>
      <id>9903</id>
      <id>9904</id>
      <id>9905</id>
      <id>9906</id>
      <id>9907</id>
      <id>9908</id>
      <id>9909</id>
      <id>9910</id>
      <id>9911</id>
      <id>9912</id>
      <id>9913</id>
      <id>9914</id>
      <id>9915</id>
      <id>9916</id>
      <id>9917</id>
      <id>9918</id>
      <id>9919</id>
      <id>9920</id>
      <id>9921</id>
      <id>9922</id>
      <id>9923</id>
      <id>9924</id>
      <id>9925</id>
      <id>9926</id>
      <id>9927</id>
      <id>9928</id>
      <id>9929</id>
      <id>9930</id>
      <id>9931</id>
      <id>9932</id>
      <id>9933</id>
      <id>9934</id>
      <id>9935</id>
      <id>9936</id>
      <id>9937</id>
      <id>9938</id>
      <id>9939</id>
      <id>9940</id>
      <id>9941</id>
      <id>9942</id>
      <id>9943</id>
      <id>9944</id>
      <id>9945</id>
      <id>9946</id>
      <id>9947</id>
      <id>9948</id>
      <id>9949</id>
      <id>9950</id>
      <id>9951</id>
      <id>9952</id>
      <id>9953</id>
      <id>9954</id>
      <id>9955</id>
      <id>9956</id>
      <id>9957</id>
      <id>9958</id>
      <id>9959</id>
      <id>9960</id>
      <id>9961</id>
      <id>9962</id>
      <id>9963</id>
      <id>9964</id>
      <id>9965</id>
      <id>9966</id>
      <id>9967</id>
      <id>9968</id>
      <id>9969</id>
      <id>9970</id>
      <id>9971</id>
      <id>9972</id>
      <id>9973</id>
      <id>9974</id>
      <id>9975</id>
      <id>9976</id>
      <id>9977</id>
      <id>9978</id>
      <id>9979</id>
      <id>9980</id>
      <id>9981</id>
      <id>9982</id>
      <id>9983</id>
      <id>9984</id>
      <id>9985</id>
      <id>9986</id>
      <id>9987</id>
      <id>9988</id>
      <id>9989</id>
      <id>9990</id>
      <id>9991</id>
      <id>9992</id>
      <id>9993</id>
      <id>9994</id>
      <id>9995</id>
      <id>9996</id>
      <id>9997</id>
      <id>9998</id>
      <id>9999</id>
      <id>10000</id>
      <id>10001</id>
      <id>10002</id>
      <id>10003</id>
      <id>10004</id>
      <id>10005</id>
      <id>10006</id>
      <id>10007</id>
      <id>10008</id>
      <id>10009</id>
      <id>10010</id>
      <id>10011</id>
      <id>10012</id>
      <id>10013</id>
      <id>10014</id>
      <id>10015</id>
      <id>10016</id>
      <id>10017</id>
      <id>10018</id>
      <id>10019</id>
      <id>10020</id>
      <id>10021</id>
      <id>10022</id>
      <id>10023</id>
      <id>10024</id>
      <id>10025</id>
      <id>10026</id>
      <id>10027</id>
      <id>10028</id>
      <id>10029</id>
      <id>10030</id>
      <id>10031</id>
      <id>10032</id>
      <id>10033</id>
      <id>10034</id>
      <id>10035</id>
      <id>10036</id>
      <id>10037</id>
      <id>10038</id>
      <id>10039</id>
      <id>10040</id>
      <id>10041</id>
      <id>10042</id>
      <id>10043</id>
      <id>10044</id>
      <id>10045</id>
      <id>10046</id>
      <id>10047</id>
      <id>10048</id>
      <id>10049</id>
      <id>10050</id>
      <id>10051</id>
      <id>10052</id>
      <id>10053</id>
      <id>10054</id>
      <id>10055</id>
   </successors>
   <trajectory>
      <states>
         <state>
            <time>0</time>
            <x>0</x>
            <y>0</y>
            <velocity>24.4</velocity>
            <orientation>0</orientation>
         </state>
         <state>
            <time>0.1</time>
            <x>2.4378</x>
            <y>-0.024561</y>
            <velocity>24.36</velocity>
            <orientation>-0.020149</orientation>
         </state>
         <state>
            <time>0.2</time>
            <x>4.8707</x>
            <y>-0.098071</y>
            <velocity>24.32</velocity>
            <orientation>-0.040264</orientation>
         </state>
         <state>
            <time>0.3</time>
            <x>7.2976</x>
            <y>-0.22026</y>
            <velocity>24.28</velocity>
            <orientation>-0.060347</orientation>
         </state>
         <state>
            <time>0.4</time>
            <x>9.7175</x>
            <y>-0.39084</y>
            <velocity>24.24</velocity>
            <orientation>-0.080397</orientation>
         </state>
         <state>
            <time>0.5</time>
            <x>12.1296</x>
            <y>-0.6095</y>
            <velocity>24.2</velocity>
            <orientation>-0.10041</orientation>
         </state>
         <state>
            <time>0.6</time>
            <x>14.5328</x>
            <y>-0.87591</y>
            <velocity>24.16</velocity>
            <orientation>-0.1204</orientation>
         </state>
         <state>
            <time>0.7</time>
            <x>16.9263</x>
            <y>-1.1897</y>
            <velocity>24.12</velocity>
            <orientation>-0.14035</orientation>
         </state>
         <state>
            <time>0.8</time>
            <x>19.3091</x>
            <y>-1.5506</y>
            <velocity>24.08</velocity>
            <orientation>-0.16026</orientation>
         </state>
         <state>
            <time>0.9</time>
            <x>21.6803</x>
            <y>-1.9581</y>
            <velocity>24.04</velocity>
            <orientation>-0.18015</orientation>
         </state>
         <state>
            <time>1</time>
            <x>24.039</x>
            <y>-2.4119</y>
            <velocity>24</velocity>
            <orientation>-0.2</orientation>
         </state>
      </states>
      <inputs>
         <input>
            <acceleration>-0.4</acceleration>
            <steer>-0.019006</steer>
         </input>
         <input>
            <acceleration>-0.4</acceleration>
            <steer>-0.019006</steer>
         </input>
         <input>
            <acceleration>-0.4</acceleration>
            <steer>-0.019006</steer>
         </input>
         <input>
            <acceleration>-0.4</acceleration>
            <steer>-0.019006</steer>
         </input>
         <input>
            <acceleration>-0.4</acceleration>
            <steer>-0.019006</steer>
         </input>
         <input>
            <acceleration>-0.4</acceleration>
            <steer>-0.019006</steer>
         </input>
         <input>
            <acceleration>-0.4</acceleration>
            <steer>-0.019006</steer>
         </input>
         <input>
            <acceleration>-0.4</acceleration>
            <steer>-0.019006</steer>
         </input>
         <input>
            <acceleration>-0.4</acceleration>
            <steer>-0.019006</steer>
         </input>
         <input>
            <acceleration>-0.4</acceleration>
            <steer>-0.019006</steer>
         </input>
      </inputs>
   </trajectory>
   <occupancySet>
      <occupancy>
         <time>
            <intervalStart>0</intervalStart>
            <intervalEnd>0.1</intervalEnd>
         </time>
         <set>
            <point>
               <element dimension="1">-1.1217</element>
               <element dimension="2">-1.0186</element>
            </point>
            <point>
               <element dimension="1">-1.1197</element>
               <element dimension="2">1.0228</element>
            </point>
            <point>
               <element dimension="1">-1.1197</element>
               <element dimension="2">1.023</element>
            </point>
            <point>
               <element dimension="1">-1.1197</element>
               <element dimension="2">1.0232</element>
            </point>
            <point>
               <element dimension="1">3.4175</element>
               <element dimension="2">1.0187</element>
            </point>
            <point>
               <element dimension="1">3.653</element>
               <element dimension="2">1.0163</element>
            </point>
            <point>
               <element dimension="1">5.8617</element>
               <element dimension="2">0.974</element>
            </point>
            <point>
               <element dimension="1">5.8615</element>
               <element dimension="2">0.79</element>
            </point>
            <point>
               <element dimension="1">5.8601</element>
               <element dimension="2">0.64717</element>
            </point>
            <point>
               <element dimension="1">5.8272</element>
               <element dimension="2">-1.0691</element>
            </point>
            <point>
               <element dimension="1">3.6649</element>
               <element dimension="2">-1.0669</element>
            </point>
            <point>
               <element dimension="1">-1.1093</element>
               <element dimension="2">-1.0188</element>
            </point>
         </set>
      </occupancy>
      <occupancy>
         <time>
            <intervalStart>0.1</intervalStart>
            <intervalEnd>0.2</intervalEnd>
         </time>
         <set>
            <point>
               <element dimension="1">1.0668</element>
               <element dimension="2">-0.97882</element>
            </point>
            <point>
               <element dimension="1">1.1043</element>
               <element dimension="2">0.98016</element>
            </point>
            <point>
               <element dimension="1">1.1047</element>
               <element dimension="2">0.98843</element>
            </point>
            <point>
               <element dimension="1">5.1834</element>
               <element dimension="2">0.91033</element>
            </point>
            <point>
               <element dimension="1">5.8607</element>
               <element dimension="2">0.89054</element>
            </point>
            <point>
               <element dimension="1">8.3052</element>
               <element dimension="2">0.79451</element>
            </point>
            <point>
               <element dimension="1">8.3001</element>
               <element dimension="2">0.5291</element>
            </point>
            <point>
               <element dimension="1">8.3001</element>
               <element dimension="2">0.52768</element>
            </point>
            <point>
               <element dimension="1">8.2318</element>
               <element dimension="2">-1.2089</element>
            </point>
            <point>
               <element dimension="1">8.0634</element>
               <element dimension="2">-1.2057</element>
            </point>
            <point>
               <element dimension="1">3.3002</element>
               <element dimension="2">-1.0666</element>
            </point>
         </set>
      </occupancy>
      <occupancy>
         <time>
            <intervalStart>0.2</intervalStart>
            <intervalEnd>0.3</intervalEnd>
         </time>
         <set>
            <point>
               <element dimension="1">3.4877</element>
               <element dimension="2">-1.0234</element>
            </point>
            <point>
               <element dimension="1">3.5644</element>
               <element dimension="2">0.9273</element>
            </point>
            <point>
               <element dimension="1">3.5649</element>
               <element dimension="2">0.93572</element>
            </point>
            <point>
               <element dimension="1">8.0325</element>
               <element dimension="2">0.76021</element>
            </point>
            <point>
               <element dimension="1">8.3024</element>
               <element dimension="2">0.74689</element>
            </point>
            <point>
               <element dimension="1">10.7382</element>
               <element dimension="2">0.60215</element>
            </point>
            <point>
               <element dimension="1">10.7285</element>
               <element dimension="2">0.35466</element>
            </point>
            <point>
               <element dimension="1">10.6251</element>
               <element dimension="2">-1.3853</element>
            </point>
            <point>
               <element dimension="1">10.4789</element>
               <element dimension="2">-1.3796</element>
            </point>
            <point>
               <element dimension="1">4.6007</element>
               <element dimension="2">-1.0895</element>
            </point>
         </set>
      </occupancy>
      <occupancy>
         <time>
            <intervalStart>0.3</intervalStart>
            <intervalEnd>0.4</intervalEnd>
         </time>
         <set>
            <point>
               <element dimension="1">5.9088</element>
               <element dimension="2">-1.1055</element>
            </point>
            <point>
               <element dimension="1">6.0228</element>
               <element dimension="2">0.81331</element>
            </point>
            <point>
               <element dimension="1">6.0238</element>
               <element dimension="2">0.82627</element>
            </point>
            <point>
               <element dimension="1">10.4334</element>
               <element dimension="2">0.56426</element>
            </point>
            <point>
               <element dimension="1">10.732</element>
               <element dimension="2">0.54351</element>
            </point>
            <point>
               <element dimension="1">13.1625</element>
               <element dimension="2">0.35013</element>
            </point>
            <point>
               <element dimension="1">13.1495</element>
               <element dimension="2">0.13181</element>
            </point>
            <point>
               <element dimension="1">13.011</element>
               <element dimension="2">-1.6084</element>
            </point>
            <point>
               <element dimension="1">12.8859</element>
               <element dimension="2">-1.6009</element>
            </point>
            <point>
               <element dimension="1">6.9665</element>
               <element dimension="2">-1.1896</element>
            </point>
         </set>
      </occupancy>
      <occupancy>
         <time>
            <intervalStart>0.4</intervalStart>
            <intervalEnd>0.5</intervalEnd>
         </time>
         <set>
            <point>
               <element dimension="1">8.3238</element>
               <element dimension="2">-1.2354</element>
            </point>
            <point>
               <element dimension="1">8.4742</element>
               <element dimension="2">0.65469</element>
            </point>
            <point>
               <element dimension="1">8.4753</element>
               <element dimension="2">0.66614</element>
            </point>
            <point>
               <element dimension="1">12.8967</element>
               <element dimension="2">0.31435</element>
            </point>
            <point>
               <element dimension="1">13.1546</element>
               <element dimension="2">0.29123</element>
            </point>
            <point>
               <element dimension="1">15.5758</element>
               <element dimension="2">0.049727</element>
            </point>
            <point>
               <element dimension="1">15.5606</element>
               <element dimension="2">-0.14119</element>
            </point>
            <point>
               <element dimension="1">15.3876</element>
               <element dimension="2">-1.876</element>
            </point>
            <point>
               <element dimension="1">15.2847</element>
               <element dimension="2">-1.8678</element>
            </point>
            <point>
               <element dimension="1">9.1526</element>
               <element dimension="2">-1.3181</element>
            </point>
         </set>
      </occupancy>
      <occupancy>
         <time>
            <intervalStart>0.5</intervalStart>
            <intervalEnd>0.6</intervalEnd>
         </time>
         <set>
            <point>
               <element dimension="1">10.7332</element>
               <element dimension="2">-1.4113</element>
            </point>
            <point>
               <element dimension="1">10.9185</element>
               <element dimension="2">0.44585</element>
            </point>
            <point>
               <element dimension="1">10.9196</element>
               <element dimension="2">0.45503</element>
            </point>
            <point>
               <element dimension="1">15.2977</element>
               <element dimension="2">0.018333</element>
            </point>
            <point>
               <element dimension="1">15.5657</element>
               <element dimension="2">-0.011108</element>
            </point>
            <point>
               <element dimension="1">17.9779</element>
               <element dimension="2">-0.3005</element>
            </point>
            <point>
               <element dimension="1">17.9619</element>
               <element dimension="2">-0.46143</element>
            </point>
            <point>
               <element dimension="1">17.7544</element>
               <element dimension="2">-2.1904</element>
            </point>
            <point>
               <element dimension="1">17.6737</element>
               <element dimension="2">-2.1823</element>
            </point>
            <point>
               <element dimension="1">11.5887</element>
               <element dimension="2">-1.5139</element>
            </point>
         </set>
      </occupancy>
      <occupancy>
         <time>
            <intervalStart>0.6</intervalStart>
            <intervalEnd>0.7</intervalEnd>
         </time>
         <set>
            <point>
               <element dimension="1">13.1353</element>
               <element dimension="2">-1.6353</element>
            </point>
            <point>
               <element dimension="1">13.354</element>
               <element dimension="2">0.18815</element>
            </point>
            <point>
               <element dimension="1">13.355</element>
               <element dimension="2">0.19524</element>
            </point>
            <point>
               <element dimension="1">17.7001</element>
               <element dimension="2">-0.32605</element>
            </point>
            <point>
               <element dimension="1">17.9663</element>
               <element dimension="2">-0.36069</element>
            </point>
            <point>
               <element dimension="1">20.368</element>
               <element dimension="2">-0.69756</element>
            </point>
            <point>
               <element dimension="1">20.3523</element>
               <element dimension="2">-0.82866</element>
            </point>
            <point>
               <element dimension="1">20.1107</element>
               <element dimension="2">-2.5511</element>
            </point>
            <point>
               <element dimension="1">20.052</element>
               <element dimension="2">-2.544</element>
            </point>
            <point>
               <element dimension="1">14.0043</element>
               <element dimension="2">-1.7572</element>
            </point>
         </set>
      </occupancy>
      <occupancy>
         <time>
            <intervalStart>0.7</intervalStart>
            <intervalEnd>0.8</intervalEnd>
         </time>
         <set>
            <point>
               <element dimension="1">15.5289</element>
               <element dimension="2">-1.9072</element>
            </point>
            <point>
               <element dimension="1">15.7799</element>
               <element dimension="2">-0.1179</element>
            </point>
            <point>
               <element dimension="1">15.7807</element>
               <element dimension="2">-0.11289</element>
            </point>
            <point>
               <element dimension="1">20.0912</element>
               <element dimension="2">-0.71749</element>
            </point>
            <point>
               <element dimension="1">20.3555</element>
               <element dimension="2">-0.75725</element>
            </point>
            <point>
               <element dimension="1">22.7452</element>
               <element dimension="2">-1.1411</element>
            </point>
            <point>
               <element dimension="1">22.731</element>
               <element dimension="2">-1.2425</element>
            </point>
            <point>
               <element dimension="1">22.4555</element>
               <element dimension="2">-2.9578</element>
            </point>
            <point>
               <element dimension="1">22.4186</element>
               <element dimension="2">-2.9526</element>
            </point>
            <point>
               <element dimension="1">16.4105</element>
               <element dimension="2">-2.0488</element>
            </point>
         </set>
      </occupancy>
      <occupancy>
         <time>
            <intervalStart>0.8</intervalStart>
            <intervalEnd>0.9</intervalEnd>
         </time>
         <set>
            <point>
               <element dimension="1">17.9133</element>
               <element dimension="2">-2.2265</element>
            </point>
            <point>
               <element dimension="1">18.1951</element>
               <element dimension="2">-0.47194</element>
            </point>
            <point>
               <element dimension="1">18.1957</element>
               <element dimension="2">-0.46896</element>
            </point>
            <point>
               <element dimension="1">22.4679</element>
               <element dimension="2">-1.1552</element>
            </point>
            <point>
               <element dimension="1">22.7324</element>
               <element dimension="2">-1.2004</element>
            </point>
            <point>
               <element dimension="1">25.1087</element>
               <element dimension="2">-1.6308</element>
            </point>
            <point>
               <element dimension="1">25.0972</element>
               <element dimension="2">-1.7026</element>
            </point>
            <point>
               <element dimension="1">24.7879</element>
               <element dimension="2">-3.4102</element>
            </point>
            <point>
               <element dimension="1">24.7836</element>
               <element dimension="2">-3.4095</element>
            </point>
            <point>
               <element dimension="1">18.8173</element>
               <element dimension="2">-2.3902</element>
            </point>
         </set>
      </occupancy>
      <occupancy>
         <time>
            <intervalStart>0.9</intervalStart>
            <intervalEnd>1</intervalEnd>
         </time>
         <set>
            <point>
               <element dimension="1">20.2874</element>
               <element dimension="2">-2.5929</element>
            </point>
            <point>
               <element dimension="1">20.5988</element>
               <element dimension="2">-0.87359</element>
            </point>
            <point>
               <element dimension="1">20.5992</element>
               <element dimension="2">-0.87154</element>
            </point>
            <point>
               <element dimension="1">24.7228</element>
               <element dimension="2">-1.6183</element>
            </point>
            <point>
               <element dimension="1">25.096</element>
               <element dimension="2">-1.6897</element>
            </point>
            <point>
               <element dimension="1">27.4573</element>
               <element dimension="2">-2.166</element>
            </point>
            <point>
               <element dimension="1">27.4452</element>
               <element dimension="2">-2.2328</element>
            </point>
            <point>
               <element dimension="1">27.1071</element>
               <element dimension="2">-3.9093</element>
            </point>
            <point>
               <element dimension="1">27.1049</element>
               <element dimension="2">-3.9089</element>
            </point>
            <point>
               <element dimension="1">21.3827</element>
               <element dimension="2">-2.8139</element>
            </point>
         </set>
      </occupancy>
   </occupancySet>
   <reachableSet>
      <reachability>
         <time>0</time>
         <x>
            <intervalStart>-0.1</intervalStart>
            <intervalEnd>0.1</intervalEnd>
         </x>
         <y>
            <intervalStart>-0.1</intervalStart>
            <intervalEnd>0.1</intervalEnd>
         </y>
         <velocity>
            <intervalStart>24.2</intervalStart>
            <intervalEnd>24.6</intervalEnd>
         </velocity>
         <orientation>
            <intervalStart>-0.02</intervalStart>
            <intervalEnd>0.02</intervalEnd>
         </orientation>
      </reachability>
      <reachability>
         <time>1</time>
         <x>
            <intervalStart>24.0377</intervalStart>
            <intervalEnd>24.0399</intervalEnd>
         </x>
         <y>
            <intervalStart>-2.4169</intervalStart>
            <intervalEnd>-2.4071</intervalEnd>
         </y>
         <velocity>
            <intervalStart>24</intervalStart>
            <intervalEnd>24</intervalEnd>
         </velocity>
         <orientation>
            <intervalStart>-0.20021</intervalStart>
            <intervalEnd>-0.1998</intervalEnd>
         </orientation>
      </reachability>
   </reachableSet>
</motionPrimitive>