<?xml version="1.0" encoding="utf-8"?>
<motionPrimitive ID="10339">
   <controller type="generator space control">controller10339.mat</controller>
   <successors>
      <id>10596</id>
      <id>10597</id>
      <id>10598</id>
      <id>10599</id>
      <id>10600</id>
      <id>10601</id>
      <id>10602</id>
      <id>10603</id>
      <id>10604</id>
      <id>10605</id>
      <id>10606</id>
      <id>10607</id>
      <id>10608</id>
      <id>10609</id>
      <id>10610</id>
      <id>10611</id>
      <id>10612</id>
      <id>10613</id>
      <id>10614</id>
      <id>10615</id>
      <id>10616</id>
      <id>10617</id>
      <id>10618</id>
      <id>10619</id>
      <id>10620</id>
      <id>10621</id>
      <id>10622</id>
      <id>10623</id>
      <id>10624</id>
      <id>10625</id>
      <id>10626</id>
      <id>10627</id>
      <id>10628</id>
      <id>10629</id>
      <id>10630</id>
      <id>10631</id>
      <id>10632</id>
      <id>10633</id>
      <id>10634</id>
      <id>10635</id>
      <id>10636</id>
      <id>10637</id>
      <id>10638</id>
      <id>10639</id>
      <id>10640</id>
      <id>10641</id>
      <id>10642</id>
      <id>10643</id>
      <id>10644</id>
      <id>10645</id>
      <id>10646</id>
      <id>10647</id>
      <id>10648</id>
      <id>10649</id>
      <id>10650</id>
      <id>10651</id>
      <id>10652</id>
      <id>10653</id>
      <id>10654</id>
      <id>10655</id>
      <id>10656</id>
      <id>10657</id>
      <id>10658</id>
      <id>10659</id>
      <id>10660</id>
      <id>10661</id>
      <id>10662</id>
      <id>10663</id>
      <id>10664</id>
      <id>10665</id>
      <id>10666</id>
      <id>10667</id>
      <id>10668</id>
      <id>10669</id>
      <id>10670</id>
      <id>10671</id>
      <id>10672</id>
      <id>10673</id>
      <id>10674</id>
      <id>10675</id>
      <id>10676</id>
      <id>10677</id>
      <id>10678</id>
      <id>10679</id>
      <id>10680</id>
      <id>10681</id>
      <id>10682</id>
      <id>10683</id>
      <id>10684</id>
      <id>10685</id>
      <id>10686</id>
      <id>10687</id>
      <id>10688</id>
      <id>10689</id>
      <id>10690</id>
      <id>10691</id>
      <id>10692</id>
      <id>10693</id>
      <id>10694</id>
      <id>10695</id>
      <id>10696</id>
      <id>10697</id>
      <id>10698</id>
      <id>10699</id>
      <id>10700</id>
      <id>10701</id>
      <id>10702</id>
      <id>10703</id>
      <id>10704</id>
      <id>10705</id>
      <id>10706</id>
      <id>10707</id>
      <id>10708</id>
      <id>10709</id>
      <id>10710</id>
      <id>10711</id>
      <id>10712</id>
      <id>10713</id>
      <id>10714</id>
      <id>10715</id>
      <id>10716</id>
      <id>10717</id>
      <id>10718</id>
      <id>10719</id>
      <id>10720</id>
      <id>10721</id>
      <id>10722</id>
      <id>10723</id>
      <id>10724</id>
      <id>10725</id>
      <id>10726</id>
      <id>10727</id>
      <id>10728</id>
      <id>10729</id>
      <id>10730</id>
      <id>10731</id>
      <id>10732</id>
      <id>10733</id>
      <id>10734</id>
      <id>10735</id>
      <id>10736</id>
      <id>10737</id>
      <id>10738</id>
      <id>10739</id>
      <id>10740</id>
      <id>10741</id>
      <id>10742</id>
      <id>10743</id>
      <id>10744</id>
      <id>10745</id>
      <id>10746</id>
      <id>10747</id>
      <id>10748</id>
      <id>10749</id>
      <id>10750</id>
      <id>10751</id>
      <id>10752</id>
      <id>10753</id>
      <id>10754</id>
      <id>10755</id>
      <id>10756</id>
      <id>10757</id>
      <id>10758</id>
      <id>10759</id>
      <id>10760</id>
      <id>10761</id>
      <id>10762</id>
      <id>10763</id>
      <id>10764</id>
      <id>10765</id>
      <id>10766</id>
      <id>10767</id>
      <id>10768</id>
      <id>10769</id>
      <id>10770</id>
      <id>10771</id>
      <id>10772</id>
      <id>10773</id>
      <id>10774</id>
      <id>10775</id>
   </successors>
   <trajectory>
      <states>
         <state>
            <time>0</time>
            <x>0</x>
            <y>0</y>
            <velocity>24.8</velocity>
            <orientation>0</orientation>
         </state>
         <state>
            <time>0.1</time>
            <x>2.4814</x>
            <y>0.09789</y>
            <velocity>24.88</velocity>
            <orientation>0.078857</orientation>
         </state>
         <state>
            <time>0.2</time>
            <x>4.9553</x>
            <y>0.39221</y>
            <velocity>24.96</velocity>
            <orientation>0.15797</orientation>
         </state>
         <state>
            <time>0.3</time>
            <x>7.406</x>
            <y>0.883</y>
            <velocity>25.04</velocity>
            <orientation>0.23733</orientation>
         </state>
         <state>
            <time>0.4</time>
            <x>9.8177</x>
            <y>1.569</y>
            <velocity>25.12</velocity>
            <orientation>0.31695</orientation>
         </state>
         <state>
            <time>0.5</time>
            <x>12.1745</x>
            <y>2.4478</y>
            <velocity>25.2</velocity>
            <orientation>0.39683</orientation>
         </state>
         <state>
            <time>0.6</time>
            <x>14.4608</x>
            <y>3.5155</y>
            <velocity>25.28</velocity>
            <orientation>0.47695</orientation>
         </state>
         <state>
            <time>0.7</time>
            <x>16.6611</x>
            <y>4.7669</y>
            <velocity>25.36</velocity>
            <orientation>0.55733</orientation>
         </state>
         <state>
            <time>0.8</time>
            <x>18.7603</x>
            <y>6.1958</y>
            <velocity>25.44</velocity>
            <orientation>0.63797</orientation>
         </state>
         <state>
            <time>0.9</time>
            <x>20.7435</x>
            <y>7.7944</y>
            <velocity>25.52</velocity>
            <orientation>0.71886</orientation>
         </state>
         <state>
            <time>1</time>
            <x>22.5967</x>
            <y>9.5537</y>
            <velocity>25.6</velocity>
            <orientation>0.8</orientation>
         </state>
      </states>
      <inputs>
         <input>
            <acceleration>0.8</acceleration>
            <steer>0.072887</steer>
         </input>
         <input>
            <acceleration>0.8</acceleration>
            <steer>0.072887</steer>
         </input>
         <input>
            <acceleration>0.8</acceleration>
            <steer>0.072887</steer>
         </input>
         <input>
            <acceleration>0.8</acceleration>
            <steer>0.072887</steer>
         </input>
         <input>
            <acceleration>0.8</acceleration>
            <steer>0.072887</steer>
         </input>
         <input>
            <acceleration>0.8</acceleration>
            <steer>0.072887</steer>
         </input>
         <input>
            <acceleration>0.8</acceleration>
            <steer>0.072887</steer>
         </input>
         <input>
            <acceleration>0.8</acceleration>
            <steer>0.072887</steer>
         </input>
         <input>
            <acceleration>0.8</acceleration>
            <steer>0.072887</steer>
         </input>
         <input>
            <acceleration>0.8</acceleration>
            <steer>0.072887</steer>
         </input>
      </inputs>
   </trajectory>
   <occupancySet>
      <occupancy>
         <time>
            <intervalStart>0</intervalStart>
            <intervalEnd>0.1</intervalEnd>
         </time>
         <set>
            <point>
               <element dimension="1">-1.1278</element>
               <element dimension="2">1.0187</element>
            </point>
            <point>
               <element dimension="1">0.32966</element>
               <element dimension="2">1.1281</element>
            </point>
            <point>
               <element dimension="1">5.6229</element>
               <element dimension="2">1.3369</element>
            </point>
            <point>
               <element dimension="1">5.8146</element>
               <element dimension="2">1.3377</element>
            </point>
            <point>
               <element dimension="1">5.9447</element>
               <element dimension="2">-0.39498</element>
            </point>
            <point>
               <element dimension="1">5.9503</element>
               <element dimension="2">-0.53892</element>
            </point>
            <point>
               <element dimension="1">5.9515</element>
               <element dimension="2">-0.83803</element>
            </point>
            <point>
               <element dimension="1">3.6673</element>
               <element dimension="2">-1.0095</element>
            </point>
            <point>
               <element dimension="1">3.0975</element>
               <element dimension="2">-1.032</element>
            </point>
            <point>
               <element dimension="1">-1.1188</element>
               <element dimension="2">-1.0486</element>
            </point>
            <point>
               <element dimension="1">-1.1197</element>
               <element dimension="2">-1.0362</element>
            </point>
            <point>
               <element dimension="1">-1.1197</element>
               <element dimension="2">-1.0359</element>
            </point>
         </set>
      </occupancy>
      <occupancy>
         <time>
            <intervalStart>0.1</intervalStart>
            <intervalEnd>0.2</intervalEnd>
         </time>
         <set>
            <point>
               <element dimension="1">1.0456</element>
               <element dimension="2">0.98247</element>
            </point>
            <point>
               <element dimension="1">3.5181</element>
               <element dimension="2">1.3663</element>
            </point>
            <point>
               <element dimension="1">8.005</element>
               <element dimension="2">1.8823</element>
            </point>
            <point>
               <element dimension="1">8.175</element>
               <element dimension="2">1.895</element>
            </point>
            <point>
               <element dimension="1">8.4453</element>
               <element dimension="2">0.15422</element>
            </point>
            <point>
               <element dimension="1">8.4462</element>
               <element dimension="2">0.14674</element>
            </point>
            <point>
               <element dimension="1">8.4754</element>
               <element dimension="2">-0.24321</element>
            </point>
            <point>
               <element dimension="1">5.9495</element>
               <element dimension="2">-0.63538</element>
            </point>
            <point>
               <element dimension="1">5.2381</element>
               <element dimension="2">-0.71718</element>
            </point>
            <point>
               <element dimension="1">1.1987</element>
               <element dimension="2">-1.0204</element>
            </point>
            <point>
               <element dimension="1">1.1934</element>
               <element dimension="2">-0.98671</element>
            </point>
         </set>
      </occupancy>
      <occupancy>
         <time>
            <intervalStart>0.2</intervalStart>
            <intervalEnd>0.3</intervalEnd>
         </time>
         <set>
            <point>
               <element dimension="1">3.4572</element>
               <element dimension="2">1.1647</element>
            </point>
            <point>
               <element dimension="1">5.7131</element>
               <element dimension="2">1.701</element>
            </point>
            <point>
               <element dimension="1">10.342</element>
               <element dimension="2">2.609</element>
            </point>
            <point>
               <element dimension="1">10.4882</element>
               <element dimension="2">2.6317</element>
            </point>
            <point>
               <element dimension="1">10.9003</element>
               <element dimension="2">0.89804</element>
            </point>
            <point>
               <element dimension="1">10.9585</element>
               <element dimension="2">0.52348</element>
            </point>
            <point>
               <element dimension="1">8.4592</element>
               <element dimension="2">-0.070633</element>
            </point>
            <point>
               <element dimension="1">7.8297</element>
               <element dimension="2">-0.19412</element>
            </point>
            <point>
               <element dimension="1">3.7698</element>
               <element dimension="2">-0.82444</element>
            </point>
            <point>
               <element dimension="1">3.7588</element>
               <element dimension="2">-0.7779</element>
            </point>
         </set>
      </occupancy>
      <occupancy>
         <time>
            <intervalStart>0.3</intervalStart>
            <intervalEnd>0.4</intervalEnd>
         </time>
         <set>
            <point>
               <element dimension="1">5.8605</element>
               <element dimension="2">1.5317</element>
            </point>
            <point>
               <element dimension="1">7.9824</element>
               <element dimension="2">2.2183</element>
            </point>
            <point>
               <element dimension="1">12.6233</element>
               <element dimension="2">3.5187</element>
            </point>
            <point>
               <element dimension="1">12.7455</element>
               <element dimension="2">3.5477</element>
            </point>
            <point>
               <element dimension="1">13.2977</element>
               <element dimension="2">1.8413</element>
            </point>
            <point>
               <element dimension="1">13.3797</element>
               <element dimension="2">1.4962</element>
            </point>
            <point>
               <element dimension="1">10.9201</element>
               <element dimension="2">0.70018</element>
            </point>
            <point>
               <element dimension="1">10.3488</element>
               <element dimension="2">0.54011</element>
            </point>
            <point>
               <element dimension="1">6.3285</element>
               <element dimension="2">-0.41557</element>
            </point>
            <point>
               <element dimension="1">6.3092</element>
               <element dimension="2">-0.35599</element>
            </point>
         </set>
      </occupancy>
      <occupancy>
         <time>
            <intervalStart>0.4</intervalStart>
            <intervalEnd>0.5</intervalEnd>
         </time>
         <set>
            <point>
               <element dimension="1">8.2354</element>
               <element dimension="2">2.0862</element>
            </point>
            <point>
               <element dimension="1">10.0859</element>
               <element dimension="2">2.853</element>
            </point>
            <point>
               <element dimension="1">14.8333</element>
               <element dimension="2">4.6016</element>
            </point>
            <point>
               <element dimension="1">14.9308</element>
               <element dimension="2">4.6331</element>
            </point>
            <point>
               <element dimension="1">15.6146</element>
               <element dimension="2">2.9829</element>
            </point>
            <point>
               <element dimension="1">15.7177</element>
               <element dimension="2">2.6643</element>
            </point>
            <point>
               <element dimension="1">13.3218</element>
               <element dimension="2">1.6715</element>
            </point>
            <point>
               <element dimension="1">12.8389</element>
               <element dimension="2">1.4937</element>
            </point>
            <point>
               <element dimension="1">8.8496</element>
               <element dimension="2">0.20268</element>
            </point>
            <point>
               <element dimension="1">8.8281</element>
               <element dimension="2">0.25476</element>
            </point>
         </set>
      </occupancy>
      <occupancy>
         <time>
            <intervalStart>0.5</intervalStart>
            <intervalEnd>0.6</intervalEnd>
         </time>
         <set>
            <point>
               <element dimension="1">10.5736</element>
               <element dimension="2">2.8236</element>
            </point>
            <point>
               <element dimension="1">12.3735</element>
               <element dimension="2">3.7445</element>
            </point>
            <point>
               <element dimension="1">16.9561</element>
               <element dimension="2">5.8623</element>
            </point>
            <point>
               <element dimension="1">17.0301</element>
               <element dimension="2">5.8929</element>
            </point>
            <point>
               <element dimension="1">17.8408</element>
               <element dimension="2">4.3086</element>
            </point>
            <point>
               <element dimension="1">17.9571</element>
               <element dimension="2">4.0279</element>
            </point>
            <point>
               <element dimension="1">15.6394</element>
               <element dimension="2">2.842</element>
            </point>
            <point>
               <element dimension="1">15.1637</element>
               <element dimension="2">2.6221</element>
            </point>
            <point>
               <element dimension="1">11.3211</element>
               <element dimension="2">1.0299</element>
            </point>
            <point>
               <element dimension="1">11.2991</element>
               <element dimension="2">1.0729</element>
            </point>
         </set>
      </occupancy>
      <occupancy>
         <time>
            <intervalStart>0.6</intervalStart>
            <intervalEnd>0.7</intervalEnd>
         </time>
         <set>
            <point>
               <element dimension="1">12.8544</element>
               <element dimension="2">3.7502</element>
            </point>
            <point>
               <element dimension="1">14.5795</element>
               <element dimension="2">4.8158</element>
            </point>
            <point>
               <element dimension="1">18.9773</element>
               <element dimension="2">7.2938</element>
            </point>
            <point>
               <element dimension="1">19.0293</element>
               <element dimension="2">7.3205</element>
            </point>
            <point>
               <element dimension="1">19.961</element>
               <element dimension="2">5.8121</element>
            </point>
            <point>
               <element dimension="1">20.0851</element>
               <element dimension="2">5.5697</element>
            </point>
            <point>
               <element dimension="1">17.8635</element>
               <element dimension="2">4.1974</element>
            </point>
            <point>
               <element dimension="1">17.408</element>
               <element dimension="2">3.9408</element>
            </point>
            <point>
               <element dimension="1">13.7248</element>
               <element dimension="2">2.0562</element>
            </point>
            <point>
               <element dimension="1">13.7035</element>
               <element dimension="2">2.0908</element>
            </point>
         </set>
      </occupancy>
      <occupancy>
         <time>
            <intervalStart>0.7</intervalStart>
            <intervalEnd>0.8</intervalEnd>
         </time>
         <set>
            <point>
               <element dimension="1">15.0621</element>
               <element dimension="2">4.8619</element>
            </point>
            <point>
               <element dimension="1">16.6987</element>
               <element dimension="2">6.0651</element>
            </point>
            <point>
               <element dimension="1">20.8827</element>
               <element dimension="2">8.8886</element>
            </point>
            <point>
               <element dimension="1">20.9145</element>
               <element dimension="2">8.9083</element>
            </point>
            <point>
               <element dimension="1">21.9608</element>
               <element dimension="2">7.4852</element>
            </point>
            <point>
               <element dimension="1">22.0868</element>
               <element dimension="2">7.2811</element>
            </point>
            <point>
               <element dimension="1">19.9786</element>
               <element dimension="2">5.7312</element>
            </point>
            <point>
               <element dimension="1">19.5464</element>
               <element dimension="2">5.4396</element>
            </point>
            <point>
               <element dimension="1">16.0445</element>
               <element dimension="2">3.2765</element>
            </point>
            <point>
               <element dimension="1">16.025</element>
               <element dimension="2">3.303</element>
            </point>
         </set>
      </occupancy>
      <occupancy>
         <time>
            <intervalStart>0.8</intervalStart>
            <intervalEnd>0.9</intervalEnd>
         </time>
         <set>
            <point>
               <element dimension="1">17.1814</element>
               <element dimension="2">6.1538</element>
            </point>
            <point>
               <element dimension="1">18.7182</element>
               <element dimension="2">7.4876</element>
            </point>
            <point>
               <element dimension="1">22.6651</element>
               <element dimension="2">10.6428</element>
            </point>
            <point>
               <element dimension="1">22.6722</element>
               <element dimension="2">10.6481</element>
            </point>
            <point>
               <element dimension="1">23.8258</element>
               <element dimension="2">9.3189</element>
            </point>
            <point>
               <element dimension="1">23.9484</element>
               <element dimension="2">9.1522</element>
            </point>
            <point>
               <element dimension="1">21.9699</element>
               <element dimension="2">7.4351</element>
            </point>
            <point>
               <element dimension="1">21.5628</element>
               <element dimension="2">7.1096</element>
            </point>
            <point>
               <element dimension="1">18.2642</element>
               <element dimension="2">4.6845</element>
            </point>
            <point>
               <element dimension="1">18.2476</element>
               <element dimension="2">4.7036</element>
            </point>
         </set>
      </occupancy>
      <occupancy>
         <time>
            <intervalStart>0.9</intervalStart>
            <intervalEnd>1</intervalEnd>
         </time>
         <set>
            <point>
               <element dimension="1">19.1972</element>
               <element dimension="2">7.6195</element>
            </point>
            <point>
               <element dimension="1">20.6654</element>
               <element dimension="2">9.119</element>
            </point>
            <point>
               <element dimension="1">24.2848</element>
               <element dimension="2">12.5275</element>
            </point>
            <point>
               <element dimension="1">24.289</element>
               <element dimension="2">12.5311</element>
            </point>
            <point>
               <element dimension="1">25.5243</element>
               <element dimension="2">11.3216</element>
            </point>
            <point>
               <element dimension="1">25.5247</element>
               <element dimension="2">11.3212</element>
            </point>
            <point>
               <element dimension="1">25.6554</element>
               <element dimension="2">11.1706</element>
            </point>
            <point>
               <element dimension="1">23.8234</element>
               <element dimension="2">9.2995</element>
            </point>
            <point>
               <element dimension="1">23.4075</element>
               <element dimension="2">8.9078</element>
            </point>
            <point>
               <element dimension="1">20.3696</element>
               <element dimension="2">6.2711</element>
            </point>
            <point>
               <element dimension="1">20.3556</element>
               <element dimension="2">6.2849</element>
            </point>
         </set>
      </occupancy>
   </occupancySet>
   <reachableSet>
      <reachability>
         <time>0</time>
         <x>
            <intervalStart>-0.1</intervalStart>
            <intervalEnd>0.1</intervalEnd>
         </x>
         <y>
            <intervalStart>-0.1</intervalStart>
            <intervalEnd>0.1</intervalEnd>
         </y>
         <velocity>
            <intervalStart>24.6</intervalStart>
            <intervalEnd>25</intervalEnd>
         </velocity>
         <orientation>
            <intervalStart>-0.02</intervalStart>
            <intervalEnd>0.02</intervalEnd>
         </orientation>
      </reachability>
      <reachability>
         <time>1</time>
         <x>
            <intervalStart>22.5925</intervalStart>
            <intervalEnd>22.6002</intervalEnd>
         </x>
         <y>
            <intervalStart>9.5482</intervalStart>
            <intervalEnd>9.5598</intervalEnd>
         </y>
         <velocity>
            <intervalStart>25.6</intervalStart>
            <intervalEnd>25.6</intervalEnd>
         </velocity>
         <orientation>
            <intervalStart>0.79976</intervalStart>
            <intervalEnd>0.80026</intervalEnd>
         </orientation>
      </reachability>
   </reachableSet>
</motionPrimitive>