<?xml version="1.0" encoding="utf-8"?>
<motionPrimitive ID="10212">
   <controller type="generator space control">controller10212.mat</controller>
   <successors>
      <id>10956</id>
      <id>10957</id>
      <id>10958</id>
      <id>10959</id>
      <id>10960</id>
      <id>10961</id>
      <id>10962</id>
      <id>10963</id>
      <id>10964</id>
      <id>10965</id>
      <id>10966</id>
      <id>10967</id>
      <id>10968</id>
      <id>10969</id>
      <id>10970</id>
      <id>10971</id>
      <id>10972</id>
      <id>10973</id>
      <id>10974</id>
      <id>10975</id>
      <id>10976</id>
      <id>10977</id>
      <id>10978</id>
      <id>10979</id>
      <id>10980</id>
      <id>10981</id>
      <id>10982</id>
      <id>10983</id>
      <id>10984</id>
      <id>10985</id>
      <id>10986</id>
      <id>10987</id>
      <id>10988</id>
      <id>10989</id>
      <id>10990</id>
      <id>10991</id>
      <id>10992</id>
      <id>10993</id>
      <id>10994</id>
      <id>10995</id>
      <id>10996</id>
      <id>10997</id>
      <id>10998</id>
      <id>10999</id>
      <id>11000</id>
      <id>11001</id>
      <id>11002</id>
      <id>11003</id>
      <id>11004</id>
      <id>11005</id>
      <id>11006</id>
      <id>11007</id>
      <id>11008</id>
      <id>11009</id>
      <id>11010</id>
      <id>11011</id>
      <id>11012</id>
      <id>11013</id>
      <id>11014</id>
      <id>11015</id>
      <id>11016</id>
      <id>11017</id>
      <id>11018</id>
      <id>11019</id>
      <id>11020</id>
      <id>11021</id>
      <id>11022</id>
      <id>11023</id>
      <id>11024</id>
      <id>11025</id>
      <id>11026</id>
      <id>11027</id>
      <id>11028</id>
      <id>11029</id>
      <id>11030</id>
      <id>11031</id>
      <id>11032</id>
      <id>11033</id>
      <id>11034</id>
      <id>11035</id>
      <id>11036</id>
      <id>11037</id>
      <id>11038</id>
      <id>11039</id>
      <id>11040</id>
      <id>11041</id>
      <id>11042</id>
      <id>11043</id>
      <id>11044</id>
      <id>11045</id>
      <id>11046</id>
      <id>11047</id>
      <id>11048</id>
      <id>11049</id>
      <id>11050</id>
      <id>11051</id>
      <id>11052</id>
      <id>11053</id>
      <id>11054</id>
      <id>11055</id>
      <id>11056</id>
      <id>11057</id>
      <id>11058</id>
      <id>11059</id>
      <id>11060</id>
      <id>11061</id>
      <id>11062</id>
      <id>11063</id>
      <id>11064</id>
      <id>11065</id>
      <id>11066</id>
      <id>11067</id>
      <id>11068</id>
      <id>11069</id>
      <id>11070</id>
      <id>11071</id>
      <id>11072</id>
      <id>11073</id>
      <id>11074</id>
      <id>11075</id>
      <id>11076</id>
      <id>11077</id>
      <id>11078</id>
      <id>11079</id>
      <id>11080</id>
      <id>11081</id>
      <id>11082</id>
      <id>11083</id>
      <id>11084</id>
      <id>11085</id>
      <id>11086</id>
      <id>11087</id>
      <id>11088</id>
      <id>11089</id>
      <id>11090</id>
      <id>11091</id>
      <id>11092</id>
      <id>11093</id>
      <id>11094</id>
      <id>11095</id>
      <id>11096</id>
      <id>11097</id>
      <id>11098</id>
      <id>11099</id>
      <id>11100</id>
      <id>11101</id>
      <id>11102</id>
      <id>11103</id>
      <id>11104</id>
      <id>11105</id>
      <id>11106</id>
      <id>11107</id>
      <id>11108</id>
      <id>11109</id>
      <id>11110</id>
      <id>11111</id>
      <id>11112</id>
      <id>11113</id>
      <id>11114</id>
      <id>11115</id>
      <id>11116</id>
      <id>11117</id>
      <id>11118</id>
      <id>11119</id>
      <id>11120</id>
   </successors>
   <trajectory>
      <states>
         <state>
            <time>0</time>
            <x>0</x>
            <y>0</y>
            <velocity>24.4</velocity>
            <orientation>0</orientation>
         </state>
         <state>
            <time>0.1</time>
            <x>2.4476</x>
            <y>-0.094481</y>
            <velocity>24.6</velocity>
            <orientation>-0.077165</orientation>
         </state>
         <state>
            <time>0.2</time>
            <x>4.9003</x>
            <y>-0.38044</y>
            <velocity>24.8</velocity>
            <orientation>-0.15496</orientation>
         </state>
         <state>
            <time>0.3</time>
            <x>7.3429</x>
            <y>-0.86078</y>
            <velocity>25</velocity>
            <orientation>-0.23339</orientation>
         </state>
         <state>
            <time>0.4</time>
            <x>9.7594</x>
            <y>-1.5371</y>
            <velocity>25.2</velocity>
            <orientation>-0.31244</orientation>
         </state>
         <state>
            <time>0.5</time>
            <x>12.1334</x>
            <y>-2.4099</y>
            <velocity>25.4</velocity>
            <orientation>-0.39213</orientation>
         </state>
         <state>
            <time>0.6</time>
            <x>14.4482</x>
            <y>-3.4779</y>
            <velocity>25.6</velocity>
            <orientation>-0.47244</orientation>
         </state>
         <state>
            <time>0.7</time>
            <x>16.6869</x>
            <y>-4.7387</y>
            <velocity>25.8</velocity>
            <orientation>-0.55339</orientation>
         </state>
         <state>
            <time>0.8</time>
            <x>18.8324</x>
            <y>-6.1882</y>
            <velocity>26</velocity>
            <orientation>-0.63496</orientation>
         </state>
         <state>
            <time>0.9</time>
            <x>20.8677</x>
            <y>-7.8209</y>
            <velocity>26.2</velocity>
            <orientation>-0.71717</orientation>
         </state>
         <state>
            <time>1</time>
            <x>22.7761</x>
            <y>-9.6296</y>
            <velocity>26.4</velocity>
            <orientation>-0.8</orientation>
         </state>
      </states>
      <inputs>
         <input>
            <acceleration>2</acceleration>
            <steer>-0.072315</steer>
         </input>
         <input>
            <acceleration>2</acceleration>
            <steer>-0.072315</steer>
         </input>
         <input>
            <acceleration>2</acceleration>
            <steer>-0.072315</steer>
         </input>
         <input>
            <acceleration>2</acceleration>
            <steer>-0.072315</steer>
         </input>
         <input>
            <acceleration>2</acceleration>
            <steer>-0.072315</steer>
         </input>
         <input>
            <acceleration>2</acceleration>
            <steer>-0.072315</steer>
         </input>
         <input>
            <acceleration>2</acceleration>
            <steer>-0.072315</steer>
         </input>
         <input>
            <acceleration>2</acceleration>
            <steer>-0.072315</steer>
         </input>
         <input>
            <acceleration>2</acceleration>
            <steer>-0.072315</steer>
         </input>
         <input>
            <acceleration>2</acceleration>
            <steer>-0.072315</steer>
         </input>
      </inputs>
   </trajectory>
   <occupancySet>
      <occupancy>
         <time>
            <intervalStart>0</intervalStart>
            <intervalEnd>0.1</intervalEnd>
         </time>
         <set>
            <point>
               <element dimension="1">-1.1276</element>
               <element dimension="2">-1.0186</element>
            </point>
            <point>
               <element dimension="1">-1.1197</element>
               <element dimension="2">1.0355</element>
            </point>
            <point>
               <element dimension="1">-1.1197</element>
               <element dimension="2">1.0358</element>
            </point>
            <point>
               <element dimension="1">-1.1189</element>
               <element dimension="2">1.0477</element>
            </point>
            <point>
               <element dimension="1">3.1018</element>
               <element dimension="2">1.0315</element>
            </point>
            <point>
               <element dimension="1">3.6598</element>
               <element dimension="2">1.0099</element>
            </point>
            <point>
               <element dimension="1">5.9166</element>
               <element dimension="2">0.84418</element>
            </point>
            <point>
               <element dimension="1">5.9154</element>
               <element dimension="2">0.54994</element>
            </point>
            <point>
               <element dimension="1">5.9098</element>
               <element dimension="2">0.40464</element>
            </point>
            <point>
               <element dimension="1">5.7825</element>
               <element dimension="2">-1.3285</element>
            </point>
            <point>
               <element dimension="1">5.5908</element>
               <element dimension="2">-1.3278</element>
            </point>
            <point>
               <element dimension="1">0.30351</element>
               <element dimension="2">-1.1237</element>
            </point>
         </set>
      </occupancy>
      <occupancy>
         <time>
            <intervalStart>0.1</intervalStart>
            <intervalEnd>0.2</intervalEnd>
         </time>
         <set>
            <point>
               <element dimension="1">1.0163</element>
               <element dimension="2">-0.98122</element>
            </point>
            <point>
               <element dimension="1">1.1609</element>
               <element dimension="2">0.98752</element>
            </point>
            <point>
               <element dimension="1">1.1659</element>
               <element dimension="2">1.0207</element>
            </point>
            <point>
               <element dimension="1">5.2005</element>
               <element dimension="2">0.72439</element>
            </point>
            <point>
               <element dimension="1">5.9145</element>
               <element dimension="2">0.64394</element>
            </point>
            <point>
               <element dimension="1">8.4185</element>
               <element dimension="2">0.26275</element>
            </point>
            <point>
               <element dimension="1">8.3901</element>
               <element dimension="2">-0.12347</element>
            </point>
            <point>
               <element dimension="1">8.3891</element>
               <element dimension="2">-0.13251</element>
            </point>
            <point>
               <element dimension="1">8.1241</element>
               <element dimension="2">-1.8733</element>
            </point>
            <point>
               <element dimension="1">7.954</element>
               <element dimension="2">-1.8608</element>
            </point>
            <point>
               <element dimension="1">3.4905</element>
               <element dimension="2">-1.3579</element>
            </point>
         </set>
      </occupancy>
      <occupancy>
         <time>
            <intervalStart>0.2</intervalStart>
            <intervalEnd>0.3</intervalEnd>
         </time>
         <set>
            <point>
               <element dimension="1">3.4066</element>
               <element dimension="2">-1.1572</element>
            </point>
            <point>
               <element dimension="1">3.7024</element>
               <element dimension="2">0.78578</element>
            </point>
            <point>
               <element dimension="1">3.7131</element>
               <element dimension="2">0.8317</element>
            </point>
            <point>
               <element dimension="1">7.7709</element>
               <element dimension="2">0.21396</element>
            </point>
            <point>
               <element dimension="1">8.403</element>
               <element dimension="2">0.092202</element>
            </point>
            <point>
               <element dimension="1">10.8935</element>
               <element dimension="2">-0.48954</element>
            </point>
            <point>
               <element dimension="1">10.8366</element>
               <element dimension="2">-0.86282</element>
            </point>
            <point>
               <element dimension="1">10.4315</element>
               <element dimension="2">-2.5971</element>
            </point>
            <point>
               <element dimension="1">10.2852</element>
               <element dimension="2">-2.5748</element>
            </point>
            <point>
               <element dimension="1">5.6677</element>
               <element dimension="2">-1.6854</element>
            </point>
         </set>
      </occupancy>
      <occupancy>
         <time>
            <intervalStart>0.3</intervalStart>
            <intervalEnd>0.4</intervalEnd>
         </time>
         <set>
            <point>
               <element dimension="1">5.8009</element>
               <element dimension="2">-1.5155</element>
            </point>
            <point>
               <element dimension="1">6.2422</element>
               <element dimension="2">0.37407</element>
            </point>
            <point>
               <element dimension="1">6.261</element>
               <element dimension="2">0.43292</element>
            </point>
            <point>
               <element dimension="1">10.2843</element>
               <element dimension="2">-0.50688</element>
            </point>
            <point>
               <element dimension="1">10.8565</element>
               <element dimension="2">-0.66462</element>
            </point>
            <point>
               <element dimension="1">13.3204</element>
               <element dimension="2">-1.4497</element>
            </point>
            <point>
               <element dimension="1">13.2398</element>
               <element dimension="2">-1.7946</element>
            </point>
            <point>
               <element dimension="1">12.6956</element>
               <element dimension="2">-3.5024</element>
            </point>
            <point>
               <element dimension="1">12.5732</element>
               <element dimension="2">-3.4738</element>
            </point>
            <point>
               <element dimension="1">7.9283</element>
               <element dimension="2">-2.1934</element>
            </point>
         </set>
      </occupancy>
      <occupancy>
         <time>
            <intervalStart>0.4</intervalStart>
            <intervalEnd>0.5</intervalEnd>
         </time>
         <set>
            <point>
               <element dimension="1">8.1792</element>
               <element dimension="2">-2.0613</element>
            </point>
            <point>
               <element dimension="1">8.7638</element>
               <element dimension="2">-0.22684</element>
            </point>
            <point>
               <element dimension="1">8.7849</element>
               <element dimension="2">-0.17521</element>
            </point>
            <point>
               <element dimension="1">12.7803</element>
               <element dimension="2">-1.4484</element>
            </point>
            <point>
               <element dimension="1">13.2643</element>
               <element dimension="2">-1.6241</element>
            </point>
            <point>
               <element dimension="1">15.6768</element>
               <element dimension="2">-2.6106</element>
            </point>
            <point>
               <element dimension="1">15.5752</element>
               <element dimension="2">-2.9296</element>
            </point>
            <point>
               <element dimension="1">14.8994</element>
               <element dimension="2">-4.5822</element>
            </point>
            <point>
               <element dimension="1">14.8017</element>
               <element dimension="2">-4.5511</element>
            </point>
            <point>
               <element dimension="1">10.038</element>
               <element dimension="2">-2.8213</element>
            </point>
         </set>
      </occupancy>
      <occupancy>
         <time>
            <intervalStart>0.5</intervalStart>
            <intervalEnd>0.6</intervalEnd>
         </time>
         <set>
            <point>
               <element dimension="1">10.5328</element>
               <element dimension="2">-2.7928</element>
            </point>
            <point>
               <element dimension="1">11.2503</element>
               <element dimension="2">-1.038</element>
            </point>
            <point>
               <element dimension="1">11.2719</element>
               <element dimension="2">-0.99521</element>
            </point>
            <point>
               <element dimension="1">15.1242</element>
               <element dimension="2">-2.5703</element>
            </point>
            <point>
               <element dimension="1">15.6005</element>
               <element dimension="2">-2.7878</element>
            </point>
            <point>
               <element dimension="1">17.9462</element>
               <element dimension="2">-3.9747</element>
            </point>
            <point>
               <element dimension="1">17.831</element>
               <element dimension="2">-4.2565</element>
            </point>
            <point>
               <element dimension="1">17.0278</element>
               <element dimension="2">-5.8439</element>
            </point>
            <point>
               <element dimension="1">16.9535</element>
               <element dimension="2">-5.8135</element>
            </point>
            <point>
               <element dimension="1">12.3414</element>
               <element dimension="2">-3.7079</element>
            </point>
         </set>
      </occupancy>
      <occupancy>
         <time>
            <intervalStart>0.6</intervalStart>
            <intervalEnd>0.7</intervalEnd>
         </time>
         <set>
            <point>
               <element dimension="1">12.8401</element>
               <element dimension="2">-3.7189</element>
            </point>
            <point>
               <element dimension="1">13.6821</element>
               <element dimension="2">-2.0548</element>
            </point>
            <point>
               <element dimension="1">13.7033</element>
               <element dimension="2">-2.0203</element>
            </point>
            <point>
               <element dimension="1">17.3988</element>
               <element dimension="2">-3.8901</element>
            </point>
            <point>
               <element dimension="1">17.8543</element>
               <element dimension="2">-4.1442</element>
            </point>
            <point>
               <element dimension="1">20.1137</element>
               <element dimension="2">-5.5275</element>
            </point>
            <point>
               <element dimension="1">19.9903</element>
               <element dimension="2">-5.7713</element>
            </point>
            <point>
               <element dimension="1">19.0648</element>
               <element dimension="2">-7.2831</element>
            </point>
            <point>
               <element dimension="1">19.0125</element>
               <element dimension="2">-7.2566</element>
            </point>
            <point>
               <element dimension="1">14.5741</element>
               <element dimension="2">-4.7805</element>
            </point>
         </set>
      </occupancy>
      <occupancy>
         <time>
            <intervalStart>0.7</intervalStart>
            <intervalEnd>0.8</intervalEnd>
         </time>
         <set>
            <point>
               <element dimension="1">15.0844</element>
               <element dimension="2">-4.8382</element>
            </point>
            <point>
               <element dimension="1">16.0416</element>
               <element dimension="2">-3.2746</element>
            </point>
            <point>
               <element dimension="1">16.0611</element>
               <element dimension="2">-3.248</element>
            </point>
            <point>
               <element dimension="1">19.5769</element>
               <element dimension="2">-5.4004</element>
            </point>
            <point>
               <element dimension="1">20.0085</element>
               <element dimension="2">-5.6894</element>
            </point>
            <point>
               <element dimension="1">22.1622</element>
               <element dimension="2">-7.2627</element>
            </point>
            <point>
               <element dimension="1">22.0363</element>
               <element dimension="2">-7.4684</element>
            </point>
            <point>
               <element dimension="1">20.9946</element>
               <element dimension="2">-8.8945</element>
            </point>
            <point>
               <element dimension="1">20.9626</element>
               <element dimension="2">-8.8749</element>
            </point>
            <point>
               <element dimension="1">16.7294</element>
               <element dimension="2">-6.0398</element>
            </point>
         </set>
      </occupancy>
      <occupancy>
         <time>
            <intervalStart>0.8</intervalStart>
            <intervalEnd>0.9</intervalEnd>
         </time>
         <set>
            <point>
               <element dimension="1">17.2487</element>
               <element dimension="2">-6.1482</element>
            </point>
            <point>
               <element dimension="1">18.311</element>
               <element dimension="2">-4.694</element>
            </point>
            <point>
               <element dimension="1">18.3276</element>
               <element dimension="2">-4.6747</element>
            </point>
            <point>
               <element dimension="1">21.6403</element>
               <element dimension="2">-7.0945</element>
            </point>
            <point>
               <element dimension="1">22.0461</element>
               <element dimension="2">-7.4173</element>
            </point>
            <point>
               <element dimension="1">24.0752</element>
               <element dimension="2">-9.1723</element>
            </point>
            <point>
               <element dimension="1">23.9524</element>
               <element dimension="2">-9.3404</element>
            </point>
            <point>
               <element dimension="1">22.8012</element>
               <element dimension="2">-10.6715</element>
            </point>
            <point>
               <element dimension="1">22.792</element>
               <element dimension="2">-10.6647</element>
            </point>
            <point>
               <element dimension="1">18.7924</element>
               <element dimension="2">-7.4832</element>
            </point>
         </set>
      </occupancy>
      <occupancy>
         <time>
            <intervalStart>0.9</intervalStart>
            <intervalEnd>1</intervalEnd>
         </time>
         <set>
            <point>
               <element dimension="1">19.3158</element>
               <element dimension="2">-7.6445</element>
            </point>
            <point>
               <element dimension="1">20.4721</element>
               <element dimension="2">-6.3074</element>
            </point>
            <point>
               <element dimension="1">20.4861</element>
               <element dimension="2">-6.2937</element>
            </point>
            <point>
               <element dimension="1">23.5449</element>
               <element dimension="2">-8.9391</element>
            </point>
            <point>
               <element dimension="1">23.9504</element>
               <element dimension="2">-9.3203</element>
            </point>
            <point>
               <element dimension="1">25.8355</element>
               <element dimension="2">-11.2453</element>
            </point>
            <point>
               <element dimension="1">25.7042</element>
               <element dimension="2">-11.3971</element>
            </point>
            <point>
               <element dimension="1">25.7039</element>
               <element dimension="2">-11.3974</element>
            </point>
            <point>
               <element dimension="1">24.4685</element>
               <element dimension="2">-12.6073</element>
            </point>
            <point>
               <element dimension="1">24.4643</element>
               <element dimension="2">-12.6036</element>
            </point>
            <point>
               <element dimension="1">20.7907</element>
               <element dimension="2">-9.1507</element>
            </point>
         </set>
      </occupancy>
   </occupancySet>
   <reachableSet>
      <reachability>
         <time>0</time>
         <x>
            <intervalStart>-0.1</intervalStart>
            <intervalEnd>0.1</intervalEnd>
         </x>
         <y>
            <intervalStart>-0.1</intervalStart>
            <intervalEnd>0.1</intervalEnd>
         </y>
         <velocity>
            <intervalStart>24.2</intervalStart>
            <intervalEnd>24.6</intervalEnd>
         </velocity>
         <orientation>
            <intervalStart>-0.02</intervalStart>
            <intervalEnd>0.02</intervalEnd>
         </orientation>
      </reachability>
      <reachability>
         <time>1</time>
         <x>
            <intervalStart>22.7718</intervalStart>
            <intervalEnd>22.7795</intervalEnd>
         </x>
         <y>
            <intervalStart>-9.6358</intervalStart>
            <intervalEnd>-9.6238</intervalEnd>
         </y>
         <velocity>
            <intervalStart>26.4</intervalStart>
            <intervalEnd>26.4</intervalEnd>
         </velocity>
         <orientation>
            <intervalStart>-0.80027</intervalStart>
            <intervalEnd>-0.79976</intervalEnd>
         </orientation>
      </reachability>
   </reachableSet>
</motionPrimitive>