<?xml version="1.0" encoding="utf-8"?>
<motionPrimitive ID="10423">
   <controller type="generator space control">controller10423.mat</controller>
   <successors>
      <id>12139</id>
      <id>12140</id>
      <id>12141</id>
      <id>12142</id>
      <id>12143</id>
      <id>12144</id>
      <id>12145</id>
      <id>12146</id>
      <id>12147</id>
      <id>12148</id>
      <id>12149</id>
      <id>12150</id>
      <id>12151</id>
      <id>12152</id>
      <id>12153</id>
      <id>12154</id>
      <id>12155</id>
      <id>12156</id>
      <id>12157</id>
      <id>12158</id>
      <id>12159</id>
      <id>12160</id>
      <id>12161</id>
      <id>12162</id>
      <id>12163</id>
      <id>12164</id>
      <id>12165</id>
      <id>12166</id>
      <id>12167</id>
      <id>12168</id>
      <id>12169</id>
      <id>12170</id>
      <id>12171</id>
      <id>12172</id>
      <id>12173</id>
      <id>12174</id>
      <id>12175</id>
      <id>12176</id>
      <id>12177</id>
      <id>12178</id>
      <id>12179</id>
      <id>12180</id>
      <id>12181</id>
      <id>12182</id>
      <id>12183</id>
      <id>12184</id>
      <id>12185</id>
      <id>12186</id>
      <id>12187</id>
      <id>12188</id>
      <id>12189</id>
      <id>12190</id>
      <id>12191</id>
      <id>12192</id>
      <id>12193</id>
      <id>12194</id>
      <id>12195</id>
      <id>12196</id>
      <id>12197</id>
      <id>12198</id>
      <id>12199</id>
      <id>12200</id>
      <id>12201</id>
      <id>12202</id>
      <id>12203</id>
      <id>12204</id>
      <id>12205</id>
      <id>12206</id>
      <id>12207</id>
      <id>12208</id>
      <id>12209</id>
      <id>12210</id>
      <id>12211</id>
      <id>12212</id>
      <id>12213</id>
      <id>12214</id>
      <id>12215</id>
      <id>12216</id>
      <id>12217</id>
      <id>12218</id>
      <id>12219</id>
      <id>12220</id>
      <id>12221</id>
      <id>12222</id>
      <id>12223</id>
      <id>12224</id>
      <id>12225</id>
      <id>12226</id>
      <id>12227</id>
      <id>12228</id>
      <id>12229</id>
      <id>12230</id>
      <id>12231</id>
      <id>12232</id>
      <id>12233</id>
      <id>12234</id>
      <id>12235</id>
      <id>12236</id>
      <id>12237</id>
      <id>12238</id>
      <id>12239</id>
      <id>12240</id>
      <id>12241</id>
      <id>12242</id>
      <id>12243</id>
      <id>12244</id>
      <id>12245</id>
      <id>12246</id>
      <id>12247</id>
      <id>12248</id>
      <id>12249</id>
      <id>12250</id>
      <id>12251</id>
      <id>12252</id>
      <id>12253</id>
      <id>12254</id>
      <id>12255</id>
      <id>12256</id>
   </successors>
   <trajectory>
      <states>
         <state>
            <time>0</time>
            <x>0</x>
            <y>0</y>
            <velocity>25.2</velocity>
            <orientation>0</orientation>
         </state>
         <state>
            <time>0.1</time>
            <x>2.5363</x>
            <y>-0.11851</y>
            <velocity>25.6</velocity>
            <orientation>-0.093382</orientation>
         </state>
         <state>
            <time>0.2</time>
            <x>5.0898</x>
            <y>-0.48046</y>
            <velocity>26</velocity>
            <orientation>-0.18824</orientation>
         </state>
         <state>
            <time>0.3</time>
            <x>7.636</x>
            <y>-1.0938</y>
            <velocity>26.4</velocity>
            <orientation>-0.28456</orientation>
         </state>
         <state>
            <time>0.4</time>
            <x>10.1484</x>
            <y>-1.9641</y>
            <velocity>26.8</velocity>
            <orientation>-0.38235</orientation>
         </state>
         <state>
            <time>0.5</time>
            <x>12.5994</x>
            <y>-3.0941</y>
            <velocity>27.2</velocity>
            <orientation>-0.48162</orientation>
         </state>
         <state>
            <time>0.6</time>
            <x>14.9597</x>
            <y>-4.4834</y>
            <velocity>27.6</velocity>
            <orientation>-0.58235</orientation>
         </state>
         <state>
            <time>0.7</time>
            <x>17.1994</x>
            <y>-6.1282</y>
            <velocity>28</velocity>
            <orientation>-0.68456</orientation>
         </state>
         <state>
            <time>0.8</time>
            <x>19.2878</x>
            <y>-8.0213</y>
            <velocity>28.4</velocity>
            <orientation>-0.78824</orientation>
         </state>
         <state>
            <time>0.9</time>
            <x>21.1941</x>
            <y>-10.1516</y>
            <velocity>28.8</velocity>
            <orientation>-0.89338</orientation>
         </state>
         <state>
            <time>1</time>
            <x>22.888</x>
            <y>-12.5038</y>
            <velocity>29.2</velocity>
            <orientation>-1</orientation>
         </state>
      </states>
      <inputs>
         <input>
            <acceleration>4</acceleration>
            <steer>-0.084358</steer>
         </input>
         <input>
            <acceleration>4</acceleration>
            <steer>-0.084358</steer>
         </input>
         <input>
            <acceleration>4</acceleration>
            <steer>-0.084358</steer>
         </input>
         <input>
            <acceleration>4</acceleration>
            <steer>-0.084358</steer>
         </input>
         <input>
            <acceleration>4</acceleration>
            <steer>-0.084358</steer>
         </input>
         <input>
            <acceleration>4</acceleration>
            <steer>-0.084358</steer>
         </input>
         <input>
            <acceleration>4</acceleration>
            <steer>-0.084358</steer>
         </input>
         <input>
            <acceleration>4</acceleration>
            <steer>-0.084358</steer>
         </input>
         <input>
            <acceleration>4</acceleration>
            <steer>-0.084358</steer>
         </input>
         <input>
            <acceleration>4</acceleration>
            <steer>-0.084358</steer>
         </input>
      </inputs>
   </trajectory>
   <occupancySet>
      <occupancy>
         <time>
            <intervalStart>0</intervalStart>
            <intervalEnd>0.1</intervalEnd>
         </time>
         <set>
            <point>
               <element dimension="1">-1.1294</element>
               <element dimension="2">-1.0213</element>
            </point>
            <point>
               <element dimension="1">-1.1198</element>
               <element dimension="2">1.0397</element>
            </point>
            <point>
               <element dimension="1">-1.1197</element>
               <element dimension="2">1.042</element>
            </point>
            <point>
               <element dimension="1">-1.1149</element>
               <element dimension="2">1.0957</element>
            </point>
            <point>
               <element dimension="1">2.1684</element>
               <element dimension="2">1.0805</element>
            </point>
            <point>
               <element dimension="1">3.6783</element>
               <element dimension="2">1.01</element>
            </point>
            <point>
               <element dimension="1">6.0444</element>
               <element dimension="2">0.79962</element>
            </point>
            <point>
               <element dimension="1">6.0434</element>
               <element dimension="2">0.58131</element>
            </point>
            <point>
               <element dimension="1">6.0375</element>
               <element dimension="2">0.45437</element>
            </point>
            <point>
               <element dimension="1">5.8641</element>
               <element dimension="2">-1.4951</element>
            </point>
            <point>
               <element dimension="1">5.664</element>
               <element dimension="2">-1.4941</element>
            </point>
            <point>
               <element dimension="1">2.5593</element>
               <element dimension="2">-1.3492</element>
            </point>
         </set>
      </occupancy>
      <occupancy>
         <time>
            <intervalStart>0.1</intervalStart>
            <intervalEnd>0.2</intervalEnd>
         </time>
         <set>
            <point>
               <element dimension="1">1.0528</element>
               <element dimension="2">-1.0713</element>
            </point>
            <point>
               <element dimension="1">1.2351</element>
               <element dimension="2">0.97894</element>
            </point>
            <point>
               <element dimension="1">1.2477</element>
               <element dimension="2">1.0704</element>
            </point>
            <point>
               <element dimension="1">1.2614</element>
               <element dimension="2">1.1446</element>
            </point>
            <point>
               <element dimension="1">4.7195</element>
               <element dimension="2">0.83711</element>
            </point>
            <point>
               <element dimension="1">6.043</element>
               <element dimension="2">0.65595</element>
            </point>
            <point>
               <element dimension="1">8.6684</element>
               <element dimension="2">0.16882</element>
            </point>
            <point>
               <element dimension="1">8.6418</element>
               <element dimension="2">-0.13066</element>
            </point>
            <point>
               <element dimension="1">8.6351</element>
               <element dimension="2">-0.17941</element>
            </point>
            <point>
               <element dimension="1">8.2558</element>
               <element dimension="2">-2.2234</element>
            </point>
            <point>
               <element dimension="1">8.0719</element>
               <element dimension="2">-2.207</element>
            </point>
            <point>
               <element dimension="1">4.6481</element>
               <element dimension="2">-1.7384</element>
            </point>
         </set>
      </occupancy>
      <occupancy>
         <time>
            <intervalStart>0.2</intervalStart>
            <intervalEnd>0.3</intervalEnd>
         </time>
         <set>
            <point>
               <element dimension="1">3.5132</element>
               <element dimension="2">-1.3475</element>
            </point>
            <point>
               <element dimension="1">3.8881</element>
               <element dimension="2">0.67312</element>
            </point>
            <point>
               <element dimension="1">3.9331</element>
               <element dimension="2">0.86379</element>
            </point>
            <point>
               <element dimension="1">3.9594</element>
               <element dimension="2">0.95537</element>
            </point>
            <point>
               <element dimension="1">7.375</element>
               <element dimension="2">0.32163</element>
            </point>
            <point>
               <element dimension="1">8.6532</element>
               <element dimension="2">0.020232</element>
            </point>
            <point>
               <element dimension="1">11.2632</element>
               <element dimension="2">-0.72945</element>
            </point>
            <point>
               <element dimension="1">11.1998</element>
               <element dimension="2">-1.071</element>
            </point>
            <point>
               <element dimension="1">10.5914</element>
               <element dimension="2">-3.1891</element>
            </point>
            <point>
               <element dimension="1">10.4363</element>
               <element dimension="2">-3.1603</element>
            </point>
            <point>
               <element dimension="1">7.0208</element>
               <element dimension="2">-2.355</element>
            </point>
         </set>
      </occupancy>
      <occupancy>
         <time>
            <intervalStart>0.3</intervalStart>
            <intervalEnd>0.4</intervalEnd>
         </time>
         <set>
            <point>
               <element dimension="1">5.9741</element>
               <element dimension="2">-1.8639</element>
            </point>
            <point>
               <element dimension="1">6.5973</element>
               <element dimension="2">0.30588</element>
            </point>
            <point>
               <element dimension="1">6.6269</element>
               <element dimension="2">0.39247</element>
            </point>
            <point>
               <element dimension="1">6.6552</element>
               <element dimension="2">0.46398</element>
            </point>
            <point>
               <element dimension="1">10.753</element>
               <element dimension="2">-0.71305</element>
            </point>
            <point>
               <element dimension="1">11.2308</element>
               <element dimension="2">-0.87598</element>
            </point>
            <point>
               <element dimension="1">13.7907</element>
               <element dimension="2">-1.891</element>
            </point>
            <point>
               <element dimension="1">13.6743</element>
               <element dimension="2">-2.2962</element>
            </point>
            <point>
               <element dimension="1">13.617</element>
               <element dimension="2">-2.4643</element>
            </point>
            <point>
               <element dimension="1">12.8861</element>
               <element dimension="2">-4.3077</element>
            </point>
            <point>
               <element dimension="1">12.762</element>
               <element dimension="2">-4.272</element>
            </point>
            <point>
               <element dimension="1">7.6616</element>
               <element dimension="2">-2.533</element>
            </point>
         </set>
      </occupancy>
      <occupancy>
         <time>
            <intervalStart>0.4</intervalStart>
            <intervalEnd>0.5</intervalEnd>
         </time>
         <set>
            <point>
               <element dimension="1">8.4372</element>
               <element dimension="2">-2.5404</element>
            </point>
            <point>
               <element dimension="1">9.2821</element>
               <element dimension="2">-0.40956</element>
            </point>
            <point>
               <element dimension="1">9.3101</element>
               <element dimension="2">-0.35537</element>
            </point>
            <point>
               <element dimension="1">13.4194</element>
               <element dimension="2">-1.9848</element>
            </point>
            <point>
               <element dimension="1">13.7133</element>
               <element dimension="2">-2.1186</element>
            </point>
            <point>
               <element dimension="1">16.2026</element>
               <element dimension="2">-3.4041</element>
            </point>
            <point>
               <element dimension="1">15.9988</element>
               <element dimension="2">-3.9181</element>
            </point>
            <point>
               <element dimension="1">15.9524</element>
               <element dimension="2">-4.02</element>
            </point>
            <point>
               <element dimension="1">15.108</element>
               <element dimension="2">-5.655</element>
            </point>
            <point>
               <element dimension="1">15.0093</element>
               <element dimension="2">-5.6158</element>
            </point>
            <point>
               <element dimension="1">9.8116</element>
               <element dimension="2">-3.2501</element>
            </point>
         </set>
      </occupancy>
      <occupancy>
         <time>
            <intervalStart>0.5</intervalStart>
            <intervalEnd>0.6</intervalEnd>
         </time>
         <set>
            <point>
               <element dimension="1">10.8624</element>
               <element dimension="2">-3.4549</element>
            </point>
            <point>
               <element dimension="1">11.874</element>
               <element dimension="2">-1.496</element>
            </point>
            <point>
               <element dimension="1">11.9043</element>
               <element dimension="2">-1.4494</element>
            </point>
            <point>
               <element dimension="1">15.7509</element>
               <element dimension="2">-3.4358</element>
            </point>
            <point>
               <element dimension="1">16.0918</element>
               <element dimension="2">-3.6342</element>
            </point>
            <point>
               <element dimension="1">18.4824</element>
               <element dimension="2">-5.1915</element>
            </point>
            <point>
               <element dimension="1">18.2179</element>
               <element dimension="2">-5.7035</element>
            </point>
            <point>
               <element dimension="1">17.2159</element>
               <element dimension="2">-7.2419</element>
            </point>
            <point>
               <element dimension="1">17.141</element>
               <element dimension="2">-7.2032</element>
            </point>
            <point>
               <element dimension="1">12.2223</element>
               <element dimension="2">-4.3408</element>
            </point>
         </set>
      </occupancy>
      <occupancy>
         <time>
            <intervalStart>0.6</intervalStart>
            <intervalEnd>0.7</intervalEnd>
         </time>
         <set>
            <point>
               <element dimension="1">13.2243</element>
               <element dimension="2">-4.6303</element>
            </point>
            <point>
               <element dimension="1">14.3802</element>
               <element dimension="2">-2.8557</element>
            </point>
            <point>
               <element dimension="1">14.4104</element>
               <element dimension="2">-2.8184</element>
            </point>
            <point>
               <element dimension="1">18.0275</element>
               <element dimension="2">-5.1746</element>
            </point>
            <point>
               <element dimension="1">18.3412</element>
               <element dimension="2">-5.4026</element>
            </point>
            <point>
               <element dimension="1">20.5991</element>
               <element dimension="2">-7.2266</element>
            </point>
            <point>
               <element dimension="1">20.3339</element>
               <element dimension="2">-7.6337</element>
            </point>
            <point>
               <element dimension="1">19.1829</element>
               <element dimension="2">-9.0585</element>
            </point>
            <point>
               <element dimension="1">19.1301</element>
               <element dimension="2">-9.024</element>
            </point>
            <point>
               <element dimension="1">14.4802</element>
               <element dimension="2">-5.6448</element>
            </point>
         </set>
      </occupancy>
      <occupancy>
         <time>
            <intervalStart>0.7</intervalStart>
            <intervalEnd>0.8</intervalEnd>
         </time>
         <set>
            <point>
               <element dimension="1">15.4949</element>
               <element dimension="2">-6.064</element>
            </point>
            <point>
               <element dimension="1">16.7684</element>
               <element dimension="2">-4.4875</element>
            </point>
            <point>
               <element dimension="1">16.7967</element>
               <element dimension="2">-4.4591</element>
            </point>
            <point>
               <element dimension="1">20.1456</element>
               <element dimension="2">-7.1644</element>
            </point>
            <point>
               <element dimension="1">20.4296</element>
               <element dimension="2">-7.4192</element>
            </point>
            <point>
               <element dimension="1">22.5159</element>
               <element dimension="2">-9.4959</element>
            </point>
            <point>
               <element dimension="1">22.2701</element>
               <element dimension="2">-9.8002</element>
            </point>
            <point>
               <element dimension="1">20.9811</element>
               <element dimension="2">-11.0951</element>
            </point>
            <point>
               <element dimension="1">20.948</element>
               <element dimension="2">-11.0683</element>
            </point>
            <point>
               <element dimension="1">16.6288</element>
               <element dimension="2">-7.1927</element>
            </point>
         </set>
      </occupancy>
      <occupancy>
         <time>
            <intervalStart>0.8</intervalStart>
            <intervalEnd>0.9</intervalEnd>
         </time>
         <set>
            <point>
               <element dimension="1">17.6429</element>
               <element dimension="2">-7.7539</element>
            </point>
            <point>
               <element dimension="1">19.006</element>
               <element dimension="2">-6.3844</element>
            </point>
            <point>
               <element dimension="1">19.031</element>
               <element dimension="2">-6.3641</element>
            </point>
            <point>
               <element dimension="1">22.0739</element>
               <element dimension="2">-9.393</element>
            </point>
            <point>
               <element dimension="1">22.326</element>
               <element dimension="2">-9.6718</element>
            </point>
            <point>
               <element dimension="1">24.2033</element>
               <element dimension="2">-11.9809</element>
            </point>
            <point>
               <element dimension="1">23.9966</element>
               <element dimension="2">-12.1885</element>
            </point>
            <point>
               <element dimension="1">22.5825</element>
               <element dimension="2">-13.3383</element>
            </point>
            <point>
               <element dimension="1">22.5655</element>
               <element dimension="2">-13.3214</element>
            </point>
            <point>
               <element dimension="1">18.6376</element>
               <element dimension="2">-8.9774</element>
            </point>
         </set>
      </occupancy>
      <occupancy>
         <time>
            <intervalStart>0.9</intervalStart>
            <intervalEnd>1</intervalEnd>
         </time>
         <set>
            <point>
               <element dimension="1">19.6361</element>
               <element dimension="2">-9.6936</element>
            </point>
            <point>
               <element dimension="1">21.0603</element>
               <element dimension="2">-8.5357</element>
            </point>
            <point>
               <element dimension="1">21.0792</element>
               <element dimension="2">-8.5234</element>
            </point>
            <point>
               <element dimension="1">23.8017</element>
               <element dimension="2">-11.872</element>
            </point>
            <point>
               <element dimension="1">24.0002</element>
               <element dimension="2">-12.1446</element>
            </point>
            <point>
               <element dimension="1">25.6265</element>
               <element dimension="2">-14.6482</element>
            </point>
            <point>
               <element dimension="1">25.4199</element>
               <element dimension="2">-14.8162</element>
            </point>
            <point>
               <element dimension="1">25.4196</element>
               <element dimension="2">-14.8164</element>
            </point>
            <point>
               <element dimension="1">23.9503</element>
               <element dimension="2">-15.7709</element>
            </point>
            <point>
               <element dimension="1">23.9435</element>
               <element dimension="2">-15.7626</element>
            </point>
            <point>
               <element dimension="1">20.5592</element>
               <element dimension="2">-11.1146</element>
            </point>
         </set>
      </occupancy>
   </occupancySet>
   <reachableSet>
      <reachability>
         <time>0</time>
         <x>
            <intervalStart>-0.1</intervalStart>
            <intervalEnd>0.1</intervalEnd>
         </x>
         <y>
            <intervalStart>-0.1</intervalStart>
            <intervalEnd>0.1</intervalEnd>
         </y>
         <velocity>
            <intervalStart>25</intervalStart>
            <intervalEnd>25.4</intervalEnd>
         </velocity>
         <orientation>
            <intervalStart>-0.02</intervalStart>
            <intervalEnd>0.02</intervalEnd>
         </orientation>
      </reachability>
      <reachability>
         <time>1</time>
         <x>
            <intervalStart>22.8763</intervalStart>
            <intervalEnd>22.8952</intervalEnd>
         </x>
         <y>
            <intervalStart>-12.5128</intervalStart>
            <intervalEnd>-12.4959</intervalEnd>
         </y>
         <velocity>
            <intervalStart>29.2</intervalStart>
            <intervalEnd>29.2</intervalEnd>
         </velocity>
         <orientation>
            <intervalStart>-1.0005</intervalStart>
            <intervalEnd>-0.99969</intervalEnd>
         </orientation>
      </reachability>
   </reachableSet>
</motionPrimitive>