<?xml version="1.0" encoding="utf-8"?>
<motionPrimitive ID="10180">
   <controller type="generator space control">controller10180.mat</controller>
   <successors>
      <id>10596</id>
      <id>10597</id>
      <id>10598</id>
      <id>10599</id>
      <id>10600</id>
      <id>10601</id>
      <id>10602</id>
      <id>10603</id>
      <id>10604</id>
      <id>10605</id>
      <id>10606</id>
      <id>10607</id>
      <id>10608</id>
      <id>10609</id>
      <id>10610</id>
      <id>10611</id>
      <id>10612</id>
      <id>10613</id>
      <id>10614</id>
      <id>10615</id>
      <id>10616</id>
      <id>10617</id>
      <id>10618</id>
      <id>10619</id>
      <id>10620</id>
      <id>10621</id>
      <id>10622</id>
      <id>10623</id>
      <id>10624</id>
      <id>10625</id>
      <id>10626</id>
      <id>10627</id>
      <id>10628</id>
      <id>10629</id>
      <id>10630</id>
      <id>10631</id>
      <id>10632</id>
      <id>10633</id>
      <id>10634</id>
      <id>10635</id>
      <id>10636</id>
      <id>10637</id>
      <id>10638</id>
      <id>10639</id>
      <id>10640</id>
      <id>10641</id>
      <id>10642</id>
      <id>10643</id>
      <id>10644</id>
      <id>10645</id>
      <id>10646</id>
      <id>10647</id>
      <id>10648</id>
      <id>10649</id>
      <id>10650</id>
      <id>10651</id>
      <id>10652</id>
      <id>10653</id>
      <id>10654</id>
      <id>10655</id>
      <id>10656</id>
      <id>10657</id>
      <id>10658</id>
      <id>10659</id>
      <id>10660</id>
      <id>10661</id>
      <id>10662</id>
      <id>10663</id>
      <id>10664</id>
      <id>10665</id>
      <id>10666</id>
      <id>10667</id>
      <id>10668</id>
      <id>10669</id>
      <id>10670</id>
      <id>10671</id>
      <id>10672</id>
      <id>10673</id>
      <id>10674</id>
      <id>10675</id>
      <id>10676</id>
      <id>10677</id>
      <id>10678</id>
      <id>10679</id>
      <id>10680</id>
      <id>10681</id>
      <id>10682</id>
      <id>10683</id>
      <id>10684</id>
      <id>10685</id>
      <id>10686</id>
      <id>10687</id>
      <id>10688</id>
      <id>10689</id>
      <id>10690</id>
      <id>10691</id>
      <id>10692</id>
      <id>10693</id>
      <id>10694</id>
      <id>10695</id>
      <id>10696</id>
      <id>10697</id>
      <id>10698</id>
      <id>10699</id>
      <id>10700</id>
      <id>10701</id>
      <id>10702</id>
      <id>10703</id>
      <id>10704</id>
      <id>10705</id>
      <id>10706</id>
      <id>10707</id>
      <id>10708</id>
      <id>10709</id>
      <id>10710</id>
      <id>10711</id>
      <id>10712</id>
      <id>10713</id>
      <id>10714</id>
      <id>10715</id>
      <id>10716</id>
      <id>10717</id>
      <id>10718</id>
      <id>10719</id>
      <id>10720</id>
      <id>10721</id>
      <id>10722</id>
      <id>10723</id>
      <id>10724</id>
      <id>10725</id>
      <id>10726</id>
      <id>10727</id>
      <id>10728</id>
      <id>10729</id>
      <id>10730</id>
      <id>10731</id>
      <id>10732</id>
      <id>10733</id>
      <id>10734</id>
      <id>10735</id>
      <id>10736</id>
      <id>10737</id>
      <id>10738</id>
      <id>10739</id>
      <id>10740</id>
      <id>10741</id>
      <id>10742</id>
      <id>10743</id>
      <id>10744</id>
      <id>10745</id>
      <id>10746</id>
      <id>10747</id>
      <id>10748</id>
      <id>10749</id>
      <id>10750</id>
      <id>10751</id>
      <id>10752</id>
      <id>10753</id>
      <id>10754</id>
      <id>10755</id>
      <id>10756</id>
      <id>10757</id>
      <id>10758</id>
      <id>10759</id>
      <id>10760</id>
      <id>10761</id>
      <id>10762</id>
      <id>10763</id>
      <id>10764</id>
      <id>10765</id>
      <id>10766</id>
      <id>10767</id>
      <id>10768</id>
      <id>10769</id>
      <id>10770</id>
      <id>10771</id>
      <id>10772</id>
      <id>10773</id>
      <id>10774</id>
      <id>10775</id>
   </successors>
   <trajectory>
      <states>
         <state>
            <time>0</time>
            <x>0</x>
            <y>0</y>
            <velocity>24.4</velocity>
            <orientation>0</orientation>
         </state>
         <state>
            <time>0.1</time>
            <x>2.4454</x>
            <y>-0.047857</y>
            <velocity>24.52</velocity>
            <orientation>-0.039136</orientation>
         </state>
         <state>
            <time>0.2</time>
            <x>4.899</x>
            <y>-0.1923</y>
            <velocity>24.64</velocity>
            <orientation>-0.078464</orientation>
         </state>
         <state>
            <time>0.3</time>
            <x>7.3569</x>
            <y>-0.4345</y>
            <velocity>24.76</velocity>
            <orientation>-0.11798</orientation>
         </state>
         <state>
            <time>0.4</time>
            <x>9.8152</x>
            <y>-0.77552</y>
            <velocity>24.88</velocity>
            <orientation>-0.1577</orientation>
         </state>
         <state>
            <time>0.5</time>
            <x>12.2698</x>
            <y>-1.2162</y>
            <velocity>25</velocity>
            <orientation>-0.1976</orientation>
         </state>
         <state>
            <time>0.6</time>
            <x>14.7165</x>
            <y>-1.7573</y>
            <velocity>25.12</velocity>
            <orientation>-0.2377</orientation>
         </state>
         <state>
            <time>0.7</time>
            <x>17.1511</x>
            <y>-2.3993</y>
            <velocity>25.24</velocity>
            <orientation>-0.27798</orientation>
         </state>
         <state>
            <time>0.8</time>
            <x>19.5693</x>
            <y>-3.1427</y>
            <velocity>25.36</velocity>
            <orientation>-0.31846</orientation>
         </state>
         <state>
            <time>0.9</time>
            <x>21.9666</x>
            <y>-3.9874</y>
            <velocity>25.48</velocity>
            <orientation>-0.35914</orientation>
         </state>
         <state>
            <time>1</time>
            <x>24.3386</x>
            <y>-4.9337</y>
            <velocity>25.6</velocity>
            <orientation>-0.4</orientation>
         </state>
      </states>
      <inputs>
         <input>
            <acceleration>1.2</acceleration>
            <steer>-0.036783</steer>
         </input>
         <input>
            <acceleration>1.2</acceleration>
            <steer>-0.036783</steer>
         </input>
         <input>
            <acceleration>1.2</acceleration>
            <steer>-0.036783</steer>
         </input>
         <input>
            <acceleration>1.2</acceleration>
            <steer>-0.036783</steer>
         </input>
         <input>
            <acceleration>1.2</acceleration>
            <steer>-0.036783</steer>
         </input>
         <input>
            <acceleration>1.2</acceleration>
            <steer>-0.036783</steer>
         </input>
         <input>
            <acceleration>1.2</acceleration>
            <steer>-0.036783</steer>
         </input>
         <input>
            <acceleration>1.2</acceleration>
            <steer>-0.036783</steer>
         </input>
         <input>
            <acceleration>1.2</acceleration>
            <steer>-0.036783</steer>
         </input>
         <input>
            <acceleration>1.2</acceleration>
            <steer>-0.036783</steer>
         </input>
      </inputs>
   </trajectory>
   <occupancySet>
      <occupancy>
         <time>
            <intervalStart>0</intervalStart>
            <intervalEnd>0.1</intervalEnd>
         </time>
         <set>
            <point>
               <element dimension="1">-1.1237</element>
               <element dimension="2">-1.0186</element>
            </point>
            <point>
               <element dimension="1">-1.1197</element>
               <element dimension="2">1.027</element>
            </point>
            <point>
               <element dimension="1">-1.1197</element>
               <element dimension="2">1.0273</element>
            </point>
            <point>
               <element dimension="1">-1.1196</element>
               <element dimension="2">1.029</element>
            </point>
            <point>
               <element dimension="1">3.3432</element>
               <element dimension="2">1.0203</element>
            </point>
            <point>
               <element dimension="1">3.6557</element>
               <element dimension="2">1.0142</element>
            </point>
            <point>
               <element dimension="1">5.8851</element>
               <element dimension="2">0.93124</element>
            </point>
            <point>
               <element dimension="1">5.8846</element>
               <element dimension="2">0.71153</element>
            </point>
            <point>
               <element dimension="1">5.8818</element>
               <element dimension="2">0.5683</element>
            </point>
            <point>
               <element dimension="1">5.8177</element>
               <element dimension="2">-1.1557</element>
            </point>
            <point>
               <element dimension="1">5.627</element>
               <element dimension="2">-1.1553</element>
            </point>
            <point>
               <element dimension="1">-0.86224</element>
               <element dimension="2">-1.0283</element>
            </point>
         </set>
      </occupancy>
      <occupancy>
         <time>
            <intervalStart>0.1</intervalStart>
            <intervalEnd>0.2</intervalEnd>
         </time>
         <set>
            <point>
               <element dimension="1">1.0533</element>
               <element dimension="2">-0.98004</element>
            </point>
            <point>
               <element dimension="1">1.1263</element>
               <element dimension="2">0.98273</element>
            </point>
            <point>
               <element dimension="1">1.1276</element>
               <element dimension="2">0.99964</element>
            </point>
            <point>
               <element dimension="1">5.1665</element>
               <element dimension="2">0.84939</element>
            </point>
            <point>
               <element dimension="1">5.8837</element>
               <element dimension="2">0.80858</element>
            </point>
            <point>
               <element dimension="1">8.3643</element>
               <element dimension="2">0.61843</element>
            </point>
            <point>
               <element dimension="1">8.3529</element>
               <element dimension="2">0.31304</element>
            </point>
            <point>
               <element dimension="1">8.3527</element>
               <element dimension="2">0.30852</element>
            </point>
            <point>
               <element dimension="1">8.2193</element>
               <element dimension="2">-1.4322</element>
            </point>
            <point>
               <element dimension="1">8.0505</element>
               <element dimension="2">-1.4259</element>
            </point>
            <point>
               <element dimension="1">3.4659</element>
               <element dimension="2">-1.165</element>
            </point>
         </set>
      </occupancy>
      <occupancy>
         <time>
            <intervalStart>0.2</intervalStart>
            <intervalEnd>0.3</intervalEnd>
         </time>
         <set>
            <point>
               <element dimension="1">3.4759</element>
               <element dimension="2">-1.0699</element>
            </point>
            <point>
               <element dimension="1">3.6254</element>
               <element dimension="2">0.88139</element>
            </point>
            <point>
               <element dimension="1">3.6278</element>
               <element dimension="2">0.90201</element>
            </point>
            <point>
               <element dimension="1">7.8733</element>
               <element dimension="2">0.57657</element>
            </point>
            <point>
               <element dimension="1">8.3586</element>
               <element dimension="2">0.52971</element>
            </point>
            <point>
               <element dimension="1">10.8417</element>
               <element dimension="2">0.24034</element>
            </point>
            <point>
               <element dimension="1">10.8194</element>
               <element dimension="2">-0.050221</element>
            </point>
            <point>
               <element dimension="1">10.6161</element>
               <element dimension="2">-1.7943</element>
            </point>
            <point>
               <element dimension="1">10.4698</element>
               <element dimension="2">-1.7831</element>
            </point>
            <point>
               <element dimension="1">5.3665</element>
               <element dimension="2">-1.2903</element>
            </point>
         </set>
      </occupancy>
      <occupancy>
         <time>
            <intervalStart>0.3</intervalStart>
            <intervalEnd>0.4</intervalEnd>
         </time>
         <set>
            <point>
               <element dimension="1">5.9107</element>
               <element dimension="2">-1.2464</element>
            </point>
            <point>
               <element dimension="1">6.134</element>
               <element dimension="2">0.66934</element>
            </point>
            <point>
               <element dimension="1">6.1384</element>
               <element dimension="2">0.69736</element>
            </point>
            <point>
               <element dimension="1">10.385</element>
               <element dimension="2">0.20246</element>
            </point>
            <point>
               <element dimension="1">10.8279</element>
               <element dimension="2">0.14192</element>
            </point>
            <point>
               <element dimension="1">13.3134</element>
               <element dimension="2">-0.24827</element>
            </point>
            <point>
               <element dimension="1">13.2828</element>
               <element dimension="2">-0.51097</element>
            </point>
            <point>
               <element dimension="1">13.0097</element>
               <element dimension="2">-2.2508</element>
            </point>
            <point>
               <element dimension="1">12.885</element>
               <element dimension="2">-2.2363</element>
            </point>
            <point>
               <element dimension="1">7.7105</element>
               <element dimension="2">-1.5289</element>
            </point>
         </set>
      </occupancy>
      <occupancy>
         <time>
            <intervalStart>0.4</intervalStart>
            <intervalEnd>0.5</intervalEnd>
         </time>
         <set>
            <point>
               <element dimension="1">8.3486</element>
               <element dimension="2">-1.5188</element>
            </point>
            <point>
               <element dimension="1">8.6442</element>
               <element dimension="2">0.36448</element>
            </point>
            <point>
               <element dimension="1">8.6492</element>
               <element dimension="2">0.38955</element>
            </point>
            <point>
               <element dimension="1">12.9012</element>
               <element dimension="2">-0.27795</element>
            </point>
            <point>
               <element dimension="1">13.2937</element>
               <element dimension="2">-0.34762</element>
            </point>
            <point>
               <element dimension="1">15.773</element>
               <element dimension="2">-0.83886</element>
            </point>
            <point>
               <element dimension="1">15.7358</element>
               <element dimension="2">-1.076</element>
            </point>
            <point>
               <element dimension="1">15.3943</element>
               <element dimension="2">-2.7995</element>
            </point>
            <point>
               <element dimension="1">15.2923</element>
               <element dimension="2">-2.7835</element>
            </point>
            <point>
               <element dimension="1">9.9146</element>
               <element dimension="2">-1.8291</element>
            </point>
         </set>
      </occupancy>
      <occupancy>
         <time>
            <intervalStart>0.5</intervalStart>
            <intervalEnd>0.6</intervalEnd>
         </time>
         <set>
            <point>
               <element dimension="1">10.7885</element>
               <element dimension="2">-1.8857</element>
            </point>
            <point>
               <element dimension="1">11.1533</element>
               <element dimension="2">-0.04485</element>
            </point>
            <point>
               <element dimension="1">11.1583</element>
               <element dimension="2">-0.024094</element>
            </point>
            <point>
               <element dimension="1">15.3458</element>
               <element dimension="2">-0.85381</element>
            </point>
            <point>
               <element dimension="1">15.7468</element>
               <element dimension="2">-0.94166</element>
            </point>
            <point>
               <element dimension="1">18.217</element>
               <element dimension="2">-1.5349</element>
            </point>
            <point>
               <element dimension="1">18.1762</element>
               <element dimension="2">-1.7411</element>
            </point>
            <point>
               <element dimension="1">17.7667</element>
               <element dimension="2">-3.4459</element>
            </point>
            <point>
               <element dimension="1">17.6871</element>
               <element dimension="2">-3.4302</element>
            </point>
            <point>
               <element dimension="1">12.3655</element>
               <element dimension="2">-2.2644</element>
            </point>
         </set>
      </occupancy>
      <occupancy>
         <time>
            <intervalStart>0.6</intervalStart>
            <intervalEnd>0.7</intervalEnd>
         </time>
         <set>
            <point>
               <element dimension="1">13.2245</element>
               <element dimension="2">-2.353</element>
            </point>
            <point>
               <element dimension="1">13.6557</element>
               <element dimension="2">-0.55745</element>
            </point>
            <point>
               <element dimension="1">13.6604</element>
               <element dimension="2">-0.54071</element>
            </point>
            <point>
               <element dimension="1">17.7884</element>
               <element dimension="2">-1.5321</element>
            </point>
            <point>
               <element dimension="1">18.186</element>
               <element dimension="2">-1.6361</element>
            </point>
            <point>
               <element dimension="1">20.6417</element>
               <element dimension="2">-2.3315</element>
            </point>
            <point>
               <element dimension="1">20.5996</element>
               <element dimension="2">-2.5068</element>
            </point>
            <point>
               <element dimension="1">20.1229</element>
               <element dimension="2">-4.1902</element>
            </point>
            <point>
               <element dimension="1">20.0652</element>
               <element dimension="2">-4.1763</element>
            </point>
            <point>
               <element dimension="1">14.797</element>
               <element dimension="2">-2.7983</element>
            </point>
         </set>
      </occupancy>
      <occupancy>
         <time>
            <intervalStart>0.7</intervalStart>
            <intervalEnd>0.8</intervalEnd>
         </time>
         <set>
            <point>
               <element dimension="1">15.6522</element>
               <element dimension="2">-2.9211</element>
            </point>
            <point>
               <element dimension="1">16.1471</element>
               <element dimension="2">-1.1737</element>
            </point>
            <point>
               <element dimension="1">16.1512</element>
               <element dimension="2">-1.1609</element>
            </point>
            <point>
               <element dimension="1">20.2134</element>
               <element dimension="2">-2.3113</element>
            </point>
            <point>
               <element dimension="1">20.607</element>
               <element dimension="2">-2.4314</element>
            </point>
            <point>
               <element dimension="1">23.0428</element>
               <element dimension="2">-3.229</element>
            </point>
            <point>
               <element dimension="1">23.0019</element>
               <element dimension="2">-3.3733</element>
            </point>
            <point>
               <element dimension="1">22.4587</element>
               <element dimension="2">-5.0324</element>
            </point>
            <point>
               <element dimension="1">22.4223</element>
               <element dimension="2">-5.0221</element>
            </point>
            <point>
               <element dimension="1">17.2163</element>
               <element dimension="2">-3.4333</element>
            </point>
         </set>
      </occupancy>
      <occupancy>
         <time>
            <intervalStart>0.8</intervalStart>
            <intervalEnd>0.9</intervalEnd>
         </time>
         <set>
            <point>
               <element dimension="1">18.0674</element>
               <element dimension="2">-3.5908</element>
            </point>
            <point>
               <element dimension="1">18.623</element>
               <element dimension="2">-1.8939</element>
            </point>
            <point>
               <element dimension="1">18.6263</element>
               <element dimension="2">-1.885</element>
            </point>
            <point>
               <element dimension="1">22.6153</element>
               <element dimension="2">-3.1911</element>
            </point>
            <point>
               <element dimension="1">23.0054</element>
               <element dimension="2">-3.3277</element>
            </point>
            <point>
               <element dimension="1">25.4157</element>
               <element dimension="2">-4.227</element>
            </point>
            <point>
               <element dimension="1">25.3786</element>
               <element dimension="2">-4.3405</element>
            </point>
            <point>
               <element dimension="1">24.7695</element>
               <element dimension="2">-5.9729</element>
            </point>
            <point>
               <element dimension="1">24.7642</element>
               <element dimension="2">-5.9712</element>
            </point>
            <point>
               <element dimension="1">19.6226</element>
               <element dimension="2">-4.171</element>
            </point>
         </set>
      </occupancy>
      <occupancy>
         <time>
            <intervalStart>0.9</intervalStart>
            <intervalEnd>1</intervalEnd>
         </time>
         <set>
            <point>
               <element dimension="1">20.4656</element>
               <element dimension="2">-4.3623</element>
            </point>
            <point>
               <element dimension="1">21.079</element>
               <element dimension="2">-2.7183</element>
            </point>
            <point>
               <element dimension="1">21.0817</element>
               <element dimension="2">-2.7119</element>
            </point>
            <point>
               <element dimension="1">24.9277</element>
               <element dimension="2">-4.1468</element>
            </point>
            <point>
               <element dimension="1">25.3768</element>
               <element dimension="2">-4.3249</element>
            </point>
            <point>
               <element dimension="1">27.7558</element>
               <element dimension="2">-5.325</element>
            </point>
            <point>
               <element dimension="1">27.7162</element>
               <element dimension="2">-5.4311</element>
            </point>
            <point>
               <element dimension="1">27.0512</element>
               <element dimension="2">-7.0131</element>
            </point>
            <point>
               <element dimension="1">27.0477</element>
               <element dimension="2">-7.0118</element>
            </point>
            <point>
               <element dimension="1">22.1145</element>
               <element dimension="2">-5.0555</element>
            </point>
         </set>
      </occupancy>
   </occupancySet>
   <reachableSet>
      <reachability>
         <time>0</time>
         <x>
            <intervalStart>-0.1</intervalStart>
            <intervalEnd>0.1</intervalEnd>
         </x>
         <y>
            <intervalStart>-0.1</intervalStart>
            <intervalEnd>0.1</intervalEnd>
         </y>
         <velocity>
            <intervalStart>24.2</intervalStart>
            <intervalEnd>24.6</intervalEnd>
         </velocity>
         <orientation>
            <intervalStart>-0.02</intervalStart>
            <intervalEnd>0.02</intervalEnd>
         </orientation>
      </reachability>
      <reachability>
         <time>1</time>
         <x>
            <intervalStart>24.3365</intervalStart>
            <intervalEnd>24.3404</intervalEnd>
         </x>
         <y>
            <intervalStart>-4.9392</intervalStart>
            <intervalEnd>-4.9284</intervalEnd>
         </y>
         <velocity>
            <intervalStart>25.6</intervalStart>
            <intervalEnd>25.6</intervalEnd>
         </velocity>
         <orientation>
            <intervalStart>-0.40023</intervalStart>
            <intervalEnd>-0.39978</intervalEnd>
         </orientation>
      </reachability>
   </reachableSet>
</motionPrimitive>