<?xml version="1.0" encoding="utf-8"?>
<motionPrimitive ID="10018">
   <controller type="generator space control">controller10018.mat</controller>
   <successors>
      <id>9276</id>
      <id>9277</id>
      <id>9278</id>
      <id>9279</id>
      <id>9280</id>
      <id>9281</id>
      <id>9282</id>
      <id>9283</id>
      <id>9284</id>
      <id>9285</id>
      <id>9286</id>
      <id>9287</id>
      <id>9288</id>
      <id>9289</id>
      <id>9290</id>
      <id>9291</id>
      <id>9292</id>
      <id>9293</id>
      <id>9294</id>
      <id>9295</id>
      <id>9296</id>
      <id>9297</id>
      <id>9298</id>
      <id>9299</id>
      <id>9300</id>
      <id>9301</id>
      <id>9302</id>
      <id>9303</id>
      <id>9304</id>
      <id>9305</id>
      <id>9306</id>
      <id>9307</id>
      <id>9308</id>
      <id>9309</id>
      <id>9310</id>
      <id>9311</id>
      <id>9312</id>
      <id>9313</id>
      <id>9314</id>
      <id>9315</id>
      <id>9316</id>
      <id>9317</id>
      <id>9318</id>
      <id>9319</id>
      <id>9320</id>
      <id>9321</id>
      <id>9322</id>
      <id>9323</id>
      <id>9324</id>
      <id>9325</id>
      <id>9326</id>
      <id>9327</id>
      <id>9328</id>
      <id>9329</id>
      <id>9330</id>
      <id>9331</id>
      <id>9332</id>
      <id>9333</id>
      <id>9334</id>
      <id>9335</id>
      <id>9336</id>
      <id>9337</id>
      <id>9338</id>
      <id>9339</id>
      <id>9340</id>
      <id>9341</id>
      <id>9342</id>
      <id>9343</id>
      <id>9344</id>
      <id>9345</id>
      <id>9346</id>
      <id>9347</id>
      <id>9348</id>
      <id>9349</id>
      <id>9350</id>
      <id>9351</id>
      <id>9352</id>
      <id>9353</id>
      <id>9354</id>
      <id>9355</id>
      <id>9356</id>
      <id>9357</id>
      <id>9358</id>
      <id>9359</id>
      <id>9360</id>
      <id>9361</id>
      <id>9362</id>
      <id>9363</id>
      <id>9364</id>
      <id>9365</id>
      <id>9366</id>
      <id>9367</id>
      <id>9368</id>
      <id>9369</id>
      <id>9370</id>
      <id>9371</id>
      <id>9372</id>
      <id>9373</id>
      <id>9374</id>
      <id>9375</id>
      <id>9376</id>
      <id>9377</id>
      <id>9378</id>
      <id>9379</id>
      <id>9380</id>
      <id>9381</id>
      <id>9382</id>
      <id>9383</id>
      <id>9384</id>
      <id>9385</id>
      <id>9386</id>
      <id>9387</id>
      <id>9388</id>
      <id>9389</id>
      <id>9390</id>
      <id>9391</id>
      <id>9392</id>
      <id>9393</id>
      <id>9394</id>
      <id>9395</id>
      <id>9396</id>
      <id>9397</id>
      <id>9398</id>
      <id>9399</id>
      <id>9400</id>
      <id>9401</id>
      <id>9402</id>
      <id>9403</id>
      <id>9404</id>
      <id>9405</id>
      <id>9406</id>
      <id>9407</id>
      <id>9408</id>
      <id>9409</id>
      <id>9410</id>
      <id>9411</id>
      <id>9412</id>
      <id>9413</id>
      <id>9414</id>
      <id>9415</id>
      <id>9416</id>
      <id>9417</id>
      <id>9418</id>
      <id>9419</id>
      <id>9420</id>
      <id>9421</id>
      <id>9422</id>
      <id>9423</id>
      <id>9424</id>
      <id>9425</id>
      <id>9426</id>
      <id>9427</id>
      <id>9428</id>
      <id>9429</id>
      <id>9430</id>
      <id>9431</id>
      <id>9432</id>
      <id>9433</id>
      <id>9434</id>
      <id>9435</id>
      <id>9436</id>
      <id>9437</id>
      <id>9438</id>
      <id>9439</id>
      <id>9440</id>
      <id>9441</id>
      <id>9442</id>
      <id>9443</id>
      <id>9444</id>
      <id>9445</id>
      <id>9446</id>
      <id>9447</id>
      <id>9448</id>
      <id>9449</id>
      <id>9450</id>
      <id>9451</id>
      <id>9452</id>
      <id>9453</id>
      <id>9454</id>
      <id>9455</id>
   </successors>
   <trajectory>
      <states>
         <state>
            <time>0</time>
            <x>0</x>
            <y>0</y>
            <velocity>24</velocity>
            <orientation>0</orientation>
         </state>
         <state>
            <time>0.1</time>
            <x>2.3898</x>
            <y>-0.12236</y>
            <velocity>23.88</velocity>
            <orientation>-0.10231</orientation>
         </state>
         <state>
            <time>0.2</time>
            <x>4.7429</x>
            <y>-0.48571</y>
            <velocity>23.76</velocity>
            <orientation>-0.2041</orientation>
         </state>
         <state>
            <time>0.3</time>
            <x>7.0354</x>
            <y>-1.0827</y>
            <velocity>23.64</velocity>
            <orientation>-0.30538</orientation>
         </state>
         <state>
            <time>0.4</time>
            <x>9.2448</x>
            <y>-1.9037</y>
            <velocity>23.52</velocity>
            <orientation>-0.40615</orientation>
         </state>
         <state>
            <time>0.5</time>
            <x>11.35</x>
            <y>-2.9369</y>
            <velocity>23.4</velocity>
            <orientation>-0.50641</orientation>
         </state>
         <state>
            <time>0.6</time>
            <x>13.3312</x>
            <y>-4.1688</y>
            <velocity>23.28</velocity>
            <orientation>-0.60615</orientation>
         </state>
         <state>
            <time>0.7</time>
            <x>15.1708</x>
            <y>-5.5841</y>
            <velocity>23.16</velocity>
            <orientation>-0.70538</orientation>
         </state>
         <state>
            <time>0.8</time>
            <x>16.8529</x>
            <y>-7.1661</y>
            <velocity>23.04</velocity>
            <orientation>-0.8041</orientation>
         </state>
         <state>
            <time>0.9</time>
            <x>18.3634</x>
            <y>-8.8967</y>
            <velocity>22.92</velocity>
            <orientation>-0.90231</orientation>
         </state>
         <state>
            <time>1</time>
            <x>19.6904</x>
            <y>-10.7569</y>
            <velocity>22.8</velocity>
            <orientation>-1</orientation>
         </state>
      </states>
      <inputs>
         <input>
            <acceleration>-1.2</acceleration>
            <steer>-0.097976</steer>
         </input>
         <input>
            <acceleration>-1.2</acceleration>
            <steer>-0.097976</steer>
         </input>
         <input>
            <acceleration>-1.2</acceleration>
            <steer>-0.097976</steer>
         </input>
         <input>
            <acceleration>-1.2</acceleration>
            <steer>-0.097976</steer>
         </input>
         <input>
            <acceleration>-1.2</acceleration>
            <steer>-0.097976</steer>
         </input>
         <input>
            <acceleration>-1.2</acceleration>
            <steer>-0.097976</steer>
         </input>
         <input>
            <acceleration>-1.2</acceleration>
            <steer>-0.097976</steer>
         </input>
         <input>
            <acceleration>-1.2</acceleration>
            <steer>-0.097976</steer>
         </input>
         <input>
            <acceleration>-1.2</acceleration>
            <steer>-0.097976</steer>
         </input>
         <input>
            <acceleration>-1.2</acceleration>
            <steer>-0.097976</steer>
         </input>
      </inputs>
   </trajectory>
   <occupancySet>
      <occupancy>
         <time>
            <intervalStart>0</intervalStart>
            <intervalEnd>0.1</intervalEnd>
         </time>
         <set>
            <point>
               <element dimension="1">-1.1303</element>
               <element dimension="2">-1.021</element>
            </point>
            <point>
               <element dimension="1">-1.1198</element>
               <element dimension="2">1.042</element>
            </point>
            <point>
               <element dimension="1">-1.1197</element>
               <element dimension="2">1.0439</element>
            </point>
            <point>
               <element dimension="1">-1.1142</element>
               <element dimension="2">1.1</element>
            </point>
            <point>
               <element dimension="1">2.2294</element>
               <element dimension="2">1.0829</element>
            </point>
            <point>
               <element dimension="1">3.6522</element>
               <element dimension="2">1.01</element>
            </point>
            <point>
               <element dimension="1">5.9036</element>
               <element dimension="2">0.79049</element>
            </point>
            <point>
               <element dimension="1">5.9023</element>
               <element dimension="2">0.53455</element>
            </point>
            <point>
               <element dimension="1">5.8964</element>
               <element dimension="2">0.41912</element>
            </point>
            <point>
               <element dimension="1">5.7068</element>
               <element dimension="2">-1.5253</element>
            </point>
            <point>
               <element dimension="1">5.5075</element>
               <element dimension="2">-1.5243</element>
            </point>
            <point>
               <element dimension="1">2.399</element>
               <element dimension="2">-1.3652</element>
            </point>
         </set>
      </occupancy>
      <occupancy>
         <time>
            <intervalStart>0.1</intervalStart>
            <intervalEnd>0.2</intervalEnd>
         </time>
         <set>
            <point>
               <element dimension="1">0.91459</element>
               <element dimension="2">-1.0622</element>
            </point>
            <point>
               <element dimension="1">1.1162</element>
               <element dimension="2">1.0056</element>
            </point>
            <point>
               <element dimension="1">1.1265</element>
               <element dimension="2">1.0741</element>
            </point>
            <point>
               <element dimension="1">1.142</element>
               <element dimension="2">1.1514</element>
            </point>
            <point>
               <element dimension="1">4.6135</element>
               <element dimension="2">0.81293</element>
            </point>
            <point>
               <element dimension="1">5.902</element>
               <element dimension="2">0.62073</element>
            </point>
            <point>
               <element dimension="1">8.3295</element>
               <element dimension="2">0.1311</element>
            </point>
            <point>
               <element dimension="1">8.2946</element>
               <element dimension="2">-0.22716</element>
            </point>
            <point>
               <element dimension="1">8.292</element>
               <element dimension="2">-0.24437</element>
            </point>
            <point>
               <element dimension="1">7.8829</element>
               <element dimension="2">-2.2727</element>
            </point>
            <point>
               <element dimension="1">7.7018</element>
               <element dimension="2">-2.2551</element>
            </point>
            <point>
               <element dimension="1">4.3482</element>
               <element dimension="2">-1.7548</element>
            </point>
         </set>
      </occupancy>
      <occupancy>
         <time>
            <intervalStart>0.2</intervalStart>
            <intervalEnd>0.3</intervalEnd>
         </time>
         <set>
            <point>
               <element dimension="1">3.1754</element>
               <element dimension="2">-1.3271</element>
            </point>
            <point>
               <element dimension="1">3.5909</element>
               <element dimension="2">0.73299</element>
            </point>
            <point>
               <element dimension="1">3.6248</element>
               <element dimension="2">0.86566</element>
            </point>
            <point>
               <element dimension="1">3.6543</element>
               <element dimension="2">0.96109</element>
            </point>
            <point>
               <element dimension="1">7.0531</element>
               <element dimension="2">0.27558</element>
            </point>
            <point>
               <element dimension="1">8.3104</element>
               <element dimension="2">-0.044987</element>
            </point>
            <point>
               <element dimension="1">10.6704</element>
               <element dimension="2">-0.77589</element>
            </point>
            <point>
               <element dimension="1">10.5966</element>
               <element dimension="2">-1.1417</element>
            </point>
            <point>
               <element dimension="1">9.9501</element>
               <element dimension="2">-3.2293</element>
            </point>
            <point>
               <element dimension="1">9.7996</element>
               <element dimension="2">-3.1989</element>
            </point>
            <point>
               <element dimension="1">6.517</element>
               <element dimension="2">-2.362</element>
            </point>
         </set>
      </occupancy>
      <occupancy>
         <time>
            <intervalStart>0.3</intervalStart>
            <intervalEnd>0.4</intervalEnd>
         </time>
         <set>
            <point>
               <element dimension="1">5.3872</element>
               <element dimension="2">-1.8166</element>
            </point>
            <point>
               <element dimension="1">6.0692</element>
               <element dimension="2">0.38553</element>
            </point>
            <point>
               <element dimension="1">6.0762</element>
               <element dimension="2">0.40453</element>
            </point>
            <point>
               <element dimension="1">6.1074</element>
               <element dimension="2">0.47821</element>
            </point>
            <point>
               <element dimension="1">10.1708</element>
               <element dimension="2">-0.7802</element>
            </point>
            <point>
               <element dimension="1">10.6278</element>
               <element dimension="2">-0.94742</element>
            </point>
            <point>
               <element dimension="1">12.8911</element>
               <element dimension="2">-1.9076</element>
            </point>
            <point>
               <element dimension="1">12.7613</element>
               <element dimension="2">-2.3268</element>
            </point>
            <point>
               <element dimension="1">12.68</element>
               <element dimension="2">-2.5489</element>
            </point>
            <point>
               <element dimension="1">11.9355</element>
               <element dimension="2">-4.3039</element>
            </point>
            <point>
               <element dimension="1">11.813</element>
               <element dimension="2">-4.2659</element>
            </point>
            <point>
               <element dimension="1">7.0705</element>
               <element dimension="2">-2.5307</element>
            </point>
         </set>
      </occupancy>
      <occupancy>
         <time>
            <intervalStart>0.4</intervalStart>
            <intervalEnd>0.5</intervalEnd>
         </time>
         <set>
            <point>
               <element dimension="1">7.5498</element>
               <element dimension="2">-2.4392</element>
            </point>
            <point>
               <element dimension="1">8.4356</element>
               <element dimension="2">-0.35112</element>
            </point>
            <point>
               <element dimension="1">8.4664</element>
               <element dimension="2">-0.29488</element>
            </point>
            <point>
               <element dimension="1">12.4894</element>
               <element dimension="2">-2.0016</element>
            </point>
            <point>
               <element dimension="1">12.7995</element>
               <element dimension="2">-2.1519</element>
            </point>
            <point>
               <element dimension="1">14.9487</element>
               <element dimension="2">-3.3302</element>
            </point>
            <point>
               <element dimension="1">14.6999</element>
               <element dimension="2">-3.9167</element>
            </point>
            <point>
               <element dimension="1">14.6947</element>
               <element dimension="2">-3.9272</element>
            </point>
            <point>
               <element dimension="1">13.804</element>
               <element dimension="2">-5.5519</element>
            </point>
            <point>
               <element dimension="1">13.707</element>
               <element dimension="2">-5.5108</element>
            </point>
            <point>
               <element dimension="1">8.9161</element>
               <element dimension="2">-3.1883</element>
            </point>
         </set>
      </occupancy>
      <occupancy>
         <time>
            <intervalStart>0.5</intervalStart>
            <intervalEnd>0.6</intervalEnd>
         </time>
         <set>
            <point>
               <element dimension="1">9.639</element>
               <element dimension="2">-3.2601</element>
            </point>
            <point>
               <element dimension="1">10.6874</element>
               <element dimension="2">-1.3478</element>
            </point>
            <point>
               <element dimension="1">10.7201</element>
               <element dimension="2">-1.3002</element>
            </point>
            <point>
               <element dimension="1">14.4629</element>
               <element dimension="2">-3.3522</element>
            </point>
            <point>
               <element dimension="1">14.8215</element>
               <element dimension="2">-3.5728</element>
            </point>
            <point>
               <element dimension="1">16.8439</element>
               <element dimension="2">-4.9602</element>
            </point>
            <point>
               <element dimension="1">16.575</element>
               <element dimension="2">-5.4506</element>
            </point>
            <point>
               <element dimension="1">15.5299</element>
               <element dimension="2">-6.9742</element>
            </point>
            <point>
               <element dimension="1">15.4568</element>
               <element dimension="2">-6.9342</element>
            </point>
            <point>
               <element dimension="1">10.9908</element>
               <element dimension="2">-4.1874</element>
            </point>
         </set>
      </occupancy>
      <occupancy>
         <time>
            <intervalStart>0.6</intervalStart>
            <intervalEnd>0.7</intervalEnd>
         </time>
         <set>
            <point>
               <element dimension="1">11.631</element>
               <element dimension="2">-4.2876</element>
            </point>
            <point>
               <element dimension="1">12.817</element>
               <element dimension="2">-2.5588</element>
            </point>
            <point>
               <element dimension="1">12.8486</element>
               <element dimension="2">-2.5213</element>
            </point>
            <point>
               <element dimension="1">16.3539</element>
               <element dimension="2">-4.9259</element>
            </point>
            <point>
               <element dimension="1">16.6837</element>
               <element dimension="2">-5.1771</element>
            </point>
            <point>
               <element dimension="1">18.554</element>
               <element dimension="2">-6.7541</element>
            </point>
            <point>
               <element dimension="1">18.2876</element>
               <element dimension="2">-7.1424</element>
            </point>
            <point>
               <element dimension="1">17.1</element>
               <element dimension="2">-8.5508</element>
            </point>
            <point>
               <element dimension="1">17.0487</element>
               <element dimension="2">-8.5156</element>
            </point>
            <point>
               <element dimension="1">12.8769</element>
               <element dimension="2">-5.3381</element>
            </point>
         </set>
      </occupancy>
      <occupancy>
         <time>
            <intervalStart>0.7</intervalStart>
            <intervalEnd>0.8</intervalEnd>
         </time>
         <set>
            <point>
               <element dimension="1">13.5081</element>
               <element dimension="2">-5.507</element>
            </point>
            <point>
               <element dimension="1">14.8038</element>
               <element dimension="2">-3.9704</element>
            </point>
            <point>
               <element dimension="1">14.8327</element>
               <element dimension="2">-3.9422</element>
            </point>
            <point>
               <element dimension="1">18.0696</element>
               <element dimension="2">-6.6715</element>
            </point>
            <point>
               <element dimension="1">18.3683</element>
               <element dimension="2">-6.9497</element>
            </point>
            <point>
               <element dimension="1">20.0637</element>
               <element dimension="2">-8.6928</element>
            </point>
            <point>
               <element dimension="1">19.8185</element>
               <element dimension="2">-8.9837</element>
            </point>
            <point>
               <element dimension="1">18.5018</element>
               <element dimension="2">-10.2644</element>
            </point>
            <point>
               <element dimension="1">18.4697</element>
               <element dimension="2">-10.2374</element>
            </point>
            <point>
               <element dimension="1">14.6331</element>
               <element dimension="2">-6.6637</element>
            </point>
         </set>
      </occupancy>
      <occupancy>
         <time>
            <intervalStart>0.8</intervalStart>
            <intervalEnd>0.9</intervalEnd>
         </time>
         <set>
            <point>
               <element dimension="1">15.2519</element>
               <element dimension="2">-6.9054</element>
            </point>
            <point>
               <element dimension="1">16.6299</element>
               <element dimension="2">-5.5651</element>
            </point>
            <point>
               <element dimension="1">16.6548</element>
               <element dimension="2">-5.5452</element>
            </point>
            <point>
               <element dimension="1">19.5952</element>
               <element dimension="2">-8.5683</element>
            </point>
            <point>
               <element dimension="1">19.8613</element>
               <element dimension="2">-8.8703</element>
            </point>
            <point>
               <element dimension="1">21.3631</element>
               <element dimension="2">-10.7531</element>
            </point>
            <point>
               <element dimension="1">21.1562</element>
               <element dimension="2">-10.9545</element>
            </point>
            <point>
               <element dimension="1">19.7235</element>
               <element dimension="2">-12.0972</element>
            </point>
            <point>
               <element dimension="1">19.7145</element>
               <element dimension="2">-12.0878</element>
            </point>
            <point>
               <element dimension="1">16.2493</element>
               <element dimension="2">-8.1559</element>
            </point>
         </set>
      </occupancy>
      <occupancy>
         <time>
            <intervalStart>0.9</intervalStart>
            <intervalEnd>1</intervalEnd>
         </time>
         <set>
            <point>
               <element dimension="1">16.8457</element>
               <element dimension="2">-8.4682</element>
            </point>
            <point>
               <element dimension="1">18.2797</element>
               <element dimension="2">-7.3243</element>
            </point>
            <point>
               <element dimension="1">18.3046</element>
               <element dimension="2">-7.3082</element>
            </point>
            <point>
               <element dimension="1">20.8459</element>
               <element dimension="2">-10.4942</element>
            </point>
            <point>
               <element dimension="1">21.1505</element>
               <element dimension="2">-10.9169</element>
            </point>
            <point>
               <element dimension="1">22.4363</element>
               <element dimension="2">-12.8986</element>
            </point>
            <point>
               <element dimension="1">22.2216</element>
               <element dimension="2">-13.0699</element>
            </point>
            <point>
               <element dimension="1">22.2214</element>
               <element dimension="2">-13.07</element>
            </point>
            <point>
               <element dimension="1">20.7515</element>
               <element dimension="2">-14.0238</element>
            </point>
            <point>
               <element dimension="1">20.745</element>
               <element dimension="2">-14.0157</element>
            </point>
            <point>
               <element dimension="1">17.7347</element>
               <element dimension="2">-9.8383</element>
            </point>
         </set>
      </occupancy>
   </occupancySet>
   <reachableSet>
      <reachability>
         <time>0</time>
         <x>
            <intervalStart>-0.1</intervalStart>
            <intervalEnd>0.1</intervalEnd>
         </x>
         <y>
            <intervalStart>-0.1</intervalStart>
            <intervalEnd>0.1</intervalEnd>
         </y>
         <velocity>
            <intervalStart>23.8</intervalStart>
            <intervalEnd>24.2</intervalEnd>
         </velocity>
         <orientation>
            <intervalStart>-0.02</intervalStart>
            <intervalEnd>0.02</intervalEnd>
         </orientation>
      </reachability>
      <reachability>
         <time>1</time>
         <x>
            <intervalStart>19.6791</intervalStart>
            <intervalEnd>19.6974</intervalEnd>
         </x>
         <y>
            <intervalStart>-10.7659</intervalStart>
            <intervalEnd>-10.7491</intervalEnd>
         </y>
         <velocity>
            <intervalStart>22.8</intervalStart>
            <intervalEnd>22.8</intervalEnd>
         </velocity>
         <orientation>
            <intervalStart>-1.0005</intervalStart>
            <intervalEnd>-0.99966</intervalEnd>
         </orientation>
      </reachability>
   </reachableSet>
</motionPrimitive>