<?xml version="1.0" encoding="utf-8"?>
<motionPrimitive ID="10345">
   <controller type="generator space control">controller10345.mat</controller>
   <successors>
      <id>9876</id>
      <id>9877</id>
      <id>9878</id>
      <id>9879</id>
      <id>9880</id>
      <id>9881</id>
      <id>9882</id>
      <id>9883</id>
      <id>9884</id>
      <id>9885</id>
      <id>9886</id>
      <id>9887</id>
      <id>9888</id>
      <id>9889</id>
      <id>9890</id>
      <id>9891</id>
      <id>9892</id>
      <id>9893</id>
      <id>9894</id>
      <id>9895</id>
      <id>9896</id>
      <id>9897</id>
      <id>9898</id>
      <id>9899</id>
      <id>9900</id>
      <id>9901</id>
      <id>9902</id>
      <id>9903</id>
      <id>9904</id>
      <id>9905</id>
      <id>9906</id>
      <id>9907</id>
      <id>9908</id>
      <id>9909</id>
      <id>9910</id>
      <id>9911</id>
      <id>9912</id>
      <id>9913</id>
      <id>9914</id>
      <id>9915</id>
      <id>9916</id>
      <id>9917</id>
      <id>9918</id>
      <id>9919</id>
      <id>9920</id>
      <id>9921</id>
      <id>9922</id>
      <id>9923</id>
      <id>9924</id>
      <id>9925</id>
      <id>9926</id>
      <id>9927</id>
      <id>9928</id>
      <id>9929</id>
      <id>9930</id>
      <id>9931</id>
      <id>9932</id>
      <id>9933</id>
      <id>9934</id>
      <id>9935</id>
      <id>9936</id>
      <id>9937</id>
      <id>9938</id>
      <id>9939</id>
      <id>9940</id>
      <id>9941</id>
      <id>9942</id>
      <id>9943</id>
      <id>9944</id>
      <id>9945</id>
      <id>9946</id>
      <id>9947</id>
      <id>9948</id>
      <id>9949</id>
      <id>9950</id>
      <id>9951</id>
      <id>9952</id>
      <id>9953</id>
      <id>9954</id>
      <id>9955</id>
      <id>9956</id>
      <id>9957</id>
      <id>9958</id>
      <id>9959</id>
      <id>9960</id>
      <id>9961</id>
      <id>9962</id>
      <id>9963</id>
      <id>9964</id>
      <id>9965</id>
      <id>9966</id>
      <id>9967</id>
      <id>9968</id>
      <id>9969</id>
      <id>9970</id>
      <id>9971</id>
      <id>9972</id>
      <id>9973</id>
      <id>9974</id>
      <id>9975</id>
      <id>9976</id>
      <id>9977</id>
      <id>9978</id>
      <id>9979</id>
      <id>9980</id>
      <id>9981</id>
      <id>9982</id>
      <id>9983</id>
      <id>9984</id>
      <id>9985</id>
      <id>9986</id>
      <id>9987</id>
      <id>9988</id>
      <id>9989</id>
      <id>9990</id>
      <id>9991</id>
      <id>9992</id>
      <id>9993</id>
      <id>9994</id>
      <id>9995</id>
      <id>9996</id>
      <id>9997</id>
      <id>9998</id>
      <id>9999</id>
      <id>10000</id>
      <id>10001</id>
      <id>10002</id>
      <id>10003</id>
      <id>10004</id>
      <id>10005</id>
      <id>10006</id>
      <id>10007</id>
      <id>10008</id>
      <id>10009</id>
      <id>10010</id>
      <id>10011</id>
      <id>10012</id>
      <id>10013</id>
      <id>10014</id>
      <id>10015</id>
      <id>10016</id>
      <id>10017</id>
      <id>10018</id>
      <id>10019</id>
      <id>10020</id>
      <id>10021</id>
      <id>10022</id>
      <id>10023</id>
      <id>10024</id>
      <id>10025</id>
      <id>10026</id>
      <id>10027</id>
      <id>10028</id>
      <id>10029</id>
      <id>10030</id>
      <id>10031</id>
      <id>10032</id>
      <id>10033</id>
      <id>10034</id>
      <id>10035</id>
      <id>10036</id>
      <id>10037</id>
      <id>10038</id>
      <id>10039</id>
      <id>10040</id>
      <id>10041</id>
      <id>10042</id>
      <id>10043</id>
      <id>10044</id>
      <id>10045</id>
      <id>10046</id>
      <id>10047</id>
      <id>10048</id>
      <id>10049</id>
      <id>10050</id>
      <id>10051</id>
      <id>10052</id>
      <id>10053</id>
      <id>10054</id>
      <id>10055</id>
   </successors>
   <trajectory>
      <states>
         <state>
            <time>0</time>
            <x>0</x>
            <y>0</y>
            <velocity>24.8</velocity>
            <orientation>0</orientation>
         </state>
         <state>
            <time>0.1</time>
            <x>2.4753</x>
            <y>-0.050244</y>
            <velocity>24.72</velocity>
            <orientation>-0.04059</orientation>
         </state>
         <state>
            <time>0.2</time>
            <x>4.9386</x>
            <y>-0.20024</y>
            <velocity>24.64</velocity>
            <orientation>-0.081049</orientation>
         </state>
         <state>
            <time>0.3</time>
            <x>7.3858</x>
            <y>-0.44879</y>
            <velocity>24.56</velocity>
            <orientation>-0.12138</orientation>
         </state>
         <state>
            <time>0.4</time>
            <x>9.8132</x>
            <y>-0.7945</y>
            <velocity>24.48</velocity>
            <orientation>-0.16157</orientation>
         </state>
         <state>
            <time>0.5</time>
            <x>12.2168</x>
            <y>-1.2359</y>
            <velocity>24.4</velocity>
            <orientation>-0.20164</orientation>
         </state>
         <state>
            <time>0.6</time>
            <x>14.5931</x>
            <y>-1.7713</y>
            <velocity>24.32</velocity>
            <orientation>-0.24157</orientation>
         </state>
         <state>
            <time>0.7</time>
            <x>16.9384</x>
            <y>-2.3989</y>
            <velocity>24.24</velocity>
            <orientation>-0.28138</orientation>
         </state>
         <state>
            <time>0.8</time>
            <x>19.2493</x>
            <y>-3.1168</y>
            <velocity>24.16</velocity>
            <orientation>-0.32105</orientation>
         </state>
         <state>
            <time>0.9</time>
            <x>21.5224</x>
            <y>-3.923</y>
            <velocity>24.08</velocity>
            <orientation>-0.36059</orientation>
         </state>
         <state>
            <time>1</time>
            <x>23.7545</x>
            <y>-4.8153</y>
            <velocity>24</velocity>
            <orientation>-0.4</orientation>
         </state>
      </states>
      <inputs>
         <input>
            <acceleration>-0.8</acceleration>
            <steer>-0.037687</steer>
         </input>
         <input>
            <acceleration>-0.8</acceleration>
            <steer>-0.037687</steer>
         </input>
         <input>
            <acceleration>-0.8</acceleration>
            <steer>-0.037687</steer>
         </input>
         <input>
            <acceleration>-0.8</acceleration>
            <steer>-0.037687</steer>
         </input>
         <input>
            <acceleration>-0.8</acceleration>
            <steer>-0.037687</steer>
         </input>
         <input>
            <acceleration>-0.8</acceleration>
            <steer>-0.037687</steer>
         </input>
         <input>
            <acceleration>-0.8</acceleration>
            <steer>-0.037687</steer>
         </input>
         <input>
            <acceleration>-0.8</acceleration>
            <steer>-0.037687</steer>
         </input>
         <input>
            <acceleration>-0.8</acceleration>
            <steer>-0.037687</steer>
         </input>
         <input>
            <acceleration>-0.8</acceleration>
            <steer>-0.037687</steer>
         </input>
      </inputs>
   </trajectory>
   <occupancySet>
      <occupancy>
         <time>
            <intervalStart>0</intervalStart>
            <intervalEnd>0.1</intervalEnd>
         </time>
         <set>
            <point>
               <element dimension="1">-1.1239</element>
               <element dimension="2">-1.0186</element>
            </point>
            <point>
               <element dimension="1">-1.1197</element>
               <element dimension="2">1.0274</element>
            </point>
            <point>
               <element dimension="1">-1.1197</element>
               <element dimension="2">1.0277</element>
            </point>
            <point>
               <element dimension="1">-1.1196</element>
               <element dimension="2">1.0296</element>
            </point>
            <point>
               <element dimension="1">3.3363</element>
               <element dimension="2">1.0206</element>
            </point>
            <point>
               <element dimension="1">3.6628</element>
               <element dimension="2">1.0139</element>
            </point>
            <point>
               <element dimension="1">5.9162</element>
               <element dimension="2">0.92697</element>
            </point>
            <point>
               <element dimension="1">5.9157</element>
               <element dimension="2">0.70089</element>
            </point>
            <point>
               <element dimension="1">5.9129</element>
               <element dimension="2">0.56018</element>
            </point>
            <point>
               <element dimension="1">5.8463</element>
               <element dimension="2">-1.1631</element>
            </point>
            <point>
               <element dimension="1">5.6556</element>
               <element dimension="2">-1.1627</element>
            </point>
            <point>
               <element dimension="1">-0.77291</element>
               <element dimension="2">-1.0322</element>
            </point>
         </set>
      </occupancy>
      <occupancy>
         <time>
            <intervalStart>0.1</intervalStart>
            <intervalEnd>0.2</intervalEnd>
         </time>
         <set>
            <point>
               <element dimension="1">1.0796</element>
               <element dimension="2">-0.98081</element>
            </point>
            <point>
               <element dimension="1">1.1553</element>
               <element dimension="2">0.98258</element>
            </point>
            <point>
               <element dimension="1">1.1567</element>
               <element dimension="2">1</element>
            </point>
            <point>
               <element dimension="1">5.1966</element>
               <element dimension="2">0.84414</element>
            </point>
            <point>
               <element dimension="1">5.9148</element>
               <element dimension="2">0.80186</element>
            </point>
            <point>
               <element dimension="1">8.4062</element>
               <element dimension="2">0.60452</element>
            </point>
            <point>
               <element dimension="1">8.3942</element>
               <element dimension="2">0.29446</element>
            </point>
            <point>
               <element dimension="1">8.3941</element>
               <element dimension="2">0.29269</element>
            </point>
            <point>
               <element dimension="1">8.2562</element>
               <element dimension="2">-1.4489</element>
            </point>
            <point>
               <element dimension="1">8.0874</element>
               <element dimension="2">-1.4424</element>
            </point>
            <point>
               <element dimension="1">3.4909</element>
               <element dimension="2">-1.1718</element>
            </point>
         </set>
      </occupancy>
      <occupancy>
         <time>
            <intervalStart>0.2</intervalStart>
            <intervalEnd>0.3</intervalEnd>
         </time>
         <set>
            <point>
               <element dimension="1">3.5126</element>
               <element dimension="2">-1.0747</element>
            </point>
            <point>
               <element dimension="1">3.6672</element>
               <element dimension="2">0.87678</element>
            </point>
            <point>
               <element dimension="1">3.6698</element>
               <element dimension="2">0.89797</element>
            </point>
            <point>
               <element dimension="1">7.9156</element>
               <element dimension="2">0.56167</element>
            </point>
            <point>
               <element dimension="1">8.4</element>
               <element dimension="2">0.51346</element>
            </point>
            <point>
               <element dimension="1">10.8734</element>
               <element dimension="2">0.21678</element>
            </point>
            <point>
               <element dimension="1">10.8503</element>
               <element dimension="2">-0.074779</element>
            </point>
            <point>
               <element dimension="1">10.641</element>
               <element dimension="2">-1.8196</element>
            </point>
            <point>
               <element dimension="1">10.4947</element>
               <element dimension="2">-1.8081</element>
            </point>
            <point>
               <element dimension="1">5.3948</element>
               <element dimension="2">-1.3004</element>
            </point>
         </set>
      </occupancy>
      <occupancy>
         <time>
            <intervalStart>0.3</intervalStart>
            <intervalEnd>0.4</intervalEnd>
         </time>
         <set>
            <point>
               <element dimension="1">5.9383</element>
               <element dimension="2">-1.256</element>
            </point>
            <point>
               <element dimension="1">6.1679</element>
               <element dimension="2">0.6585</element>
            </point>
            <point>
               <element dimension="1">6.1725</element>
               <element dimension="2">0.68724</element>
            </point>
            <point>
               <element dimension="1">10.415</element>
               <element dimension="2">0.17837</element>
            </point>
            <point>
               <element dimension="1">10.8586</element>
               <element dimension="2">0.1161</element>
            </point>
            <point>
               <element dimension="1">13.3141</element>
               <element dimension="2">-0.2791</element>
            </point>
            <point>
               <element dimension="1">13.2826</element>
               <element dimension="2">-0.5417</element>
            </point>
            <point>
               <element dimension="1">13.0025</element>
               <element dimension="2">-2.2821</element>
            </point>
            <point>
               <element dimension="1">12.8779</element>
               <element dimension="2">-2.2671</element>
            </point>
            <point>
               <element dimension="1">7.7306</element>
               <element dimension="2">-1.5445</element>
            </point>
         </set>
      </occupancy>
      <occupancy>
         <time>
            <intervalStart>0.4</intervalStart>
            <intervalEnd>0.5</intervalEnd>
         </time>
         <set>
            <point>
               <element dimension="1">8.347</element>
               <element dimension="2">-1.5324</element>
            </point>
            <point>
               <element dimension="1">8.6498</element>
               <element dimension="2">0.34889</element>
            </point>
            <point>
               <element dimension="1">8.6549</element>
               <element dimension="2">0.3744</element>
            </point>
            <point>
               <element dimension="1">12.9009</element>
               <element dimension="2">-0.30895</element>
            </point>
            <point>
               <element dimension="1">13.2932</element>
               <element dimension="2">-0.38018</element>
            </point>
            <point>
               <element dimension="1">15.7223</element>
               <element dimension="2">-0.87168</element>
            </point>
            <point>
               <element dimension="1">15.6842</element>
               <element dimension="2">-1.108</element>
            </point>
            <point>
               <element dimension="1">15.3355</element>
               <element dimension="2">-2.8315</element>
            </point>
            <point>
               <element dimension="1">15.2336</element>
               <element dimension="2">-2.8151</element>
            </point>
            <point>
               <element dimension="1">9.9003</element>
               <element dimension="2">-1.8467</element>
            </point>
         </set>
      </occupancy>
      <occupancy>
         <time>
            <intervalStart>0.5</intervalStart>
            <intervalEnd>0.6</intervalEnd>
         </time>
         <set>
            <point>
               <element dimension="1">10.7382</element>
               <element dimension="2">-1.9</element>
            </point>
            <point>
               <element dimension="1">11.1102</element>
               <element dimension="2">-0.061805</element>
            </point>
            <point>
               <element dimension="1">11.1153</element>
               <element dimension="2">-0.040808</element>
            </point>
            <point>
               <element dimension="1">15.2925</element>
               <element dimension="2">-0.88602</element>
            </point>
            <point>
               <element dimension="1">15.6948</element>
               <element dimension="2">-0.97581</element>
            </point>
            <point>
               <element dimension="1">18.0951</element>
               <element dimension="2">-1.5622</element>
            </point>
            <point>
               <element dimension="1">18.0536</element>
               <element dimension="2">-1.7669</element>
            </point>
            <point>
               <element dimension="1">17.6373</element>
               <element dimension="2">-3.4713</element>
            </point>
            <point>
               <element dimension="1">17.5577</element>
               <element dimension="2">-3.4552</element>
            </point>
            <point>
               <element dimension="1">12.3026</element>
               <element dimension="2">-2.2821</element>
            </point>
         </set>
      </occupancy>
      <occupancy>
         <time>
            <intervalStart>0.6</intervalStart>
            <intervalEnd>0.7</intervalEnd>
         </time>
         <set>
            <point>
               <element dimension="1">13.1062</element>
               <element dimension="2">-2.3623</element>
            </point>
            <point>
               <element dimension="1">13.544</element>
               <element dimension="2">-0.56982</element>
            </point>
            <point>
               <element dimension="1">13.5489</element>
               <element dimension="2">-0.55299</element>
            </point>
            <point>
               <element dimension="1">17.6629</element>
               <element dimension="2">-1.558</element>
            </point>
            <point>
               <element dimension="1">18.0629</element>
               <element dimension="2">-1.6641</element>
            </point>
            <point>
               <element dimension="1">20.4297</element>
               <element dimension="2">-2.3432</element>
            </point>
            <point>
               <element dimension="1">20.3873</element>
               <element dimension="2">-2.5167</element>
            </point>
            <point>
               <element dimension="1">19.9046</element>
               <element dimension="2">-4.1993</element>
            </point>
            <point>
               <element dimension="1">19.8469</element>
               <element dimension="2">-4.1852</element>
            </point>
            <point>
               <element dimension="1">14.6659</element>
               <element dimension="2">-2.8098</element>
            </point>
         </set>
      </occupancy>
      <occupancy>
         <time>
            <intervalStart>0.7</intervalStart>
            <intervalEnd>0.8</intervalEnd>
         </time>
         <set>
            <point>
               <element dimension="1">15.4471</element>
               <element dimension="2">-2.9176</element>
            </point>
            <point>
               <element dimension="1">15.9476</element>
               <element dimension="2">-1.1731</element>
            </point>
            <point>
               <element dimension="1">15.9518</element>
               <element dimension="2">-1.1603</element>
            </point>
            <point>
               <element dimension="1">19.9971</element>
               <element dimension="2">-2.3209</element>
            </point>
            <point>
               <element dimension="1">20.394</element>
               <element dimension="2">-2.4434</element>
            </point>
            <point>
               <element dimension="1">22.7229</element>
               <element dimension="2">-3.2128</element>
            </point>
            <point>
               <element dimension="1">22.682</element>
               <element dimension="2">-3.3552</element>
            </point>
            <point>
               <element dimension="1">22.1341</element>
               <element dimension="2">-5.0137</element>
            </point>
            <point>
               <element dimension="1">22.0978</element>
               <element dimension="2">-5.0033</element>
            </point>
            <point>
               <element dimension="1">16.9984</element>
               <element dimension="2">-3.4301</element>
            </point>
         </set>
      </occupancy>
      <occupancy>
         <time>
            <intervalStart>0.8</intervalStart>
            <intervalEnd>0.9</intervalEnd>
         </time>
         <set>
            <point>
               <element dimension="1">17.7575</element>
               <element dimension="2">-3.5642</element>
            </point>
            <point>
               <element dimension="1">18.3172</element>
               <element dimension="2">-1.8697</element>
            </point>
            <point>
               <element dimension="1">18.3206</element>
               <element dimension="2">-1.8609</element>
            </point>
            <point>
               <element dimension="1">22.2901</element>
               <element dimension="2">-3.1723</element>
            </point>
            <point>
               <element dimension="1">22.6849</element>
               <element dimension="2">-3.3114</element>
            </point>
            <point>
               <element dimension="1">24.9713</element>
               <element dimension="2">-4.1684</element>
            </point>
            <point>
               <element dimension="1">24.9344</element>
               <element dimension="2">-4.2803</element>
            </point>
            <point>
               <element dimension="1">24.3226</element>
               <element dimension="2">-5.9125</element>
            </point>
            <point>
               <element dimension="1">24.3173</element>
               <element dimension="2">-5.9108</element>
            </point>
            <point>
               <element dimension="1">19.3064</element>
               <element dimension="2">-4.1447</element>
            </point>
         </set>
      </occupancy>
      <occupancy>
         <time>
            <intervalStart>0.9</intervalStart>
            <intervalEnd>1</intervalEnd>
         </time>
         <set>
            <point>
               <element dimension="1">20.0338</element>
               <element dimension="2">-4.3002</element>
            </point>
            <point>
               <element dimension="1">20.6495</element>
               <element dimension="2">-2.6576</element>
            </point>
            <point>
               <element dimension="1">20.6524</element>
               <element dimension="2">-2.6507</element>
            </point>
            <point>
               <element dimension="1">24.4446</element>
               <element dimension="2">-4.0721</element>
            </point>
            <point>
               <element dimension="1">24.9322</element>
               <element dimension="2">-4.2659</element>
            </point>
            <point>
               <element dimension="1">27.1715</element>
               <element dimension="2">-5.2075</element>
            </point>
            <point>
               <element dimension="1">27.132</element>
               <element dimension="2">-5.3128</element>
            </point>
            <point>
               <element dimension="1">26.4669</element>
               <element dimension="2">-6.8945</element>
            </point>
            <point>
               <element dimension="1">26.4634</element>
               <element dimension="2">-6.8932</element>
            </point>
            <point>
               <element dimension="1">21.6587</element>
               <element dimension="2">-4.9834</element>
            </point>
         </set>
      </occupancy>
   </occupancySet>
   <reachableSet>
      <reachability>
         <time>0</time>
         <x>
            <intervalStart>-0.1</intervalStart>
            <intervalEnd>0.1</intervalEnd>
         </x>
         <y>
            <intervalStart>-0.1</intervalStart>
            <intervalEnd>0.1</intervalEnd>
         </y>
         <velocity>
            <intervalStart>24.6</intervalStart>
            <intervalEnd>25</intervalEnd>
         </velocity>
         <orientation>
            <intervalStart>-0.02</intervalStart>
            <intervalEnd>0.02</intervalEnd>
         </orientation>
      </reachability>
      <reachability>
         <time>1</time>
         <x>
            <intervalStart>23.7523</intervalStart>
            <intervalEnd>23.7562</intervalEnd>
         </x>
         <y>
            <intervalStart>-4.8207</intervalStart>
            <intervalEnd>-4.8102</intervalEnd>
         </y>
         <velocity>
            <intervalStart>24</intervalStart>
            <intervalEnd>24</intervalEnd>
         </velocity>
         <orientation>
            <intervalStart>-0.40023</intervalStart>
            <intervalEnd>-0.39978</intervalEnd>
         </orientation>
      </reachability>
   </reachableSet>
</motionPrimitive>