<?xml version="1.0" encoding="utf-8"?>
<motionPrimitive ID="10100">
   <controller type="generator space control">controller10100.mat</controller>
   <successors>
      <id>6129</id>
      <id>6130</id>
      <id>6131</id>
      <id>6132</id>
      <id>6133</id>
      <id>6134</id>
      <id>6135</id>
      <id>6136</id>
      <id>6137</id>
      <id>6138</id>
      <id>6139</id>
      <id>6140</id>
      <id>6141</id>
      <id>6142</id>
      <id>6143</id>
      <id>6144</id>
      <id>6145</id>
      <id>6146</id>
      <id>6147</id>
      <id>6148</id>
      <id>6149</id>
      <id>6150</id>
      <id>6151</id>
      <id>6152</id>
      <id>6153</id>
      <id>6154</id>
      <id>6155</id>
      <id>6156</id>
      <id>6157</id>
      <id>6158</id>
      <id>6159</id>
      <id>6160</id>
      <id>6161</id>
      <id>6162</id>
      <id>6163</id>
      <id>6164</id>
      <id>6165</id>
      <id>6166</id>
      <id>6167</id>
      <id>6168</id>
      <id>6169</id>
      <id>6170</id>
      <id>6171</id>
      <id>6172</id>
      <id>6173</id>
      <id>6174</id>
      <id>6175</id>
      <id>6176</id>
      <id>6177</id>
      <id>6178</id>
      <id>6179</id>
      <id>6180</id>
      <id>6181</id>
      <id>6182</id>
      <id>6183</id>
      <id>6184</id>
      <id>6185</id>
      <id>6186</id>
      <id>6187</id>
      <id>6188</id>
      <id>6189</id>
      <id>6190</id>
      <id>6191</id>
      <id>6192</id>
      <id>6193</id>
      <id>6194</id>
      <id>6195</id>
      <id>6196</id>
      <id>6197</id>
      <id>6198</id>
      <id>6199</id>
      <id>6200</id>
      <id>6201</id>
      <id>6202</id>
      <id>6203</id>
      <id>6204</id>
      <id>6205</id>
      <id>6206</id>
      <id>6207</id>
      <id>6208</id>
      <id>6209</id>
      <id>6210</id>
      <id>6211</id>
      <id>6212</id>
      <id>6213</id>
      <id>6214</id>
      <id>6215</id>
      <id>6216</id>
      <id>6217</id>
      <id>6218</id>
      <id>6219</id>
      <id>6220</id>
      <id>6221</id>
      <id>6222</id>
      <id>6223</id>
      <id>6224</id>
      <id>6225</id>
      <id>6226</id>
      <id>6227</id>
      <id>6228</id>
      <id>6229</id>
      <id>6230</id>
      <id>6231</id>
      <id>6232</id>
      <id>6233</id>
      <id>6234</id>
      <id>6235</id>
      <id>6236</id>
      <id>6237</id>
      <id>6238</id>
      <id>6239</id>
      <id>6240</id>
      <id>6241</id>
      <id>6242</id>
      <id>6243</id>
      <id>6244</id>
      <id>6245</id>
      <id>6246</id>
      <id>6247</id>
      <id>6248</id>
      <id>6249</id>
      <id>6250</id>
      <id>6251</id>
      <id>6252</id>
      <id>6253</id>
      <id>6254</id>
      <id>6255</id>
      <id>6256</id>
      <id>6257</id>
      <id>6258</id>
      <id>6259</id>
      <id>6260</id>
      <id>6261</id>
      <id>6262</id>
      <id>6263</id>
      <id>6264</id>
      <id>6265</id>
      <id>6266</id>
      <id>6267</id>
      <id>6268</id>
      <id>6269</id>
      <id>6270</id>
      <id>6271</id>
      <id>6272</id>
      <id>6273</id>
      <id>6274</id>
      <id>6275</id>
      <id>6276</id>
      <id>6277</id>
      <id>6278</id>
      <id>6279</id>
      <id>6280</id>
      <id>6281</id>
      <id>6282</id>
      <id>6283</id>
      <id>6284</id>
      <id>6285</id>
      <id>6286</id>
      <id>6287</id>
      <id>6288</id>
      <id>6289</id>
      <id>6290</id>
      <id>6291</id>
      <id>6292</id>
      <id>6293</id>
      <id>6294</id>
      <id>6295</id>
      <id>6296</id>
      <id>6297</id>
      <id>6298</id>
      <id>6299</id>
      <id>6300</id>
      <id>6301</id>
      <id>6302</id>
      <id>6303</id>
      <id>6304</id>
      <id>6305</id>
      <id>6306</id>
      <id>6307</id>
      <id>6308</id>
      <id>6309</id>
      <id>6310</id>
      <id>6311</id>
      <id>6312</id>
      <id>6313</id>
      <id>6314</id>
      <id>6315</id>
      <id>6316</id>
      <id>6317</id>
      <id>6318</id>
      <id>6319</id>
      <id>6320</id>
      <id>6321</id>
      <id>6322</id>
      <id>6323</id>
   </successors>
   <trajectory>
      <states>
         <state>
            <time>0</time>
            <x>0</x>
            <y>0</y>
            <velocity>24.4</velocity>
            <orientation>0</orientation>
         </state>
         <state>
            <time>0.1</time>
            <x>2.3945</x>
            <y>0.14101</y>
            <velocity>23.6</velocity>
            <orientation>0.11765</orientation>
         </state>
         <state>
            <time>0.2</time>
            <x>4.678</x>
            <y>0.54361</y>
            <velocity>22.8</velocity>
            <orientation>0.23137</orientation>
         </state>
         <state>
            <time>0.3</time>
            <x>6.8258</x>
            <y>1.1758</y>
            <velocity>22</velocity>
            <orientation>0.34118</orientation>
         </state>
         <state>
            <time>0.4</time>
            <x>8.8192</x>
            <y>2.0049</y>
            <velocity>21.2</velocity>
            <orientation>0.44706</orientation>
         </state>
         <state>
            <time>0.5</time>
            <x>10.6458</x>
            <y>2.9981</y>
            <velocity>20.4</velocity>
            <orientation>0.54902</orientation>
         </state>
         <state>
            <time>0.6</time>
            <x>12.298</x>
            <y>4.1236</y>
            <velocity>19.6</velocity>
            <orientation>0.64706</orientation>
         </state>
         <state>
            <time>0.7</time>
            <x>13.7732</x>
            <y>5.3514</y>
            <velocity>18.8</velocity>
            <orientation>0.74118</orientation>
         </state>
         <state>
            <time>0.8</time>
            <x>15.0727</x>
            <y>6.6532</y>
            <velocity>18</velocity>
            <orientation>0.83137</orientation>
         </state>
         <state>
            <time>0.9</time>
            <x>16.2011</x>
            <y>8.0031</y>
            <velocity>17.2</velocity>
            <orientation>0.91765</orientation>
         </state>
         <state>
            <time>1</time>
            <x>17.166</x>
            <y>9.3778</y>
            <velocity>16.4</velocity>
            <orientation>1</orientation>
         </state>
      </states>
      <inputs>
         <input>
            <acceleration>-8</acceleration>
            <steer>0.11227</steer>
         </input>
         <input>
            <acceleration>-8</acceleration>
            <steer>0.11227</steer>
         </input>
         <input>
            <acceleration>-8</acceleration>
            <steer>0.11227</steer>
         </input>
         <input>
            <acceleration>-8</acceleration>
            <steer>0.11227</steer>
         </input>
         <input>
            <acceleration>-8</acceleration>
            <steer>0.11227</steer>
         </input>
         <input>
            <acceleration>-8</acceleration>
            <steer>0.11227</steer>
         </input>
         <input>
            <acceleration>-8</acceleration>
            <steer>0.11227</steer>
         </input>
         <input>
            <acceleration>-8</acceleration>
            <steer>0.11227</steer>
         </input>
         <input>
            <acceleration>-8</acceleration>
            <steer>0.11227</steer>
         </input>
         <input>
            <acceleration>-8</acceleration>
            <steer>0.11227</steer>
         </input>
      </inputs>
   </trajectory>
   <occupancySet>
      <occupancy>
         <time>
            <intervalStart>0</intervalStart>
            <intervalEnd>0.1</intervalEnd>
         </time>
         <set>
            <point>
               <element dimension="1">-1.1355</element>
               <element dimension="2">1.0335</element>
            </point>
            <point>
               <element dimension="1">5.0886</element>
               <element dimension="2">1.733</element>
            </point>
            <point>
               <element dimension="1">5.5113</element>
               <element dimension="2">1.7579</element>
            </point>
            <point>
               <element dimension="1">5.7217</element>
               <element dimension="2">1.7592</element>
            </point>
            <point>
               <element dimension="1">5.9648</element>
               <element dimension="2">-0.40436</element>
            </point>
            <point>
               <element dimension="1">5.9705</element>
               <element dimension="2">-0.50027</element>
            </point>
            <point>
               <element dimension="1">5.9721</element>
               <element dimension="2">-0.76473</element>
            </point>
            <point>
               <element dimension="1">2.0954</element>
               <element dimension="2">-1.2004</element>
            </point>
            <point>
               <element dimension="1">1.3266</element>
               <element dimension="2">-1.2458</element>
            </point>
            <point>
               <element dimension="1">-1.1001</element>
               <element dimension="2">-1.2603</element>
            </point>
            <point>
               <element dimension="1">-1.123</element>
               <element dimension="2">-1.0557</element>
            </point>
         </set>
      </occupancy>
      <occupancy>
         <time>
            <intervalStart>0.1</intervalStart>
            <intervalEnd>0.2</intervalEnd>
         </time>
         <set>
            <point>
               <element dimension="1">0.83958</element>
               <element dimension="2">1.2145</element>
            </point>
            <point>
               <element dimension="1">5.5944</element>
               <element dimension="2">2.3069</element>
            </point>
            <point>
               <element dimension="1">7.5902</element>
               <element dimension="2">2.6472</element>
            </point>
            <point>
               <element dimension="1">7.7848</element>
               <element dimension="2">2.6691</element>
            </point>
            <point>
               <element dimension="1">8.3048</element>
               <element dimension="2">0.40592</element>
            </point>
            <point>
               <element dimension="1">8.3208</element>
               <element dimension="2">0.31189</element>
            </point>
            <point>
               <element dimension="1">8.3734</element>
               <element dimension="2">-0.15659</element>
            </point>
            <point>
               <element dimension="1">5.7243</element>
               <element dimension="2">-0.76527</element>
            </point>
            <point>
               <element dimension="1">3.7787</element>
               <element dimension="2">-1.097</element>
            </point>
            <point>
               <element dimension="1">1.1671</element>
               <element dimension="2">-1.3905</element>
            </point>
            <point>
               <element dimension="1">1.0991</element>
               <element dimension="2">-1.0946</element>
            </point>
         </set>
      </occupancy>
      <occupancy>
         <time>
            <intervalStart>0.2</intervalStart>
            <intervalEnd>0.3</intervalEnd>
         </time>
         <set>
            <point>
               <element dimension="1">2.9706</element>
               <element dimension="2">1.5625</element>
            </point>
            <point>
               <element dimension="1">3.6094</element>
               <element dimension="2">1.7856</element>
            </point>
            <point>
               <element dimension="1">9.5356</element>
               <element dimension="2">3.4957</element>
            </point>
            <point>
               <element dimension="1">9.6874</element>
               <element dimension="2">3.5306</element>
            </point>
            <point>
               <element dimension="1">10.4029</element>
               <element dimension="2">1.4821</element>
            </point>
            <point>
               <element dimension="1">10.5719</element>
               <element dimension="2">0.74652</element>
            </point>
            <point>
               <element dimension="1">8.3301</element>
               <element dimension="2">-0.03655</element>
            </point>
            <point>
               <element dimension="1">7.7915</element>
               <element dimension="2">-0.19197</element>
            </point>
            <point>
               <element dimension="1">3.6364</element>
               <element dimension="2">-1.1466</element>
            </point>
            <point>
               <element dimension="1">3.5097</element>
               <element dimension="2">-0.7839</element>
            </point>
            <point>
               <element dimension="1">3.5097</element>
               <element dimension="2">-0.7839</element>
            </point>
         </set>
      </occupancy>
      <occupancy>
         <time>
            <intervalStart>0.3</intervalStart>
            <intervalEnd>0.4</intervalEnd>
         </time>
         <set>
            <point>
               <element dimension="1">5.0835</element>
               <element dimension="2">1.9131</element>
            </point>
            <point>
               <element dimension="1">6.4232</element>
               <element dimension="2">2.5473</element>
            </point>
            <point>
               <element dimension="1">11.3153</element>
               <element dimension="2">4.5531</element>
            </point>
            <point>
               <element dimension="1">11.4319</element>
               <element dimension="2">4.5938</element>
            </point>
            <point>
               <element dimension="1">12.3362</element>
               <element dimension="2">2.6834</element>
            </point>
            <point>
               <element dimension="1">12.5468</element>
               <element dimension="2">2.0804</element>
            </point>
            <point>
               <element dimension="1">10.4167</element>
               <element dimension="2">1.072</element>
            </point>
            <point>
               <element dimension="1">10.1708</element>
               <element dimension="2">0.97125</element>
            </point>
            <point>
               <element dimension="1">5.9631</element>
               <element dimension="2">-0.49851</element>
            </point>
            <point>
               <element dimension="1">5.8211</element>
               <element dimension="2">-0.19859</element>
            </point>
         </set>
      </occupancy>
      <occupancy>
         <time>
            <intervalStart>0.4</intervalStart>
            <intervalEnd>0.5</intervalEnd>
         </time>
         <set>
            <point>
               <element dimension="1">7.0505</element>
               <element dimension="2">2.5046</element>
            </point>
            <point>
               <element dimension="1">8.451</element>
               <element dimension="2">3.3523</element>
            </point>
            <point>
               <element dimension="1">12.9048</element>
               <element dimension="2">5.7464</element>
            </point>
            <point>
               <element dimension="1">12.9916</element>
               <element dimension="2">5.7875</element>
            </point>
            <point>
               <element dimension="1">14.0627</element>
               <element dimension="2">4.0178</element>
            </point>
            <point>
               <element dimension="1">14.3035</element>
               <element dimension="2">3.5091</element>
            </point>
            <point>
               <element dimension="1">12.3419</element>
               <element dimension="2">2.3218</element>
            </point>
            <point>
               <element dimension="1">11.9877</element>
               <element dimension="2">2.1314</element>
            </point>
            <point>
               <element dimension="1">8.1248</element>
               <element dimension="2">0.30276</element>
            </point>
            <point>
               <element dimension="1">7.9779</element>
               <element dimension="2">0.54539</element>
            </point>
         </set>
      </occupancy>
      <occupancy>
         <time>
            <intervalStart>0.5</intervalStart>
            <intervalEnd>0.6</intervalEnd>
         </time>
         <set>
            <point>
               <element dimension="1">8.8845</element>
               <element dimension="2">3.2837</element>
            </point>
            <point>
               <element dimension="1">10.1653</element>
               <element dimension="2">4.2424</element>
            </point>
            <point>
               <element dimension="1">14.309</element>
               <element dimension="2">7.0374</element>
            </point>
            <point>
               <element dimension="1">14.3703</element>
               <element dimension="2">7.0745</element>
            </point>
            <point>
               <element dimension="1">15.5835</element>
               <element dimension="2">5.4537</element>
            </point>
            <point>
               <element dimension="1">15.8394</element>
               <element dimension="2">5.0308</element>
            </point>
            <point>
               <element dimension="1">14.0705</element>
               <element dimension="2">3.7069</element>
            </point>
            <point>
               <element dimension="1">13.7539</element>
               <element dimension="2">3.4933</element>
            </point>
            <point>
               <element dimension="1">10.117</element>
               <element dimension="2">1.292</element>
            </point>
            <point>
               <element dimension="1">9.9762</element>
               <element dimension="2">1.4801</element>
            </point>
            <point>
               <element dimension="1">9.9759</element>
               <element dimension="2">1.4805</element>
            </point>
         </set>
      </occupancy>
      <occupancy>
         <time>
            <intervalStart>0.6</intervalStart>
            <intervalEnd>0.7</intervalEnd>
         </time>
         <set>
            <point>
               <element dimension="1">10.5732</element>
               <element dimension="2">4.2139</element>
            </point>
            <point>
               <element dimension="1">11.7016</element>
               <element dimension="2">5.2377</element>
            </point>
            <point>
               <element dimension="1">15.5332</element>
               <element dimension="2">8.3982</element>
            </point>
            <point>
               <element dimension="1">15.5752</element>
               <element dimension="2">8.4296</element>
            </point>
            <point>
               <element dimension="1">16.9061</element>
               <element dimension="2">6.9627</element>
            </point>
            <point>
               <element dimension="1">17.1611</element>
               <element dimension="2">6.622</element>
            </point>
            <point>
               <element dimension="1">15.5944</element>
               <element dimension="2">5.2005</element>
            </point>
            <point>
               <element dimension="1">15.3297</element>
               <element dimension="2">4.9822</element>
            </point>
            <point>
               <element dimension="1">11.9264</element>
               <element dimension="2">2.4349</element>
            </point>
            <point>
               <element dimension="1">11.8025</element>
               <element dimension="2">2.5714</element>
            </point>
         </set>
      </occupancy>
      <occupancy>
         <time>
            <intervalStart>0.7</intervalStart>
            <intervalEnd>0.8</intervalEnd>
         </time>
         <set>
            <point>
               <element dimension="1">12.1057</element>
               <element dimension="2">5.2635</element>
            </point>
            <point>
               <element dimension="1">13.0837</element>
               <element dimension="2">6.3269</element>
            </point>
            <point>
               <element dimension="1">16.5853</element>
               <element dimension="2">9.8052</element>
            </point>
            <point>
               <element dimension="1">16.6142</element>
               <element dimension="2">9.8314</element>
            </point>
            <point>
               <element dimension="1">18.0387</element>
               <element dimension="2">8.5213</element>
            </point>
            <point>
               <element dimension="1">18.2794</element>
               <element dimension="2">8.2561</element>
            </point>
            <point>
               <element dimension="1">16.9118</element>
               <element dimension="2">6.769</element>
            </point>
            <point>
               <element dimension="1">16.6934</element>
               <element dimension="2">6.5521</element>
            </point>
            <point>
               <element dimension="1">13.5448</element>
               <element dimension="2">3.6954</element>
            </point>
            <point>
               <element dimension="1">13.446</element>
               <element dimension="2">3.7862</element>
            </point>
         </set>
      </occupancy>
      <occupancy>
         <time>
            <intervalStart>0.8</intervalStart>
            <intervalEnd>0.9</intervalEnd>
         </time>
         <set>
            <point>
               <element dimension="1">13.4764</element>
               <element dimension="2">6.4019</element>
            </point>
            <point>
               <element dimension="1">14.5214</element>
               <element dimension="2">7.7564</element>
            </point>
            <point>
               <element dimension="1">17.4574</element>
               <element dimension="2">11.2399</element>
            </point>
            <point>
               <element dimension="1">17.485</element>
               <element dimension="2">11.2699</element>
            </point>
            <point>
               <element dimension="1">18.9909</element>
               <element dimension="2">10.1082</element>
            </point>
            <point>
               <element dimension="1">18.9919</element>
               <element dimension="2">10.1073</element>
            </point>
            <point>
               <element dimension="1">19.2069</element>
               <element dimension="2">9.9096</element>
            </point>
            <point>
               <element dimension="1">18.0265</element>
               <element dimension="2">8.3795</element>
            </point>
            <point>
               <element dimension="1">17.8478</element>
               <element dimension="2">8.1674</element>
            </point>
            <point>
               <element dimension="1">14.9701</element>
               <element dimension="2">5.0383</element>
            </point>
            <point>
               <element dimension="1">14.9028</element>
               <element dimension="2">5.0902</element>
            </point>
         </set>
      </occupancy>
      <occupancy>
         <time>
            <intervalStart>0.9</intervalStart>
            <intervalEnd>1</intervalEnd>
         </time>
         <set>
            <point>
               <element dimension="1">14.673</element>
               <element dimension="2">7.6096</element>
            </point>
            <point>
               <element dimension="1">15.1851</element>
               <element dimension="2">8.4006</element>
            </point>
            <point>
               <element dimension="1">18.1964</element>
               <element dimension="2">12.6562</element>
            </point>
            <point>
               <element dimension="1">18.2132</element>
               <element dimension="2">12.678</element>
            </point>
            <point>
               <element dimension="1">19.7126</element>
               <element dimension="2">11.7073</element>
            </point>
            <point>
               <element dimension="1">19.9505</element>
               <element dimension="2">11.5237</element>
            </point>
            <point>
               <element dimension="1">18.9647</element>
               <element dimension="2">10.0009</element>
            </point>
            <point>
               <element dimension="1">18.7032</element>
               <element dimension="2">9.6313</element>
            </point>
            <point>
               <element dimension="1">16.2247</element>
               <element dimension="2">6.4187</element>
            </point>
            <point>
               <element dimension="1">16.1759</element>
               <element dimension="2">6.4503</element>
            </point>
         </set>
      </occupancy>
   </occupancySet>
   <reachableSet>
      <reachability>
         <time>0</time>
         <x>
            <intervalStart>-0.1</intervalStart>
            <intervalEnd>0.1</intervalEnd>
         </x>
         <y>
            <intervalStart>-0.1</intervalStart>
            <intervalEnd>0.1</intervalEnd>
         </y>
         <velocity>
            <intervalStart>24.2</intervalStart>
            <intervalEnd>24.6</intervalEnd>
         </velocity>
         <orientation>
            <intervalStart>-0.02</intervalStart>
            <intervalEnd>0.02</intervalEnd>
         </orientation>
      </reachability>
      <reachability>
         <time>1</time>
         <x>
            <intervalStart>17.1363</intervalStart>
            <intervalEnd>17.1856</intervalEnd>
         </x>
         <y>
            <intervalStart>9.3583</intervalStart>
            <intervalEnd>9.4028</intervalEnd>
         </y>
         <velocity>
            <intervalStart>16.4</intervalStart>
            <intervalEnd>16.4</intervalEnd>
         </velocity>
         <orientation>
            <intervalStart>0.99886</intervalStart>
            <intervalEnd>1.0017</intervalEnd>
         </orientation>
      </reachability>
   </reachableSet>
</motionPrimitive>