<?xml version="1.0" encoding="utf-8"?>
<motionPrimitive ID="10417">
   <controller type="generator space control">controller10417.mat</controller>
   <successors>
      <id>12139</id>
      <id>12140</id>
      <id>12141</id>
      <id>12142</id>
      <id>12143</id>
      <id>12144</id>
      <id>12145</id>
      <id>12146</id>
      <id>12147</id>
      <id>12148</id>
      <id>12149</id>
      <id>12150</id>
      <id>12151</id>
      <id>12152</id>
      <id>12153</id>
      <id>12154</id>
      <id>12155</id>
      <id>12156</id>
      <id>12157</id>
      <id>12158</id>
      <id>12159</id>
      <id>12160</id>
      <id>12161</id>
      <id>12162</id>
      <id>12163</id>
      <id>12164</id>
      <id>12165</id>
      <id>12166</id>
      <id>12167</id>
      <id>12168</id>
      <id>12169</id>
      <id>12170</id>
      <id>12171</id>
      <id>12172</id>
      <id>12173</id>
      <id>12174</id>
      <id>12175</id>
      <id>12176</id>
      <id>12177</id>
      <id>12178</id>
      <id>12179</id>
      <id>12180</id>
      <id>12181</id>
      <id>12182</id>
      <id>12183</id>
      <id>12184</id>
      <id>12185</id>
      <id>12186</id>
      <id>12187</id>
      <id>12188</id>
      <id>12189</id>
      <id>12190</id>
      <id>12191</id>
      <id>12192</id>
      <id>12193</id>
      <id>12194</id>
      <id>12195</id>
      <id>12196</id>
      <id>12197</id>
      <id>12198</id>
      <id>12199</id>
      <id>12200</id>
      <id>12201</id>
      <id>12202</id>
      <id>12203</id>
      <id>12204</id>
      <id>12205</id>
      <id>12206</id>
      <id>12207</id>
      <id>12208</id>
      <id>12209</id>
      <id>12210</id>
      <id>12211</id>
      <id>12212</id>
      <id>12213</id>
      <id>12214</id>
      <id>12215</id>
      <id>12216</id>
      <id>12217</id>
      <id>12218</id>
      <id>12219</id>
      <id>12220</id>
      <id>12221</id>
      <id>12222</id>
      <id>12223</id>
      <id>12224</id>
      <id>12225</id>
      <id>12226</id>
      <id>12227</id>
      <id>12228</id>
      <id>12229</id>
      <id>12230</id>
      <id>12231</id>
      <id>12232</id>
      <id>12233</id>
      <id>12234</id>
      <id>12235</id>
      <id>12236</id>
      <id>12237</id>
      <id>12238</id>
      <id>12239</id>
      <id>12240</id>
      <id>12241</id>
      <id>12242</id>
      <id>12243</id>
      <id>12244</id>
      <id>12245</id>
      <id>12246</id>
      <id>12247</id>
      <id>12248</id>
      <id>12249</id>
      <id>12250</id>
      <id>12251</id>
      <id>12252</id>
      <id>12253</id>
      <id>12254</id>
      <id>12255</id>
      <id>12256</id>
   </successors>
   <trajectory>
      <states>
         <state>
            <time>0</time>
            <x>0</x>
            <y>0</y>
            <velocity>25.2</velocity>
            <orientation>0</orientation>
         </state>
         <state>
            <time>0.1</time>
            <x>2.54</x>
            <y>-0.011859</y>
            <velocity>25.6</velocity>
            <orientation>-0.0093382</orientation>
         </state>
         <state>
            <time>0.2</time>
            <x>5.1197</x>
            <y>-0.048187</y>
            <velocity>26</velocity>
            <orientation>-0.018824</orientation>
         </state>
         <state>
            <time>0.3</time>
            <x>7.739</x>
            <y>-0.11012</y>
            <velocity>26.4</velocity>
            <orientation>-0.028456</orientation>
         </state>
         <state>
            <time>0.4</time>
            <x>10.3975</x>
            <y>-0.1988</y>
            <velocity>26.8</velocity>
            <orientation>-0.038235</orientation>
         </state>
         <state>
            <time>0.5</time>
            <x>13.0949</x>
            <y>-0.3154</y>
            <velocity>27.2</velocity>
            <orientation>-0.048162</orientation>
         </state>
         <state>
            <time>0.6</time>
            <x>15.831</x>
            <y>-0.46109</y>
            <velocity>27.6</velocity>
            <orientation>-0.058235</orientation>
         </state>
         <state>
            <time>0.7</time>
            <x>18.6055</x>
            <y>-0.63708</y>
            <velocity>28</velocity>
            <orientation>-0.068456</orientation>
         </state>
         <state>
            <time>0.8</time>
            <x>21.4178</x>
            <y>-0.84455</y>
            <velocity>28.4</velocity>
            <orientation>-0.078824</orientation>
         </state>
         <state>
            <time>0.9</time>
            <x>24.2677</x>
            <y>-1.0847</y>
            <velocity>28.8</velocity>
            <orientation>-0.089338</orientation>
         </state>
         <state>
            <time>1</time>
            <x>27.1547</x>
            <y>-1.3589</y>
            <velocity>29.2</velocity>
            <orientation>-0.1</orientation>
         </state>
      </states>
      <inputs>
         <input>
            <acceleration>4</acceleration>
            <steer>-0.0084557</steer>
         </input>
         <input>
            <acceleration>4</acceleration>
            <steer>-0.0084557</steer>
         </input>
         <input>
            <acceleration>4</acceleration>
            <steer>-0.0084557</steer>
         </input>
         <input>
            <acceleration>4</acceleration>
            <steer>-0.0084557</steer>
         </input>
         <input>
            <acceleration>4</acceleration>
            <steer>-0.0084557</steer>
         </input>
         <input>
            <acceleration>4</acceleration>
            <steer>-0.0084557</steer>
         </input>
         <input>
            <acceleration>4</acceleration>
            <steer>-0.0084557</steer>
         </input>
         <input>
            <acceleration>4</acceleration>
            <steer>-0.0084557</steer>
         </input>
         <input>
            <acceleration>4</acceleration>
            <steer>-0.0084557</steer>
         </input>
         <input>
            <acceleration>4</acceleration>
            <steer>-0.0084557</steer>
         </input>
      </inputs>
   </trajectory>
   <occupancySet>
      <occupancy>
         <time>
            <intervalStart>0</intervalStart>
            <intervalEnd>0.1</intervalEnd>
         </time>
         <set>
            <point>
               <element dimension="1">-1.1207</element>
               <element dimension="2">-1.0187</element>
            </point>
            <point>
               <element dimension="1">-1.1197</element>
               <element dimension="2">1.0205</element>
            </point>
            <point>
               <element dimension="1">-1.1197</element>
               <element dimension="2">1.0208</element>
            </point>
            <point>
               <element dimension="1">-1.1197</element>
               <element dimension="2">1.0209</element>
            </point>
            <point>
               <element dimension="1">3.4164</element>
               <element dimension="2">1.0188</element>
            </point>
            <point>
               <element dimension="1">3.6706</element>
               <element dimension="2">1.0176</element>
            </point>
            <point>
               <element dimension="1">5.9544</element>
               <element dimension="2">0.99735</element>
            </point>
            <point>
               <element dimension="1">5.9543</element>
               <element dimension="2">0.84507</element>
            </point>
            <point>
               <element dimension="1">5.9536</element>
               <element dimension="2">0.6946</element>
            </point>
            <point>
               <element dimension="1">5.9384</element>
               <element dimension="2">-1.0245</element>
            </point>
            <point>
               <element dimension="1">-0.53158</element>
               <element dimension="2">-1.0215</element>
            </point>
            <point>
               <element dimension="1">-1.1187</element>
               <element dimension="2">-1.0188</element>
            </point>
         </set>
      </occupancy>
      <occupancy>
         <time>
            <intervalStart>0.1</intervalStart>
            <intervalEnd>0.2</intervalEnd>
         </time>
         <set>
            <point>
               <element dimension="1">1.168</element>
               <element dimension="2">-0.97951</element>
            </point>
            <point>
               <element dimension="1">1.1854</element>
               <element dimension="2">0.97936</element>
            </point>
            <point>
               <element dimension="1">1.1855</element>
               <element dimension="2">0.98225</element>
            </point>
            <point>
               <element dimension="1">5.4832</element>
               <element dimension="2">0.94413</element>
            </point>
            <point>
               <element dimension="1">5.9535</element>
               <element dimension="2">0.93773</element>
            </point>
            <point>
               <element dimension="1">8.5347</element>
               <element dimension="2">0.89036</element>
            </point>
            <point>
               <element dimension="1">8.5326</element>
               <element dimension="2">0.6505</element>
            </point>
            <point>
               <element dimension="1">8.5325</element>
               <element dimension="2">0.64284</element>
            </point>
            <point>
               <element dimension="1">8.5008</element>
               <element dimension="2">-1.0868</element>
            </point>
            <point>
               <element dimension="1">8.3324</element>
               <element dimension="2">-1.0853</element>
            </point>
            <point>
               <element dimension="1">2.9093</element>
               <element dimension="2">-1.0115</element>
            </point>
         </set>
      </occupancy>
      <occupancy>
         <time>
            <intervalStart>0.2</intervalStart>
            <intervalEnd>0.3</intervalEnd>
         </time>
         <set>
            <point>
               <element dimension="1">3.7424</element>
               <element dimension="2">-0.99985</element>
            </point>
            <point>
               <element dimension="1">3.7782</element>
               <element dimension="2">0.95076</element>
            </point>
            <point>
               <element dimension="1">3.7783</element>
               <element dimension="2">0.95458</element>
            </point>
            <point>
               <element dimension="1">8.2915</element>
               <element dimension="2">0.87176</element>
            </point>
            <point>
               <element dimension="1">8.5332</element>
               <element dimension="2">0.86616</element>
            </point>
            <point>
               <element dimension="1">11.1511</element>
               <element dimension="2">0.79291</element>
            </point>
            <point>
               <element dimension="1">11.1469</element>
               <element dimension="2">0.56399</element>
            </point>
            <point>
               <element dimension="1">11.0984</element>
               <element dimension="2">-1.1677</element>
            </point>
            <point>
               <element dimension="1">10.5532</element>
               <element dimension="2">-1.1576</element>
            </point>
            <point>
               <element dimension="1">3.7458</element>
               <element dimension="2">-0.99995</element>
            </point>
         </set>
      </occupancy>
      <occupancy>
         <time>
            <intervalStart>0.3</intervalStart>
            <intervalEnd>0.4</intervalEnd>
         </time>
         <set>
            <point>
               <element dimension="1">6.3607</element>
               <element dimension="2">-1.0353</element>
            </point>
            <point>
               <element dimension="1">6.4145</element>
               <element dimension="2">0.88603</element>
            </point>
            <point>
               <element dimension="1">6.4147</element>
               <element dimension="2">0.89187</element>
            </point>
            <point>
               <element dimension="1">10.9094</element>
               <element dimension="2">0.76611</element>
            </point>
            <point>
               <element dimension="1">11.1482</element>
               <element dimension="2">0.75826</element>
            </point>
            <point>
               <element dimension="1">13.8063</element>
               <element dimension="2">0.65788</element>
            </point>
            <point>
               <element dimension="1">13.8007</element>
               <element dimension="2">0.45721</element>
            </point>
            <point>
               <element dimension="1">13.7353</element>
               <element dimension="2">-1.2751</element>
            </point>
            <point>
               <element dimension="1">13.2006</element>
               <element dimension="2">-1.2601</element>
            </point>
            <point>
               <element dimension="1">6.3648</element>
               <element dimension="2">-1.0354</element>
            </point>
         </set>
      </occupancy>
      <occupancy>
         <time>
            <intervalStart>0.4</intervalStart>
            <intervalEnd>0.5</intervalEnd>
         </time>
         <set>
            <point>
               <element dimension="1">9.0184</element>
               <element dimension="2">-1.097</element>
            </point>
            <point>
               <element dimension="1">9.0899</element>
               <element dimension="2">0.79657</element>
            </point>
            <point>
               <element dimension="1">9.0902</element>
               <element dimension="2">0.80203</element>
            </point>
            <point>
               <element dimension="1">13.5674</element>
               <element dimension="2">0.63296</element>
            </point>
            <point>
               <element dimension="1">13.8035</element>
               <element dimension="2">0.62287</element>
            </point>
            <point>
               <element dimension="1">16.4996</element>
               <element dimension="2">0.49427</element>
            </point>
            <point>
               <element dimension="1">16.4931</element>
               <element dimension="2">0.32127</element>
            </point>
            <point>
               <element dimension="1">16.4105</element>
               <element dimension="2">-1.4093</element>
            </point>
            <point>
               <element dimension="1">15.6867</element>
               <element dimension="2">-1.382</element>
            </point>
            <point>
               <element dimension="1">9.0219</element>
               <element dimension="2">-1.0972</element>
            </point>
         </set>
      </occupancy>
      <occupancy>
         <time>
            <intervalStart>0.5</intervalStart>
            <intervalEnd>0.6</intervalEnd>
         </time>
         <set>
            <point>
               <element dimension="1">11.7159</element>
               <element dimension="2">-1.1852</element>
            </point>
            <point>
               <element dimension="1">11.8047</element>
               <element dimension="2">0.6785</element>
            </point>
            <point>
               <element dimension="1">11.805</element>
               <element dimension="2">0.68286</element>
            </point>
            <point>
               <element dimension="1">16.2626</element>
               <element dimension="2">0.47023</element>
            </point>
            <point>
               <element dimension="1">16.496</element>
               <element dimension="2">0.45793</element>
            </point>
            <point>
               <element dimension="1">19.2309</element>
               <element dimension="2">0.29987</element>
            </point>
            <point>
               <element dimension="1">19.224</element>
               <element dimension="2">0.15617</element>
            </point>
            <point>
               <element dimension="1">19.1241</element>
               <element dimension="2">-1.5725</element>
            </point>
            <point>
               <element dimension="1">18.4513</element>
               <element dimension="2">-1.5404</element>
            </point>
            <point>
               <element dimension="1">11.7195</element>
               <element dimension="2">-1.1854</element>
            </point>
         </set>
      </occupancy>
      <occupancy>
         <time>
            <intervalStart>0.6</intervalStart>
            <intervalEnd>0.7</intervalEnd>
         </time>
         <set>
            <point>
               <element dimension="1">14.4524</element>
               <element dimension="2">-1.3021</element>
            </point>
            <point>
               <element dimension="1">14.5583</element>
               <element dimension="2">0.53099</element>
            </point>
            <point>
               <element dimension="1">14.5585</element>
               <element dimension="2">0.53436</element>
            </point>
            <point>
               <element dimension="1">18.996</element>
               <element dimension="2">0.2779</element>
            </point>
            <point>
               <element dimension="1">19.2266</element>
               <element dimension="2">0.26339</element>
            </point>
            <point>
               <element dimension="1">21.9998</element>
               <element dimension="2">0.074677</element>
            </point>
            <point>
               <element dimension="1">21.9932</element>
               <element dimension="2">-0.039332</element>
            </point>
            <point>
               <element dimension="1">21.8757</element>
               <element dimension="2">-1.766</element>
            </point>
            <point>
               <element dimension="1">21.2431</element>
               <element dimension="2">-1.7294</element>
            </point>
            <point>
               <element dimension="1">14.4559</element>
               <element dimension="2">-1.3024</element>
            </point>
         </set>
      </occupancy>
      <occupancy>
         <time>
            <intervalStart>0.7</intervalStart>
            <intervalEnd>0.8</intervalEnd>
         </time>
         <set>
            <point>
               <element dimension="1">17.2276</element>
               <element dimension="2">-1.4491</element>
            </point>
            <point>
               <element dimension="1">17.3502</element>
               <element dimension="2">0.3529</element>
            </point>
            <point>
               <element dimension="1">17.3504</element>
               <element dimension="2">0.35526</element>
            </point>
            <point>
               <element dimension="1">21.7672</element>
               <element dimension="2">0.054704</element>
            </point>
            <point>
               <element dimension="1">21.9952</element>
               <element dimension="2">0.038005</element>
            </point>
            <point>
               <element dimension="1">24.806</element>
               <element dimension="2">-0.18254</element>
            </point>
            <point>
               <element dimension="1">24.8003</element>
               <element dimension="2">-0.26643</element>
            </point>
            <point>
               <element dimension="1">24.665</element>
               <element dimension="2">-1.9908</element>
            </point>
            <point>
               <element dimension="1">24.0726</element>
               <element dimension="2">-1.9505</element>
            </point>
            <point>
               <element dimension="1">17.2309</element>
               <element dimension="2">-1.4493</element>
            </point>
         </set>
      </occupancy>
      <occupancy>
         <time>
            <intervalStart>0.8</intervalStart>
            <intervalEnd>0.9</intervalEnd>
         </time>
         <set>
            <point>
               <element dimension="1">20.0413</element>
               <element dimension="2">-1.6272</element>
            </point>
            <point>
               <element dimension="1">20.1802</element>
               <element dimension="2">0.14302</element>
            </point>
            <point>
               <element dimension="1">20.1803</element>
               <element dimension="2">0.14437</element>
            </point>
            <point>
               <element dimension="1">24.5737</element>
               <element dimension="2">-0.20035</element>
            </point>
            <point>
               <element dimension="1">24.8013</element>
               <element dimension="2">-0.21941</element>
            </point>
            <point>
               <element dimension="1">27.649</element>
               <element dimension="2">-0.47298</element>
            </point>
            <point>
               <element dimension="1">27.6448</element>
               <element dimension="2">-0.52633</element>
            </point>
            <point>
               <element dimension="1">27.4914</element>
               <element dimension="2">-2.2483</element>
            </point>
            <point>
               <element dimension="1">26.9425</element>
               <element dimension="2">-2.2052</element>
            </point>
            <point>
               <element dimension="1">20.0439</element>
               <element dimension="2">-1.6274</element>
            </point>
         </set>
      </occupancy>
      <occupancy>
         <time>
            <intervalStart>0.9</intervalStart>
            <intervalEnd>1</intervalEnd>
         </time>
         <set>
            <point>
               <element dimension="1">22.893</element>
               <element dimension="2">-1.8377</element>
            </point>
            <point>
               <element dimension="1">23.0477</element>
               <element dimension="2">-0.099879</element>
            </point>
            <point>
               <element dimension="1">23.0478</element>
               <element dimension="2">-0.099539</element>
            </point>
            <point>
               <element dimension="1">27.4171</element>
               <element dimension="2">-0.4886</element>
            </point>
            <point>
               <element dimension="1">27.6445</element>
               <element dimension="2">-0.51007</element>
            </point>
            <point>
               <element dimension="1">30.5288</element>
               <element dimension="2">-0.79791</element>
            </point>
            <point>
               <element dimension="1">30.5248</element>
               <element dimension="2">-0.84329</element>
            </point>
            <point>
               <element dimension="1">30.3552</element>
               <element dimension="2">-2.5424</element>
            </point>
            <point>
               <element dimension="1">30.3537</element>
               <element dimension="2">-2.5422</element>
            </point>
            <point>
               <element dimension="1">22.9109</element>
               <element dimension="2">-1.8395</element>
            </point>
         </set>
      </occupancy>
   </occupancySet>
   <reachableSet>
      <reachability>
         <time>0</time>
         <x>
            <intervalStart>-0.1</intervalStart>
            <intervalEnd>0.1</intervalEnd>
         </x>
         <y>
            <intervalStart>-0.1</intervalStart>
            <intervalEnd>0.1</intervalEnd>
         </y>
         <velocity>
            <intervalStart>25</intervalStart>
            <intervalEnd>25.4</intervalEnd>
         </velocity>
         <orientation>
            <intervalStart>-0.02</intervalStart>
            <intervalEnd>0.02</intervalEnd>
         </orientation>
      </reachability>
      <reachability>
         <time>1</time>
         <x>
            <intervalStart>27.1538</intervalStart>
            <intervalEnd>27.1552</intervalEnd>
         </x>
         <y>
            <intervalStart>-1.3642</intervalStart>
            <intervalEnd>-1.3536</intervalEnd>
         </y>
         <velocity>
            <intervalStart>29.2</intervalStart>
            <intervalEnd>29.2</intervalEnd>
         </velocity>
         <orientation>
            <intervalStart>-0.10021</intervalStart>
            <intervalEnd>-0.099797</intervalEnd>
         </orientation>
      </reachability>
   </reachableSet>
</motionPrimitive>