<?xml version="1.0" encoding="utf-8"?>
<motionPrimitive ID="10034">
   <controller type="generator space control">controller10034.mat</controller>
   <successors>
      <id>10776</id>
      <id>10777</id>
      <id>10778</id>
      <id>10779</id>
      <id>10780</id>
      <id>10781</id>
      <id>10782</id>
      <id>10783</id>
      <id>10784</id>
      <id>10785</id>
      <id>10786</id>
      <id>10787</id>
      <id>10788</id>
      <id>10789</id>
      <id>10790</id>
      <id>10791</id>
      <id>10792</id>
      <id>10793</id>
      <id>10794</id>
      <id>10795</id>
      <id>10796</id>
      <id>10797</id>
      <id>10798</id>
      <id>10799</id>
      <id>10800</id>
      <id>10801</id>
      <id>10802</id>
      <id>10803</id>
      <id>10804</id>
      <id>10805</id>
      <id>10806</id>
      <id>10807</id>
      <id>10808</id>
      <id>10809</id>
      <id>10810</id>
      <id>10811</id>
      <id>10812</id>
      <id>10813</id>
      <id>10814</id>
      <id>10815</id>
      <id>10816</id>
      <id>10817</id>
      <id>10818</id>
      <id>10819</id>
      <id>10820</id>
      <id>10821</id>
      <id>10822</id>
      <id>10823</id>
      <id>10824</id>
      <id>10825</id>
      <id>10826</id>
      <id>10827</id>
      <id>10828</id>
      <id>10829</id>
      <id>10830</id>
      <id>10831</id>
      <id>10832</id>
      <id>10833</id>
      <id>10834</id>
      <id>10835</id>
      <id>10836</id>
      <id>10837</id>
      <id>10838</id>
      <id>10839</id>
      <id>10840</id>
      <id>10841</id>
      <id>10842</id>
      <id>10843</id>
      <id>10844</id>
      <id>10845</id>
      <id>10846</id>
      <id>10847</id>
      <id>10848</id>
      <id>10849</id>
      <id>10850</id>
      <id>10851</id>
      <id>10852</id>
      <id>10853</id>
      <id>10854</id>
      <id>10855</id>
      <id>10856</id>
      <id>10857</id>
      <id>10858</id>
      <id>10859</id>
      <id>10860</id>
      <id>10861</id>
      <id>10862</id>
      <id>10863</id>
      <id>10864</id>
      <id>10865</id>
      <id>10866</id>
      <id>10867</id>
      <id>10868</id>
      <id>10869</id>
      <id>10870</id>
      <id>10871</id>
      <id>10872</id>
      <id>10873</id>
      <id>10874</id>
      <id>10875</id>
      <id>10876</id>
      <id>10877</id>
      <id>10878</id>
      <id>10879</id>
      <id>10880</id>
      <id>10881</id>
      <id>10882</id>
      <id>10883</id>
      <id>10884</id>
      <id>10885</id>
      <id>10886</id>
      <id>10887</id>
      <id>10888</id>
      <id>10889</id>
      <id>10890</id>
      <id>10891</id>
      <id>10892</id>
      <id>10893</id>
      <id>10894</id>
      <id>10895</id>
      <id>10896</id>
      <id>10897</id>
      <id>10898</id>
      <id>10899</id>
      <id>10900</id>
      <id>10901</id>
      <id>10902</id>
      <id>10903</id>
      <id>10904</id>
      <id>10905</id>
      <id>10906</id>
      <id>10907</id>
      <id>10908</id>
      <id>10909</id>
      <id>10910</id>
      <id>10911</id>
      <id>10912</id>
      <id>10913</id>
      <id>10914</id>
      <id>10915</id>
      <id>10916</id>
      <id>10917</id>
      <id>10918</id>
      <id>10919</id>
      <id>10920</id>
      <id>10921</id>
      <id>10922</id>
      <id>10923</id>
      <id>10924</id>
      <id>10925</id>
      <id>10926</id>
      <id>10927</id>
      <id>10928</id>
      <id>10929</id>
      <id>10930</id>
      <id>10931</id>
      <id>10932</id>
      <id>10933</id>
      <id>10934</id>
      <id>10935</id>
      <id>10936</id>
      <id>10937</id>
      <id>10938</id>
      <id>10939</id>
      <id>10940</id>
      <id>10941</id>
      <id>10942</id>
      <id>10943</id>
      <id>10944</id>
      <id>10945</id>
      <id>10946</id>
      <id>10947</id>
      <id>10948</id>
      <id>10949</id>
      <id>10950</id>
      <id>10951</id>
      <id>10952</id>
      <id>10953</id>
      <id>10954</id>
      <id>10955</id>
   </successors>
   <trajectory>
      <states>
         <state>
            <time>0</time>
            <x>0</x>
            <y>0</y>
            <velocity>24</velocity>
            <orientation>0</orientation>
         </state>
         <state>
            <time>0.1</time>
            <x>2.41</x>
            <y>0.011616</y>
            <velocity>24.2</velocity>
            <orientation>0.00964</orientation>
         </state>
         <state>
            <time>0.2</time>
            <x>4.8397</x>
            <y>0.04685</y>
            <velocity>24.4</velocity>
            <orientation>0.01936</orientation>
         </state>
         <state>
            <time>0.3</time>
            <x>7.289</x>
            <y>0.10628</y>
            <velocity>24.6</velocity>
            <orientation>0.02916</orientation>
         </state>
         <state>
            <time>0.4</time>
            <x>9.7575</x>
            <y>0.19049</y>
            <velocity>24.8</velocity>
            <orientation>0.03904</orientation>
         </state>
         <state>
            <time>0.5</time>
            <x>12.2451</x>
            <y>0.30006</y>
            <velocity>25</velocity>
            <orientation>0.049</orientation>
         </state>
         <state>
            <time>0.6</time>
            <x>14.7514</x>
            <y>0.43559</y>
            <velocity>25.2</velocity>
            <orientation>0.05904</orientation>
         </state>
         <state>
            <time>0.7</time>
            <x>17.2762</x>
            <y>0.59765</y>
            <velocity>25.4</velocity>
            <orientation>0.06916</orientation>
         </state>
         <state>
            <time>0.8</time>
            <x>19.8192</x>
            <y>0.78684</y>
            <velocity>25.6</velocity>
            <orientation>0.07936</orientation>
         </state>
         <state>
            <time>0.9</time>
            <x>22.38</x>
            <y>1.0037</y>
            <velocity>25.8</velocity>
            <orientation>0.08964</orientation>
         </state>
         <state>
            <time>1</time>
            <x>24.9584</x>
            <y>1.249</y>
            <velocity>26</velocity>
            <orientation>0.1</orientation>
         </state>
      </states>
      <inputs>
         <input>
            <acceleration>2</acceleration>
            <steer>0.0091997</steer>
         </input>
         <input>
            <acceleration>2</acceleration>
            <steer>0.0091997</steer>
         </input>
         <input>
            <acceleration>2</acceleration>
            <steer>0.0091997</steer>
         </input>
         <input>
            <acceleration>2</acceleration>
            <steer>0.0091997</steer>
         </input>
         <input>
            <acceleration>2</acceleration>
            <steer>0.0091997</steer>
         </input>
         <input>
            <acceleration>2</acceleration>
            <steer>0.0091997</steer>
         </input>
         <input>
            <acceleration>2</acceleration>
            <steer>0.0091997</steer>
         </input>
         <input>
            <acceleration>2</acceleration>
            <steer>0.0091997</steer>
         </input>
         <input>
            <acceleration>2</acceleration>
            <steer>0.0091997</steer>
         </input>
         <input>
            <acceleration>2</acceleration>
            <steer>0.0091997</steer>
         </input>
      </inputs>
   </trajectory>
   <occupancySet>
      <occupancy>
         <time>
            <intervalStart>0</intervalStart>
            <intervalEnd>0.1</intervalEnd>
         </time>
         <set>
            <point>
               <element dimension="1">-1.1207</element>
               <element dimension="2">1.0185</element>
            </point>
            <point>
               <element dimension="1">-1.1055</element>
               <element dimension="2">1.0186</element>
            </point>
            <point>
               <element dimension="1">-0.63604</element>
               <element dimension="2">1.0209</element>
            </point>
            <point>
               <element dimension="1">5.8081</element>
               <element dimension="2">1.024</element>
            </point>
            <point>
               <element dimension="1">5.8239</element>
               <element dimension="2">-0.69385</element>
            </point>
            <point>
               <element dimension="1">5.8246</element>
               <element dimension="2">-0.83975</element>
            </point>
            <point>
               <element dimension="1">5.8247</element>
               <element dimension="2">-0.99749</element>
            </point>
            <point>
               <element dimension="1">3.6454</element>
               <element dimension="2">-1.0174</element>
            </point>
            <point>
               <element dimension="1">3.4165</element>
               <element dimension="2">-1.0186</element>
            </point>
            <point>
               <element dimension="1">-1.1197</element>
               <element dimension="2">-1.0207</element>
            </point>
            <point>
               <element dimension="1">-1.1197</element>
               <element dimension="2">-1.0206</element>
            </point>
            <point>
               <element dimension="1">-1.1197</element>
               <element dimension="2">-1.0204</element>
            </point>
         </set>
      </occupancy>
      <occupancy>
         <time>
            <intervalStart>0.1</intervalStart>
            <intervalEnd>0.2</intervalEnd>
         </time>
         <set>
            <point>
               <element dimension="1">1.0517</element>
               <element dimension="2">0.97771</element>
            </point>
            <point>
               <element dimension="1">2.9144</element>
               <element dimension="2">1.0129</element>
            </point>
            <point>
               <element dimension="1">8.0524</element>
               <element dimension="2">1.0849</element>
            </point>
            <point>
               <element dimension="1">8.2207</element>
               <element dimension="2">1.0864</element>
            </point>
            <point>
               <element dimension="1">8.2534</element>
               <element dimension="2">-0.64527</element>
            </point>
            <point>
               <element dimension="1">8.2535</element>
               <element dimension="2">-0.6498</element>
            </point>
            <point>
               <element dimension="1">8.2557</element>
               <element dimension="2">-0.88979</element>
            </point>
            <point>
               <element dimension="1">5.8237</element>
               <element dimension="2">-0.9357</element>
            </point>
            <point>
               <element dimension="1">5.2602</element>
               <element dimension="2">-0.94359</element>
            </point>
            <point>
               <element dimension="1">1.0697</element>
               <element dimension="2">-0.98197</element>
            </point>
            <point>
               <element dimension="1">1.0696</element>
               <element dimension="2">-0.97854</element>
            </point>
         </set>
      </occupancy>
      <occupancy>
         <time>
            <intervalStart>0.2</intervalStart>
            <intervalEnd>0.3</intervalEnd>
         </time>
         <set>
            <point>
               <element dimension="1">3.4774</element>
               <element dimension="2">0.9973</element>
            </point>
            <point>
               <element dimension="1">3.4809</element>
               <element dimension="2">0.9974</element>
            </point>
            <point>
               <element dimension="1">10.1078</element>
               <element dimension="2">1.155</element>
            </point>
            <point>
               <element dimension="1">10.6482</element>
               <element dimension="2">1.1652</element>
            </point>
            <point>
               <element dimension="1">10.6979</element>
               <element dimension="2">-0.56859</element>
            </point>
            <point>
               <element dimension="1">10.7022</element>
               <element dimension="2">-0.7947</element>
            </point>
            <point>
               <element dimension="1">8.254</element>
               <element dimension="2">-0.86491</element>
            </point>
            <point>
               <element dimension="1">8.0106</element>
               <element dimension="2">-0.8707</element>
            </point>
            <point>
               <element dimension="1">3.5143</element>
               <element dimension="2">-0.95558</element>
            </point>
            <point>
               <element dimension="1">3.5142</element>
               <element dimension="2">-0.95164</element>
            </point>
         </set>
      </occupancy>
      <occupancy>
         <time>
            <intervalStart>0.3</intervalStart>
            <intervalEnd>0.4</intervalEnd>
         </time>
         <set>
            <point>
               <element dimension="1">5.9276</element>
               <element dimension="2">1.03</element>
            </point>
            <point>
               <element dimension="1">5.9318</element>
               <element dimension="2">1.0302</element>
            </point>
            <point>
               <element dimension="1">12.5736</element>
               <element dimension="2">1.2535</element>
            </point>
            <point>
               <element dimension="1">13.095</element>
               <element dimension="2">1.2684</element>
            </point>
            <point>
               <element dimension="1">13.1619</element>
               <element dimension="2">-0.46603</element>
            </point>
            <point>
               <element dimension="1">13.1676</element>
               <element dimension="2">-0.66352</element>
            </point>
            <point>
               <element dimension="1">10.6992</element>
               <element dimension="2">-0.75871</element>
            </point>
            <point>
               <element dimension="1">10.4586</element>
               <element dimension="2">-0.7668</element>
            </point>
            <point>
               <element dimension="1">5.9828</element>
               <element dimension="2">-0.89516</element>
            </point>
            <point>
               <element dimension="1">5.9826</element>
               <element dimension="2">-0.88916</element>
            </point>
         </set>
      </occupancy>
      <occupancy>
         <time>
            <intervalStart>0.4</intervalStart>
            <intervalEnd>0.5</intervalEnd>
         </time>
         <set>
            <point>
               <element dimension="1">8.3972</element>
               <element dimension="2">1.0873</element>
            </point>
            <point>
               <element dimension="1">8.4008</element>
               <element dimension="2">1.0874</element>
            </point>
            <point>
               <element dimension="1">14.8421</element>
               <element dimension="2">1.368</element>
            </point>
            <point>
               <element dimension="1">15.5603</element>
               <element dimension="2">1.3957</element>
            </point>
            <point>
               <element dimension="1">15.6444</element>
               <element dimension="2">-0.33695</element>
            </point>
            <point>
               <element dimension="1">15.651</element>
               <element dimension="2">-0.50668</element>
            </point>
            <point>
               <element dimension="1">13.1646</element>
               <element dimension="2">-0.62737</element>
            </point>
            <point>
               <element dimension="1">12.927</element>
               <element dimension="2">-0.63772</element>
            </point>
            <point>
               <element dimension="1">8.4704</element>
               <element dimension="2">-0.80958</element>
            </point>
            <point>
               <element dimension="1">8.4702</element>
               <element dimension="2">-0.80408</element>
            </point>
         </set>
      </occupancy>
      <occupancy>
         <time>
            <intervalStart>0.5</intervalStart>
            <intervalEnd>0.6</intervalEnd>
         </time>
         <set>
            <point>
               <element dimension="1">10.8868</element>
               <element dimension="2">1.1686</element>
            </point>
            <point>
               <element dimension="1">10.8905</element>
               <element dimension="2">1.1688</element>
            </point>
            <point>
               <element dimension="1">17.3777</element>
               <element dimension="2">1.5164</element>
            </point>
            <point>
               <element dimension="1">18.0441</element>
               <element dimension="2">1.5487</element>
            </point>
            <point>
               <element dimension="1">18.1455</element>
               <element dimension="2">-0.18199</element>
            </point>
            <point>
               <element dimension="1">18.1524</element>
               <element dimension="2">-0.32248</element>
            </point>
            <point>
               <element dimension="1">15.6471</element>
               <element dimension="2">-0.4693</element>
            </point>
            <point>
               <element dimension="1">15.4124</element>
               <element dimension="2">-0.48187</element>
            </point>
            <point>
               <element dimension="1">10.9774</element>
               <element dimension="2">-0.69715</element>
            </point>
            <point>
               <element dimension="1">10.9771</element>
               <element dimension="2">-0.69279</element>
            </point>
         </set>
      </occupancy>
      <occupancy>
         <time>
            <intervalStart>0.6</intervalStart>
            <intervalEnd>0.7</intervalEnd>
         </time>
         <set>
            <point>
               <element dimension="1">13.3955</element>
               <element dimension="2">1.2759</element>
            </point>
            <point>
               <element dimension="1">13.3992</element>
               <element dimension="2">1.2761</element>
            </point>
            <point>
               <element dimension="1">19.9199</element>
               <element dimension="2">1.6914</element>
            </point>
            <point>
               <element dimension="1">20.5462</element>
               <element dimension="2">1.7281</element>
            </point>
            <point>
               <element dimension="1">20.665</element>
               <element dimension="2">-0.00051317</element>
            </point>
            <point>
               <element dimension="1">20.6715</element>
               <element dimension="2">-0.11159</element>
            </point>
            <point>
               <element dimension="1">18.1479</element>
               <element dimension="2">-0.28512</element>
            </point>
            <point>
               <element dimension="1">17.9162</element>
               <element dimension="2">-0.29987</element>
            </point>
            <point>
               <element dimension="1">13.5031</element>
               <element dimension="2">-0.5585</element>
            </point>
            <point>
               <element dimension="1">13.5028</element>
               <element dimension="2">-0.55516</element>
            </point>
         </set>
      </occupancy>
      <occupancy>
         <time>
            <intervalStart>0.7</intervalStart>
            <intervalEnd>0.8</intervalEnd>
         </time>
         <set>
            <point>
               <element dimension="1">15.9233</element>
               <element dimension="2">1.4096</element>
            </point>
            <point>
               <element dimension="1">15.9265</element>
               <element dimension="2">1.4099</element>
            </point>
            <point>
               <element dimension="1">22.48</element>
               <element dimension="2">1.8941</element>
            </point>
            <point>
               <element dimension="1">23.0662</element>
               <element dimension="2">1.9344</element>
            </point>
            <point>
               <element dimension="1">23.2026</element>
               <element dimension="2">0.20806</element>
            </point>
            <point>
               <element dimension="1">23.2082</element>
               <element dimension="2">0.12663</element>
            </point>
            <point>
               <element dimension="1">20.6668</element>
               <element dimension="2">-0.074173</element>
            </point>
            <point>
               <element dimension="1">20.4379</element>
               <element dimension="2">-0.091084</element>
            </point>
            <point>
               <element dimension="1">16.0473</element>
               <element dimension="2">-0.39299</element>
            </point>
            <point>
               <element dimension="1">16.0471</element>
               <element dimension="2">-0.39068</element>
            </point>
         </set>
      </occupancy>
      <occupancy>
         <time>
            <intervalStart>0.8</intervalStart>
            <intervalEnd>0.9</intervalEnd>
         </time>
         <set>
            <point>
               <element dimension="1">18.4697</element>
               <element dimension="2">1.5704</element>
            </point>
            <point>
               <element dimension="1">18.4723</element>
               <element dimension="2">1.5706</element>
            </point>
            <point>
               <element dimension="1">25.0718</element>
               <element dimension="2">2.1262</element>
            </point>
            <point>
               <element dimension="1">25.6038</element>
               <element dimension="2">2.1682</element>
            </point>
            <point>
               <element dimension="1">25.7578</element>
               <element dimension="2">0.44432</element>
            </point>
            <point>
               <element dimension="1">25.7619</element>
               <element dimension="2">0.39275</element>
            </point>
            <point>
               <element dimension="1">23.2034</element>
               <element dimension="2">0.16411</element>
            </point>
            <point>
               <element dimension="1">22.9751</element>
               <element dimension="2">0.14489</element>
            </point>
            <point>
               <element dimension="1">18.6096</element>
               <element dimension="2">-0.20004</element>
            </point>
            <point>
               <element dimension="1">18.6095</element>
               <element dimension="2">-0.19874</element>
            </point>
         </set>
      </occupancy>
      <occupancy>
         <time>
            <intervalStart>0.9</intervalStart>
            <intervalEnd>1</intervalEnd>
         </time>
         <set>
            <point>
               <element dimension="1">21.0345</element>
               <element dimension="2">1.7588</element>
            </point>
            <point>
               <element dimension="1">21.0362</element>
               <element dimension="2">1.759</element>
            </point>
            <point>
               <element dimension="1">28.077</element>
               <element dimension="2">2.4249</element>
            </point>
            <point>
               <element dimension="1">28.1589</element>
               <element dimension="2">2.4322</element>
            </point>
            <point>
               <element dimension="1">28.3285</element>
               <element dimension="2">0.73293</element>
            </point>
            <point>
               <element dimension="1">28.3326</element>
               <element dimension="2">0.68735</element>
            </point>
            <point>
               <element dimension="1">25.7574</element>
               <element dimension="2">0.43032</element>
            </point>
            <point>
               <element dimension="1">25.5293</element>
               <element dimension="2">0.40875</element>
            </point>
            <point>
               <element dimension="1">21.1898</element>
               <element dimension="2">0.020958</element>
            </point>
            <point>
               <element dimension="1">21.1898</element>
               <element dimension="2">0.02124</element>
            </point>
         </set>
      </occupancy>
   </occupancySet>
   <reachableSet>
      <reachability>
         <time>0</time>
         <x>
            <intervalStart>-0.1</intervalStart>
            <intervalEnd>0.1</intervalEnd>
         </x>
         <y>
            <intervalStart>-0.1</intervalStart>
            <intervalEnd>0.1</intervalEnd>
         </y>
         <velocity>
            <intervalStart>23.8</intervalStart>
            <intervalEnd>24.2</intervalEnd>
         </velocity>
         <orientation>
            <intervalStart>-0.02</intervalStart>
            <intervalEnd>0.02</intervalEnd>
         </orientation>
      </reachability>
      <reachability>
         <time>1</time>
         <x>
            <intervalStart>24.9574</intervalStart>
            <intervalEnd>24.9589</intervalEnd>
         </x>
         <y>
            <intervalStart>1.244</intervalStart>
            <intervalEnd>1.254</intervalEnd>
         </y>
         <velocity>
            <intervalStart>26</intervalStart>
            <intervalEnd>26</intervalEnd>
         </velocity>
         <orientation>
            <intervalStart>0.099793</intervalStart>
            <intervalEnd>0.10021</intervalEnd>
         </orientation>
      </reachability>
   </reachableSet>
</motionPrimitive>