<?xml version="1.0" encoding="utf-8"?>
<motionPrimitive ID="10300">
   <controller type="generator space control">controller10300.mat</controller>
   <successors>
      <id>10416</id>
      <id>10417</id>
      <id>10418</id>
      <id>10419</id>
      <id>10420</id>
      <id>10421</id>
      <id>10422</id>
      <id>10423</id>
      <id>10424</id>
      <id>10425</id>
      <id>10426</id>
      <id>10427</id>
      <id>10428</id>
      <id>10429</id>
      <id>10430</id>
      <id>10431</id>
      <id>10432</id>
      <id>10433</id>
      <id>10434</id>
      <id>10435</id>
      <id>10436</id>
      <id>10437</id>
      <id>10438</id>
      <id>10439</id>
      <id>10440</id>
      <id>10441</id>
      <id>10442</id>
      <id>10443</id>
      <id>10444</id>
      <id>10445</id>
      <id>10446</id>
      <id>10447</id>
      <id>10448</id>
      <id>10449</id>
      <id>10450</id>
      <id>10451</id>
      <id>10452</id>
      <id>10453</id>
      <id>10454</id>
      <id>10455</id>
      <id>10456</id>
      <id>10457</id>
      <id>10458</id>
      <id>10459</id>
      <id>10460</id>
      <id>10461</id>
      <id>10462</id>
      <id>10463</id>
      <id>10464</id>
      <id>10465</id>
      <id>10466</id>
      <id>10467</id>
      <id>10468</id>
      <id>10469</id>
      <id>10470</id>
      <id>10471</id>
      <id>10472</id>
      <id>10473</id>
      <id>10474</id>
      <id>10475</id>
      <id>10476</id>
      <id>10477</id>
      <id>10478</id>
      <id>10479</id>
      <id>10480</id>
      <id>10481</id>
      <id>10482</id>
      <id>10483</id>
      <id>10484</id>
      <id>10485</id>
      <id>10486</id>
      <id>10487</id>
      <id>10488</id>
      <id>10489</id>
      <id>10490</id>
      <id>10491</id>
      <id>10492</id>
      <id>10493</id>
      <id>10494</id>
      <id>10495</id>
      <id>10496</id>
      <id>10497</id>
      <id>10498</id>
      <id>10499</id>
      <id>10500</id>
      <id>10501</id>
      <id>10502</id>
      <id>10503</id>
      <id>10504</id>
      <id>10505</id>
      <id>10506</id>
      <id>10507</id>
      <id>10508</id>
      <id>10509</id>
      <id>10510</id>
      <id>10511</id>
      <id>10512</id>
      <id>10513</id>
      <id>10514</id>
      <id>10515</id>
      <id>10516</id>
      <id>10517</id>
      <id>10518</id>
      <id>10519</id>
      <id>10520</id>
      <id>10521</id>
      <id>10522</id>
      <id>10523</id>
      <id>10524</id>
      <id>10525</id>
      <id>10526</id>
      <id>10527</id>
      <id>10528</id>
      <id>10529</id>
      <id>10530</id>
      <id>10531</id>
      <id>10532</id>
      <id>10533</id>
      <id>10534</id>
      <id>10535</id>
      <id>10536</id>
      <id>10537</id>
      <id>10538</id>
      <id>10539</id>
      <id>10540</id>
      <id>10541</id>
      <id>10542</id>
      <id>10543</id>
      <id>10544</id>
      <id>10545</id>
      <id>10546</id>
      <id>10547</id>
      <id>10548</id>
      <id>10549</id>
      <id>10550</id>
      <id>10551</id>
      <id>10552</id>
      <id>10553</id>
      <id>10554</id>
      <id>10555</id>
      <id>10556</id>
      <id>10557</id>
      <id>10558</id>
      <id>10559</id>
      <id>10560</id>
      <id>10561</id>
      <id>10562</id>
      <id>10563</id>
      <id>10564</id>
      <id>10565</id>
      <id>10566</id>
      <id>10567</id>
      <id>10568</id>
      <id>10569</id>
      <id>10570</id>
      <id>10571</id>
      <id>10572</id>
      <id>10573</id>
      <id>10574</id>
      <id>10575</id>
      <id>10576</id>
      <id>10577</id>
      <id>10578</id>
      <id>10579</id>
      <id>10580</id>
      <id>10581</id>
      <id>10582</id>
      <id>10583</id>
      <id>10584</id>
      <id>10585</id>
      <id>10586</id>
      <id>10587</id>
      <id>10588</id>
      <id>10589</id>
      <id>10590</id>
      <id>10591</id>
      <id>10592</id>
      <id>10593</id>
      <id>10594</id>
      <id>10595</id>
   </successors>
   <trajectory>
      <states>
         <state>
            <time>0</time>
            <x>0</x>
            <y>0</y>
            <velocity>24.8</velocity>
            <orientation>0</orientation>
         </state>
         <state>
            <time>0.1</time>
            <x>2.4813</x>
            <y>-0.049276</y>
            <velocity>24.84</velocity>
            <orientation>-0.039712</orientation>
         </state>
         <state>
            <time>0.2</time>
            <x>4.9628</x>
            <y>-0.19734</y>
            <velocity>24.88</velocity>
            <orientation>-0.079488</orientation>
         </state>
         <state>
            <time>0.3</time>
            <x>7.4403</x>
            <y>-0.44445</y>
            <velocity>24.92</velocity>
            <orientation>-0.11933</orientation>
         </state>
         <state>
            <time>0.4</time>
            <x>9.91</x>
            <y>-0.79067</y>
            <velocity>24.96</velocity>
            <orientation>-0.15923</orientation>
         </state>
         <state>
            <time>0.5</time>
            <x>12.3678</x>
            <y>-1.2359</y>
            <velocity>25</velocity>
            <orientation>-0.1992</orientation>
         </state>
         <state>
            <time>0.6</time>
            <x>14.8098</x>
            <y>-1.78</y>
            <velocity>25.04</velocity>
            <orientation>-0.23923</orientation>
         </state>
         <state>
            <time>0.7</time>
            <x>17.2319</x>
            <y>-2.4224</y>
            <velocity>25.08</velocity>
            <orientation>-0.27933</orientation>
         </state>
         <state>
            <time>0.8</time>
            <x>19.63</x>
            <y>-3.1627</y>
            <velocity>25.12</velocity>
            <orientation>-0.31949</orientation>
         </state>
         <state>
            <time>0.9</time>
            <x>22.0003</x>
            <y>-4.0001</y>
            <velocity>25.16</velocity>
            <orientation>-0.35971</orientation>
         </state>
         <state>
            <time>1</time>
            <x>24.3386</x>
            <y>-4.9337</y>
            <velocity>25.2</velocity>
            <orientation>-0.4</orientation>
         </state>
      </states>
      <inputs>
         <input>
            <acceleration>0.4</acceleration>
            <steer>-0.036783</steer>
         </input>
         <input>
            <acceleration>0.4</acceleration>
            <steer>-0.036783</steer>
         </input>
         <input>
            <acceleration>0.4</acceleration>
            <steer>-0.036783</steer>
         </input>
         <input>
            <acceleration>0.4</acceleration>
            <steer>-0.036783</steer>
         </input>
         <input>
            <acceleration>0.4</acceleration>
            <steer>-0.036783</steer>
         </input>
         <input>
            <acceleration>0.4</acceleration>
            <steer>-0.036783</steer>
         </input>
         <input>
            <acceleration>0.4</acceleration>
            <steer>-0.036783</steer>
         </input>
         <input>
            <acceleration>0.4</acceleration>
            <steer>-0.036783</steer>
         </input>
         <input>
            <acceleration>0.4</acceleration>
            <steer>-0.036783</steer>
         </input>
         <input>
            <acceleration>0.4</acceleration>
            <steer>-0.036783</steer>
         </input>
      </inputs>
   </trajectory>
   <occupancySet>
      <occupancy>
         <time>
            <intervalStart>0</intervalStart>
            <intervalEnd>0.1</intervalEnd>
         </time>
         <set>
            <point>
               <element dimension="1">-1.1238</element>
               <element dimension="2">-1.0187</element>
            </point>
            <point>
               <element dimension="1">-1.1197</element>
               <element dimension="2">1.0272</element>
            </point>
            <point>
               <element dimension="1">-1.1197</element>
               <element dimension="2">1.0275</element>
            </point>
            <point>
               <element dimension="1">-1.1196</element>
               <element dimension="2">1.0293</element>
            </point>
            <point>
               <element dimension="1">3.3383</element>
               <element dimension="2">1.0205</element>
            </point>
            <point>
               <element dimension="1">3.6634</element>
               <element dimension="2">1.014</element>
            </point>
            <point>
               <element dimension="1">5.9215</element>
               <element dimension="2">0.92878</element>
            </point>
            <point>
               <element dimension="1">5.921</element>
               <element dimension="2">0.70699</element>
            </point>
            <point>
               <element dimension="1">5.9182</element>
               <element dimension="2">0.56439</element>
            </point>
            <point>
               <element dimension="1">5.8531</element>
               <element dimension="2">-1.1593</element>
            </point>
            <point>
               <element dimension="1">5.6624</element>
               <element dimension="2">-1.1589</element>
            </point>
            <point>
               <element dimension="1">-0.81868</element>
               <element dimension="2">-1.0302</element>
            </point>
         </set>
      </occupancy>
      <occupancy>
         <time>
            <intervalStart>0.1</intervalStart>
            <intervalEnd>0.2</intervalEnd>
         </time>
         <set>
            <point>
               <element dimension="1">1.0854</element>
               <element dimension="2">-0.98091</element>
            </point>
            <point>
               <element dimension="1">1.1595</element>
               <element dimension="2">0.98247</element>
            </point>
            <point>
               <element dimension="1">1.1608</element>
               <element dimension="2">0.99949</element>
            </point>
            <point>
               <element dimension="1">5.2079</element>
               <element dimension="2">0.84671</element>
            </point>
            <point>
               <element dimension="1">5.9201</element>
               <element dimension="2">0.80562</element>
            </point>
            <point>
               <element dimension="1">8.4289</element>
               <element dimension="2">0.61078</element>
            </point>
            <point>
               <element dimension="1">8.4173</element>
               <element dimension="2">0.30349</element>
            </point>
            <point>
               <element dimension="1">8.4171</element>
               <element dimension="2">0.29998</element>
            </point>
            <point>
               <element dimension="1">8.2819</element>
               <element dimension="2">-1.4408</element>
            </point>
            <point>
               <element dimension="1">8.1131</element>
               <element dimension="2">-1.4344</element>
            </point>
            <point>
               <element dimension="1">3.4942</element>
               <element dimension="2">-1.168</element>
            </point>
         </set>
      </occupancy>
      <occupancy>
         <time>
            <intervalStart>0.2</intervalStart>
            <intervalEnd>0.3</intervalEnd>
         </time>
         <set>
            <point>
               <element dimension="1">3.5362</element>
               <element dimension="2">-1.0736</element>
            </point>
            <point>
               <element dimension="1">3.6877</element>
               <element dimension="2">0.87797</element>
            </point>
            <point>
               <element dimension="1">3.6902</element>
               <element dimension="2">0.89877</element>
            </point>
            <point>
               <element dimension="1">7.9401</element>
               <element dimension="2">0.5687</element>
            </point>
            <point>
               <element dimension="1">8.4231</element>
               <element dimension="2">0.52149</element>
            </point>
            <point>
               <element dimension="1">10.9261</element>
               <element dimension="2">0.22642</element>
            </point>
            <point>
               <element dimension="1">10.9035</element>
               <element dimension="2">-0.064575</element>
            </point>
            <point>
               <element dimension="1">10.6979</element>
               <element dimension="2">-1.8087</element>
            </point>
            <point>
               <element dimension="1">10.5516</element>
               <element dimension="2">-1.7973</element>
            </point>
            <point>
               <element dimension="1">5.4216</element>
               <element dimension="2">-1.2959</element>
            </point>
         </set>
      </occupancy>
      <occupancy>
         <time>
            <intervalStart>0.3</intervalStart>
            <intervalEnd>0.4</intervalEnd>
         </time>
         <set>
            <point>
               <element dimension="1">5.9912</element>
               <element dimension="2">-1.2543</element>
            </point>
            <point>
               <element dimension="1">6.217</element>
               <element dimension="2">0.66113</element>
            </point>
            <point>
               <element dimension="1">6.2215</element>
               <element dimension="2">0.68939</element>
            </point>
            <point>
               <element dimension="1">10.4705</element>
               <element dimension="2">0.18849</element>
            </point>
            <point>
               <element dimension="1">10.912</element>
               <element dimension="2">0.12749</element>
            </point>
            <point>
               <element dimension="1">13.4092</element>
               <element dimension="2">-0.26845</element>
            </point>
            <point>
               <element dimension="1">13.3782</element>
               <element dimension="2">-0.53108</element>
            </point>
            <point>
               <element dimension="1">13.1024</element>
               <element dimension="2">-2.2709</element>
            </point>
            <point>
               <element dimension="1">12.9777</element>
               <element dimension="2">-2.2562</element>
            </point>
            <point>
               <element dimension="1">7.7856</element>
               <element dimension="2">-1.5388</element>
            </point>
         </set>
      </occupancy>
      <occupancy>
         <time>
            <intervalStart>0.4</intervalStart>
            <intervalEnd>0.5</intervalEnd>
         </time>
         <set>
            <point>
               <element dimension="1">8.4412</element>
               <element dimension="2">-1.5315</element>
            </point>
            <point>
               <element dimension="1">8.7397</element>
               <element dimension="2">0.35105</element>
            </point>
            <point>
               <element dimension="1">8.7448</element>
               <element dimension="2">0.37629</element>
            </point>
            <point>
               <element dimension="1">12.9986</element>
               <element dimension="2">-0.29816</element>
            </point>
            <point>
               <element dimension="1">13.3891</element>
               <element dimension="2">-0.36809</element>
            </point>
            <point>
               <element dimension="1">15.8718</element>
               <element dimension="2">-0.86415</element>
            </point>
            <point>
               <element dimension="1">15.8343</element>
               <element dimension="2">-1.1009</element>
            </point>
            <point>
               <element dimension="1">15.49</element>
               <element dimension="2">-2.8241</element>
            </point>
            <point>
               <element dimension="1">15.388</element>
               <element dimension="2">-2.8079</element>
            </point>
            <point>
               <element dimension="1">10.0005</element>
               <element dimension="2">-1.843</element>
            </point>
         </set>
      </occupancy>
      <occupancy>
         <time>
            <intervalStart>0.5</intervalStart>
            <intervalEnd>0.6</intervalEnd>
         </time>
         <set>
            <point>
               <element dimension="1">10.8854</element>
               <element dimension="2">-1.9028</element>
            </point>
            <point>
               <element dimension="1">11.253</element>
               <element dimension="2">-0.063062</element>
            </point>
            <point>
               <element dimension="1">11.258</element>
               <element dimension="2">-0.042212</element>
            </point>
            <point>
               <element dimension="1">15.4457</element>
               <element dimension="2">-0.87893</element>
            </point>
            <point>
               <element dimension="1">15.8452</element>
               <element dimension="2">-0.96709</element>
            </point>
            <point>
               <element dimension="1">18.3107</element>
               <element dimension="2">-1.5632</element>
            </point>
            <point>
               <element dimension="1">18.2697</element>
               <element dimension="2">-1.7687</element>
            </point>
            <point>
               <element dimension="1">17.8576</element>
               <element dimension="2">-3.4731</element>
            </point>
            <point>
               <element dimension="1">17.778</element>
               <element dimension="2">-3.4572</element>
            </point>
            <point>
               <element dimension="1">12.4554</element>
               <element dimension="2">-2.2825</element>
            </point>
         </set>
      </occupancy>
      <occupancy>
         <time>
            <intervalStart>0.6</intervalStart>
            <intervalEnd>0.7</intervalEnd>
         </time>
         <set>
            <point>
               <element dimension="1">13.3175</element>
               <element dimension="2">-2.3733</element>
            </point>
            <point>
               <element dimension="1">13.7514</element>
               <element dimension="2">-0.57902</element>
            </point>
            <point>
               <element dimension="1">13.7561</element>
               <element dimension="2">-0.56224</element>
            </point>
            <point>
               <element dimension="1">17.8828</element>
               <element dimension="2">-1.56</element>
            </point>
            <point>
               <element dimension="1">18.2793</element>
               <element dimension="2">-1.6644</element>
            </point>
            <point>
               <element dimension="1">20.7226</element>
               <element dimension="2">-2.3599</element>
            </point>
            <point>
               <element dimension="1">20.6804</element>
               <element dimension="2">-2.5342</element>
            </point>
            <point>
               <element dimension="1">20.2014</element>
               <element dimension="2">-4.217</element>
            </point>
            <point>
               <element dimension="1">20.1437</element>
               <element dimension="2">-4.203</element>
            </point>
            <point>
               <element dimension="1">14.8832</element>
               <element dimension="2">-2.8189</element>
            </point>
         </set>
      </occupancy>
      <occupancy>
         <time>
            <intervalStart>0.7</intervalStart>
            <intervalEnd>0.8</intervalEnd>
         </time>
         <set>
            <point>
               <element dimension="1">15.7338</element>
               <element dimension="2">-2.9423</element>
            </point>
            <point>
               <element dimension="1">16.2308</element>
               <element dimension="2">-1.1962</element>
            </point>
            <point>
               <element dimension="1">16.235</element>
               <element dimension="2">-1.1834</element>
            </point>
            <point>
               <element dimension="1">20.2946</element>
               <element dimension="2">-2.339</element>
            </point>
            <point>
               <element dimension="1">20.6876</element>
               <element dimension="2">-2.4595</element>
            </point>
            <point>
               <element dimension="1">23.1034</element>
               <element dimension="2">-3.2533</element>
            </point>
            <point>
               <element dimension="1">23.0626</element>
               <element dimension="2">-3.3966</element>
            </point>
            <point>
               <element dimension="1">22.5176</element>
               <element dimension="2">-5.0552</element>
            </point>
            <point>
               <element dimension="1">22.4813</element>
               <element dimension="2">-5.0448</element>
            </point>
            <point>
               <element dimension="1">17.2911</element>
               <element dimension="2">-3.4541</element>
            </point>
         </set>
      </occupancy>
      <occupancy>
         <time>
            <intervalStart>0.8</intervalStart>
            <intervalEnd>0.9</intervalEnd>
         </time>
         <set>
            <point>
               <element dimension="1">18.13</element>
               <element dimension="2">-3.6097</element>
            </point>
            <point>
               <element dimension="1">18.6872</element>
               <element dimension="2">-1.914</element>
            </point>
            <point>
               <element dimension="1">18.6905</element>
               <element dimension="2">-1.9052</element>
            </point>
            <point>
               <element dimension="1">22.6757</element>
               <element dimension="2">-3.2147</element>
            </point>
            <point>
               <element dimension="1">23.0659</element>
               <element dimension="2">-3.3516</element>
            </point>
            <point>
               <element dimension="1">25.4491</element>
               <element dimension="2">-4.2425</element>
            </point>
            <point>
               <element dimension="1">25.4121</element>
               <element dimension="2">-4.3549</element>
            </point>
            <point>
               <element dimension="1">24.8021</element>
               <element dimension="2">-5.987</element>
            </point>
            <point>
               <element dimension="1">24.7968</element>
               <element dimension="2">-5.9853</element>
            </point>
            <point>
               <element dimension="1">19.6799</element>
               <element dimension="2">-4.189</element>
            </point>
         </set>
      </occupancy>
      <occupancy>
         <time>
            <intervalStart>0.9</intervalStart>
            <intervalEnd>1</intervalEnd>
         </time>
         <set>
            <point>
               <element dimension="1">20.5022</element>
               <element dimension="2">-4.375</element>
            </point>
            <point>
               <element dimension="1">21.1163</element>
               <element dimension="2">-2.7318</element>
            </point>
            <point>
               <element dimension="1">21.1191</element>
               <element dimension="2">-2.7253</element>
            </point>
            <point>
               <element dimension="1">24.9529</element>
               <element dimension="2">-4.1584</element>
            </point>
            <point>
               <element dimension="1">25.4103</element>
               <element dimension="2">-4.3399</element>
            </point>
            <point>
               <element dimension="1">27.7555</element>
               <element dimension="2">-5.3259</element>
            </point>
            <point>
               <element dimension="1">27.7162</element>
               <element dimension="2">-5.4311</element>
            </point>
            <point>
               <element dimension="1">27.0511</element>
               <element dimension="2">-7.0129</element>
            </point>
            <point>
               <element dimension="1">27.0477</element>
               <element dimension="2">-7.0116</element>
            </point>
            <point>
               <element dimension="1">22.1423</element>
               <element dimension="2">-5.0645</element>
            </point>
         </set>
      </occupancy>
   </occupancySet>
   <reachableSet>
      <reachability>
         <time>0</time>
         <x>
            <intervalStart>-0.1</intervalStart>
            <intervalEnd>0.1</intervalEnd>
         </x>
         <y>
            <intervalStart>-0.1</intervalStart>
            <intervalEnd>0.1</intervalEnd>
         </y>
         <velocity>
            <intervalStart>24.6</intervalStart>
            <intervalEnd>25</intervalEnd>
         </velocity>
         <orientation>
            <intervalStart>-0.02</intervalStart>
            <intervalEnd>0.02</intervalEnd>
         </orientation>
      </reachability>
      <reachability>
         <time>1</time>
         <x>
            <intervalStart>24.3365</intervalStart>
            <intervalEnd>24.3403</intervalEnd>
         </x>
         <y>
            <intervalStart>-4.9391</intervalStart>
            <intervalEnd>-4.9286</intervalEnd>
         </y>
         <velocity>
            <intervalStart>25.2</intervalStart>
            <intervalEnd>25.2</intervalEnd>
         </velocity>
         <orientation>
            <intervalStart>-0.40022</intervalStart>
            <intervalEnd>-0.39979</intervalEnd>
         </orientation>
      </reachability>
   </reachableSet>
</motionPrimitive>