<?xml version="1.0" encoding="utf-8"?>
<motionPrimitive ID="1005">
   <controller type="generator space control">controller1005.mat</controller>
   <successors>
      <id>1787</id>
      <id>1788</id>
      <id>1789</id>
      <id>1790</id>
      <id>1791</id>
      <id>1792</id>
      <id>1793</id>
      <id>1794</id>
      <id>1795</id>
      <id>1796</id>
      <id>1797</id>
      <id>1798</id>
      <id>1799</id>
      <id>1800</id>
      <id>1801</id>
      <id>1802</id>
      <id>1803</id>
      <id>1804</id>
      <id>1805</id>
      <id>1806</id>
      <id>1807</id>
      <id>1808</id>
      <id>1809</id>
      <id>1810</id>
      <id>1811</id>
      <id>1812</id>
      <id>1813</id>
      <id>1814</id>
      <id>1815</id>
      <id>1816</id>
      <id>1817</id>
      <id>1818</id>
      <id>1819</id>
      <id>1820</id>
      <id>1821</id>
      <id>1822</id>
      <id>1823</id>
      <id>1824</id>
      <id>1825</id>
      <id>1826</id>
      <id>1827</id>
      <id>1828</id>
      <id>1829</id>
      <id>1830</id>
      <id>1831</id>
      <id>1832</id>
      <id>1833</id>
      <id>1834</id>
      <id>1835</id>
      <id>1836</id>
      <id>1837</id>
      <id>1838</id>
      <id>1839</id>
      <id>1840</id>
      <id>1841</id>
      <id>1842</id>
      <id>1843</id>
      <id>1844</id>
      <id>1845</id>
      <id>1846</id>
      <id>1847</id>
      <id>1848</id>
      <id>1849</id>
      <id>1850</id>
      <id>1851</id>
      <id>1852</id>
      <id>1853</id>
      <id>1854</id>
      <id>1855</id>
      <id>1856</id>
      <id>1857</id>
      <id>1858</id>
      <id>1859</id>
      <id>1860</id>
      <id>1861</id>
      <id>1862</id>
      <id>1863</id>
      <id>1864</id>
      <id>1865</id>
      <id>1866</id>
      <id>1867</id>
      <id>1868</id>
      <id>1869</id>
      <id>1870</id>
      <id>1871</id>
      <id>1872</id>
      <id>1873</id>
      <id>1874</id>
      <id>1875</id>
      <id>1876</id>
      <id>1877</id>
      <id>1878</id>
      <id>1879</id>
      <id>1880</id>
      <id>1881</id>
      <id>1882</id>
      <id>1883</id>
      <id>1884</id>
      <id>1885</id>
      <id>1886</id>
      <id>1887</id>
      <id>1888</id>
      <id>1889</id>
      <id>1890</id>
      <id>1891</id>
      <id>1892</id>
      <id>1893</id>
      <id>1894</id>
      <id>1895</id>
      <id>1896</id>
      <id>1897</id>
      <id>1898</id>
      <id>1899</id>
      <id>1900</id>
      <id>1901</id>
      <id>1902</id>
      <id>1903</id>
      <id>1904</id>
      <id>1905</id>
      <id>1906</id>
      <id>1907</id>
      <id>1908</id>
      <id>1909</id>
      <id>1910</id>
      <id>1911</id>
      <id>1912</id>
      <id>1913</id>
      <id>1914</id>
      <id>1915</id>
      <id>1916</id>
      <id>1917</id>
      <id>1918</id>
      <id>1919</id>
      <id>1920</id>
      <id>1921</id>
      <id>1922</id>
      <id>1923</id>
      <id>1924</id>
      <id>1925</id>
      <id>1926</id>
      <id>1927</id>
      <id>1928</id>
      <id>1929</id>
      <id>1930</id>
      <id>1931</id>
      <id>1932</id>
      <id>1933</id>
      <id>1934</id>
      <id>1935</id>
      <id>1936</id>
      <id>1937</id>
      <id>1938</id>
      <id>1939</id>
      <id>1940</id>
      <id>1941</id>
      <id>1942</id>
      <id>1943</id>
      <id>1944</id>
      <id>1945</id>
      <id>1946</id>
      <id>1947</id>
      <id>1948</id>
      <id>1949</id>
      <id>1950</id>
      <id>1951</id>
      <id>1952</id>
      <id>1953</id>
      <id>1954</id>
      <id>1955</id>
      <id>1956</id>
      <id>1957</id>
      <id>1958</id>
      <id>1959</id>
      <id>1960</id>
      <id>1961</id>
      <id>1962</id>
      <id>1963</id>
      <id>1964</id>
      <id>1965</id>
      <id>1966</id>
      <id>1967</id>
      <id>1968</id>
      <id>1969</id>
      <id>1970</id>
      <id>1971</id>
      <id>1972</id>
      <id>1973</id>
      <id>1974</id>
      <id>1975</id>
      <id>1976</id>
      <id>1977</id>
      <id>1978</id>
      <id>1979</id>
      <id>1980</id>
      <id>1981</id>
   </successors>
   <trajectory>
      <states>
         <state>
            <time>0</time>
            <x>0</x>
            <y>0</y>
            <velocity>5.6</velocity>
            <orientation>0</orientation>
         </state>
         <state>
            <time>0.1</time>
            <x>0.56999</x>
            <y>0.0024613</y>
            <velocity>5.8</velocity>
            <orientation>0.0086364</orientation>
         </state>
         <state>
            <time>0.2</time>
            <x>1.1599</x>
            <y>0.010194</y>
            <velocity>6</velocity>
            <orientation>0.017576</orientation>
         </state>
         <state>
            <time>0.3</time>
            <x>1.7698</x>
            <y>0.023733</y>
            <velocity>6.2</velocity>
            <orientation>0.026818</orientation>
         </state>
         <state>
            <time>0.4</time>
            <x>2.3995</x>
            <y>0.043632</y>
            <velocity>6.4</velocity>
            <orientation>0.036364</orientation>
         </state>
         <state>
            <time>0.5</time>
            <x>3.0489</x>
            <y>0.070461</y>
            <velocity>6.6</velocity>
            <orientation>0.046212</orientation>
         </state>
         <state>
            <time>0.6</time>
            <x>3.718</x>
            <y>0.10481</y>
            <velocity>6.8</velocity>
            <orientation>0.056364</orientation>
         </state>
         <state>
            <time>0.7</time>
            <x>4.4067</x>
            <y>0.14728</y>
            <velocity>7</velocity>
            <orientation>0.066818</orientation>
         </state>
         <state>
            <time>0.8</time>
            <x>5.1149</x>
            <y>0.19849</y>
            <velocity>7.2</velocity>
            <orientation>0.077576</orientation>
         </state>
         <state>
            <time>0.9</time>
            <x>5.8423</x>
            <y>0.25909</y>
            <velocity>7.4</velocity>
            <orientation>0.088636</orientation>
         </state>
         <state>
            <time>1</time>
            <x>6.589</x>
            <y>0.32973</y>
            <velocity>7.6</velocity>
            <orientation>0.1</orientation>
         </state>
      </states>
      <inputs>
         <input>
            <acceleration>2</acceleration>
            <steer>0.034834</steer>
         </input>
         <input>
            <acceleration>2</acceleration>
            <steer>0.034834</steer>
         </input>
         <input>
            <acceleration>2</acceleration>
            <steer>0.034834</steer>
         </input>
         <input>
            <acceleration>2</acceleration>
            <steer>0.034834</steer>
         </input>
         <input>
            <acceleration>2</acceleration>
            <steer>0.034834</steer>
         </input>
         <input>
            <acceleration>2</acceleration>
            <steer>0.034834</steer>
         </input>
         <input>
            <acceleration>2</acceleration>
            <steer>0.034834</steer>
         </input>
         <input>
            <acceleration>2</acceleration>
            <steer>0.034834</steer>
         </input>
         <input>
            <acceleration>2</acceleration>
            <steer>0.034834</steer>
         </input>
         <input>
            <acceleration>2</acceleration>
            <steer>0.034834</steer>
         </input>
      </inputs>
   </trajectory>
   <occupancySet>
      <occupancy>
         <time>
            <intervalStart>0</intervalStart>
            <intervalEnd>0.1</intervalEnd>
         </time>
         <set>
            <point>
               <element dimension="1">-1.1206</element>
               <element dimension="2">1.0171</element>
            </point>
            <point>
               <element dimension="1">-1.0606</element>
               <element dimension="2">1.0176</element>
            </point>
            <point>
               <element dimension="1">3.9695</element>
               <element dimension="2">1.0198</element>
            </point>
            <point>
               <element dimension="1">3.9838</element>
               <element dimension="2">-0.72331</element>
            </point>
            <point>
               <element dimension="1">3.9844</element>
               <element dimension="2">-0.84936</element>
            </point>
            <point>
               <element dimension="1">3.9845</element>
               <element dimension="2">-1.012</element>
            </point>
            <point>
               <element dimension="1">3.4164</element>
               <element dimension="2">-1.0166</element>
            </point>
            <point>
               <element dimension="1">-1.1197</element>
               <element dimension="2">-1.0186</element>
            </point>
            <point>
               <element dimension="1">-1.1197</element>
               <element dimension="2">-1.0185</element>
            </point>
            <point>
               <element dimension="1">-1.1197</element>
               <element dimension="2">-1.0184</element>
            </point>
         </set>
      </occupancy>
      <occupancy>
         <time>
            <intervalStart>0.1</intervalStart>
            <intervalEnd>0.2</intervalEnd>
         </time>
         <set>
            <point>
               <element dimension="1">-0.60367</element>
               <element dimension="2">0.96154</element>
            </point>
            <point>
               <element dimension="1">4.3862</element>
               <element dimension="2">1.0473</element>
            </point>
            <point>
               <element dimension="1">4.5554</element>
               <element dimension="2">1.0487</element>
            </point>
            <point>
               <element dimension="1">4.5863</element>
               <element dimension="2">-0.74885</element>
            </point>
            <point>
               <element dimension="1">4.5877</element>
               <element dimension="2">-0.92312</element>
            </point>
            <point>
               <element dimension="1">2.5513</element>
               <element dimension="2">-0.95812</element>
            </point>
            <point>
               <element dimension="1">0.17312</element>
               <element dimension="2">-0.98835</element>
            </point>
            <point>
               <element dimension="1">-0.58735</element>
               <element dimension="2">-0.99461</element>
            </point>
            <point>
               <element dimension="1">-0.58777</element>
               <element dimension="2">-0.96997</element>
            </point>
         </set>
      </occupancy>
      <occupancy>
         <time>
            <intervalStart>0.2</intervalStart>
            <intervalEnd>0.3</intervalEnd>
         </time>
         <set>
            <point>
               <element dimension="1">-0.029679</element>
               <element dimension="2">0.97067</element>
            </point>
            <point>
               <element dimension="1">0.049922</element>
               <element dimension="2">0.97277</element>
            </point>
            <point>
               <element dimension="1">4.7043</element>
               <element dimension="2">1.0743</element>
            </point>
            <point>
               <element dimension="1">5.144</element>
               <element dimension="2">1.0819</element>
            </point>
            <point>
               <element dimension="1">5.1916</element>
               <element dimension="2">-0.71841</element>
            </point>
            <point>
               <element dimension="1">5.1946</element>
               <element dimension="2">-0.89572</element>
            </point>
            <point>
               <element dimension="1">4.5094</element>
               <element dimension="2">-0.91382</element>
            </point>
            <point>
               <element dimension="1">0.0040784</element>
               <element dimension="2">-0.99125</element>
            </point>
            <point>
               <element dimension="1">0.0039723</element>
               <element dimension="2">-0.98724</element>
            </point>
         </set>
      </occupancy>
      <occupancy>
         <time>
            <intervalStart>0.3</intervalStart>
            <intervalEnd>0.4</intervalEnd>
         </time>
         <set>
            <point>
               <element dimension="1">0.58128</element>
               <element dimension="2">0.96192</element>
            </point>
            <point>
               <element dimension="1">0.74462</element>
               <element dimension="2">0.96779</element>
            </point>
            <point>
               <element dimension="1">5.6268</element>
               <element dimension="2">1.12</element>
            </point>
            <point>
               <element dimension="1">5.7531</element>
               <element dimension="2">1.1234</element>
            </point>
            <point>
               <element dimension="1">5.8179</element>
               <element dimension="2">-0.67861</element>
            </point>
            <point>
               <element dimension="1">5.8219</element>
               <element dimension="2">-0.83266</element>
            </point>
            <point>
               <element dimension="1">5.1153</element>
               <element dimension="2">-0.85806</element>
            </point>
            <point>
               <element dimension="1">0.63255</element>
               <element dimension="2">-0.97649</element>
            </point>
            <point>
               <element dimension="1">0.63233</element>
               <element dimension="2">-0.97023</element>
            </point>
         </set>
      </occupancy>
      <occupancy>
         <time>
            <intervalStart>0.4</intervalStart>
            <intervalEnd>0.5</intervalEnd>
         </time>
         <set>
            <point>
               <element dimension="1">1.2111</element>
               <element dimension="2">0.96056</element>
            </point>
            <point>
               <element dimension="1">1.2901</element>
               <element dimension="2">0.96417</element>
            </point>
            <point>
               <element dimension="1">5.9942</element>
               <element dimension="2">1.1564</element>
            </point>
            <point>
               <element dimension="1">6.3802</element>
               <element dimension="2">1.1702</element>
            </point>
            <point>
               <element dimension="1">6.4626</element>
               <element dimension="2">-0.62947</element>
            </point>
            <point>
               <element dimension="1">6.4674</element>
               <element dimension="2">-0.7632</element>
            </point>
            <point>
               <element dimension="1">5.743</element>
               <element dimension="2">-0.79637</element>
            </point>
            <point>
               <element dimension="1">1.28</element>
               <element dimension="2">-0.95677</element>
            </point>
            <point>
               <element dimension="1">1.2799</element>
               <element dimension="2">-0.95411</element>
            </point>
         </set>
      </occupancy>
      <occupancy>
         <time>
            <intervalStart>0.5</intervalStart>
            <intervalEnd>0.6</intervalEnd>
         </time>
         <set>
            <point>
               <element dimension="1">1.8622</element>
               <element dimension="2">0.9636</element>
            </point>
            <point>
               <element dimension="1">1.9412</element>
               <element dimension="2">0.96802</element>
            </point>
            <point>
               <element dimension="1">6.7361</element>
               <element dimension="2">1.2119</element>
            </point>
            <point>
               <element dimension="1">7.0265</element>
               <element dimension="2">1.2252</element>
            </point>
            <point>
               <element dimension="1">7.1271</element>
               <element dimension="2">-0.57252</element>
            </point>
            <point>
               <element dimension="1">7.1321</element>
               <element dimension="2">-0.68299</element>
            </point>
            <point>
               <element dimension="1">6.3878</element>
               <element dimension="2">-0.72464</element>
            </point>
            <point>
               <element dimension="1">1.9488</element>
               <element dimension="2">-0.92789</element>
            </point>
            <point>
               <element dimension="1">1.9487</element>
               <element dimension="2">-0.92633</element>
            </point>
         </set>
      </occupancy>
      <occupancy>
         <time>
            <intervalStart>0.6</intervalStart>
            <intervalEnd>0.7</intervalEnd>
         </time>
         <set>
            <point>
               <element dimension="1">2.5331</element>
               <element dimension="2">0.97377</element>
            </point>
            <point>
               <element dimension="1">2.6119</element>
               <element dimension="2">0.979</element>
            </point>
            <point>
               <element dimension="1">7.5297</element>
               <element dimension="2">1.2799</element>
            </point>
            <point>
               <element dimension="1">7.6918</element>
               <element dimension="2">1.289</element>
            </point>
            <point>
               <element dimension="1">7.8111</element>
               <element dimension="2">-0.50695</element>
            </point>
            <point>
               <element dimension="1">7.816</element>
               <element dimension="2">-0.59363</element>
            </point>
            <point>
               <element dimension="1">7.052</element>
               <element dimension="2">-0.64438</element>
            </point>
            <point>
               <element dimension="1">2.6375</element>
               <element dimension="2">-0.89137</element>
            </point>
            <point>
               <element dimension="1">2.6374</element>
               <element dimension="2">-0.89041</element>
            </point>
         </set>
      </occupancy>
      <occupancy>
         <time>
            <intervalStart>0.7</intervalStart>
            <intervalEnd>0.8</intervalEnd>
         </time>
         <set>
            <point>
               <element dimension="1">3.2239</element>
               <element dimension="2">0.99145</element>
            </point>
            <point>
               <element dimension="1">3.3294</element>
               <element dimension="2">0.9996</element>
            </point>
            <point>
               <element dimension="1">8.3704</element>
               <element dimension="2">1.3617</element>
            </point>
            <point>
               <element dimension="1">8.3761</element>
               <element dimension="2">1.3621</element>
            </point>
            <point>
               <element dimension="1">8.5146</element>
               <element dimension="2">-0.43215</element>
            </point>
            <point>
               <element dimension="1">8.5188</element>
               <element dimension="2">-0.49428</element>
            </point>
            <point>
               <element dimension="1">7.7355</element>
               <element dimension="2">-0.55477</element>
            </point>
            <point>
               <element dimension="1">3.346</element>
               <element dimension="2">-0.84637</element>
            </point>
            <point>
               <element dimension="1">3.3459</element>
               <element dimension="2">-0.84603</element>
            </point>
         </set>
      </occupancy>
      <occupancy>
         <time>
            <intervalStart>0.8</intervalStart>
            <intervalEnd>0.9</intervalEnd>
         </time>
         <set>
            <point>
               <element dimension="1">3.9342</element>
               <element dimension="2">1.0188</element>
            </point>
            <point>
               <element dimension="1">9.0703</element>
               <element dimension="2">1.4726</element>
            </point>
            <point>
               <element dimension="1">9.0708</element>
               <element dimension="2">1.4726</element>
            </point>
            <point>
               <element dimension="1">9.0767</element>
               <element dimension="2">1.4731</element>
            </point>
            <point>
               <element dimension="1">9.2375</element>
               <element dimension="2">-0.3475</element>
            </point>
            <point>
               <element dimension="1">9.2404</element>
               <element dimension="2">-0.3849</element>
            </point>
            <point>
               <element dimension="1">7.7952</element>
               <element dimension="2">-0.51258</element>
            </point>
            <point>
               <element dimension="1">4.8302</element>
               <element dimension="2">-0.75804</element>
            </point>
            <point>
               <element dimension="1">4.0762</element>
               <element dimension="2">-0.81628</element>
            </point>
            <point>
               <element dimension="1">4.0741</element>
               <element dimension="2">-0.79254</element>
            </point>
         </set>
      </occupancy>
      <occupancy>
         <time>
            <intervalStart>0.9</intervalStart>
            <intervalEnd>1</intervalEnd>
         </time>
         <set>
            <point>
               <element dimension="1">4.6617</element>
               <element dimension="2">1.0821</element>
            </point>
            <point>
               <element dimension="1">4.749</element>
               <element dimension="2">1.0908</element>
            </point>
            <point>
               <element dimension="1">5.4588</element>
               <element dimension="2">1.1576</element>
            </point>
            <point>
               <element dimension="1">9.7898</element>
               <element dimension="2">1.5402</element>
            </point>
            <point>
               <element dimension="1">9.9626</element>
               <element dimension="2">-0.19018</element>
            </point>
            <point>
               <element dimension="1">9.9718</element>
               <element dimension="2">-0.2944</element>
            </point>
            <point>
               <element dimension="1">9.152</element>
               <element dimension="2">-0.37622</element>
            </point>
            <point>
               <element dimension="1">8.9092</element>
               <element dimension="2">-0.39907</element>
            </point>
            <point>
               <element dimension="1">4.8248</element>
               <element dimension="2">-0.75992</element>
            </point>
            <point>
               <element dimension="1">4.8218</element>
               <element dimension="2">-0.72929</element>
            </point>
         </set>
      </occupancy>
   </occupancySet>
   <reachableSet>
      <reachability>
         <time>0</time>
         <x>
            <intervalStart>-0.1</intervalStart>
            <intervalEnd>0.1</intervalEnd>
         </x>
         <y>
            <intervalStart>-0.1</intervalStart>
            <intervalEnd>0.1</intervalEnd>
         </y>
         <velocity>
            <intervalStart>5.4</intervalStart>
            <intervalEnd>5.8</intervalEnd>
         </velocity>
         <orientation>
            <intervalStart>-0.02</intervalStart>
            <intervalEnd>0.02</intervalEnd>
         </orientation>
      </reachability>
      <reachability>
         <time>1</time>
         <x>
            <intervalStart>6.5873</intervalStart>
            <intervalEnd>6.5898</intervalEnd>
         </x>
         <y>
            <intervalStart>0.32082</intervalStart>
            <intervalEnd>0.3392</intervalEnd>
         </y>
         <velocity>
            <intervalStart>7.6</intervalStart>
            <intervalEnd>7.6</intervalEnd>
         </velocity>
         <orientation>
            <intervalStart>0.098663</intervalStart>
            <intervalEnd>0.10146</intervalEnd>
         </orientation>
      </reachability>
   </reachableSet>
</motionPrimitive>