<?xml version="1.0" encoding="utf-8"?>
<motionPrimitive ID="10158">
   <controller type="generator space control">controller10158.mat</controller>
   <successors>
      <id>10416</id>
      <id>10417</id>
      <id>10418</id>
      <id>10419</id>
      <id>10420</id>
      <id>10421</id>
      <id>10422</id>
      <id>10423</id>
      <id>10424</id>
      <id>10425</id>
      <id>10426</id>
      <id>10427</id>
      <id>10428</id>
      <id>10429</id>
      <id>10430</id>
      <id>10431</id>
      <id>10432</id>
      <id>10433</id>
      <id>10434</id>
      <id>10435</id>
      <id>10436</id>
      <id>10437</id>
      <id>10438</id>
      <id>10439</id>
      <id>10440</id>
      <id>10441</id>
      <id>10442</id>
      <id>10443</id>
      <id>10444</id>
      <id>10445</id>
      <id>10446</id>
      <id>10447</id>
      <id>10448</id>
      <id>10449</id>
      <id>10450</id>
      <id>10451</id>
      <id>10452</id>
      <id>10453</id>
      <id>10454</id>
      <id>10455</id>
      <id>10456</id>
      <id>10457</id>
      <id>10458</id>
      <id>10459</id>
      <id>10460</id>
      <id>10461</id>
      <id>10462</id>
      <id>10463</id>
      <id>10464</id>
      <id>10465</id>
      <id>10466</id>
      <id>10467</id>
      <id>10468</id>
      <id>10469</id>
      <id>10470</id>
      <id>10471</id>
      <id>10472</id>
      <id>10473</id>
      <id>10474</id>
      <id>10475</id>
      <id>10476</id>
      <id>10477</id>
      <id>10478</id>
      <id>10479</id>
      <id>10480</id>
      <id>10481</id>
      <id>10482</id>
      <id>10483</id>
      <id>10484</id>
      <id>10485</id>
      <id>10486</id>
      <id>10487</id>
      <id>10488</id>
      <id>10489</id>
      <id>10490</id>
      <id>10491</id>
      <id>10492</id>
      <id>10493</id>
      <id>10494</id>
      <id>10495</id>
      <id>10496</id>
      <id>10497</id>
      <id>10498</id>
      <id>10499</id>
      <id>10500</id>
      <id>10501</id>
      <id>10502</id>
      <id>10503</id>
      <id>10504</id>
      <id>10505</id>
      <id>10506</id>
      <id>10507</id>
      <id>10508</id>
      <id>10509</id>
      <id>10510</id>
      <id>10511</id>
      <id>10512</id>
      <id>10513</id>
      <id>10514</id>
      <id>10515</id>
      <id>10516</id>
      <id>10517</id>
      <id>10518</id>
      <id>10519</id>
      <id>10520</id>
      <id>10521</id>
      <id>10522</id>
      <id>10523</id>
      <id>10524</id>
      <id>10525</id>
      <id>10526</id>
      <id>10527</id>
      <id>10528</id>
      <id>10529</id>
      <id>10530</id>
      <id>10531</id>
      <id>10532</id>
      <id>10533</id>
      <id>10534</id>
      <id>10535</id>
      <id>10536</id>
      <id>10537</id>
      <id>10538</id>
      <id>10539</id>
      <id>10540</id>
      <id>10541</id>
      <id>10542</id>
      <id>10543</id>
      <id>10544</id>
      <id>10545</id>
      <id>10546</id>
      <id>10547</id>
      <id>10548</id>
      <id>10549</id>
      <id>10550</id>
      <id>10551</id>
      <id>10552</id>
      <id>10553</id>
      <id>10554</id>
      <id>10555</id>
      <id>10556</id>
      <id>10557</id>
      <id>10558</id>
      <id>10559</id>
      <id>10560</id>
      <id>10561</id>
      <id>10562</id>
      <id>10563</id>
      <id>10564</id>
      <id>10565</id>
      <id>10566</id>
      <id>10567</id>
      <id>10568</id>
      <id>10569</id>
      <id>10570</id>
      <id>10571</id>
      <id>10572</id>
      <id>10573</id>
      <id>10574</id>
      <id>10575</id>
      <id>10576</id>
      <id>10577</id>
      <id>10578</id>
      <id>10579</id>
      <id>10580</id>
      <id>10581</id>
      <id>10582</id>
      <id>10583</id>
      <id>10584</id>
      <id>10585</id>
      <id>10586</id>
      <id>10587</id>
      <id>10588</id>
      <id>10589</id>
      <id>10590</id>
      <id>10591</id>
      <id>10592</id>
      <id>10593</id>
      <id>10594</id>
      <id>10595</id>
   </successors>
   <trajectory>
      <states>
         <state>
            <time>0</time>
            <x>0</x>
            <y>0</y>
            <velocity>24.4</velocity>
            <orientation>0</orientation>
         </state>
         <state>
            <time>0.1</time>
            <x>2.4426</x>
            <y>0.072235</y>
            <velocity>24.48</velocity>
            <orientation>0.059129</orientation>
         </state>
         <state>
            <time>0.2</time>
            <x>4.8846</x>
            <y>0.28963</y>
            <velocity>24.56</velocity>
            <orientation>0.11845</orientation>
         </state>
         <state>
            <time>0.3</time>
            <x>7.3172</x>
            <y>0.65284</y>
            <velocity>24.64</velocity>
            <orientation>0.17797</orientation>
         </state>
         <state>
            <time>0.4</time>
            <x>9.7318</x>
            <y>1.162</y>
            <velocity>24.72</velocity>
            <orientation>0.23768</orientation>
         </state>
         <state>
            <time>0.5</time>
            <x>12.1193</x>
            <y>1.8167</y>
            <velocity>24.8</velocity>
            <orientation>0.29758</orientation>
         </state>
         <state>
            <time>0.6</time>
            <x>14.4708</x>
            <y>2.6159</y>
            <velocity>24.88</velocity>
            <orientation>0.35768</orientation>
         </state>
         <state>
            <time>0.7</time>
            <x>16.7774</x>
            <y>3.5581</y>
            <velocity>24.96</velocity>
            <orientation>0.41797</orientation>
         </state>
         <state>
            <time>0.8</time>
            <x>19.0301</x>
            <y>4.6414</y>
            <velocity>25.04</velocity>
            <orientation>0.47845</orientation>
         </state>
         <state>
            <time>0.9</time>
            <x>21.2201</x>
            <y>5.8629</y>
            <velocity>25.12</velocity>
            <orientation>0.53913</orientation>
         </state>
         <state>
            <time>1</time>
            <x>23.3386</x>
            <y>7.2195</y>
            <velocity>25.2</velocity>
            <orientation>0.6</orientation>
         </state>
      </states>
      <inputs>
         <input>
            <acceleration>0.8</acceleration>
            <steer>0.055588</steer>
         </input>
         <input>
            <acceleration>0.8</acceleration>
            <steer>0.055588</steer>
         </input>
         <input>
            <acceleration>0.8</acceleration>
            <steer>0.055588</steer>
         </input>
         <input>
            <acceleration>0.8</acceleration>
            <steer>0.055588</steer>
         </input>
         <input>
            <acceleration>0.8</acceleration>
            <steer>0.055588</steer>
         </input>
         <input>
            <acceleration>0.8</acceleration>
            <steer>0.055588</steer>
         </input>
         <input>
            <acceleration>0.8</acceleration>
            <steer>0.055588</steer>
         </input>
         <input>
            <acceleration>0.8</acceleration>
            <steer>0.055588</steer>
         </input>
         <input>
            <acceleration>0.8</acceleration>
            <steer>0.055588</steer>
         </input>
         <input>
            <acceleration>0.8</acceleration>
            <steer>0.055588</steer>
         </input>
      </inputs>
   </trajectory>
   <occupancySet>
      <occupancy>
         <time>
            <intervalStart>0</intervalStart>
            <intervalEnd>0.1</intervalEnd>
         </time>
         <set>
            <point>
               <element dimension="1">-1.1258</element>
               <element dimension="2">1.0186</element>
            </point>
            <point>
               <element dimension="1">-0.068403</element>
               <element dimension="2">1.0781</element>
            </point>
            <point>
               <element dimension="1">5.6047</element>
               <element dimension="2">1.2458</element>
            </point>
            <point>
               <element dimension="1">5.7958</element>
               <element dimension="2">1.2464</element>
            </point>
            <point>
               <element dimension="1">5.893</element>
               <element dimension="2">-0.48192</element>
            </point>
            <point>
               <element dimension="1">5.8973</element>
               <element dimension="2">-0.62481</element>
            </point>
            <point>
               <element dimension="1">5.898</element>
               <element dimension="2">-0.88593</element>
            </point>
            <point>
               <element dimension="1">3.6574</element>
               <element dimension="2">-1.0119</element>
            </point>
            <point>
               <element dimension="1">3.2375</element>
               <element dimension="2">-1.0244</element>
            </point>
            <point>
               <element dimension="1">-1.1194</element>
               <element dimension="2">-1.0372</element>
            </point>
            <point>
               <element dimension="1">-1.1197</element>
               <element dimension="2">-1.0317</element>
            </point>
            <point>
               <element dimension="1">-1.1197</element>
               <element dimension="2">-1.0315</element>
            </point>
         </set>
      </occupancy>
      <occupancy>
         <time>
            <intervalStart>0.1</intervalStart>
            <intervalEnd>0.2</intervalEnd>
         </time>
         <set>
            <point>
               <element dimension="1">1.0305</element>
               <element dimension="2">0.98065</element>
            </point>
            <point>
               <element dimension="1">3.4937</element>
               <element dimension="2">1.2664</element>
            </point>
            <point>
               <element dimension="1">7.9877</element>
               <element dimension="2">1.6531</element>
            </point>
            <point>
               <element dimension="1">8.157</element>
               <element dimension="2">1.6627</element>
            </point>
            <point>
               <element dimension="1">8.3592</element>
               <element dimension="2">-0.080089</element>
            </point>
            <point>
               <element dimension="1">8.3596</element>
               <element dimension="2">-0.085415</element>
            </point>
            <point>
               <element dimension="1">8.3793</element>
               <element dimension="2">-0.43405</element>
            </point>
            <point>
               <element dimension="1">5.8964</element>
               <element dimension="2">-0.7221</element>
            </point>
            <point>
               <element dimension="1">5.1703</element>
               <element dimension="2">-0.78458</element>
            </point>
            <point>
               <element dimension="1">1.1441</element>
               <element dimension="2">-1.011</element>
            </point>
            <point>
               <element dimension="1">1.1411</element>
               <element dimension="2">-0.98527</element>
            </point>
         </set>
      </occupancy>
      <occupancy>
         <time>
            <intervalStart>0.2</intervalStart>
            <intervalEnd>0.3</intervalEnd>
         </time>
         <set>
            <point>
               <element dimension="1">3.425</element>
               <element dimension="2">1.1155</element>
            </point>
            <point>
               <element dimension="1">5.5668</element>
               <element dimension="2">1.4942</element>
            </point>
            <point>
               <element dimension="1">10.3473</element>
               <element dimension="2">2.1935</element>
            </point>
            <point>
               <element dimension="1">10.4936</element>
               <element dimension="2">2.2105</element>
            </point>
            <point>
               <element dimension="1">10.8017</element>
               <element dimension="2">0.46787</element>
            </point>
            <point>
               <element dimension="1">10.8404</element>
               <element dimension="2">0.13462</element>
            </point>
            <point>
               <element dimension="1">8.3689</element>
               <element dimension="2">-0.30237</element>
            </point>
            <point>
               <element dimension="1">7.7854</element>
               <element dimension="2">-0.38773</element>
            </point>
            <point>
               <element dimension="1">3.657</element>
               <element dimension="2">-0.86668</element>
            </point>
            <point>
               <element dimension="1">3.6511</element>
               <element dimension="2">-0.83285</element>
            </point>
         </set>
      </occupancy>
      <occupancy>
         <time>
            <intervalStart>0.3</intervalStart>
            <intervalEnd>0.4</intervalEnd>
         </time>
         <set>
            <point>
               <element dimension="1">5.8213</element>
               <element dimension="2">1.3848</element>
            </point>
            <point>
               <element dimension="1">7.8516</element>
               <element dimension="2">1.8702</element>
            </point>
            <point>
               <element dimension="1">12.6792</element>
               <element dimension="2">2.8732</element>
            </point>
            <point>
               <element dimension="1">12.8029</element>
               <element dimension="2">2.8951</element>
            </point>
            <point>
               <element dimension="1">13.2163</element>
               <element dimension="2">1.1658</element>
            </point>
            <point>
               <element dimension="1">13.2703</element>
               <element dimension="2">0.86076</element>
            </point>
            <point>
               <element dimension="1">10.8155</element>
               <element dimension="2">0.2738</element>
            </point>
            <point>
               <element dimension="1">10.2834</element>
               <element dimension="2">0.16325</element>
            </point>
            <point>
               <element dimension="1">6.1687</element>
               <element dimension="2">-0.56428</element>
            </point>
            <point>
               <element dimension="1">6.1581</element>
               <element dimension="2">-0.51995</element>
            </point>
         </set>
      </occupancy>
      <occupancy>
         <time>
            <intervalStart>0.4</intervalStart>
            <intervalEnd>0.5</intervalEnd>
         </time>
         <set>
            <point>
               <element dimension="1">8.2054</element>
               <element dimension="2">1.7948</element>
            </point>
            <point>
               <element dimension="1">9.9849</element>
               <element dimension="2">2.3348</element>
            </point>
            <point>
               <element dimension="1">14.9744</element>
               <element dimension="2">3.6869</element>
            </point>
            <point>
               <element dimension="1">15.0746</element>
               <element dimension="2">3.7108</element>
            </point>
            <point>
               <element dimension="1">15.5891</element>
               <element dimension="2">2.0151</element>
            </point>
            <point>
               <element dimension="1">15.656</element>
               <element dimension="2">1.7353</element>
            </point>
            <point>
               <element dimension="1">13.2333</element>
               <element dimension="2">1.0002</element>
            </point>
            <point>
               <element dimension="1">12.7735</element>
               <element dimension="2">0.87563</element>
            </point>
            <point>
               <element dimension="1">8.6627</element>
               <element dimension="2">-0.10728</element>
            </point>
            <point>
               <element dimension="1">8.6509</element>
               <element dimension="2">-0.068136</element>
            </point>
         </set>
      </occupancy>
      <occupancy>
         <time>
            <intervalStart>0.5</intervalStart>
            <intervalEnd>0.6</intervalEnd>
         </time>
         <set>
            <point>
               <element dimension="1">10.5737</element>
               <element dimension="2">2.3428</element>
            </point>
            <point>
               <element dimension="1">12.3382</element>
               <element dimension="2">2.9962</element>
            </point>
            <point>
               <element dimension="1">17.2237</element>
               <element dimension="2">4.6404</element>
            </point>
            <point>
               <element dimension="1">17.3011</element>
               <element dimension="2">4.6639</element>
            </point>
            <point>
               <element dimension="1">17.9147</element>
               <element dimension="2">3.0071</element>
            </point>
            <point>
               <element dimension="1">17.9894</element>
               <element dimension="2">2.7609</element>
            </point>
            <point>
               <element dimension="1">15.6064</element>
               <element dimension="2">1.8784</element>
            </point>
            <point>
               <element dimension="1">15.1445</element>
               <element dimension="2">1.723</element>
            </point>
            <point>
               <element dimension="1">11.1332</element>
               <element dimension="2">0.50586</element>
            </point>
            <point>
               <element dimension="1">11.1212</element>
               <element dimension="2">0.53838</element>
            </point>
         </set>
      </occupancy>
      <occupancy>
         <time>
            <intervalStart>0.6</intervalStart>
            <intervalEnd>0.7</intervalEnd>
         </time>
         <set>
            <point>
               <element dimension="1">12.9137</element>
               <element dimension="2">3.0353</element>
            </point>
            <point>
               <element dimension="1">14.6437</element>
               <element dimension="2">3.7974</element>
            </point>
            <point>
               <element dimension="1">19.4186</element>
               <element dimension="2">5.7313</element>
            </point>
            <point>
               <element dimension="1">19.4741</element>
               <element dimension="2">5.7518</element>
            </point>
            <point>
               <element dimension="1">20.1842</element>
               <element dimension="2">4.1399</element>
            </point>
            <point>
               <element dimension="1">20.2629</element>
               <element dimension="2">3.9274</element>
            </point>
            <point>
               <element dimension="1">17.9303</element>
               <element dimension="2">2.8998</element>
            </point>
            <point>
               <element dimension="1">17.4789</element>
               <element dimension="2">2.717</element>
            </point>
            <point>
               <element dimension="1">13.5696</element>
               <element dimension="2">1.2693</element>
            </point>
            <point>
               <element dimension="1">13.558</element>
               <element dimension="2">1.2956</element>
            </point>
         </set>
      </occupancy>
      <occupancy>
         <time>
            <intervalStart>0.7</intervalStart>
            <intervalEnd>0.8</intervalEnd>
         </time>
         <set>
            <point>
               <element dimension="1">15.2166</element>
               <element dimension="2">3.8712</element>
            </point>
            <point>
               <element dimension="1">16.9071</element>
               <element dimension="2">4.7415</element>
            </point>
            <point>
               <element dimension="1">21.5503</element>
               <element dimension="2">6.9569</element>
            </point>
            <point>
               <element dimension="1">21.5849</element>
               <element dimension="2">6.9722</element>
            </point>
            <point>
               <element dimension="1">22.3887</element>
               <element dimension="2">5.4108</element>
            </point>
            <point>
               <element dimension="1">22.4675</element>
               <element dimension="2">5.232</element>
            </point>
            <point>
               <element dimension="1">20.1959</element>
               <element dimension="2">4.0625</element>
            </point>
            <point>
               <element dimension="1">19.7566</element>
               <element dimension="2">3.8529</element>
            </point>
            <point>
               <element dimension="1">15.9625</element>
               <element dimension="2">2.1815</element>
            </point>
            <point>
               <element dimension="1">15.952</element>
               <element dimension="2">2.2019</element>
            </point>
         </set>
      </occupancy>
      <occupancy>
         <time>
            <intervalStart>0.8</intervalStart>
            <intervalEnd>0.9</intervalEnd>
         </time>
         <set>
            <point>
               <element dimension="1">17.4733</element>
               <element dimension="2">4.8491</element>
            </point>
            <point>
               <element dimension="1">19.1165</element>
               <element dimension="2">5.8254</element>
            </point>
            <point>
               <element dimension="1">23.6194</element>
               <element dimension="2">8.3192</element>
            </point>
            <point>
               <element dimension="1">23.6251</element>
               <element dimension="2">8.3221</element>
            </point>
            <point>
               <element dimension="1">24.5197</element>
               <element dimension="2">6.8165</element>
            </point>
            <point>
               <element dimension="1">24.5947</element>
               <element dimension="2">6.6707</element>
            </point>
            <point>
               <element dimension="1">22.3945</element>
               <element dimension="2">5.3635</element>
            </point>
            <point>
               <element dimension="1">21.9671</element>
               <element dimension="2">5.1268</element>
            </point>
            <point>
               <element dimension="1">18.3027</element>
               <element dimension="2">3.2403</element>
            </point>
            <point>
               <element dimension="1">18.2939</element>
               <element dimension="2">3.2551</element>
            </point>
         </set>
      </occupancy>
      <occupancy>
         <time>
            <intervalStart>0.9</intervalStart>
            <intervalEnd>1</intervalEnd>
         </time>
         <set>
            <point>
               <element dimension="1">19.6748</element>
               <element dimension="2">5.967</element>
            </point>
            <point>
               <element dimension="1">21.3207</element>
               <element dimension="2">7.0857</element>
            </point>
            <point>
               <element dimension="1">25.5822</element>
               <element dimension="2">9.7964</element>
            </point>
            <point>
               <element dimension="1">25.5864</element>
               <element dimension="2">9.7989</element>
            </point>
            <point>
               <element dimension="1">26.5546</element>
               <element dimension="2">8.3744</element>
            </point>
            <point>
               <element dimension="1">26.5546</element>
               <element dimension="2">8.3744</element>
            </point>
            <point>
               <element dimension="1">26.6351</element>
               <element dimension="2">8.2389</element>
            </point>
            <point>
               <element dimension="1">24.5172</element>
               <element dimension="2">6.7993</element>
            </point>
            <point>
               <element dimension="1">24.0564</element>
               <element dimension="2">6.5062</element>
            </point>
            <point>
               <element dimension="1">20.5819</element>
               <element dimension="2">4.4419</element>
            </point>
            <point>
               <element dimension="1">20.5745</element>
               <element dimension="2">4.4528</element>
            </point>
         </set>
      </occupancy>
   </occupancySet>
   <reachableSet>
      <reachability>
         <time>0</time>
         <x>
            <intervalStart>-0.1</intervalStart>
            <intervalEnd>0.1</intervalEnd>
         </x>
         <y>
            <intervalStart>-0.1</intervalStart>
            <intervalEnd>0.1</intervalEnd>
         </y>
         <velocity>
            <intervalStart>24.2</intervalStart>
            <intervalEnd>24.6</intervalEnd>
         </velocity>
         <orientation>
            <intervalStart>-0.02</intervalStart>
            <intervalEnd>0.02</intervalEnd>
         </orientation>
      </reachability>
      <reachability>
         <time>1</time>
         <x>
            <intervalStart>23.3354</intervalStart>
            <intervalEnd>23.3411</intervalEnd>
         </x>
         <y>
            <intervalStart>7.2141</intervalStart>
            <intervalEnd>7.2253</intervalEnd>
         </y>
         <velocity>
            <intervalStart>25.2</intervalStart>
            <intervalEnd>25.2</intervalEnd>
         </velocity>
         <orientation>
            <intervalStart>0.59977</intervalStart>
            <intervalEnd>0.60025</intervalEnd>
         </orientation>
      </reachability>
   </reachableSet>
</motionPrimitive>