<?xml version="1.0" encoding="utf-8"?>
<motionPrimitive ID="10120">
   <controller type="generator space control">controller10120.mat</controller>
   <successors>
      <id>10236</id>
      <id>10237</id>
      <id>10238</id>
      <id>10239</id>
      <id>10240</id>
      <id>10241</id>
      <id>10242</id>
      <id>10243</id>
      <id>10244</id>
      <id>10245</id>
      <id>10246</id>
      <id>10247</id>
      <id>10248</id>
      <id>10249</id>
      <id>10250</id>
      <id>10251</id>
      <id>10252</id>
      <id>10253</id>
      <id>10254</id>
      <id>10255</id>
      <id>10256</id>
      <id>10257</id>
      <id>10258</id>
      <id>10259</id>
      <id>10260</id>
      <id>10261</id>
      <id>10262</id>
      <id>10263</id>
      <id>10264</id>
      <id>10265</id>
      <id>10266</id>
      <id>10267</id>
      <id>10268</id>
      <id>10269</id>
      <id>10270</id>
      <id>10271</id>
      <id>10272</id>
      <id>10273</id>
      <id>10274</id>
      <id>10275</id>
      <id>10276</id>
      <id>10277</id>
      <id>10278</id>
      <id>10279</id>
      <id>10280</id>
      <id>10281</id>
      <id>10282</id>
      <id>10283</id>
      <id>10284</id>
      <id>10285</id>
      <id>10286</id>
      <id>10287</id>
      <id>10288</id>
      <id>10289</id>
      <id>10290</id>
      <id>10291</id>
      <id>10292</id>
      <id>10293</id>
      <id>10294</id>
      <id>10295</id>
      <id>10296</id>
      <id>10297</id>
      <id>10298</id>
      <id>10299</id>
      <id>10300</id>
      <id>10301</id>
      <id>10302</id>
      <id>10303</id>
      <id>10304</id>
      <id>10305</id>
      <id>10306</id>
      <id>10307</id>
      <id>10308</id>
      <id>10309</id>
      <id>10310</id>
      <id>10311</id>
      <id>10312</id>
      <id>10313</id>
      <id>10314</id>
      <id>10315</id>
      <id>10316</id>
      <id>10317</id>
      <id>10318</id>
      <id>10319</id>
      <id>10320</id>
      <id>10321</id>
      <id>10322</id>
      <id>10323</id>
      <id>10324</id>
      <id>10325</id>
      <id>10326</id>
      <id>10327</id>
      <id>10328</id>
      <id>10329</id>
      <id>10330</id>
      <id>10331</id>
      <id>10332</id>
      <id>10333</id>
      <id>10334</id>
      <id>10335</id>
      <id>10336</id>
      <id>10337</id>
      <id>10338</id>
      <id>10339</id>
      <id>10340</id>
      <id>10341</id>
      <id>10342</id>
      <id>10343</id>
      <id>10344</id>
      <id>10345</id>
      <id>10346</id>
      <id>10347</id>
      <id>10348</id>
      <id>10349</id>
      <id>10350</id>
      <id>10351</id>
      <id>10352</id>
      <id>10353</id>
      <id>10354</id>
      <id>10355</id>
      <id>10356</id>
      <id>10357</id>
      <id>10358</id>
      <id>10359</id>
      <id>10360</id>
      <id>10361</id>
      <id>10362</id>
      <id>10363</id>
      <id>10364</id>
      <id>10365</id>
      <id>10366</id>
      <id>10367</id>
      <id>10368</id>
      <id>10369</id>
      <id>10370</id>
      <id>10371</id>
      <id>10372</id>
      <id>10373</id>
      <id>10374</id>
      <id>10375</id>
      <id>10376</id>
      <id>10377</id>
      <id>10378</id>
      <id>10379</id>
      <id>10380</id>
      <id>10381</id>
      <id>10382</id>
      <id>10383</id>
      <id>10384</id>
      <id>10385</id>
      <id>10386</id>
      <id>10387</id>
      <id>10388</id>
      <id>10389</id>
      <id>10390</id>
      <id>10391</id>
      <id>10392</id>
      <id>10393</id>
      <id>10394</id>
      <id>10395</id>
      <id>10396</id>
      <id>10397</id>
      <id>10398</id>
      <id>10399</id>
      <id>10400</id>
      <id>10401</id>
      <id>10402</id>
      <id>10403</id>
      <id>10404</id>
      <id>10405</id>
      <id>10406</id>
      <id>10407</id>
      <id>10408</id>
      <id>10409</id>
      <id>10410</id>
      <id>10411</id>
      <id>10412</id>
      <id>10413</id>
      <id>10414</id>
      <id>10415</id>
   </successors>
   <trajectory>
      <states>
         <state>
            <time>0</time>
            <x>0</x>
            <y>0</y>
            <velocity>24.4</velocity>
            <orientation>0</orientation>
         </state>
         <state>
            <time>0.1</time>
            <x>2.4414</x>
            <y>-0.048476</y>
            <velocity>24.44</velocity>
            <orientation>-0.039707</orientation>
         </state>
         <state>
            <time>0.2</time>
            <x>4.8829</x>
            <y>-0.19415</y>
            <velocity>24.48</velocity>
            <orientation>-0.07948</orientation>
         </state>
         <state>
            <time>0.3</time>
            <x>7.3206</x>
            <y>-0.43726</y>
            <velocity>24.52</velocity>
            <orientation>-0.11932</orientation>
         </state>
         <state>
            <time>0.4</time>
            <x>9.7507</x>
            <y>-0.77789</y>
            <velocity>24.56</velocity>
            <orientation>-0.15922</orientation>
         </state>
         <state>
            <time>0.5</time>
            <x>12.1692</x>
            <y>-1.216</y>
            <velocity>24.6</velocity>
            <orientation>-0.19919</orientation>
         </state>
         <state>
            <time>0.6</time>
            <x>14.5721</x>
            <y>-1.7513</y>
            <velocity>24.64</velocity>
            <orientation>-0.23922</orientation>
         </state>
         <state>
            <time>0.7</time>
            <x>16.9555</x>
            <y>-2.3835</y>
            <velocity>24.68</velocity>
            <orientation>-0.27932</orientation>
         </state>
         <state>
            <time>0.8</time>
            <x>19.3155</x>
            <y>-3.112</y>
            <velocity>24.72</velocity>
            <orientation>-0.31948</orientation>
         </state>
         <state>
            <time>0.9</time>
            <x>21.648</x>
            <y>-3.936</y>
            <velocity>24.76</velocity>
            <orientation>-0.35971</orientation>
         </state>
         <state>
            <time>1</time>
            <x>23.9492</x>
            <y>-4.8547</y>
            <velocity>24.8</velocity>
            <orientation>-0.4</orientation>
         </state>
      </states>
      <inputs>
         <input>
            <acceleration>0.4</acceleration>
            <steer>-0.037381</steer>
         </input>
         <input>
            <acceleration>0.4</acceleration>
            <steer>-0.037381</steer>
         </input>
         <input>
            <acceleration>0.4</acceleration>
            <steer>-0.037381</steer>
         </input>
         <input>
            <acceleration>0.4</acceleration>
            <steer>-0.037381</steer>
         </input>
         <input>
            <acceleration>0.4</acceleration>
            <steer>-0.037381</steer>
         </input>
         <input>
            <acceleration>0.4</acceleration>
            <steer>-0.037381</steer>
         </input>
         <input>
            <acceleration>0.4</acceleration>
            <steer>-0.037381</steer>
         </input>
         <input>
            <acceleration>0.4</acceleration>
            <steer>-0.037381</steer>
         </input>
         <input>
            <acceleration>0.4</acceleration>
            <steer>-0.037381</steer>
         </input>
         <input>
            <acceleration>0.4</acceleration>
            <steer>-0.037381</steer>
         </input>
      </inputs>
   </trajectory>
   <occupancySet>
      <occupancy>
         <time>
            <intervalStart>0</intervalStart>
            <intervalEnd>0.1</intervalEnd>
         </time>
         <set>
            <point>
               <element dimension="1">-1.1238</element>
               <element dimension="2">-1.0186</element>
            </point>
            <point>
               <element dimension="1">-1.1197</element>
               <element dimension="2">1.0271</element>
            </point>
            <point>
               <element dimension="1">-1.1197</element>
               <element dimension="2">1.0274</element>
            </point>
            <point>
               <element dimension="1">-1.1196</element>
               <element dimension="2">1.0292</element>
            </point>
            <point>
               <element dimension="1">3.3419</element>
               <element dimension="2">1.0203</element>
            </point>
            <point>
               <element dimension="1">3.6553</element>
               <element dimension="2">1.0141</element>
            </point>
            <point>
               <element dimension="1">5.8815</element>
               <element dimension="2">0.93008</element>
            </point>
            <point>
               <element dimension="1">5.881</element>
               <element dimension="2">0.70746</element>
            </point>
            <point>
               <element dimension="1">5.8782</element>
               <element dimension="2">0.5655</element>
            </point>
            <point>
               <element dimension="1">5.8132</element>
               <element dimension="2">-1.1581</element>
            </point>
            <point>
               <element dimension="1">5.6225</element>
               <element dimension="2">-1.1577</element>
            </point>
            <point>
               <element dimension="1">-0.83471</element>
               <element dimension="2">-1.0295</element>
            </point>
         </set>
      </occupancy>
      <occupancy>
         <time>
            <intervalStart>0.1</intervalStart>
            <intervalEnd>0.2</intervalEnd>
         </time>
         <set>
            <point>
               <element dimension="1">1.0494</element>
               <element dimension="2">-0.9799</element>
            </point>
            <point>
               <element dimension="1">1.1235</element>
               <element dimension="2">0.98275</element>
            </point>
            <point>
               <element dimension="1">1.1248</element>
               <element dimension="2">0.99999</element>
            </point>
            <point>
               <element dimension="1">5.1565</element>
               <element dimension="2">0.84781</element>
            </point>
            <point>
               <element dimension="1">5.8801</element>
               <element dimension="2">0.80607</element>
            </point>
            <point>
               <element dimension="1">8.3491</element>
               <element dimension="2">0.61434</element>
            </point>
            <point>
               <element dimension="1">8.3375</element>
               <element dimension="2">0.30719</element>
            </point>
            <point>
               <element dimension="1">8.3373</element>
               <element dimension="2">0.30381</element>
            </point>
            <point>
               <element dimension="1">8.2021</element>
               <element dimension="2">-1.4374</element>
            </point>
            <point>
               <element dimension="1">8.0333</element>
               <element dimension="2">-1.431</element>
            </point>
            <point>
               <element dimension="1">3.4656</element>
               <element dimension="2">-1.1675</element>
            </point>
         </set>
      </occupancy>
      <occupancy>
         <time>
            <intervalStart>0.2</intervalStart>
            <intervalEnd>0.3</intervalEnd>
         </time>
         <set>
            <point>
               <element dimension="1">3.4602</element>
               <element dimension="2">-1.0705</element>
            </point>
            <point>
               <element dimension="1">3.6117</element>
               <element dimension="2">0.88062</element>
            </point>
            <point>
               <element dimension="1">3.6142</element>
               <element dimension="2">0.90149</element>
            </point>
            <point>
               <element dimension="1">7.8572</element>
               <element dimension="2">0.57199</element>
            </point>
            <point>
               <element dimension="1">8.3432</element>
               <element dimension="2">0.52449</element>
            </point>
            <point>
               <element dimension="1">10.8065</element>
               <element dimension="2">0.23412</element>
            </point>
            <point>
               <element dimension="1">10.7839</element>
               <element dimension="2">-0.056776</element>
            </point>
            <point>
               <element dimension="1">10.5783</element>
               <element dimension="2">-1.8013</element>
            </point>
            <point>
               <element dimension="1">10.432</element>
               <element dimension="2">-1.7899</element>
            </point>
            <point>
               <element dimension="1">5.3481</element>
               <element dimension="2">-1.2931</element>
            </point>
         </set>
      </occupancy>
      <occupancy>
         <time>
            <intervalStart>0.3</intervalStart>
            <intervalEnd>0.4</intervalEnd>
         </time>
         <set>
            <point>
               <element dimension="1">5.8755</element>
               <element dimension="2">-1.2474</element>
            </point>
            <point>
               <element dimension="1">6.1012</element>
               <element dimension="2">0.66766</element>
            </point>
            <point>
               <element dimension="1">6.1057</element>
               <element dimension="2">0.69598</element>
            </point>
            <point>
               <element dimension="1">10.3483</element>
               <element dimension="2">0.19588</element>
            </point>
            <point>
               <element dimension="1">10.7923</element>
               <element dimension="2">0.13453</element>
            </point>
            <point>
               <element dimension="1">13.25</element>
               <element dimension="2">-0.25511</element>
            </point>
            <point>
               <element dimension="1">13.2191</element>
               <element dimension="2">-0.51773</element>
            </point>
            <point>
               <element dimension="1">12.9432</element>
               <element dimension="2">-2.258</element>
            </point>
            <point>
               <element dimension="1">12.8185</element>
               <element dimension="2">-2.2433</element>
            </point>
            <point>
               <element dimension="1">7.673</element>
               <element dimension="2">-1.5324</element>
            </point>
         </set>
      </occupancy>
      <occupancy>
         <time>
            <intervalStart>0.4</intervalStart>
            <intervalEnd>0.5</intervalEnd>
         </time>
         <set>
            <point>
               <element dimension="1">8.2858</element>
               <element dimension="2">-1.5192</element>
            </point>
            <point>
               <element dimension="1">8.5842</element>
               <element dimension="2">0.36314</element>
            </point>
            <point>
               <element dimension="1">8.5893</element>
               <element dimension="2">0.38838</element>
            </point>
            <point>
               <element dimension="1">12.8363</element>
               <element dimension="2">-0.28494</element>
            </point>
            <point>
               <element dimension="1">13.2298</element>
               <element dimension="2">-0.35541</element>
            </point>
            <point>
               <element dimension="1">15.6733</element>
               <element dimension="2">-0.8436</element>
            </point>
            <point>
               <element dimension="1">15.6358</element>
               <element dimension="2">-1.0804</element>
            </point>
            <point>
               <element dimension="1">15.2914</element>
               <element dimension="2">-2.8041</element>
            </point>
            <point>
               <element dimension="1">15.1894</element>
               <element dimension="2">-2.7879</element>
            </point>
            <point>
               <element dimension="1">9.8472</element>
               <element dimension="2">-1.8312</element>
            </point>
         </set>
      </occupancy>
      <occupancy>
         <time>
            <intervalStart>0.5</intervalStart>
            <intervalEnd>0.6</intervalEnd>
         </time>
         <set>
            <point>
               <element dimension="1">10.6906</element>
               <element dimension="2">-1.8836</element>
            </point>
            <point>
               <element dimension="1">11.0581</element>
               <element dimension="2">-0.043919</element>
            </point>
            <point>
               <element dimension="1">11.0632</element>
               <element dimension="2">-0.023072</element>
            </point>
            <point>
               <element dimension="1">15.2439</element>
               <element dimension="2">-0.85835</element>
            </point>
            <point>
               <element dimension="1">15.6466</element>
               <element dimension="2">-0.94721</element>
            </point>
            <point>
               <element dimension="1">18.0733</element>
               <element dimension="2">-1.5339</element>
            </point>
            <point>
               <element dimension="1">18.0322</element>
               <element dimension="2">-1.7396</element>
            </point>
            <point>
               <element dimension="1">17.62</element>
               <element dimension="2">-3.4444</element>
            </point>
            <point>
               <element dimension="1">17.5404</element>
               <element dimension="2">-3.4285</element>
            </point>
            <point>
               <element dimension="1">12.2629</element>
               <element dimension="2">-2.2638</element>
            </point>
         </set>
      </occupancy>
      <occupancy>
         <time>
            <intervalStart>0.6</intervalStart>
            <intervalEnd>0.7</intervalEnd>
         </time>
         <set>
            <point>
               <element dimension="1">13.0837</element>
               <element dimension="2">-2.3455</element>
            </point>
            <point>
               <element dimension="1">13.5175</element>
               <element dimension="2">-0.55126</element>
            </point>
            <point>
               <element dimension="1">13.5222</element>
               <element dimension="2">-0.53448</element>
            </point>
            <point>
               <element dimension="1">17.6421</element>
               <element dimension="2">-1.5306</element>
            </point>
            <point>
               <element dimension="1">18.0417</element>
               <element dimension="2">-1.6357</element>
            </point>
            <point>
               <element dimension="1">20.4465</element>
               <element dimension="2">-2.3202</element>
            </point>
            <point>
               <element dimension="1">20.4043</element>
               <element dimension="2">-2.4949</element>
            </point>
            <point>
               <element dimension="1">19.9251</element>
               <element dimension="2">-4.1781</element>
            </point>
            <point>
               <element dimension="1">19.8674</element>
               <element dimension="2">-4.1641</element>
            </point>
            <point>
               <element dimension="1">14.6515</element>
               <element dimension="2">-2.7918</element>
            </point>
         </set>
      </occupancy>
      <occupancy>
         <time>
            <intervalStart>0.7</intervalStart>
            <intervalEnd>0.8</intervalEnd>
         </time>
         <set>
            <point>
               <element dimension="1">15.4612</element>
               <element dimension="2">-2.9045</element>
            </point>
            <point>
               <element dimension="1">15.9582</element>
               <element dimension="2">-1.1583</element>
            </point>
            <point>
               <element dimension="1">15.9624</element>
               <element dimension="2">-1.1455</element>
            </point>
            <point>
               <element dimension="1">20.0153</element>
               <element dimension="2">-2.2991</element>
            </point>
            <point>
               <element dimension="1">20.4113</element>
               <element dimension="2">-2.4205</element>
            </point>
            <point>
               <element dimension="1">22.7891</element>
               <element dimension="2">-3.2018</element>
            </point>
            <point>
               <element dimension="1">22.7482</element>
               <element dimension="2">-3.3455</element>
            </point>
            <point>
               <element dimension="1">22.2031</element>
               <element dimension="2">-5.0045</element>
            </point>
            <point>
               <element dimension="1">22.1668</element>
               <element dimension="2">-4.9941</element>
            </point>
            <point>
               <element dimension="1">17.0207</element>
               <element dimension="2">-3.4169</element>
            </point>
         </set>
      </occupancy>
      <occupancy>
         <time>
            <intervalStart>0.8</intervalStart>
            <intervalEnd>0.9</intervalEnd>
         </time>
         <set>
            <point>
               <element dimension="1">17.8191</element>
               <element dimension="2">-3.5602</element>
            </point>
            <point>
               <element dimension="1">18.3764</element>
               <element dimension="2">-1.8644</element>
            </point>
            <point>
               <element dimension="1">18.3797</element>
               <element dimension="2">-1.8555</element>
            </point>
            <point>
               <element dimension="1">22.3584</element>
               <element dimension="2">-3.1629</element>
            </point>
            <point>
               <element dimension="1">22.7514</element>
               <element dimension="2">-3.3008</element>
            </point>
            <point>
               <element dimension="1">25.0972</element>
               <element dimension="2">-4.1776</element>
            </point>
            <point>
               <element dimension="1">25.0601</element>
               <element dimension="2">-4.2905</element>
            </point>
            <point>
               <element dimension="1">24.4499</element>
               <element dimension="2">-5.923</element>
            </point>
            <point>
               <element dimension="1">24.4446</element>
               <element dimension="2">-5.9213</element>
            </point>
            <point>
               <element dimension="1">19.3729</element>
               <element dimension="2">-4.141</element>
            </point>
         </set>
      </occupancy>
      <occupancy>
         <time>
            <intervalStart>0.9</intervalStart>
            <intervalEnd>1</intervalEnd>
         </time>
         <set>
            <point>
               <element dimension="1">20.1535</element>
               <element dimension="2">-4.3123</element>
            </point>
            <point>
               <element dimension="1">20.7678</element>
               <element dimension="2">-2.669</element>
            </point>
            <point>
               <element dimension="1">20.7706</element>
               <element dimension="2">-2.6623</element>
            </point>
            <point>
               <element dimension="1">24.5899</element>
               <element dimension="2">-4.0899</element>
            </point>
            <point>
               <element dimension="1">25.0581</element>
               <element dimension="2">-4.2757</element>
            </point>
            <point>
               <element dimension="1">27.3664</element>
               <element dimension="2">-5.2462</element>
            </point>
            <point>
               <element dimension="1">27.3268</element>
               <element dimension="2">-5.3521</element>
            </point>
            <point>
               <element dimension="1">26.6617</element>
               <element dimension="2">-6.934</element>
            </point>
            <point>
               <element dimension="1">26.6582</element>
               <element dimension="2">-6.9327</element>
            </point>
            <point>
               <element dimension="1">21.7917</element>
               <element dimension="2">-5.0011</element>
            </point>
         </set>
      </occupancy>
   </occupancySet>
   <reachableSet>
      <reachability>
         <time>0</time>
         <x>
            <intervalStart>-0.1</intervalStart>
            <intervalEnd>0.1</intervalEnd>
         </x>
         <y>
            <intervalStart>-0.1</intervalStart>
            <intervalEnd>0.1</intervalEnd>
         </y>
         <velocity>
            <intervalStart>24.2</intervalStart>
            <intervalEnd>24.6</intervalEnd>
         </velocity>
         <orientation>
            <intervalStart>-0.02</intervalStart>
            <intervalEnd>0.02</intervalEnd>
         </orientation>
      </reachability>
      <reachability>
         <time>1</time>
         <x>
            <intervalStart>23.947</intervalStart>
            <intervalEnd>23.9509</intervalEnd>
         </x>
         <y>
            <intervalStart>-4.8602</intervalStart>
            <intervalEnd>-4.8496</intervalEnd>
         </y>
         <velocity>
            <intervalStart>24.8</intervalStart>
            <intervalEnd>24.8</intervalEnd>
         </velocity>
         <orientation>
            <intervalStart>-0.40023</intervalStart>
            <intervalEnd>-0.39978</intervalEnd>
         </orientation>
      </reachability>
   </reachableSet>
</motionPrimitive>