<?xml version="1.0" encoding="utf-8"?>
<motionPrimitive ID="10177">
   <controller type="generator space control">controller10177.mat</controller>
   <successors>
      <id>10596</id>
      <id>10597</id>
      <id>10598</id>
      <id>10599</id>
      <id>10600</id>
      <id>10601</id>
      <id>10602</id>
      <id>10603</id>
      <id>10604</id>
      <id>10605</id>
      <id>10606</id>
      <id>10607</id>
      <id>10608</id>
      <id>10609</id>
      <id>10610</id>
      <id>10611</id>
      <id>10612</id>
      <id>10613</id>
      <id>10614</id>
      <id>10615</id>
      <id>10616</id>
      <id>10617</id>
      <id>10618</id>
      <id>10619</id>
      <id>10620</id>
      <id>10621</id>
      <id>10622</id>
      <id>10623</id>
      <id>10624</id>
      <id>10625</id>
      <id>10626</id>
      <id>10627</id>
      <id>10628</id>
      <id>10629</id>
      <id>10630</id>
      <id>10631</id>
      <id>10632</id>
      <id>10633</id>
      <id>10634</id>
      <id>10635</id>
      <id>10636</id>
      <id>10637</id>
      <id>10638</id>
      <id>10639</id>
      <id>10640</id>
      <id>10641</id>
      <id>10642</id>
      <id>10643</id>
      <id>10644</id>
      <id>10645</id>
      <id>10646</id>
      <id>10647</id>
      <id>10648</id>
      <id>10649</id>
      <id>10650</id>
      <id>10651</id>
      <id>10652</id>
      <id>10653</id>
      <id>10654</id>
      <id>10655</id>
      <id>10656</id>
      <id>10657</id>
      <id>10658</id>
      <id>10659</id>
      <id>10660</id>
      <id>10661</id>
      <id>10662</id>
      <id>10663</id>
      <id>10664</id>
      <id>10665</id>
      <id>10666</id>
      <id>10667</id>
      <id>10668</id>
      <id>10669</id>
      <id>10670</id>
      <id>10671</id>
      <id>10672</id>
      <id>10673</id>
      <id>10674</id>
      <id>10675</id>
      <id>10676</id>
      <id>10677</id>
      <id>10678</id>
      <id>10679</id>
      <id>10680</id>
      <id>10681</id>
      <id>10682</id>
      <id>10683</id>
      <id>10684</id>
      <id>10685</id>
      <id>10686</id>
      <id>10687</id>
      <id>10688</id>
      <id>10689</id>
      <id>10690</id>
      <id>10691</id>
      <id>10692</id>
      <id>10693</id>
      <id>10694</id>
      <id>10695</id>
      <id>10696</id>
      <id>10697</id>
      <id>10698</id>
      <id>10699</id>
      <id>10700</id>
      <id>10701</id>
      <id>10702</id>
      <id>10703</id>
      <id>10704</id>
      <id>10705</id>
      <id>10706</id>
      <id>10707</id>
      <id>10708</id>
      <id>10709</id>
      <id>10710</id>
      <id>10711</id>
      <id>10712</id>
      <id>10713</id>
      <id>10714</id>
      <id>10715</id>
      <id>10716</id>
      <id>10717</id>
      <id>10718</id>
      <id>10719</id>
      <id>10720</id>
      <id>10721</id>
      <id>10722</id>
      <id>10723</id>
      <id>10724</id>
      <id>10725</id>
      <id>10726</id>
      <id>10727</id>
      <id>10728</id>
      <id>10729</id>
      <id>10730</id>
      <id>10731</id>
      <id>10732</id>
      <id>10733</id>
      <id>10734</id>
      <id>10735</id>
      <id>10736</id>
      <id>10737</id>
      <id>10738</id>
      <id>10739</id>
      <id>10740</id>
      <id>10741</id>
      <id>10742</id>
      <id>10743</id>
      <id>10744</id>
      <id>10745</id>
      <id>10746</id>
      <id>10747</id>
      <id>10748</id>
      <id>10749</id>
      <id>10750</id>
      <id>10751</id>
      <id>10752</id>
      <id>10753</id>
      <id>10754</id>
      <id>10755</id>
      <id>10756</id>
      <id>10757</id>
      <id>10758</id>
      <id>10759</id>
      <id>10760</id>
      <id>10761</id>
      <id>10762</id>
      <id>10763</id>
      <id>10764</id>
      <id>10765</id>
      <id>10766</id>
      <id>10767</id>
      <id>10768</id>
      <id>10769</id>
      <id>10770</id>
      <id>10771</id>
      <id>10772</id>
      <id>10773</id>
      <id>10774</id>
      <id>10775</id>
   </successors>
   <trajectory>
      <states>
         <state>
            <time>0</time>
            <x>0</x>
            <y>0</y>
            <velocity>24.4</velocity>
            <orientation>0</orientation>
         </state>
         <state>
            <time>0.1</time>
            <x>2.446</x>
            <y>-0.011966</y>
            <velocity>24.52</velocity>
            <orientation>-0.009784</orientation>
         </state>
         <state>
            <time>0.2</time>
            <x>4.9037</x>
            <y>-0.048097</y>
            <velocity>24.64</velocity>
            <orientation>-0.019616</orientation>
         </state>
         <state>
            <time>0.3</time>
            <x>7.3729</x>
            <y>-0.10874</y>
            <velocity>24.76</velocity>
            <orientation>-0.029496</orientation>
         </state>
         <state>
            <time>0.4</time>
            <x>9.8534</x>
            <y>-0.19426</y>
            <velocity>24.88</velocity>
            <orientation>-0.039424</orientation>
         </state>
         <state>
            <time>0.5</time>
            <x>12.345</x>
            <y>-0.30498</y>
            <velocity>25</velocity>
            <orientation>-0.0494</orientation>
         </state>
         <state>
            <time>0.6</time>
            <x>14.8473</x>
            <y>-0.44127</y>
            <velocity>25.12</velocity>
            <orientation>-0.059424</orientation>
         </state>
         <state>
            <time>0.7</time>
            <x>17.36</x>
            <y>-0.60347</y>
            <velocity>25.24</velocity>
            <orientation>-0.069496</orientation>
         </state>
         <state>
            <time>0.8</time>
            <x>19.883</x>
            <y>-0.79192</y>
            <velocity>25.36</velocity>
            <orientation>-0.079616</orientation>
         </state>
         <state>
            <time>0.9</time>
            <x>22.4159</x>
            <y>-1.007</y>
            <velocity>25.48</velocity>
            <orientation>-0.089784</orientation>
         </state>
         <state>
            <time>1</time>
            <x>24.9584</x>
            <y>-1.249</y>
            <velocity>25.6</velocity>
            <orientation>-0.1</orientation>
         </state>
      </states>
      <inputs>
         <input>
            <acceleration>1.2</acceleration>
            <steer>-0.0091997</steer>
         </input>
         <input>
            <acceleration>1.2</acceleration>
            <steer>-0.0091997</steer>
         </input>
         <input>
            <acceleration>1.2</acceleration>
            <steer>-0.0091997</steer>
         </input>
         <input>
            <acceleration>1.2</acceleration>
            <steer>-0.0091997</steer>
         </input>
         <input>
            <acceleration>1.2</acceleration>
            <steer>-0.0091997</steer>
         </input>
         <input>
            <acceleration>1.2</acceleration>
            <steer>-0.0091997</steer>
         </input>
         <input>
            <acceleration>1.2</acceleration>
            <steer>-0.0091997</steer>
         </input>
         <input>
            <acceleration>1.2</acceleration>
            <steer>-0.0091997</steer>
         </input>
         <input>
            <acceleration>1.2</acceleration>
            <steer>-0.0091997</steer>
         </input>
         <input>
            <acceleration>1.2</acceleration>
            <steer>-0.0091997</steer>
         </input>
      </inputs>
   </trajectory>
   <occupancySet>
      <occupancy>
         <time>
            <intervalStart>0</intervalStart>
            <intervalEnd>0.1</intervalEnd>
         </time>
         <set>
            <point>
               <element dimension="1">-1.1207</element>
               <element dimension="2">-1.0186</element>
            </point>
            <point>
               <element dimension="1">-1.1197</element>
               <element dimension="2">1.0205</element>
            </point>
            <point>
               <element dimension="1">-1.1197</element>
               <element dimension="2">1.0207</element>
            </point>
            <point>
               <element dimension="1">-1.1197</element>
               <element dimension="2">1.0208</element>
            </point>
            <point>
               <element dimension="1">3.4165</element>
               <element dimension="2">1.0186</element>
            </point>
            <point>
               <element dimension="1">3.653</element>
               <element dimension="2">1.0175</element>
            </point>
            <point>
               <element dimension="1">5.8608</element>
               <element dimension="2">0.99694</element>
            </point>
            <point>
               <element dimension="1">5.8607</element>
               <element dimension="2">0.83767</element>
            </point>
            <point>
               <element dimension="1">5.86</element>
               <element dimension="2">0.69243</element>
            </point>
            <point>
               <element dimension="1">5.844</element>
               <element dimension="2">-1.0245</element>
            </point>
            <point>
               <element dimension="1">-0.56515</element>
               <element dimension="2">-1.0213</element>
            </point>
            <point>
               <element dimension="1">-1.1092</element>
               <element dimension="2">-1.0187</element>
            </point>
         </set>
      </occupancy>
      <occupancy>
         <time>
            <intervalStart>0.1</intervalStart>
            <intervalEnd>0.2</intervalEnd>
         </time>
         <set>
            <point>
               <element dimension="1">1.0843</element>
               <element dimension="2">-0.97818</element>
            </point>
            <point>
               <element dimension="1">1.1025</element>
               <element dimension="2">0.97874</element>
            </point>
            <point>
               <element dimension="1">1.1025</element>
               <element dimension="2">0.98218</element>
            </point>
            <point>
               <element dimension="1">5.3037</element>
               <element dimension="2">0.94312</element>
            </point>
            <point>
               <element dimension="1">5.8598</element>
               <element dimension="2">0.93522</element>
            </point>
            <point>
               <element dimension="1">8.3199</element>
               <element dimension="2">0.88816</element>
            </point>
            <point>
               <element dimension="1">8.3176</element>
               <element dimension="2">0.64658</element>
            </point>
            <point>
               <element dimension="1">8.3176</element>
               <element dimension="2">0.64307</element>
            </point>
            <point>
               <element dimension="1">8.2845</element>
               <element dimension="2">-1.0887</element>
            </point>
            <point>
               <element dimension="1">8.1162</element>
               <element dimension="2">-1.0872</element>
            </point>
            <point>
               <element dimension="1">2.926</element>
               <element dimension="2">-1.0134</element>
            </point>
         </set>
      </occupancy>
      <occupancy>
         <time>
            <intervalStart>0.2</intervalStart>
            <intervalEnd>0.3</intervalEnd>
         </time>
         <set>
            <point>
               <element dimension="1">3.5387</element>
               <element dimension="2">-0.99837</element>
            </point>
            <point>
               <element dimension="1">3.5759</element>
               <element dimension="2">0.95095</element>
            </point>
            <point>
               <element dimension="1">3.5761</element>
               <element dimension="2">0.95493</element>
            </point>
            <point>
               <element dimension="1">8.0746</element>
               <element dimension="2">0.86888</element>
            </point>
            <point>
               <element dimension="1">8.3182</element>
               <element dimension="2">0.86302</element>
            </point>
            <point>
               <element dimension="1">10.7865</element>
               <element dimension="2">0.79141</element>
            </point>
            <point>
               <element dimension="1">10.7822</element>
               <element dimension="2">0.5651</element>
            </point>
            <point>
               <element dimension="1">10.7319</element>
               <element dimension="2">-1.1688</element>
            </point>
            <point>
               <element dimension="1">10.1745</element>
               <element dimension="2">-1.1581</element>
            </point>
            <point>
               <element dimension="1">3.5422</element>
               <element dimension="2">-0.99848</element>
            </point>
         </set>
      </occupancy>
      <occupancy>
         <time>
            <intervalStart>0.3</intervalStart>
            <intervalEnd>0.4</intervalEnd>
         </time>
         <set>
            <point>
               <element dimension="1">6.0095</element>
               <element dimension="2">-1.032</element>
            </point>
            <point>
               <element dimension="1">6.0652</element>
               <element dimension="2">0.88714</element>
            </point>
            <point>
               <element dimension="1">6.0655</element>
               <element dimension="2">0.89321</element>
            </point>
            <point>
               <element dimension="1">10.5426</element>
               <element dimension="2">0.76332</element>
            </point>
            <point>
               <element dimension="1">10.7834</element>
               <element dimension="2">0.75514</element>
            </point>
            <point>
               <element dimension="1">13.2639</element>
               <element dimension="2">0.65853</element>
            </point>
            <point>
               <element dimension="1">13.2582</element>
               <element dimension="2">0.46123</element>
            </point>
            <point>
               <element dimension="1">13.1906</element>
               <element dimension="2">-1.2733</element>
            </point>
            <point>
               <element dimension="1">12.6515</element>
               <element dimension="2">-1.2577</element>
            </point>
            <point>
               <element dimension="1">6.0138</element>
               <element dimension="2">-1.0321</element>
            </point>
         </set>
      </occupancy>
      <occupancy>
         <time>
            <intervalStart>0.4</intervalStart>
            <intervalEnd>0.5</intervalEnd>
         </time>
         <set>
            <point>
               <element dimension="1">8.4919</element>
               <element dimension="2">-1.0903</element>
            </point>
            <point>
               <element dimension="1">8.5656</element>
               <element dimension="2">0.80066</element>
            </point>
            <point>
               <element dimension="1">8.5658</element>
               <element dimension="2">0.80621</element>
            </point>
            <point>
               <element dimension="1">13.0229</element>
               <element dimension="2">0.63262</element>
            </point>
            <point>
               <element dimension="1">13.2608</element>
               <element dimension="2">0.62217</element>
            </point>
            <point>
               <element dimension="1">15.7512</element>
               <element dimension="2">0.50028</element>
            </point>
            <point>
               <element dimension="1">15.7446</element>
               <element dimension="2">0.33103</element>
            </point>
            <point>
               <element dimension="1">15.6598</element>
               <element dimension="2">-1.4017</element>
            </point>
            <point>
               <element dimension="1">14.9224</element>
               <element dimension="2">-1.3729</element>
            </point>
            <point>
               <element dimension="1">8.4955</element>
               <element dimension="2">-1.0905</element>
            </point>
         </set>
      </occupancy>
      <occupancy>
         <time>
            <intervalStart>0.5</intervalStart>
            <intervalEnd>0.6</intervalEnd>
         </time>
         <set>
            <point>
               <element dimension="1">10.9862</element>
               <element dimension="2">-1.1727</element>
            </point>
            <point>
               <element dimension="1">11.0773</element>
               <element dimension="2">0.68809</element>
            </point>
            <point>
               <element dimension="1">11.0776</element>
               <element dimension="2">0.69249</element>
            </point>
            <point>
               <element dimension="1">15.5123</element>
               <element dimension="2">0.47545</element>
            </point>
            <point>
               <element dimension="1">15.7473</element>
               <element dimension="2">0.46277</element>
            </point>
            <point>
               <element dimension="1">18.2485</element>
               <element dimension="2">0.31522</element>
            </point>
            <point>
               <element dimension="1">18.2417</element>
               <element dimension="2">0.17541</element>
            </point>
            <point>
               <element dimension="1">18.1396</element>
               <element dimension="2">-1.5553</element>
            </point>
            <point>
               <element dimension="1">17.4541</element>
               <element dimension="2">-1.5218</element>
            </point>
            <point>
               <element dimension="1">10.99</element>
               <element dimension="2">-1.173</element>
            </point>
         </set>
      </occupancy>
      <occupancy>
         <time>
            <intervalStart>0.6</intervalStart>
            <intervalEnd>0.7</intervalEnd>
         </time>
         <set>
            <point>
               <element dimension="1">13.4918</element>
               <element dimension="2">-1.2808</element>
            </point>
            <point>
               <element dimension="1">13.5998</element>
               <element dimension="2">0.54957</element>
            </point>
            <point>
               <element dimension="1">13.6</element>
               <element dimension="2">0.55293</element>
            </point>
            <point>
               <element dimension="1">18.012</element>
               <element dimension="2">0.29266</element>
            </point>
            <point>
               <element dimension="1">18.244</element>
               <element dimension="2">0.2778</element>
            </point>
            <point>
               <element dimension="1">20.7556</element>
               <element dimension="2">0.10424</element>
            </point>
            <point>
               <element dimension="1">20.7491</element>
               <element dimension="2">-0.0060371</element>
            </point>
            <point>
               <element dimension="1">20.6296</element>
               <element dimension="2">-1.7347</element>
            </point>
            <point>
               <element dimension="1">19.9843</element>
               <element dimension="2">-1.6966</element>
            </point>
            <point>
               <element dimension="1">13.4955</element>
               <element dimension="2">-1.281</element>
            </point>
         </set>
      </occupancy>
      <occupancy>
         <time>
            <intervalStart>0.7</intervalStart>
            <intervalEnd>0.8</intervalEnd>
         </time>
         <set>
            <point>
               <element dimension="1">16.0084</element>
               <element dimension="2">-1.4147</element>
            </point>
            <point>
               <element dimension="1">16.1327</element>
               <element dimension="2">0.38481</element>
            </point>
            <point>
               <element dimension="1">16.1329</element>
               <element dimension="2">0.38713</element>
            </point>
            <point>
               <element dimension="1">20.5217</element>
               <element dimension="2">0.083858</element>
            </point>
            <point>
               <element dimension="1">20.7508</element>
               <element dimension="2">0.066859</element>
            </point>
            <point>
               <element dimension="1">23.2721</element>
               <element dimension="2">-0.13302</element>
            </point>
            <point>
               <element dimension="1">23.2666</element>
               <element dimension="2">-0.21364</element>
            </point>
            <point>
               <element dimension="1">23.1297</element>
               <element dimension="2">-1.94</element>
            </point>
            <point>
               <element dimension="1">22.5245</element>
               <element dimension="2">-1.8982</element>
            </point>
            <point>
               <element dimension="1">16.0117</element>
               <element dimension="2">-1.415</element>
            </point>
         </set>
      </occupancy>
      <occupancy>
         <time>
            <intervalStart>0.8</intervalStart>
            <intervalEnd>0.9</intervalEnd>
         </time>
         <set>
            <point>
               <element dimension="1">18.5357</element>
               <element dimension="2">-1.575</element>
            </point>
            <point>
               <element dimension="1">18.6759</element>
               <element dimension="2">0.19346</element>
            </point>
            <point>
               <element dimension="1">18.676</element>
               <element dimension="2">0.19476</element>
            </point>
            <point>
               <element dimension="1">23.0387</element>
               <element dimension="2">-0.1511</element>
            </point>
            <point>
               <element dimension="1">23.2673</element>
               <element dimension="2">-0.17039</element>
            </point>
            <point>
               <element dimension="1">25.7978</element>
               <element dimension="2">-0.39691</element>
            </point>
            <point>
               <element dimension="1">25.7938</element>
               <element dimension="2">-0.44775</element>
            </point>
            <point>
               <element dimension="1">25.6395</element>
               <element dimension="2">-2.1717</element>
            </point>
            <point>
               <element dimension="1">25.0898</element>
               <element dimension="2">-2.1281</element>
            </point>
            <point>
               <element dimension="1">18.5383</element>
               <element dimension="2">-1.5752</element>
            </point>
         </set>
      </occupancy>
      <occupancy>
         <time>
            <intervalStart>0.9</intervalStart>
            <intervalEnd>1</intervalEnd>
         </time>
         <set>
            <point>
               <element dimension="1">21.0734</element>
               <element dimension="2">-1.7619</element>
            </point>
            <point>
               <element dimension="1">21.2289</element>
               <element dimension="2">-0.024821</element>
            </point>
            <point>
               <element dimension="1">21.2289</element>
               <element dimension="2">-0.024545</element>
            </point>
            <point>
               <element dimension="1">25.5649</element>
               <element dimension="2">-0.41267</element>
            </point>
            <point>
               <element dimension="1">25.7933</element>
               <element dimension="2">-0.4343</element>
            </point>
            <point>
               <element dimension="1">28.3325</element>
               <element dimension="2">-0.68776</element>
            </point>
            <point>
               <element dimension="1">28.3285</element>
               <element dimension="2">-0.7328</element>
            </point>
            <point>
               <element dimension="1">28.1589</element>
               <element dimension="2">-2.432</element>
            </point>
            <point>
               <element dimension="1">28.0481</element>
               <element dimension="2">-2.4221</element>
            </point>
            <point>
               <element dimension="1">21.0751</element>
               <element dimension="2">-1.762</element>
            </point>
         </set>
      </occupancy>
   </occupancySet>
   <reachableSet>
      <reachability>
         <time>0</time>
         <x>
            <intervalStart>-0.1</intervalStart>
            <intervalEnd>0.1</intervalEnd>
         </x>
         <y>
            <intervalStart>-0.1</intervalStart>
            <intervalEnd>0.1</intervalEnd>
         </y>
         <velocity>
            <intervalStart>24.2</intervalStart>
            <intervalEnd>24.6</intervalEnd>
         </velocity>
         <orientation>
            <intervalStart>-0.02</intervalStart>
            <intervalEnd>0.02</intervalEnd>
         </orientation>
      </reachability>
      <reachability>
         <time>1</time>
         <x>
            <intervalStart>24.9574</intervalStart>
            <intervalEnd>24.9589</intervalEnd>
         </x>
         <y>
            <intervalStart>-1.2538</intervalStart>
            <intervalEnd>-1.2442</intervalEnd>
         </y>
         <velocity>
            <intervalStart>25.6</intervalStart>
            <intervalEnd>25.6</intervalEnd>
         </velocity>
         <orientation>
            <intervalStart>-0.1002</intervalStart>
            <intervalEnd>-0.099801</intervalEnd>
         </orientation>
      </reachability>
   </reachableSet>
</motionPrimitive>