<?xml version="1.0" encoding="utf-8"?>
<motionPrimitive ID="10266">
   <controller type="generator space control">controller10266.mat</controller>
   <successors>
      <id>6324</id>
      <id>6325</id>
      <id>6326</id>
      <id>6327</id>
      <id>6328</id>
      <id>6329</id>
      <id>6330</id>
      <id>6331</id>
      <id>6332</id>
      <id>6333</id>
      <id>6334</id>
      <id>6335</id>
      <id>6336</id>
      <id>6337</id>
      <id>6338</id>
      <id>6339</id>
      <id>6340</id>
      <id>6341</id>
      <id>6342</id>
      <id>6343</id>
      <id>6344</id>
      <id>6345</id>
      <id>6346</id>
      <id>6347</id>
      <id>6348</id>
      <id>6349</id>
      <id>6350</id>
      <id>6351</id>
      <id>6352</id>
      <id>6353</id>
      <id>6354</id>
      <id>6355</id>
      <id>6356</id>
      <id>6357</id>
      <id>6358</id>
      <id>6359</id>
      <id>6360</id>
      <id>6361</id>
      <id>6362</id>
      <id>6363</id>
      <id>6364</id>
      <id>6365</id>
      <id>6366</id>
      <id>6367</id>
      <id>6368</id>
      <id>6369</id>
      <id>6370</id>
      <id>6371</id>
      <id>6372</id>
      <id>6373</id>
      <id>6374</id>
      <id>6375</id>
      <id>6376</id>
      <id>6377</id>
      <id>6378</id>
      <id>6379</id>
      <id>6380</id>
      <id>6381</id>
      <id>6382</id>
      <id>6383</id>
      <id>6384</id>
      <id>6385</id>
      <id>6386</id>
      <id>6387</id>
      <id>6388</id>
      <id>6389</id>
      <id>6390</id>
      <id>6391</id>
      <id>6392</id>
      <id>6393</id>
      <id>6394</id>
      <id>6395</id>
      <id>6396</id>
      <id>6397</id>
      <id>6398</id>
      <id>6399</id>
      <id>6400</id>
      <id>6401</id>
      <id>6402</id>
      <id>6403</id>
      <id>6404</id>
      <id>6405</id>
      <id>6406</id>
      <id>6407</id>
      <id>6408</id>
      <id>6409</id>
      <id>6410</id>
      <id>6411</id>
      <id>6412</id>
      <id>6413</id>
      <id>6414</id>
      <id>6415</id>
      <id>6416</id>
      <id>6417</id>
      <id>6418</id>
      <id>6419</id>
      <id>6420</id>
      <id>6421</id>
      <id>6422</id>
      <id>6423</id>
      <id>6424</id>
      <id>6425</id>
      <id>6426</id>
      <id>6427</id>
      <id>6428</id>
      <id>6429</id>
      <id>6430</id>
      <id>6431</id>
      <id>6432</id>
      <id>6433</id>
      <id>6434</id>
      <id>6435</id>
      <id>6436</id>
      <id>6437</id>
      <id>6438</id>
      <id>6439</id>
      <id>6440</id>
      <id>6441</id>
      <id>6442</id>
      <id>6443</id>
      <id>6444</id>
      <id>6445</id>
      <id>6446</id>
      <id>6447</id>
      <id>6448</id>
      <id>6449</id>
      <id>6450</id>
      <id>6451</id>
      <id>6452</id>
      <id>6453</id>
      <id>6454</id>
      <id>6455</id>
      <id>6456</id>
      <id>6457</id>
      <id>6458</id>
      <id>6459</id>
      <id>6460</id>
      <id>6461</id>
      <id>6462</id>
      <id>6463</id>
      <id>6464</id>
      <id>6465</id>
      <id>6466</id>
      <id>6467</id>
      <id>6468</id>
      <id>6469</id>
      <id>6470</id>
      <id>6471</id>
      <id>6472</id>
      <id>6473</id>
      <id>6474</id>
      <id>6475</id>
      <id>6476</id>
      <id>6477</id>
      <id>6478</id>
      <id>6479</id>
      <id>6480</id>
      <id>6481</id>
      <id>6482</id>
      <id>6483</id>
      <id>6484</id>
      <id>6485</id>
      <id>6486</id>
      <id>6487</id>
      <id>6488</id>
      <id>6489</id>
      <id>6490</id>
      <id>6491</id>
      <id>6492</id>
      <id>6493</id>
      <id>6494</id>
      <id>6495</id>
      <id>6496</id>
      <id>6497</id>
      <id>6498</id>
      <id>6499</id>
      <id>6500</id>
      <id>6501</id>
      <id>6502</id>
      <id>6503</id>
      <id>6504</id>
      <id>6505</id>
      <id>6506</id>
      <id>6507</id>
      <id>6508</id>
      <id>6509</id>
      <id>6510</id>
      <id>6511</id>
      <id>6512</id>
      <id>6513</id>
      <id>6514</id>
      <id>6515</id>
      <id>6516</id>
      <id>6517</id>
      <id>6518</id>
   </successors>
   <trajectory>
      <states>
         <state>
            <time>0</time>
            <x>0</x>
            <y>0</y>
            <velocity>24.8</velocity>
            <orientation>0</orientation>
         </state>
         <state>
            <time>0.1</time>
            <x>2.44</x>
            <y>0</y>
            <velocity>24</velocity>
            <orientation>0</orientation>
         </state>
         <state>
            <time>0.2</time>
            <x>4.8</x>
            <y>0</y>
            <velocity>23.2</velocity>
            <orientation>0</orientation>
         </state>
         <state>
            <time>0.3</time>
            <x>7.08</x>
            <y>0</y>
            <velocity>22.4</velocity>
            <orientation>0</orientation>
         </state>
         <state>
            <time>0.4</time>
            <x>9.28</x>
            <y>0</y>
            <velocity>21.6</velocity>
            <orientation>0</orientation>
         </state>
         <state>
            <time>0.5</time>
            <x>11.4</x>
            <y>0</y>
            <velocity>20.8</velocity>
            <orientation>0</orientation>
         </state>
         <state>
            <time>0.6</time>
            <x>13.44</x>
            <y>0</y>
            <velocity>20</velocity>
            <orientation>0</orientation>
         </state>
         <state>
            <time>0.7</time>
            <x>15.4</x>
            <y>0</y>
            <velocity>19.2</velocity>
            <orientation>0</orientation>
         </state>
         <state>
            <time>0.8</time>
            <x>17.28</x>
            <y>0</y>
            <velocity>18.4</velocity>
            <orientation>0</orientation>
         </state>
         <state>
            <time>0.9</time>
            <x>19.08</x>
            <y>0</y>
            <velocity>17.6</velocity>
            <orientation>0</orientation>
         </state>
         <state>
            <time>1</time>
            <x>20.8</x>
            <y>0</y>
            <velocity>16.8</velocity>
            <orientation>0</orientation>
         </state>
      </states>
      <inputs>
         <input>
            <acceleration>-8</acceleration>
            <steer>0</steer>
         </input>
         <input>
            <acceleration>-8</acceleration>
            <steer>0</steer>
         </input>
         <input>
            <acceleration>-8</acceleration>
            <steer>0</steer>
         </input>
         <input>
            <acceleration>-8</acceleration>
            <steer>0</steer>
         </input>
         <input>
            <acceleration>-8</acceleration>
            <steer>0</steer>
         </input>
         <input>
            <acceleration>-8</acceleration>
            <steer>0</steer>
         </input>
         <input>
            <acceleration>-8</acceleration>
            <steer>0</steer>
         </input>
         <input>
            <acceleration>-8</acceleration>
            <steer>0</steer>
         </input>
         <input>
            <acceleration>-8</acceleration>
            <steer>0</steer>
         </input>
         <input>
            <acceleration>-8</acceleration>
            <steer>0</steer>
         </input>
      </inputs>
   </trajectory>
   <occupancySet>
      <occupancy>
         <time>
            <intervalStart>0</intervalStart>
            <intervalEnd>0.1</intervalEnd>
         </time>
         <set>
            <point>
               <element dimension="1">-1.1202</element>
               <element dimension="2">-1.0198</element>
            </point>
            <point>
               <element dimension="1">-1.1202</element>
               <element dimension="2">1.0198</element>
            </point>
            <point>
               <element dimension="1">5.8611</element>
               <element dimension="2">1.0198</element>
            </point>
            <point>
               <element dimension="1">5.8611</element>
               <element dimension="2">-1.0198</element>
            </point>
         </set>
      </occupancy>
      <occupancy>
         <time>
            <intervalStart>0.1</intervalStart>
            <intervalEnd>0.2</intervalEnd>
         </time>
         <set>
            <point>
               <element dimension="1">1.0784</element>
               <element dimension="2">-0.97823</element>
            </point>
            <point>
               <element dimension="1">1.0784</element>
               <element dimension="2">0.97823</element>
            </point>
            <point>
               <element dimension="1">8.2271</element>
               <element dimension="2">0.97823</element>
            </point>
            <point>
               <element dimension="1">8.2271</element>
               <element dimension="2">-0.97823</element>
            </point>
         </set>
      </occupancy>
      <occupancy>
         <time>
            <intervalStart>0.2</intervalStart>
            <intervalEnd>0.3</intervalEnd>
         </time>
         <set>
            <point>
               <element dimension="1">3.4404</element>
               <element dimension="2">-0.96032</element>
            </point>
            <point>
               <element dimension="1">3.4404</element>
               <element dimension="2">0.96032</element>
            </point>
            <point>
               <element dimension="1">10.5025</element>
               <element dimension="2">0.96032</element>
            </point>
            <point>
               <element dimension="1">10.5025</element>
               <element dimension="2">-0.96032</element>
            </point>
         </set>
      </occupancy>
      <occupancy>
         <time>
            <intervalStart>0.3</intervalStart>
            <intervalEnd>0.4</intervalEnd>
         </time>
         <set>
            <point>
               <element dimension="1">5.7329</element>
               <element dimension="2">-0.94576</element>
            </point>
            <point>
               <element dimension="1">5.7329</element>
               <element dimension="2">0.94576</element>
            </point>
            <point>
               <element dimension="1">12.6881</element>
               <element dimension="2">0.94576</element>
            </point>
            <point>
               <element dimension="1">12.6881</element>
               <element dimension="2">-0.94576</element>
            </point>
         </set>
      </occupancy>
      <occupancy>
         <time>
            <intervalStart>0.4</intervalStart>
            <intervalEnd>0.5</intervalEnd>
         </time>
         <set>
            <point>
               <element dimension="1">7.9553</element>
               <element dimension="2">-0.9317</element>
            </point>
            <point>
               <element dimension="1">7.9553</element>
               <element dimension="2">0.9317</element>
            </point>
            <point>
               <element dimension="1">14.7881</element>
               <element dimension="2">0.9317</element>
            </point>
            <point>
               <element dimension="1">14.7881</element>
               <element dimension="2">-0.9317</element>
            </point>
         </set>
      </occupancy>
      <occupancy>
         <time>
            <intervalStart>0.5</intervalStart>
            <intervalEnd>0.6</intervalEnd>
         </time>
         <set>
            <point>
               <element dimension="1">10.1032</element>
               <element dimension="2">-0.91818</element>
            </point>
            <point>
               <element dimension="1">10.1032</element>
               <element dimension="2">0.91818</element>
            </point>
            <point>
               <element dimension="1">16.8082</element>
               <element dimension="2">0.91818</element>
            </point>
            <point>
               <element dimension="1">16.8082</element>
               <element dimension="2">-0.91818</element>
            </point>
         </set>
      </occupancy>
      <occupancy>
         <time>
            <intervalStart>0.6</intervalStart>
            <intervalEnd>0.7</intervalEnd>
         </time>
         <set>
            <point>
               <element dimension="1">12.1712</element>
               <element dimension="2">-0.90517</element>
            </point>
            <point>
               <element dimension="1">12.1712</element>
               <element dimension="2">0.90517</element>
            </point>
            <point>
               <element dimension="1">18.7482</element>
               <element dimension="2">0.90517</element>
            </point>
            <point>
               <element dimension="1">18.7482</element>
               <element dimension="2">-0.90517</element>
            </point>
         </set>
      </occupancy>
      <occupancy>
         <time>
            <intervalStart>0.7</intervalStart>
            <intervalEnd>0.8</intervalEnd>
         </time>
         <set>
            <point>
               <element dimension="1">14.1591</element>
               <element dimension="2">-0.89267</element>
            </point>
            <point>
               <element dimension="1">14.1591</element>
               <element dimension="2">0.89267</element>
            </point>
            <point>
               <element dimension="1">20.6082</element>
               <element dimension="2">0.89267</element>
            </point>
            <point>
               <element dimension="1">20.6082</element>
               <element dimension="2">-0.89267</element>
            </point>
         </set>
      </occupancy>
      <occupancy>
         <time>
            <intervalStart>0.8</intervalStart>
            <intervalEnd>0.9</intervalEnd>
         </time>
         <set>
            <point>
               <element dimension="1">16.0671</element>
               <element dimension="2">-0.88069</element>
            </point>
            <point>
               <element dimension="1">16.0671</element>
               <element dimension="2">0.88069</element>
            </point>
            <point>
               <element dimension="1">22.3923</element>
               <element dimension="2">0.88069</element>
            </point>
            <point>
               <element dimension="1">22.3923</element>
               <element dimension="2">-0.88069</element>
            </point>
         </set>
      </occupancy>
      <occupancy>
         <time>
            <intervalStart>0.9</intervalStart>
            <intervalEnd>1</intervalEnd>
         </time>
         <set>
            <point>
               <element dimension="1">17.891</element>
               <element dimension="2">-0.87306</element>
            </point>
            <point>
               <element dimension="1">17.891</element>
               <element dimension="2">0.87306</element>
            </point>
            <point>
               <element dimension="1">24.1012</element>
               <element dimension="2">0.87306</element>
            </point>
            <point>
               <element dimension="1">24.1012</element>
               <element dimension="2">-0.87306</element>
            </point>
         </set>
      </occupancy>
   </occupancySet>
   <reachableSet>
      <reachability>
         <time>0</time>
         <x>
            <intervalStart>-0.1</intervalStart>
            <intervalEnd>0.1</intervalEnd>
         </x>
         <y>
            <intervalStart>-0.1</intervalStart>
            <intervalEnd>0.1</intervalEnd>
         </y>
         <velocity>
            <intervalStart>24.6</intervalStart>
            <intervalEnd>25</intervalEnd>
         </velocity>
         <orientation>
            <intervalStart>-0.02</intervalStart>
            <intervalEnd>0.02</intervalEnd>
         </orientation>
      </reachability>
      <reachability>
         <time>1</time>
         <x>
            <intervalStart>20.7993</intervalStart>
            <intervalEnd>20.8002</intervalEnd>
         </x>
         <y>
            <intervalStart>-0.0053146</intervalStart>
            <intervalEnd>0.0053146</intervalEnd>
         </y>
         <velocity>
            <intervalStart>16.8</intervalStart>
            <intervalEnd>16.8</intervalEnd>
         </velocity>
         <orientation>
            <intervalStart>-0.00024965</intervalStart>
            <intervalEnd>0.00024965</intervalEnd>
         </orientation>
      </reachability>
   </reachableSet>
</motionPrimitive>