<?xml version="1.0" encoding="utf-8"?>
<motionPrimitive ID="10296">
   <controller type="generator space control">controller10296.mat</controller>
   <successors>
      <id>10416</id>
      <id>10417</id>
      <id>10418</id>
      <id>10419</id>
      <id>10420</id>
      <id>10421</id>
      <id>10422</id>
      <id>10423</id>
      <id>10424</id>
      <id>10425</id>
      <id>10426</id>
      <id>10427</id>
      <id>10428</id>
      <id>10429</id>
      <id>10430</id>
      <id>10431</id>
      <id>10432</id>
      <id>10433</id>
      <id>10434</id>
      <id>10435</id>
      <id>10436</id>
      <id>10437</id>
      <id>10438</id>
      <id>10439</id>
      <id>10440</id>
      <id>10441</id>
      <id>10442</id>
      <id>10443</id>
      <id>10444</id>
      <id>10445</id>
      <id>10446</id>
      <id>10447</id>
      <id>10448</id>
      <id>10449</id>
      <id>10450</id>
      <id>10451</id>
      <id>10452</id>
      <id>10453</id>
      <id>10454</id>
      <id>10455</id>
      <id>10456</id>
      <id>10457</id>
      <id>10458</id>
      <id>10459</id>
      <id>10460</id>
      <id>10461</id>
      <id>10462</id>
      <id>10463</id>
      <id>10464</id>
      <id>10465</id>
      <id>10466</id>
      <id>10467</id>
      <id>10468</id>
      <id>10469</id>
      <id>10470</id>
      <id>10471</id>
      <id>10472</id>
      <id>10473</id>
      <id>10474</id>
      <id>10475</id>
      <id>10476</id>
      <id>10477</id>
      <id>10478</id>
      <id>10479</id>
      <id>10480</id>
      <id>10481</id>
      <id>10482</id>
      <id>10483</id>
      <id>10484</id>
      <id>10485</id>
      <id>10486</id>
      <id>10487</id>
      <id>10488</id>
      <id>10489</id>
      <id>10490</id>
      <id>10491</id>
      <id>10492</id>
      <id>10493</id>
      <id>10494</id>
      <id>10495</id>
      <id>10496</id>
      <id>10497</id>
      <id>10498</id>
      <id>10499</id>
      <id>10500</id>
      <id>10501</id>
      <id>10502</id>
      <id>10503</id>
      <id>10504</id>
      <id>10505</id>
      <id>10506</id>
      <id>10507</id>
      <id>10508</id>
      <id>10509</id>
      <id>10510</id>
      <id>10511</id>
      <id>10512</id>
      <id>10513</id>
      <id>10514</id>
      <id>10515</id>
      <id>10516</id>
      <id>10517</id>
      <id>10518</id>
      <id>10519</id>
      <id>10520</id>
      <id>10521</id>
      <id>10522</id>
      <id>10523</id>
      <id>10524</id>
      <id>10525</id>
      <id>10526</id>
      <id>10527</id>
      <id>10528</id>
      <id>10529</id>
      <id>10530</id>
      <id>10531</id>
      <id>10532</id>
      <id>10533</id>
      <id>10534</id>
      <id>10535</id>
      <id>10536</id>
      <id>10537</id>
      <id>10538</id>
      <id>10539</id>
      <id>10540</id>
      <id>10541</id>
      <id>10542</id>
      <id>10543</id>
      <id>10544</id>
      <id>10545</id>
      <id>10546</id>
      <id>10547</id>
      <id>10548</id>
      <id>10549</id>
      <id>10550</id>
      <id>10551</id>
      <id>10552</id>
      <id>10553</id>
      <id>10554</id>
      <id>10555</id>
      <id>10556</id>
      <id>10557</id>
      <id>10558</id>
      <id>10559</id>
      <id>10560</id>
      <id>10561</id>
      <id>10562</id>
      <id>10563</id>
      <id>10564</id>
      <id>10565</id>
      <id>10566</id>
      <id>10567</id>
      <id>10568</id>
      <id>10569</id>
      <id>10570</id>
      <id>10571</id>
      <id>10572</id>
      <id>10573</id>
      <id>10574</id>
      <id>10575</id>
      <id>10576</id>
      <id>10577</id>
      <id>10578</id>
      <id>10579</id>
      <id>10580</id>
      <id>10581</id>
      <id>10582</id>
      <id>10583</id>
      <id>10584</id>
      <id>10585</id>
      <id>10586</id>
      <id>10587</id>
      <id>10588</id>
      <id>10589</id>
      <id>10590</id>
      <id>10591</id>
      <id>10592</id>
      <id>10593</id>
      <id>10594</id>
      <id>10595</id>
   </successors>
   <trajectory>
      <states>
         <state>
            <time>0</time>
            <x>0</x>
            <y>0</y>
            <velocity>24.8</velocity>
            <orientation>0</orientation>
         </state>
         <state>
            <time>0.1</time>
            <x>2.482</x>
            <y>0</y>
            <velocity>24.84</velocity>
            <orientation>0</orientation>
         </state>
         <state>
            <time>0.2</time>
            <x>4.968</x>
            <y>0</y>
            <velocity>24.88</velocity>
            <orientation>0</orientation>
         </state>
         <state>
            <time>0.3</time>
            <x>7.458</x>
            <y>0</y>
            <velocity>24.92</velocity>
            <orientation>0</orientation>
         </state>
         <state>
            <time>0.4</time>
            <x>9.952</x>
            <y>0</y>
            <velocity>24.96</velocity>
            <orientation>0</orientation>
         </state>
         <state>
            <time>0.5</time>
            <x>12.45</x>
            <y>0</y>
            <velocity>25</velocity>
            <orientation>0</orientation>
         </state>
         <state>
            <time>0.6</time>
            <x>14.952</x>
            <y>0</y>
            <velocity>25.04</velocity>
            <orientation>0</orientation>
         </state>
         <state>
            <time>0.7</time>
            <x>17.458</x>
            <y>0</y>
            <velocity>25.08</velocity>
            <orientation>0</orientation>
         </state>
         <state>
            <time>0.8</time>
            <x>19.968</x>
            <y>0</y>
            <velocity>25.12</velocity>
            <orientation>0</orientation>
         </state>
         <state>
            <time>0.9</time>
            <x>22.482</x>
            <y>0</y>
            <velocity>25.16</velocity>
            <orientation>0</orientation>
         </state>
         <state>
            <time>1</time>
            <x>25</x>
            <y>0</y>
            <velocity>25.2</velocity>
            <orientation>0</orientation>
         </state>
      </states>
      <inputs>
         <input>
            <acceleration>0.4</acceleration>
            <steer>0</steer>
         </input>
         <input>
            <acceleration>0.4</acceleration>
            <steer>0</steer>
         </input>
         <input>
            <acceleration>0.4</acceleration>
            <steer>0</steer>
         </input>
         <input>
            <acceleration>0.4</acceleration>
            <steer>0</steer>
         </input>
         <input>
            <acceleration>0.4</acceleration>
            <steer>0</steer>
         </input>
         <input>
            <acceleration>0.4</acceleration>
            <steer>0</steer>
         </input>
         <input>
            <acceleration>0.4</acceleration>
            <steer>0</steer>
         </input>
         <input>
            <acceleration>0.4</acceleration>
            <steer>0</steer>
         </input>
         <input>
            <acceleration>0.4</acceleration>
            <steer>0</steer>
         </input>
         <input>
            <acceleration>0.4</acceleration>
            <steer>0</steer>
         </input>
      </inputs>
   </trajectory>
   <occupancySet>
      <occupancy>
         <time>
            <intervalStart>0</intervalStart>
            <intervalEnd>0.1</intervalEnd>
         </time>
         <set>
            <point>
               <element dimension="1">-1.1201</element>
               <element dimension="2">-1.0196</element>
            </point>
            <point>
               <element dimension="1">-1.1201</element>
               <element dimension="2">1.0196</element>
            </point>
            <point>
               <element dimension="1">5.892</element>
               <element dimension="2">1.0196</element>
            </point>
            <point>
               <element dimension="1">5.892</element>
               <element dimension="2">-1.0196</element>
            </point>
         </set>
      </occupancy>
      <occupancy>
         <time>
            <intervalStart>0.1</intervalStart>
            <intervalEnd>0.2</intervalEnd>
         </time>
         <set>
            <point>
               <element dimension="1">1.1235</element>
               <element dimension="2">-0.9783</element>
            </point>
            <point>
               <element dimension="1">1.1235</element>
               <element dimension="2">0.9783</element>
            </point>
            <point>
               <element dimension="1">8.3659</element>
               <element dimension="2">0.9783</element>
            </point>
            <point>
               <element dimension="1">8.3659</element>
               <element dimension="2">-0.9783</element>
            </point>
         </set>
      </occupancy>
      <occupancy>
         <time>
            <intervalStart>0.2</intervalStart>
            <intervalEnd>0.3</intervalEnd>
         </time>
         <set>
            <point>
               <element dimension="1">3.6211</element>
               <element dimension="2">-0.96228</element>
            </point>
            <point>
               <element dimension="1">3.6211</element>
               <element dimension="2">0.96228</element>
            </point>
            <point>
               <element dimension="1">10.8437</element>
               <element dimension="2">0.96228</element>
            </point>
            <point>
               <element dimension="1">10.8437</element>
               <element dimension="2">-0.96228</element>
            </point>
         </set>
      </occupancy>
      <occupancy>
         <time>
            <intervalStart>0.3</intervalStart>
            <intervalEnd>0.4</intervalEnd>
         </time>
         <set>
            <point>
               <element dimension="1">6.1229</element>
               <element dimension="2">-0.94897</element>
            </point>
            <point>
               <element dimension="1">6.1229</element>
               <element dimension="2">0.94897</element>
            </point>
            <point>
               <element dimension="1">13.3255</element>
               <element dimension="2">0.94897</element>
            </point>
            <point>
               <element dimension="1">13.3255</element>
               <element dimension="2">-0.94897</element>
            </point>
         </set>
      </occupancy>
      <occupancy>
         <time>
            <intervalStart>0.4</intervalStart>
            <intervalEnd>0.5</intervalEnd>
         </time>
         <set>
            <point>
               <element dimension="1">8.6287</element>
               <element dimension="2">-0.93564</element>
            </point>
            <point>
               <element dimension="1">8.6287</element>
               <element dimension="2">0.93564</element>
            </point>
            <point>
               <element dimension="1">15.8113</element>
               <element dimension="2">0.93564</element>
            </point>
            <point>
               <element dimension="1">15.8113</element>
               <element dimension="2">-0.93564</element>
            </point>
         </set>
      </occupancy>
      <occupancy>
         <time>
            <intervalStart>0.5</intervalStart>
            <intervalEnd>0.6</intervalEnd>
         </time>
         <set>
            <point>
               <element dimension="1">11.1385</element>
               <element dimension="2">-0.92228</element>
            </point>
            <point>
               <element dimension="1">11.1385</element>
               <element dimension="2">0.92228</element>
            </point>
            <point>
               <element dimension="1">18.3011</element>
               <element dimension="2">0.92228</element>
            </point>
            <point>
               <element dimension="1">18.3011</element>
               <element dimension="2">-0.92228</element>
            </point>
         </set>
      </occupancy>
      <occupancy>
         <time>
            <intervalStart>0.6</intervalStart>
            <intervalEnd>0.7</intervalEnd>
         </time>
         <set>
            <point>
               <element dimension="1">13.6523</element>
               <element dimension="2">-0.90891</element>
            </point>
            <point>
               <element dimension="1">13.6523</element>
               <element dimension="2">0.90891</element>
            </point>
            <point>
               <element dimension="1">20.7948</element>
               <element dimension="2">0.90891</element>
            </point>
            <point>
               <element dimension="1">20.7948</element>
               <element dimension="2">-0.90891</element>
            </point>
         </set>
      </occupancy>
      <occupancy>
         <time>
            <intervalStart>0.7</intervalStart>
            <intervalEnd>0.8</intervalEnd>
         </time>
         <set>
            <point>
               <element dimension="1">16.17</element>
               <element dimension="2">-0.89552</element>
            </point>
            <point>
               <element dimension="1">16.17</element>
               <element dimension="2">0.89552</element>
            </point>
            <point>
               <element dimension="1">23.2926</element>
               <element dimension="2">0.89552</element>
            </point>
            <point>
               <element dimension="1">23.2926</element>
               <element dimension="2">-0.89552</element>
            </point>
         </set>
      </occupancy>
      <occupancy>
         <time>
            <intervalStart>0.8</intervalStart>
            <intervalEnd>0.9</intervalEnd>
         </time>
         <set>
            <point>
               <element dimension="1">18.6918</element>
               <element dimension="2">-0.8821</element>
            </point>
            <point>
               <element dimension="1">18.6918</element>
               <element dimension="2">0.8821</element>
            </point>
            <point>
               <element dimension="1">25.7944</element>
               <element dimension="2">0.8821</element>
            </point>
            <point>
               <element dimension="1">25.7944</element>
               <element dimension="2">-0.8821</element>
            </point>
         </set>
      </occupancy>
      <occupancy>
         <time>
            <intervalStart>0.9</intervalStart>
            <intervalEnd>1</intervalEnd>
         </time>
         <set>
            <point>
               <element dimension="1">21.2176</element>
               <element dimension="2">-0.86866</element>
            </point>
            <point>
               <element dimension="1">21.2176</element>
               <element dimension="2">0.86866</element>
            </point>
            <point>
               <element dimension="1">28.3009</element>
               <element dimension="2">0.86866</element>
            </point>
            <point>
               <element dimension="1">28.3009</element>
               <element dimension="2">-0.86866</element>
            </point>
         </set>
      </occupancy>
   </occupancySet>
   <reachableSet>
      <reachability>
         <time>0</time>
         <x>
            <intervalStart>-0.1</intervalStart>
            <intervalEnd>0.1</intervalEnd>
         </x>
         <y>
            <intervalStart>-0.1</intervalStart>
            <intervalEnd>0.1</intervalEnd>
         </y>
         <velocity>
            <intervalStart>24.6</intervalStart>
            <intervalEnd>25</intervalEnd>
         </velocity>
         <orientation>
            <intervalStart>-0.02</intervalStart>
            <intervalEnd>0.02</intervalEnd>
         </orientation>
      </reachability>
      <reachability>
         <time>1</time>
         <x>
            <intervalStart>24.9994</intervalStart>
            <intervalEnd>25.0002</intervalEnd>
         </x>
         <y>
            <intervalStart>-0.0045911</intervalStart>
            <intervalEnd>0.0045911</intervalEnd>
         </y>
         <velocity>
            <intervalStart>25.2</intervalStart>
            <intervalEnd>25.2</intervalEnd>
         </velocity>
         <orientation>
            <intervalStart>-0.0001884</intervalStart>
            <intervalEnd>0.0001884</intervalEnd>
         </orientation>
      </reachability>
   </reachableSet>
</motionPrimitive>