<?xml version="1.0" encoding="utf-8"?>
<motionPrimitive ID="10342">
   <controller type="generator space control">controller10342.mat</controller>
   <successors>
      <id>9876</id>
      <id>9877</id>
      <id>9878</id>
      <id>9879</id>
      <id>9880</id>
      <id>9881</id>
      <id>9882</id>
      <id>9883</id>
      <id>9884</id>
      <id>9885</id>
      <id>9886</id>
      <id>9887</id>
      <id>9888</id>
      <id>9889</id>
      <id>9890</id>
      <id>9891</id>
      <id>9892</id>
      <id>9893</id>
      <id>9894</id>
      <id>9895</id>
      <id>9896</id>
      <id>9897</id>
      <id>9898</id>
      <id>9899</id>
      <id>9900</id>
      <id>9901</id>
      <id>9902</id>
      <id>9903</id>
      <id>9904</id>
      <id>9905</id>
      <id>9906</id>
      <id>9907</id>
      <id>9908</id>
      <id>9909</id>
      <id>9910</id>
      <id>9911</id>
      <id>9912</id>
      <id>9913</id>
      <id>9914</id>
      <id>9915</id>
      <id>9916</id>
      <id>9917</id>
      <id>9918</id>
      <id>9919</id>
      <id>9920</id>
      <id>9921</id>
      <id>9922</id>
      <id>9923</id>
      <id>9924</id>
      <id>9925</id>
      <id>9926</id>
      <id>9927</id>
      <id>9928</id>
      <id>9929</id>
      <id>9930</id>
      <id>9931</id>
      <id>9932</id>
      <id>9933</id>
      <id>9934</id>
      <id>9935</id>
      <id>9936</id>
      <id>9937</id>
      <id>9938</id>
      <id>9939</id>
      <id>9940</id>
      <id>9941</id>
      <id>9942</id>
      <id>9943</id>
      <id>9944</id>
      <id>9945</id>
      <id>9946</id>
      <id>9947</id>
      <id>9948</id>
      <id>9949</id>
      <id>9950</id>
      <id>9951</id>
      <id>9952</id>
      <id>9953</id>
      <id>9954</id>
      <id>9955</id>
      <id>9956</id>
      <id>9957</id>
      <id>9958</id>
      <id>9959</id>
      <id>9960</id>
      <id>9961</id>
      <id>9962</id>
      <id>9963</id>
      <id>9964</id>
      <id>9965</id>
      <id>9966</id>
      <id>9967</id>
      <id>9968</id>
      <id>9969</id>
      <id>9970</id>
      <id>9971</id>
      <id>9972</id>
      <id>9973</id>
      <id>9974</id>
      <id>9975</id>
      <id>9976</id>
      <id>9977</id>
      <id>9978</id>
      <id>9979</id>
      <id>9980</id>
      <id>9981</id>
      <id>9982</id>
      <id>9983</id>
      <id>9984</id>
      <id>9985</id>
      <id>9986</id>
      <id>9987</id>
      <id>9988</id>
      <id>9989</id>
      <id>9990</id>
      <id>9991</id>
      <id>9992</id>
      <id>9993</id>
      <id>9994</id>
      <id>9995</id>
      <id>9996</id>
      <id>9997</id>
      <id>9998</id>
      <id>9999</id>
      <id>10000</id>
      <id>10001</id>
      <id>10002</id>
      <id>10003</id>
      <id>10004</id>
      <id>10005</id>
      <id>10006</id>
      <id>10007</id>
      <id>10008</id>
      <id>10009</id>
      <id>10010</id>
      <id>10011</id>
      <id>10012</id>
      <id>10013</id>
      <id>10014</id>
      <id>10015</id>
      <id>10016</id>
      <id>10017</id>
      <id>10018</id>
      <id>10019</id>
      <id>10020</id>
      <id>10021</id>
      <id>10022</id>
      <id>10023</id>
      <id>10024</id>
      <id>10025</id>
      <id>10026</id>
      <id>10027</id>
      <id>10028</id>
      <id>10029</id>
      <id>10030</id>
      <id>10031</id>
      <id>10032</id>
      <id>10033</id>
      <id>10034</id>
      <id>10035</id>
      <id>10036</id>
      <id>10037</id>
      <id>10038</id>
      <id>10039</id>
      <id>10040</id>
      <id>10041</id>
      <id>10042</id>
      <id>10043</id>
      <id>10044</id>
      <id>10045</id>
      <id>10046</id>
      <id>10047</id>
      <id>10048</id>
      <id>10049</id>
      <id>10050</id>
      <id>10051</id>
      <id>10052</id>
      <id>10053</id>
      <id>10054</id>
      <id>10055</id>
   </successors>
   <trajectory>
      <states>
         <state>
            <time>0</time>
            <x>0</x>
            <y>0</y>
            <velocity>24.8</velocity>
            <orientation>0</orientation>
         </state>
         <state>
            <time>0.1</time>
            <x>2.476</x>
            <y>-0.012563</y>
            <velocity>24.72</velocity>
            <orientation>-0.010148</orientation>
         </state>
         <state>
            <time>0.2</time>
            <x>4.9437</x>
            <y>-0.050087</y>
            <velocity>24.64</velocity>
            <orientation>-0.020262</orientation>
         </state>
         <state>
            <time>0.3</time>
            <x>7.4029</x>
            <y>-0.11233</y>
            <velocity>24.56</velocity>
            <orientation>-0.030344</orientation>
         </state>
         <state>
            <time>0.4</time>
            <x>9.8533</x>
            <y>-0.19903</y>
            <velocity>24.48</velocity>
            <orientation>-0.040393</orientation>
         </state>
         <state>
            <time>0.5</time>
            <x>12.2948</x>
            <y>-0.30995</y>
            <velocity>24.4</velocity>
            <orientation>-0.05041</orientation>
         </state>
         <state>
            <time>0.6</time>
            <x>14.727</x>
            <y>-0.44484</y>
            <velocity>24.32</velocity>
            <orientation>-0.060393</orientation>
         </state>
         <state>
            <time>0.7</time>
            <x>17.1498</x>
            <y>-0.60345</y>
            <velocity>24.24</velocity>
            <orientation>-0.070344</orientation>
         </state>
         <state>
            <time>0.8</time>
            <x>19.563</x>
            <y>-0.78551</y>
            <velocity>24.16</velocity>
            <orientation>-0.080262</orientation>
         </state>
         <state>
            <time>0.9</time>
            <x>21.9662</x>
            <y>-0.99077</y>
            <velocity>24.08</velocity>
            <orientation>-0.090148</orientation>
         </state>
         <state>
            <time>1</time>
            <x>24.3594</x>
            <y>-1.219</y>
            <velocity>24</velocity>
            <orientation>-0.1</orientation>
         </state>
      </states>
      <inputs>
         <input>
            <acceleration>-0.8</acceleration>
            <steer>-0.009426</steer>
         </input>
         <input>
            <acceleration>-0.8</acceleration>
            <steer>-0.009426</steer>
         </input>
         <input>
            <acceleration>-0.8</acceleration>
            <steer>-0.009426</steer>
         </input>
         <input>
            <acceleration>-0.8</acceleration>
            <steer>-0.009426</steer>
         </input>
         <input>
            <acceleration>-0.8</acceleration>
            <steer>-0.009426</steer>
         </input>
         <input>
            <acceleration>-0.8</acceleration>
            <steer>-0.009426</steer>
         </input>
         <input>
            <acceleration>-0.8</acceleration>
            <steer>-0.009426</steer>
         </input>
         <input>
            <acceleration>-0.8</acceleration>
            <steer>-0.009426</steer>
         </input>
         <input>
            <acceleration>-0.8</acceleration>
            <steer>-0.009426</steer>
         </input>
         <input>
            <acceleration>-0.8</acceleration>
            <steer>-0.009426</steer>
         </input>
      </inputs>
   </trajectory>
   <occupancySet>
      <occupancy>
         <time>
            <intervalStart>0</intervalStart>
            <intervalEnd>0.1</intervalEnd>
         </time>
         <set>
            <point>
               <element dimension="1">-1.1207</element>
               <element dimension="2">-1.0186</element>
            </point>
            <point>
               <element dimension="1">-1.1197</element>
               <element dimension="2">1.0206</element>
            </point>
            <point>
               <element dimension="1">-1.1197</element>
               <element dimension="2">1.0209</element>
            </point>
            <point>
               <element dimension="1">-1.1197</element>
               <element dimension="2">1.021</element>
            </point>
            <point>
               <element dimension="1">3.4165</element>
               <element dimension="2">1.0187</element>
            </point>
            <point>
               <element dimension="1">3.6599</element>
               <element dimension="2">1.0174</element>
            </point>
            <point>
               <element dimension="1">5.8911</element>
               <element dimension="2">0.99593</element>
            </point>
            <point>
               <element dimension="1">5.891</element>
               <element dimension="2">0.83243</element>
            </point>
            <point>
               <element dimension="1">5.8903</element>
               <element dimension="2">0.68959</element>
            </point>
            <point>
               <element dimension="1">5.8738</element>
               <element dimension="2">-1.0254</element>
            </point>
            <point>
               <element dimension="1">-0.4215</element>
               <element dimension="2">-1.0222</element>
            </point>
            <point>
               <element dimension="1">-1.1122</element>
               <element dimension="2">-1.0187</element>
            </point>
         </set>
      </occupancy>
      <occupancy>
         <time>
            <intervalStart>0.1</intervalStart>
            <intervalEnd>0.2</intervalEnd>
         </time>
         <set>
            <point>
               <element dimension="1">1.1118</element>
               <element dimension="2">-0.9786</element>
            </point>
            <point>
               <element dimension="1">1.1306</element>
               <element dimension="2">0.97892</element>
            </point>
            <point>
               <element dimension="1">1.1307</element>
               <element dimension="2">0.98251</element>
            </point>
            <point>
               <element dimension="1">5.3257</element>
               <element dimension="2">0.94206</element>
            </point>
            <point>
               <element dimension="1">5.8902</element>
               <element dimension="2">0.93376</element>
            </point>
            <point>
               <element dimension="1">8.3606</element>
               <element dimension="2">0.88494</element>
            </point>
            <point>
               <element dimension="1">8.3583</element>
               <element dimension="2">0.64036</element>
            </point>
            <point>
               <element dimension="1">8.3583</element>
               <element dimension="2">0.63961</element>
            </point>
            <point>
               <element dimension="1">8.324</element>
               <element dimension="2">-1.0931</element>
            </point>
            <point>
               <element dimension="1">8.1557</element>
               <element dimension="2">-1.0915</element>
            </point>
            <point>
               <element dimension="1">2.9488</element>
               <element dimension="2">-1.0149</element>
            </point>
         </set>
      </occupancy>
      <occupancy>
         <time>
            <intervalStart>0.2</intervalStart>
            <intervalEnd>0.3</intervalEnd>
         </time>
         <set>
            <point>
               <element dimension="1">3.5777</element>
               <element dimension="2">-0.99972</element>
            </point>
            <point>
               <element dimension="1">3.6162</element>
               <element dimension="2">0.94994</element>
            </point>
            <point>
               <element dimension="1">3.6163</element>
               <element dimension="2">0.95405</element>
            </point>
            <point>
               <element dimension="1">8.1143</element>
               <element dimension="2">0.86516</element>
            </point>
            <point>
               <element dimension="1">8.3589</element>
               <element dimension="2">0.85909</element>
            </point>
            <point>
               <element dimension="1">10.8174</element>
               <element dimension="2">0.7857</element>
            </point>
            <point>
               <element dimension="1">10.813</element>
               <element dimension="2">0.55979</element>
            </point>
            <point>
               <element dimension="1">10.7612</element>
               <element dimension="2">-1.175</element>
            </point>
            <point>
               <element dimension="1">10.179</element>
               <element dimension="2">-1.1635</element>
            </point>
            <point>
               <element dimension="1">3.5814</element>
               <element dimension="2">-0.99983</element>
            </point>
         </set>
      </occupancy>
      <occupancy>
         <time>
            <intervalStart>0.3</intervalStart>
            <intervalEnd>0.4</intervalEnd>
         </time>
         <set>
            <point>
               <element dimension="1">6.0404</element>
               <element dimension="2">-1.0343</element>
            </point>
            <point>
               <element dimension="1">6.0976</element>
               <element dimension="2">0.88428</element>
            </point>
            <point>
               <element dimension="1">6.0979</element>
               <element dimension="2">0.89052</element>
            </point>
            <point>
               <element dimension="1">10.5724</element>
               <element dimension="2">0.75695</element>
            </point>
            <point>
               <element dimension="1">10.8141</element>
               <element dimension="2">0.74851</element>
            </point>
            <point>
               <element dimension="1">13.2648</element>
               <element dimension="2">0.65069</element>
            </point>
            <point>
               <element dimension="1">13.259</element>
               <element dimension="2">0.4546</element>
            </point>
            <point>
               <element dimension="1">13.1897</element>
               <element dimension="2">-1.2809</element>
            </point>
            <point>
               <element dimension="1">12.627</element>
               <element dimension="2">-1.2641</element>
            </point>
            <point>
               <element dimension="1">6.0448</element>
               <element dimension="2">-1.0345</element>
            </point>
         </set>
      </occupancy>
      <occupancy>
         <time>
            <intervalStart>0.4</intervalStart>
            <intervalEnd>0.5</intervalEnd>
         </time>
         <set>
            <point>
               <element dimension="1">8.4946</element>
               <element dimension="2">-1.0935</element>
            </point>
            <point>
               <element dimension="1">8.57</element>
               <element dimension="2">0.79641</element>
            </point>
            <point>
               <element dimension="1">8.5703</element>
               <element dimension="2">0.80209</element>
            </point>
            <point>
               <element dimension="1">13.0227</element>
               <element dimension="2">0.62437</element>
            </point>
            <point>
               <element dimension="1">13.2615</element>
               <element dimension="2">0.61364</element>
            </point>
            <point>
               <element dimension="1">15.7021</element>
               <element dimension="2">0.49173</element>
            </point>
            <point>
               <element dimension="1">15.6954</element>
               <element dimension="2">0.3242</element>
            </point>
            <point>
               <element dimension="1">15.6088</element>
               <element dimension="2">-1.4093</element>
            </point>
            <point>
               <element dimension="1">14.8425</element>
               <element dimension="2">-1.3787</element>
            </point>
            <point>
               <element dimension="1">8.4984</element>
               <element dimension="2">-1.0937</element>
            </point>
         </set>
      </occupancy>
      <occupancy>
         <time>
            <intervalStart>0.5</intervalStart>
            <intervalEnd>0.6</intervalEnd>
         </time>
         <set>
            <point>
               <element dimension="1">10.9408</element>
               <element dimension="2">-1.176</element>
            </point>
            <point>
               <element dimension="1">11.0337</element>
               <element dimension="2">0.68339</element>
            </point>
            <point>
               <element dimension="1">11.034</element>
               <element dimension="2">0.68785</element>
            </point>
            <point>
               <element dimension="1">15.462</element>
               <element dimension="2">0.46666</element>
            </point>
            <point>
               <element dimension="1">15.6979</element>
               <element dimension="2">0.45369</element>
            </point>
            <point>
               <element dimension="1">18.1293</element>
               <element dimension="2">0.30789</element>
            </point>
            <point>
               <element dimension="1">18.1224</element>
               <element dimension="2">0.17013</element>
            </point>
            <point>
               <element dimension="1">18.0186</element>
               <element dimension="2">-1.5614</element>
            </point>
            <point>
               <element dimension="1">17.3045</element>
               <element dimension="2">-1.5257</element>
            </point>
            <point>
               <element dimension="1">10.9448</element>
               <element dimension="2">-1.1762</element>
            </point>
         </set>
      </occupancy>
      <occupancy>
         <time>
            <intervalStart>0.6</intervalStart>
            <intervalEnd>0.7</intervalEnd>
         </time>
         <set>
            <point>
               <element dimension="1">13.3785</element>
               <element dimension="2">-1.2827</element>
            </point>
            <point>
               <element dimension="1">13.4881</element>
               <element dimension="2">0.54598</element>
            </point>
            <point>
               <element dimension="1">13.4884</element>
               <element dimension="2">0.54936</element>
            </point>
            <point>
               <element dimension="1">17.8917</element>
               <element dimension="2">0.28531</element>
            </point>
            <point>
               <element dimension="1">18.1246</element>
               <element dimension="2">0.27017</element>
            </point>
            <point>
               <element dimension="1">20.5462</element>
               <element dimension="2">0.10075</element>
            </point>
            <point>
               <element dimension="1">20.5398</element>
               <element dimension="2">-0.0074082</element>
            </point>
            <point>
               <element dimension="1">20.4188</element>
               <element dimension="2">-1.7368</element>
            </point>
            <point>
               <element dimension="1">19.7449</element>
               <element dimension="2">-1.6963</element>
            </point>
            <point>
               <element dimension="1">13.3823</element>
               <element dimension="2">-1.283</element>
            </point>
         </set>
      </occupancy>
      <occupancy>
         <time>
            <intervalStart>0.7</intervalStart>
            <intervalEnd>0.8</intervalEnd>
         </time>
         <set>
            <point>
               <element dimension="1">15.8072</element>
               <element dimension="2">-1.4135</element>
            </point>
            <point>
               <element dimension="1">15.933</element>
               <element dimension="2">0.38449</element>
            </point>
            <point>
               <element dimension="1">15.9332</element>
               <element dimension="2">0.38682</element>
            </point>
            <point>
               <element dimension="1">20.3114</element>
               <element dimension="2">0.080507</element>
            </point>
            <point>
               <element dimension="1">20.5413</element>
               <element dimension="2">0.063274</element>
            </point>
            <point>
               <element dimension="1">22.9527</element>
               <element dimension="2">-0.12949</element>
            </point>
            <point>
               <element dimension="1">22.9472</element>
               <element dimension="2">-0.20815</element>
            </point>
            <point>
               <element dimension="1">22.8092</element>
               <element dimension="2">-1.9352</element>
            </point>
            <point>
               <element dimension="1">22.1754</element>
               <element dimension="2">-1.8908</element>
            </point>
            <point>
               <element dimension="1">15.8106</element>
               <element dimension="2">-1.4138</element>
            </point>
         </set>
      </occupancy>
      <occupancy>
         <time>
            <intervalStart>0.8</intervalStart>
            <intervalEnd>0.9</intervalEnd>
         </time>
         <set>
            <point>
               <element dimension="1">18.2269</element>
               <element dimension="2">-1.5681</element>
            </point>
            <point>
               <element dimension="1">18.3681</element>
               <element dimension="2">0.1992</element>
            </point>
            <point>
               <element dimension="1">18.3683</element>
               <element dimension="2">0.20048</element>
            </point>
            <point>
               <element dimension="1">22.7183</element>
               <element dimension="2">-0.14725</element>
            </point>
            <point>
               <element dimension="1">22.9479</element>
               <element dimension="2">-0.16675</element>
            </point>
            <point>
               <element dimension="1">25.3486</element>
               <element dimension="2">-0.38256</element>
            </point>
            <point>
               <element dimension="1">25.3446</element>
               <element dimension="2">-0.43185</element>
            </point>
            <point>
               <element dimension="1">25.1896</element>
               <element dimension="2">-2.1565</element>
            </point>
            <point>
               <element dimension="1">24.6179</element>
               <element dimension="2">-2.1108</element>
            </point>
            <point>
               <element dimension="1">18.2295</element>
               <element dimension="2">-1.5683</element>
            </point>
         </set>
      </occupancy>
      <occupancy>
         <time>
            <intervalStart>0.9</intervalStart>
            <intervalEnd>1</intervalEnd>
         </time>
         <set>
            <point>
               <element dimension="1">20.6372</element>
               <element dimension="2">-1.7462</element>
            </point>
            <point>
               <element dimension="1">20.7933</element>
               <element dimension="2">-0.0096429</element>
            </point>
            <point>
               <element dimension="1">20.7933</element>
               <element dimension="2">-0.0093951</element>
            </point>
            <point>
               <element dimension="1">25.1147</element>
               <element dimension="2">-0.39787</element>
            </point>
            <point>
               <element dimension="1">25.344</element>
               <element dimension="2">-0.41963</element>
            </point>
            <point>
               <element dimension="1">27.7335</element>
               <element dimension="2">-0.65819</element>
            </point>
            <point>
               <element dimension="1">27.7295</element>
               <element dimension="2">-0.70269</element>
            </point>
            <point>
               <element dimension="1">27.5599</element>
               <element dimension="2">-2.4019</element>
            </point>
            <point>
               <element dimension="1">27.3714</element>
               <element dimension="2">-2.385</element>
            </point>
            <point>
               <element dimension="1">20.6389</element>
               <element dimension="2">-1.7463</element>
            </point>
         </set>
      </occupancy>
   </occupancySet>
   <reachableSet>
      <reachability>
         <time>0</time>
         <x>
            <intervalStart>-0.1</intervalStart>
            <intervalEnd>0.1</intervalEnd>
         </x>
         <y>
            <intervalStart>-0.1</intervalStart>
            <intervalEnd>0.1</intervalEnd>
         </y>
         <velocity>
            <intervalStart>24.6</intervalStart>
            <intervalEnd>25</intervalEnd>
         </velocity>
         <orientation>
            <intervalStart>-0.02</intervalStart>
            <intervalEnd>0.02</intervalEnd>
         </orientation>
      </reachability>
      <reachability>
         <time>1</time>
         <x>
            <intervalStart>24.3584</intervalStart>
            <intervalEnd>24.3599</intervalEnd>
         </x>
         <y>
            <intervalStart>-1.2237</intervalStart>
            <intervalEnd>-1.2144</intervalEnd>
         </y>
         <velocity>
            <intervalStart>24</intervalStart>
            <intervalEnd>24</intervalEnd>
         </velocity>
         <orientation>
            <intervalStart>-0.1002</intervalStart>
            <intervalEnd>-0.099803</intervalEnd>
         </orientation>
      </reachability>
   </reachableSet>
</motionPrimitive>