<?xml version="1.0" encoding="utf-8"?>
<motionPrimitive ID="10096">
   <controller type="generator space control">controller10096.mat</controller>
   <successors>
      <id>6129</id>
      <id>6130</id>
      <id>6131</id>
      <id>6132</id>
      <id>6133</id>
      <id>6134</id>
      <id>6135</id>
      <id>6136</id>
      <id>6137</id>
      <id>6138</id>
      <id>6139</id>
      <id>6140</id>
      <id>6141</id>
      <id>6142</id>
      <id>6143</id>
      <id>6144</id>
      <id>6145</id>
      <id>6146</id>
      <id>6147</id>
      <id>6148</id>
      <id>6149</id>
      <id>6150</id>
      <id>6151</id>
      <id>6152</id>
      <id>6153</id>
      <id>6154</id>
      <id>6155</id>
      <id>6156</id>
      <id>6157</id>
      <id>6158</id>
      <id>6159</id>
      <id>6160</id>
      <id>6161</id>
      <id>6162</id>
      <id>6163</id>
      <id>6164</id>
      <id>6165</id>
      <id>6166</id>
      <id>6167</id>
      <id>6168</id>
      <id>6169</id>
      <id>6170</id>
      <id>6171</id>
      <id>6172</id>
      <id>6173</id>
      <id>6174</id>
      <id>6175</id>
      <id>6176</id>
      <id>6177</id>
      <id>6178</id>
      <id>6179</id>
      <id>6180</id>
      <id>6181</id>
      <id>6182</id>
      <id>6183</id>
      <id>6184</id>
      <id>6185</id>
      <id>6186</id>
      <id>6187</id>
      <id>6188</id>
      <id>6189</id>
      <id>6190</id>
      <id>6191</id>
      <id>6192</id>
      <id>6193</id>
      <id>6194</id>
      <id>6195</id>
      <id>6196</id>
      <id>6197</id>
      <id>6198</id>
      <id>6199</id>
      <id>6200</id>
      <id>6201</id>
      <id>6202</id>
      <id>6203</id>
      <id>6204</id>
      <id>6205</id>
      <id>6206</id>
      <id>6207</id>
      <id>6208</id>
      <id>6209</id>
      <id>6210</id>
      <id>6211</id>
      <id>6212</id>
      <id>6213</id>
      <id>6214</id>
      <id>6215</id>
      <id>6216</id>
      <id>6217</id>
      <id>6218</id>
      <id>6219</id>
      <id>6220</id>
      <id>6221</id>
      <id>6222</id>
      <id>6223</id>
      <id>6224</id>
      <id>6225</id>
      <id>6226</id>
      <id>6227</id>
      <id>6228</id>
      <id>6229</id>
      <id>6230</id>
      <id>6231</id>
      <id>6232</id>
      <id>6233</id>
      <id>6234</id>
      <id>6235</id>
      <id>6236</id>
      <id>6237</id>
      <id>6238</id>
      <id>6239</id>
      <id>6240</id>
      <id>6241</id>
      <id>6242</id>
      <id>6243</id>
      <id>6244</id>
      <id>6245</id>
      <id>6246</id>
      <id>6247</id>
      <id>6248</id>
      <id>6249</id>
      <id>6250</id>
      <id>6251</id>
      <id>6252</id>
      <id>6253</id>
      <id>6254</id>
      <id>6255</id>
      <id>6256</id>
      <id>6257</id>
      <id>6258</id>
      <id>6259</id>
      <id>6260</id>
      <id>6261</id>
      <id>6262</id>
      <id>6263</id>
      <id>6264</id>
      <id>6265</id>
      <id>6266</id>
      <id>6267</id>
      <id>6268</id>
      <id>6269</id>
      <id>6270</id>
      <id>6271</id>
      <id>6272</id>
      <id>6273</id>
      <id>6274</id>
      <id>6275</id>
      <id>6276</id>
      <id>6277</id>
      <id>6278</id>
      <id>6279</id>
      <id>6280</id>
      <id>6281</id>
      <id>6282</id>
      <id>6283</id>
      <id>6284</id>
      <id>6285</id>
      <id>6286</id>
      <id>6287</id>
      <id>6288</id>
      <id>6289</id>
      <id>6290</id>
      <id>6291</id>
      <id>6292</id>
      <id>6293</id>
      <id>6294</id>
      <id>6295</id>
      <id>6296</id>
      <id>6297</id>
      <id>6298</id>
      <id>6299</id>
      <id>6300</id>
      <id>6301</id>
      <id>6302</id>
      <id>6303</id>
      <id>6304</id>
      <id>6305</id>
      <id>6306</id>
      <id>6307</id>
      <id>6308</id>
      <id>6309</id>
      <id>6310</id>
      <id>6311</id>
      <id>6312</id>
      <id>6313</id>
      <id>6314</id>
      <id>6315</id>
      <id>6316</id>
      <id>6317</id>
      <id>6318</id>
      <id>6319</id>
      <id>6320</id>
      <id>6321</id>
      <id>6322</id>
      <id>6323</id>
   </successors>
   <trajectory>
      <states>
         <state>
            <time>0</time>
            <x>0</x>
            <y>0</y>
            <velocity>24.4</velocity>
            <orientation>0</orientation>
         </state>
         <state>
            <time>0.1</time>
            <x>2.3995</x>
            <y>0.042349</y>
            <velocity>23.6</velocity>
            <orientation>0.035294</orientation>
         </state>
         <state>
            <time>0.2</time>
            <x>4.7162</x>
            <y>0.16375</y>
            <velocity>22.8</velocity>
            <orientation>0.069412</orientation>
         </state>
         <state>
            <time>0.3</time>
            <x>6.9479</x>
            <y>0.35588</y>
            <velocity>22</velocity>
            <orientation>0.10235</orientation>
         </state>
         <state>
            <time>0.4</time>
            <x>9.0927</x>
            <y>0.61066</y>
            <velocity>21.2</velocity>
            <orientation>0.13412</orientation>
         </state>
         <state>
            <time>0.5</time>
            <x>11.1494</x>
            <y>0.92027</y>
            <velocity>20.4</velocity>
            <orientation>0.16471</orientation>
         </state>
         <state>
            <time>0.6</time>
            <x>13.1173</x>
            <y>1.2772</y>
            <velocity>19.6</velocity>
            <orientation>0.19412</orientation>
         </state>
         <state>
            <time>0.7</time>
            <x>14.9957</x>
            <y>1.6741</y>
            <velocity>18.8</velocity>
            <orientation>0.22235</orientation>
         </state>
         <state>
            <time>0.8</time>
            <x>16.7847</x>
            <y>2.1041</y>
            <velocity>18</velocity>
            <orientation>0.24941</orientation>
         </state>
         <state>
            <time>0.9</time>
            <x>18.4844</x>
            <y>2.5605</y>
            <velocity>17.2</velocity>
            <orientation>0.27529</orientation>
         </state>
         <state>
            <time>1</time>
            <x>20.0954</x>
            <y>3.0371</y>
            <velocity>16.4</velocity>
            <orientation>0.3</orientation>
         </state>
      </states>
      <inputs>
         <input>
            <acceleration>-8</acceleration>
            <steer>0.033811</steer>
         </input>
         <input>
            <acceleration>-8</acceleration>
            <steer>0.033811</steer>
         </input>
         <input>
            <acceleration>-8</acceleration>
            <steer>0.033811</steer>
         </input>
         <input>
            <acceleration>-8</acceleration>
            <steer>0.033811</steer>
         </input>
         <input>
            <acceleration>-8</acceleration>
            <steer>0.033811</steer>
         </input>
         <input>
            <acceleration>-8</acceleration>
            <steer>0.033811</steer>
         </input>
         <input>
            <acceleration>-8</acceleration>
            <steer>0.033811</steer>
         </input>
         <input>
            <acceleration>-8</acceleration>
            <steer>0.033811</steer>
         </input>
         <input>
            <acceleration>-8</acceleration>
            <steer>0.033811</steer>
         </input>
         <input>
            <acceleration>-8</acceleration>
            <steer>0.033811</steer>
         </input>
      </inputs>
   </trajectory>
   <occupancySet>
      <occupancy>
         <time>
            <intervalStart>0</intervalStart>
            <intervalEnd>0.1</intervalEnd>
         </time>
         <set>
            <point>
               <element dimension="1">-1.1234</element>
               <element dimension="2">1.0185</element>
            </point>
            <point>
               <element dimension="1">-1.1067</element>
               <element dimension="2">1.0191</element>
            </point>
            <point>
               <element dimension="1">5.5434</element>
               <element dimension="2">1.1366</element>
            </point>
            <point>
               <element dimension="1">5.7866</element>
               <element dimension="2">1.1371</element>
            </point>
            <point>
               <element dimension="1">5.8445</element>
               <element dimension="2">-0.58466</element>
            </point>
            <point>
               <element dimension="1">5.8452</element>
               <element dimension="2">-0.62405</element>
            </point>
            <point>
               <element dimension="1">5.8457</element>
               <element dimension="2">-0.9409</element>
            </point>
            <point>
               <element dimension="1">3.6501</element>
               <element dimension="2">-1.0146</element>
            </point>
            <point>
               <element dimension="1">3.3719</element>
               <element dimension="2">-1.0195</element>
            </point>
            <point>
               <element dimension="1">-1.1197</element>
               <element dimension="2">-1.0276</element>
            </point>
            <point>
               <element dimension="1">-1.1197</element>
               <element dimension="2">-1.0265</element>
            </point>
            <point>
               <element dimension="1">-1.1197</element>
               <element dimension="2">-1.0262</element>
            </point>
         </set>
      </occupancy>
      <occupancy>
         <time>
            <intervalStart>0.1</intervalStart>
            <intervalEnd>0.2</intervalEnd>
         </time>
         <set>
            <point>
               <element dimension="1">1.0089</element>
               <element dimension="2">0.97825</element>
            </point>
            <point>
               <element dimension="1">3.3801</element>
               <element dimension="2">1.1391</element>
            </point>
            <point>
               <element dimension="1">7.878</element>
               <element dimension="2">1.3671</element>
            </point>
            <point>
               <element dimension="1">8.0783</element>
               <element dimension="2">1.3739</element>
            </point>
            <point>
               <element dimension="1">8.1968</element>
               <element dimension="2">-0.37231</element>
            </point>
            <point>
               <element dimension="1">8.1972</element>
               <element dimension="2">-0.38004</element>
            </point>
            <point>
               <element dimension="1">8.2067</element>
               <element dimension="2">-0.66466</element>
            </point>
            <point>
               <element dimension="1">5.8441</element>
               <element dimension="2">-0.82495</element>
            </point>
            <point>
               <element dimension="1">5.0719</element>
               <element dimension="2">-0.8641</element>
            </point>
            <point>
               <element dimension="1">1.0758</element>
               <element dimension="2">-0.99828</element>
            </point>
            <point>
               <element dimension="1">1.0747</element>
               <element dimension="2">-0.98285</element>
            </point>
         </set>
      </occupancy>
      <occupancy>
         <time>
            <intervalStart>0.2</intervalStart>
            <intervalEnd>0.3</intervalEnd>
         </time>
         <set>
            <point>
               <element dimension="1">3.2881</element>
               <element dimension="2">1.0507</element>
            </point>
            <point>
               <element dimension="1">4.8477</element>
               <element dimension="2">1.2084</element>
            </point>
            <point>
               <element dimension="1">10.0707</element>
               <element dimension="2">1.6494</element>
            </point>
            <point>
               <element dimension="1">10.2687</element>
               <element dimension="2">1.6628</element>
            </point>
            <point>
               <element dimension="1">10.4453</element>
               <element dimension="2">-0.083335</element>
            </point>
            <point>
               <element dimension="1">10.4637</element>
               <element dimension="2">-0.35532</element>
            </point>
            <point>
               <element dimension="1">8.1907</element>
               <element dimension="2">-0.58508</element>
            </point>
            <point>
               <element dimension="1">7.7801</element>
               <element dimension="2">-0.61976</element>
            </point>
            <point>
               <element dimension="1">3.4221</element>
               <element dimension="2">-0.91543</element>
            </point>
            <point>
               <element dimension="1">3.4204</element>
               <element dimension="2">-0.89946</element>
            </point>
         </set>
      </occupancy>
      <occupancy>
         <time>
            <intervalStart>0.3</intervalStart>
            <intervalEnd>0.4</intervalEnd>
         </time>
         <set>
            <point>
               <element dimension="1">5.5013</element>
               <element dimension="2">1.1826</element>
            </point>
            <point>
               <element dimension="1">7.1218</element>
               <element dimension="2">1.3987</element>
            </point>
            <point>
               <element dimension="1">12.1778</element>
               <element dimension="2">1.9911</element>
            </point>
            <point>
               <element dimension="1">12.3627</element>
               <element dimension="2">2.0098</element>
            </point>
            <point>
               <element dimension="1">12.5956</element>
               <element dimension="2">0.26259</element>
            </point>
            <point>
               <element dimension="1">12.6196</element>
               <element dimension="2">0.025881</element>
            </point>
            <point>
               <element dimension="1">10.4312</element>
               <element dimension="2">-0.26592</element>
            </point>
            <point>
               <element dimension="1">9.9482</element>
               <element dimension="2">-0.32252</element>
            </point>
            <point>
               <element dimension="1">5.6977</element>
               <element dimension="2">-0.75218</element>
            </point>
            <point>
               <element dimension="1">5.6945</element>
               <element dimension="2">-0.72823</element>
            </point>
         </set>
      </occupancy>
      <occupancy>
         <time>
            <intervalStart>0.4</intervalStart>
            <intervalEnd>0.5</intervalEnd>
         </time>
         <set>
            <point>
               <element dimension="1">7.6393</element>
               <element dimension="2">1.3813</element>
            </point>
            <point>
               <element dimension="1">8.8704</element>
               <element dimension="2">1.5841</element>
            </point>
            <point>
               <element dimension="1">14.2029</element>
               <element dimension="2">2.3784</element>
            </point>
            <point>
               <element dimension="1">14.3575</element>
               <element dimension="2">2.3991</element>
            </point>
            <point>
               <element dimension="1">14.6432</element>
               <element dimension="2">0.66397</element>
            </point>
            <point>
               <element dimension="1">14.6712</element>
               <element dimension="2">0.45453</element>
            </point>
            <point>
               <element dimension="1">12.5766</element>
               <element dimension="2">0.1096</element>
            </point>
            <point>
               <element dimension="1">12.2706</element>
               <element dimension="2">0.06402</element>
            </point>
            <point>
               <element dimension="1">7.8933</element>
               <element dimension="2">-0.51966</element>
            </point>
            <point>
               <element dimension="1">7.8903</element>
               <element dimension="2">-0.5011</element>
            </point>
         </set>
      </occupancy>
      <occupancy>
         <time>
            <intervalStart>0.5</intervalStart>
            <intervalEnd>0.6</intervalEnd>
         </time>
         <set>
            <point>
               <element dimension="1">9.704</element>
               <element dimension="2">1.6334</element>
            </point>
            <point>
               <element dimension="1">10.9537</element>
               <element dimension="2">1.8772</element>
            </point>
            <point>
               <element dimension="1">16.1418</element>
               <element dimension="2">2.8102</element>
            </point>
            <point>
               <element dimension="1">16.2592</element>
               <element dimension="2">2.8295</element>
            </point>
            <point>
               <element dimension="1">16.5952</element>
               <element dimension="2">1.1072</element>
            </point>
            <point>
               <element dimension="1">16.6243</element>
               <element dimension="2">0.93052</element>
            </point>
            <point>
               <element dimension="1">14.6182</element>
               <element dimension="2">0.53913</element>
            </point>
            <point>
               <element dimension="1">14.3207</element>
               <element dimension="2">0.48563</element>
            </point>
            <point>
               <element dimension="1">10.0103</element>
               <element dimension="2">-0.22417</element>
            </point>
            <point>
               <element dimension="1">10.0075</element>
               <element dimension="2">-0.20964</element>
            </point>
         </set>
      </occupancy>
      <occupancy>
         <time>
            <intervalStart>0.6</intervalStart>
            <intervalEnd>0.7</intervalEnd>
         </time>
         <set>
            <point>
               <element dimension="1">11.6867</element>
               <element dimension="2">1.9372</element>
            </point>
            <point>
               <element dimension="1">12.9437</element>
               <element dimension="2">2.2195</element>
            </point>
            <point>
               <element dimension="1">17.9909</element>
               <element dimension="2">3.2785</element>
            </point>
            <point>
               <element dimension="1">18.0714</element>
               <element dimension="2">3.2942</element>
            </point>
            <point>
               <element dimension="1">18.4552</element>
               <element dimension="2">1.5855</element>
            </point>
            <point>
               <element dimension="1">18.4835</element>
               <element dimension="2">1.4404</element>
            </point>
            <point>
               <element dimension="1">16.5636</element>
               <element dimension="2">1.0091</element>
            </point>
            <point>
               <element dimension="1">16.2877</element>
               <element dimension="2">0.95124</element>
            </point>
            <point>
               <element dimension="1">12.041</element>
               <element dimension="2">0.12271</element>
            </point>
            <point>
               <element dimension="1">12.0385</element>
               <element dimension="2">0.13382</element>
            </point>
         </set>
      </occupancy>
      <occupancy>
         <time>
            <intervalStart>0.7</intervalStart>
            <intervalEnd>0.8</intervalEnd>
         </time>
         <set>
            <point>
               <element dimension="1">13.5828</element>
               <element dimension="2">2.2849</element>
            </point>
            <point>
               <element dimension="1">14.8697</element>
               <element dimension="2">2.6108</element>
            </point>
            <point>
               <element dimension="1">19.753</element>
               <element dimension="2">3.7776</element>
            </point>
            <point>
               <element dimension="1">19.7967</element>
               <element dimension="2">3.7874</element>
            </point>
            <point>
               <element dimension="1">20.226</element>
               <element dimension="2">2.0928</element>
            </point>
            <point>
               <element dimension="1">20.2518</element>
               <element dimension="2">1.9779</element>
            </point>
            <point>
               <element dimension="1">18.4164</element>
               <element dimension="2">1.513</element>
            </point>
            <point>
               <element dimension="1">18.1641</element>
               <element dimension="2">1.4527</element>
            </point>
            <point>
               <element dimension="1">13.9811</element>
               <element dimension="2">0.51301</element>
            </point>
            <point>
               <element dimension="1">13.9791</element>
               <element dimension="2">0.5209</element>
            </point>
         </set>
      </occupancy>
      <occupancy>
         <time>
            <intervalStart>0.8</intervalStart>
            <intervalEnd>0.9</intervalEnd>
         </time>
         <set>
            <point>
               <element dimension="1">15.3894</element>
               <element dimension="2">2.669</element>
            </point>
            <point>
               <element dimension="1">16.9823</element>
               <element dimension="2">3.1167</element>
            </point>
            <point>
               <element dimension="1">21.4356</element>
               <element dimension="2">4.3065</element>
            </point>
            <point>
               <element dimension="1">21.4396</element>
               <element dimension="2">4.3075</element>
            </point>
            <point>
               <element dimension="1">21.9123</element>
               <element dimension="2">2.626</element>
            </point>
            <point>
               <element dimension="1">21.9128</element>
               <element dimension="2">2.6241</element>
            </point>
            <point>
               <element dimension="1">21.9347</element>
               <element dimension="2">2.5377</element>
            </point>
            <point>
               <element dimension="1">20.1779</element>
               <element dimension="2">2.0438</element>
            </point>
            <point>
               <element dimension="1">19.9406</element>
               <element dimension="2">1.9804</element>
            </point>
            <point>
               <element dimension="1">15.8279</element>
               <element dimension="2">0.93865</element>
            </point>
            <point>
               <element dimension="1">15.8265</element>
               <element dimension="2">0.94363</element>
            </point>
         </set>
      </occupancy>
      <occupancy>
         <time>
            <intervalStart>0.9</intervalStart>
            <intervalEnd>1</intervalEnd>
         </time>
         <set>
            <point>
               <element dimension="1">17.1006</element>
               <element dimension="2">3.0845</element>
            </point>
            <point>
               <element dimension="1">18.1051</element>
               <element dimension="2">3.3939</element>
            </point>
            <point>
               <element dimension="1">22.9968</element>
               <element dimension="2">4.8345</element>
            </point>
            <point>
               <element dimension="1">22.9997</element>
               <element dimension="2">4.8354</element>
            </point>
            <point>
               <element dimension="1">23.504</element>
               <element dimension="2">3.1981</element>
            </point>
            <point>
               <element dimension="1">23.529</element>
               <element dimension="2">3.1092</element>
            </point>
            <point>
               <element dimension="1">21.8424</element>
               <element dimension="2">2.5897</element>
            </point>
            <point>
               <element dimension="1">21.4614</element>
               <element dimension="2">2.4775</element>
            </point>
            <point>
               <element dimension="1">17.5782</element>
               <element dimension="2">1.3859</element>
            </point>
            <point>
               <element dimension="1">17.5766</element>
               <element dimension="2">1.3909</element>
            </point>
         </set>
      </occupancy>
   </occupancySet>
   <reachableSet>
      <reachability>
         <time>0</time>
         <x>
            <intervalStart>-0.1</intervalStart>
            <intervalEnd>0.1</intervalEnd>
         </x>
         <y>
            <intervalStart>-0.1</intervalStart>
            <intervalEnd>0.1</intervalEnd>
         </y>
         <velocity>
            <intervalStart>24.2</intervalStart>
            <intervalEnd>24.6</intervalEnd>
         </velocity>
         <orientation>
            <intervalStart>-0.02</intervalStart>
            <intervalEnd>0.02</intervalEnd>
         </orientation>
      </reachability>
      <reachability>
         <time>1</time>
         <x>
            <intervalStart>20.0935</intervalStart>
            <intervalEnd>20.0967</intervalEnd>
         </x>
         <y>
            <intervalStart>3.0315</intervalStart>
            <intervalEnd>3.0428</intervalEnd>
         </y>
         <velocity>
            <intervalStart>16.4</intervalStart>
            <intervalEnd>16.4</intervalEnd>
         </velocity>
         <orientation>
            <intervalStart>0.29973</intervalStart>
            <intervalEnd>0.30029</intervalEnd>
         </orientation>
      </reachability>
   </reachableSet>
</motionPrimitive>