<?xml version="1.0" encoding="utf-8"?>
<motionPrimitive ID="10167">
   <controller type="generator space control">controller10167.mat</controller>
   <successors>
      <id>9696</id>
      <id>9697</id>
      <id>9698</id>
      <id>9699</id>
      <id>9700</id>
      <id>9701</id>
      <id>9702</id>
      <id>9703</id>
      <id>9704</id>
      <id>9705</id>
      <id>9706</id>
      <id>9707</id>
      <id>9708</id>
      <id>9709</id>
      <id>9710</id>
      <id>9711</id>
      <id>9712</id>
      <id>9713</id>
      <id>9714</id>
      <id>9715</id>
      <id>9716</id>
      <id>9717</id>
      <id>9718</id>
      <id>9719</id>
      <id>9720</id>
      <id>9721</id>
      <id>9722</id>
      <id>9723</id>
      <id>9724</id>
      <id>9725</id>
      <id>9726</id>
      <id>9727</id>
      <id>9728</id>
      <id>9729</id>
      <id>9730</id>
      <id>9731</id>
      <id>9732</id>
      <id>9733</id>
      <id>9734</id>
      <id>9735</id>
      <id>9736</id>
      <id>9737</id>
      <id>9738</id>
      <id>9739</id>
      <id>9740</id>
      <id>9741</id>
      <id>9742</id>
      <id>9743</id>
      <id>9744</id>
      <id>9745</id>
      <id>9746</id>
      <id>9747</id>
      <id>9748</id>
      <id>9749</id>
      <id>9750</id>
      <id>9751</id>
      <id>9752</id>
      <id>9753</id>
      <id>9754</id>
      <id>9755</id>
      <id>9756</id>
      <id>9757</id>
      <id>9758</id>
      <id>9759</id>
      <id>9760</id>
      <id>9761</id>
      <id>9762</id>
      <id>9763</id>
      <id>9764</id>
      <id>9765</id>
      <id>9766</id>
      <id>9767</id>
      <id>9768</id>
      <id>9769</id>
      <id>9770</id>
      <id>9771</id>
      <id>9772</id>
      <id>9773</id>
      <id>9774</id>
      <id>9775</id>
      <id>9776</id>
      <id>9777</id>
      <id>9778</id>
      <id>9779</id>
      <id>9780</id>
      <id>9781</id>
      <id>9782</id>
      <id>9783</id>
      <id>9784</id>
      <id>9785</id>
      <id>9786</id>
      <id>9787</id>
      <id>9788</id>
      <id>9789</id>
      <id>9790</id>
      <id>9791</id>
      <id>9792</id>
      <id>9793</id>
      <id>9794</id>
      <id>9795</id>
      <id>9796</id>
      <id>9797</id>
      <id>9798</id>
      <id>9799</id>
      <id>9800</id>
      <id>9801</id>
      <id>9802</id>
      <id>9803</id>
      <id>9804</id>
      <id>9805</id>
      <id>9806</id>
      <id>9807</id>
      <id>9808</id>
      <id>9809</id>
      <id>9810</id>
      <id>9811</id>
      <id>9812</id>
      <id>9813</id>
      <id>9814</id>
      <id>9815</id>
      <id>9816</id>
      <id>9817</id>
      <id>9818</id>
      <id>9819</id>
      <id>9820</id>
      <id>9821</id>
      <id>9822</id>
      <id>9823</id>
      <id>9824</id>
      <id>9825</id>
      <id>9826</id>
      <id>9827</id>
      <id>9828</id>
      <id>9829</id>
      <id>9830</id>
      <id>9831</id>
      <id>9832</id>
      <id>9833</id>
      <id>9834</id>
      <id>9835</id>
      <id>9836</id>
      <id>9837</id>
      <id>9838</id>
      <id>9839</id>
      <id>9840</id>
      <id>9841</id>
      <id>9842</id>
      <id>9843</id>
      <id>9844</id>
      <id>9845</id>
      <id>9846</id>
      <id>9847</id>
      <id>9848</id>
      <id>9849</id>
      <id>9850</id>
      <id>9851</id>
      <id>9852</id>
      <id>9853</id>
      <id>9854</id>
      <id>9855</id>
      <id>9856</id>
      <id>9857</id>
      <id>9858</id>
      <id>9859</id>
      <id>9860</id>
      <id>9861</id>
      <id>9862</id>
      <id>9863</id>
      <id>9864</id>
      <id>9865</id>
      <id>9866</id>
      <id>9867</id>
      <id>9868</id>
      <id>9869</id>
      <id>9870</id>
      <id>9871</id>
      <id>9872</id>
      <id>9873</id>
      <id>9874</id>
      <id>9875</id>
   </successors>
   <trajectory>
      <states>
         <state>
            <time>0</time>
            <x>0</x>
            <y>0</y>
            <velocity>24.4</velocity>
            <orientation>0</orientation>
         </state>
         <state>
            <time>0.1</time>
            <x>2.4333</x>
            <y>-0.098847</y>
            <velocity>24.32</velocity>
            <orientation>-0.0812</orientation>
         </state>
         <state>
            <time>0.2</time>
            <x>4.8427</x>
            <y>-0.39345</y>
            <velocity>24.24</velocity>
            <orientation>-0.16213</orientation>
         </state>
         <state>
            <time>0.3</time>
            <x>7.2126</x>
            <y>-0.87994</y>
            <velocity>24.16</velocity>
            <orientation>-0.2428</orientation>
         </state>
         <state>
            <time>0.4</time>
            <x>9.5281</x>
            <y>-1.5533</y>
            <velocity>24.08</velocity>
            <orientation>-0.3232</orientation>
         </state>
         <state>
            <time>0.5</time>
            <x>11.7746</x>
            <y>-2.4073</y>
            <velocity>24</velocity>
            <orientation>-0.40333</orientation>
         </state>
         <state>
            <time>0.6</time>
            <x>13.9385</x>
            <y>-3.4346</y>
            <velocity>23.92</velocity>
            <orientation>-0.4832</orientation>
         </state>
         <state>
            <time>0.7</time>
            <x>16.0067</x>
            <y>-4.6271</y>
            <velocity>23.84</velocity>
            <orientation>-0.5628</orientation>
         </state>
         <state>
            <time>0.8</time>
            <x>17.9672</x>
            <y>-5.9754</y>
            <velocity>23.76</velocity>
            <orientation>-0.64213</orientation>
         </state>
         <state>
            <time>0.9</time>
            <x>19.8086</x>
            <y>-7.4696</y>
            <velocity>23.68</velocity>
            <orientation>-0.7212</orientation>
         </state>
         <state>
            <time>1</time>
            <x>21.5207</x>
            <y>-9.0988</y>
            <velocity>23.6</velocity>
            <orientation>-0.8</orientation>
         </state>
      </states>
      <inputs>
         <input>
            <acceleration>-0.8</acceleration>
            <steer>-0.076517</steer>
         </input>
         <input>
            <acceleration>-0.8</acceleration>
            <steer>-0.076517</steer>
         </input>
         <input>
            <acceleration>-0.8</acceleration>
            <steer>-0.076517</steer>
         </input>
         <input>
            <acceleration>-0.8</acceleration>
            <steer>-0.076517</steer>
         </input>
         <input>
            <acceleration>-0.8</acceleration>
            <steer>-0.076517</steer>
         </input>
         <input>
            <acceleration>-0.8</acceleration>
            <steer>-0.076517</steer>
         </input>
         <input>
            <acceleration>-0.8</acceleration>
            <steer>-0.076517</steer>
         </input>
         <input>
            <acceleration>-0.8</acceleration>
            <steer>-0.076517</steer>
         </input>
         <input>
            <acceleration>-0.8</acceleration>
            <steer>-0.076517</steer>
         </input>
         <input>
            <acceleration>-0.8</acceleration>
            <steer>-0.076517</steer>
         </input>
      </inputs>
   </trajectory>
   <occupancySet>
      <occupancy>
         <time>
            <intervalStart>0</intervalStart>
            <intervalEnd>0.1</intervalEnd>
         </time>
         <set>
            <point>
               <element dimension="1">-1.1281</element>
               <element dimension="2">-1.0186</element>
            </point>
            <point>
               <element dimension="1">-1.1197</element>
               <element dimension="2">1.0364</element>
            </point>
            <point>
               <element dimension="1">-1.1197</element>
               <element dimension="2">1.0367</element>
            </point>
            <point>
               <element dimension="1">-1.1187</element>
               <element dimension="2">1.0495</element>
            </point>
            <point>
               <element dimension="1">3.0961</element>
               <element dimension="2">1.0324</element>
            </point>
            <point>
               <element dimension="1">3.6586</element>
               <element dimension="2">1.0095</element>
            </point>
            <point>
               <element dimension="1">5.9049</element>
               <element dimension="2">0.83582</element>
            </point>
            <point>
               <element dimension="1">5.9037</element>
               <element dimension="2">0.52676</element>
            </point>
            <point>
               <element dimension="1">5.898</element>
               <element dimension="2">0.38611</element>
            </point>
            <point>
               <element dimension="1">5.7641</element>
               <element dimension="2">-1.3458</element>
            </point>
            <point>
               <element dimension="1">5.5723</element>
               <element dimension="2">-1.345</element>
            </point>
            <point>
               <element dimension="1">0.34718</element>
               <element dimension="2">-1.1326</element>
            </point>
         </set>
      </occupancy>
      <occupancy>
         <time>
            <intervalStart>0.1</intervalStart>
            <intervalEnd>0.2</intervalEnd>
         </time>
         <set>
            <point>
               <element dimension="1">1.0008</element>
               <element dimension="2">-0.98033</element>
            </point>
            <point>
               <element dimension="1">1.1529</element>
               <element dimension="2">0.98783</element>
            </point>
            <point>
               <element dimension="1">1.1586</element>
               <element dimension="2">1.0231</element>
            </point>
            <point>
               <element dimension="1">5.1728</element>
               <element dimension="2">0.71274</element>
            </point>
            <point>
               <element dimension="1">5.9028</element>
               <element dimension="2">0.62646</element>
            </point>
            <point>
               <element dimension="1">8.3659</element>
               <element dimension="2">0.23373</element>
            </point>
            <point>
               <element dimension="1">8.3353</element>
               <element dimension="2">-0.16288</element>
            </point>
            <point>
               <element dimension="1">8.3347</element>
               <element dimension="2">-0.16784</element>
            </point>
            <point>
               <element dimension="1">8.057</element>
               <element dimension="2">-1.9096</element>
            </point>
            <point>
               <element dimension="1">7.887</element>
               <element dimension="2">-1.8965</element>
            </point>
            <point>
               <element dimension="1">3.4796</element>
               <element dimension="2">-1.3756</element>
            </point>
         </set>
      </occupancy>
      <occupancy>
         <time>
            <intervalStart>0.2</intervalStart>
            <intervalEnd>0.3</intervalEnd>
         </time>
         <set>
            <point>
               <element dimension="1">3.3477</element>
               <element dimension="2">-1.1609</element>
            </point>
            <point>
               <element dimension="1">3.6572</element>
               <element dimension="2">0.78008</element>
            </point>
            <point>
               <element dimension="1">3.6689</element>
               <element dimension="2">0.82801</element>
            </point>
            <point>
               <element dimension="1">7.7097</element>
               <element dimension="2">0.18373</element>
            </point>
            <point>
               <element dimension="1">8.3484</element>
               <element dimension="2">0.055278</element>
            </point>
            <point>
               <element dimension="1">10.7684</element>
               <element dimension="2">-0.53386</element>
            </point>
            <point>
               <element dimension="1">10.7082</element>
               <element dimension="2">-0.91169</element>
            </point>
            <point>
               <element dimension="1">10.2861</element>
               <element dimension="2">-2.6456</element>
            </point>
            <point>
               <element dimension="1">10.14</element>
               <element dimension="2">-2.6223</element>
            </point>
            <point>
               <element dimension="1">5.6005</element>
               <element dimension="2">-1.7093</element>
            </point>
         </set>
      </occupancy>
      <occupancy>
         <time>
            <intervalStart>0.3</intervalStart>
            <intervalEnd>0.4</intervalEnd>
         </time>
         <set>
            <point>
               <element dimension="1">5.6713</element>
               <element dimension="2">-1.5221</element>
            </point>
            <point>
               <element dimension="1">6.1301</element>
               <element dimension="2">0.36218</element>
            </point>
            <point>
               <element dimension="1">6.1503</element>
               <element dimension="2">0.42328</element>
            </point>
            <point>
               <element dimension="1">10.1457</element>
               <element dimension="2">-0.54937</element>
            </point>
            <point>
               <element dimension="1">10.7275</element>
               <element dimension="2">-0.71603</element>
            </point>
            <point>
               <element dimension="1">13.0926</element>
               <element dimension="2">-1.4977</element>
            </point>
            <point>
               <element dimension="1">13.0081</element>
               <element dimension="2">-1.8449</element>
            </point>
            <point>
               <element dimension="1">12.4444</element>
               <element dimension="2">-3.5504</element>
            </point>
            <point>
               <element dimension="1">12.3225</element>
               <element dimension="2">-3.5208</element>
            </point>
            <point>
               <element dimension="1">7.7908</element>
               <element dimension="2">-2.2226</element>
            </point>
         </set>
      </occupancy>
      <occupancy>
         <time>
            <intervalStart>0.4</intervalStart>
            <intervalEnd>0.5</intervalEnd>
         </time>
         <set>
            <point>
               <element dimension="1">7.9516</element>
               <element dimension="2">-2.0635</element>
            </point>
            <point>
               <element dimension="1">8.5555</element>
               <element dimension="2">-0.23626</element>
            </point>
            <point>
               <element dimension="1">8.5777</element>
               <element dimension="2">-0.1836</element>
            </point>
            <point>
               <element dimension="1">12.544</element>
               <element dimension="2">-1.4945</element>
            </point>
            <point>
               <element dimension="1">13.0314</element>
               <element dimension="2">-1.6775</element>
            </point>
            <point>
               <element dimension="1">15.3186</element>
               <element dimension="2">-2.6428</element>
            </point>
            <point>
               <element dimension="1">15.2129</element>
               <element dimension="2">-2.9627</element>
            </point>
            <point>
               <element dimension="1">14.5174</element>
               <element dimension="2">-4.6106</element>
            </point>
            <point>
               <element dimension="1">14.4202</element>
               <element dimension="2">-4.5785</element>
            </point>
            <point>
               <element dimension="1">9.7929</element>
               <element dimension="2">-2.8406</element>
            </point>
         </set>
      </occupancy>
      <occupancy>
         <time>
            <intervalStart>0.5</intervalStart>
            <intervalEnd>0.6</intervalEnd>
         </time>
         <set>
            <point>
               <element dimension="1">10.1817</element>
               <element dimension="2">-2.7767</element>
            </point>
            <point>
               <element dimension="1">10.9182</element>
               <element dimension="2">-1.0315</element>
            </point>
            <point>
               <element dimension="1">10.9407</element>
               <element dimension="2">-0.98818</element>
            </point>
            <point>
               <element dimension="1">14.7554</element>
               <element dimension="2">-2.5981</element>
            </point>
            <point>
               <element dimension="1">15.2367</element>
               <element dimension="2">-2.8242</element>
            </point>
            <point>
               <element dimension="1">17.4338</element>
               <element dimension="2">-3.9659</element>
            </point>
            <point>
               <element dimension="1">17.3151</element>
               <element dimension="2">-4.2471</element>
            </point>
            <point>
               <element dimension="1">16.4935</element>
               <element dimension="2">-5.8281</element>
            </point>
            <point>
               <element dimension="1">16.4199</element>
               <element dimension="2">-5.797</element>
            </point>
            <point>
               <element dimension="1">11.9722</element>
               <element dimension="2">-3.7071</element>
            </point>
         </set>
      </occupancy>
      <occupancy>
         <time>
            <intervalStart>0.6</intervalStart>
            <intervalEnd>0.7</intervalEnd>
         </time>
         <set>
            <point>
               <element dimension="1">12.3421</element>
               <element dimension="2">-3.6648</element>
            </point>
            <point>
               <element dimension="1">13.2012</element>
               <element dimension="2">-2.0115</element>
            </point>
            <point>
               <element dimension="1">13.2229</element>
               <element dimension="2">-1.9768</element>
            </point>
            <point>
               <element dimension="1">16.8747</element>
               <element dimension="2">-3.8744</element>
            </point>
            <point>
               <element dimension="1">17.3366</element>
               <element dimension="2">-4.1383</element>
            </point>
            <point>
               <element dimension="1">19.4284</element>
               <element dimension="2">-5.4464</element>
            </point>
            <point>
               <element dimension="1">19.3024</element>
               <element dimension="2">-5.6888</element>
            </point>
            <point>
               <element dimension="1">18.3614</element>
               <element dimension="2">-7.1936</element>
            </point>
            <point>
               <element dimension="1">18.3097</element>
               <element dimension="2">-7.1667</element>
            </point>
            <point>
               <element dimension="1">14.0578</element>
               <element dimension="2">-4.7377</element>
            </point>
         </set>
      </occupancy>
      <occupancy>
         <time>
            <intervalStart>0.7</intervalStart>
            <intervalEnd>0.8</intervalEnd>
         </time>
         <set>
            <point>
               <element dimension="1">14.4197</element>
               <element dimension="2">-4.7207</element>
            </point>
            <point>
               <element dimension="1">15.3908</element>
               <element dimension="2">-3.1677</element>
            </point>
            <point>
               <element dimension="1">15.4105</element>
               <element dimension="2">-3.1412</element>
            </point>
            <point>
               <element dimension="1">18.8787</element>
               <element dimension="2">-5.3099</element>
            </point>
            <point>
               <element dimension="1">19.3186</element>
               <element dimension="2">-5.61</element>
            </point>
            <point>
               <element dimension="1">21.2912</element>
               <element dimension="2">-7.0731</element>
            </point>
            <point>
               <element dimension="1">21.1636</element>
               <element dimension="2">-7.2771</element>
            </point>
            <point>
               <element dimension="1">20.1104</element>
               <element dimension="2">-8.697</element>
            </point>
            <point>
               <element dimension="1">20.0788</element>
               <element dimension="2">-8.6772</element>
            </point>
            <point>
               <element dimension="1">16.0474</element>
               <element dimension="2">-5.928</element>
            </point>
         </set>
      </occupancy>
      <occupancy>
         <time>
            <intervalStart>0.8</intervalStart>
            <intervalEnd>0.9</intervalEnd>
         </time>
         <set>
            <point>
               <element dimension="1">16.4017</element>
               <element dimension="2">-5.9363</element>
            </point>
            <point>
               <element dimension="1">17.4738</element>
               <element dimension="2">-4.4909</element>
            </point>
            <point>
               <element dimension="1">17.4904</element>
               <element dimension="2">-4.4718</element>
            </point>
            <point>
               <element dimension="1">20.7553</element>
               <element dimension="2">-6.8935</element>
            </point>
            <point>
               <element dimension="1">21.1716</element>
               <element dimension="2">-7.2285</element>
            </point>
            <point>
               <element dimension="1">23.0121</element>
               <element dimension="2">-8.8339</element>
            </point>
            <point>
               <element dimension="1">22.8883</element>
               <element dimension="2">-9.0008</element>
            </point>
            <point>
               <element dimension="1">21.7303</element>
               <element dimension="2">-10.3284</element>
            </point>
            <point>
               <element dimension="1">21.7248</element>
               <element dimension="2">-10.3242</element>
            </point>
            <point>
               <element dimension="1">17.9366</element>
               <element dimension="2">-7.2751</element>
            </point>
         </set>
      </occupancy>
      <occupancy>
         <time>
            <intervalStart>0.9</intervalStart>
            <intervalEnd>1</intervalEnd>
         </time>
         <set>
            <point>
               <element dimension="1">18.2761</element>
               <element dimension="2">-7.3029</element>
            </point>
            <point>
               <element dimension="1">19.438</element>
               <element dimension="2">-5.9708</element>
            </point>
            <point>
               <element dimension="1">19.4527</element>
               <element dimension="2">-5.9564</element>
            </point>
            <point>
               <element dimension="1">22.44</element>
               <element dimension="2">-8.562</element>
            </point>
            <point>
               <element dimension="1">22.8862</element>
               <element dimension="2">-8.9833</element>
            </point>
            <point>
               <element dimension="1">24.5809</element>
               <element dimension="2">-10.7146</element>
            </point>
            <point>
               <element dimension="1">24.4485</element>
               <element dimension="2">-10.8665</element>
            </point>
            <point>
               <element dimension="1">24.4484</element>
               <element dimension="2">-10.8666</element>
            </point>
            <point>
               <element dimension="1">23.2127</element>
               <element dimension="2">-12.0762</element>
            </point>
            <point>
               <element dimension="1">23.2085</element>
               <element dimension="2">-12.0725</element>
            </point>
            <point>
               <element dimension="1">19.73</element>
               <element dimension="2">-8.7883</element>
            </point>
         </set>
      </occupancy>
   </occupancySet>
   <reachableSet>
      <reachability>
         <time>0</time>
         <x>
            <intervalStart>-0.1</intervalStart>
            <intervalEnd>0.1</intervalEnd>
         </x>
         <y>
            <intervalStart>-0.1</intervalStart>
            <intervalEnd>0.1</intervalEnd>
         </y>
         <velocity>
            <intervalStart>24.2</intervalStart>
            <intervalEnd>24.6</intervalEnd>
         </velocity>
         <orientation>
            <intervalStart>-0.02</intervalStart>
            <intervalEnd>0.02</intervalEnd>
         </orientation>
      </reachability>
      <reachability>
         <time>1</time>
         <x>
            <intervalStart>21.5165</intervalStart>
            <intervalEnd>21.5241</intervalEnd>
         </x>
         <y>
            <intervalStart>-9.1049</intervalStart>
            <intervalEnd>-9.0933</intervalEnd>
         </y>
         <velocity>
            <intervalStart>23.6</intervalStart>
            <intervalEnd>23.6</intervalEnd>
         </velocity>
         <orientation>
            <intervalStart>-0.80027</intervalStart>
            <intervalEnd>-0.79975</intervalEnd>
         </orientation>
      </reachability>
   </reachableSet>
</motionPrimitive>