<?xml version="1.0" encoding="utf-8"?>
<motionPrimitive ID="10213">
   <controller type="generator space control">controller10213.mat</controller>
   <successors>
      <id>10956</id>
      <id>10957</id>
      <id>10958</id>
      <id>10959</id>
      <id>10960</id>
      <id>10961</id>
      <id>10962</id>
      <id>10963</id>
      <id>10964</id>
      <id>10965</id>
      <id>10966</id>
      <id>10967</id>
      <id>10968</id>
      <id>10969</id>
      <id>10970</id>
      <id>10971</id>
      <id>10972</id>
      <id>10973</id>
      <id>10974</id>
      <id>10975</id>
      <id>10976</id>
      <id>10977</id>
      <id>10978</id>
      <id>10979</id>
      <id>10980</id>
      <id>10981</id>
      <id>10982</id>
      <id>10983</id>
      <id>10984</id>
      <id>10985</id>
      <id>10986</id>
      <id>10987</id>
      <id>10988</id>
      <id>10989</id>
      <id>10990</id>
      <id>10991</id>
      <id>10992</id>
      <id>10993</id>
      <id>10994</id>
      <id>10995</id>
      <id>10996</id>
      <id>10997</id>
      <id>10998</id>
      <id>10999</id>
      <id>11000</id>
      <id>11001</id>
      <id>11002</id>
      <id>11003</id>
      <id>11004</id>
      <id>11005</id>
      <id>11006</id>
      <id>11007</id>
      <id>11008</id>
      <id>11009</id>
      <id>11010</id>
      <id>11011</id>
      <id>11012</id>
      <id>11013</id>
      <id>11014</id>
      <id>11015</id>
      <id>11016</id>
      <id>11017</id>
      <id>11018</id>
      <id>11019</id>
      <id>11020</id>
      <id>11021</id>
      <id>11022</id>
      <id>11023</id>
      <id>11024</id>
      <id>11025</id>
      <id>11026</id>
      <id>11027</id>
      <id>11028</id>
      <id>11029</id>
      <id>11030</id>
      <id>11031</id>
      <id>11032</id>
      <id>11033</id>
      <id>11034</id>
      <id>11035</id>
      <id>11036</id>
      <id>11037</id>
      <id>11038</id>
      <id>11039</id>
      <id>11040</id>
      <id>11041</id>
      <id>11042</id>
      <id>11043</id>
      <id>11044</id>
      <id>11045</id>
      <id>11046</id>
      <id>11047</id>
      <id>11048</id>
      <id>11049</id>
      <id>11050</id>
      <id>11051</id>
      <id>11052</id>
      <id>11053</id>
      <id>11054</id>
      <id>11055</id>
      <id>11056</id>
      <id>11057</id>
      <id>11058</id>
      <id>11059</id>
      <id>11060</id>
      <id>11061</id>
      <id>11062</id>
      <id>11063</id>
      <id>11064</id>
      <id>11065</id>
      <id>11066</id>
      <id>11067</id>
      <id>11068</id>
      <id>11069</id>
      <id>11070</id>
      <id>11071</id>
      <id>11072</id>
      <id>11073</id>
      <id>11074</id>
      <id>11075</id>
      <id>11076</id>
      <id>11077</id>
      <id>11078</id>
      <id>11079</id>
      <id>11080</id>
      <id>11081</id>
      <id>11082</id>
      <id>11083</id>
      <id>11084</id>
      <id>11085</id>
      <id>11086</id>
      <id>11087</id>
      <id>11088</id>
      <id>11089</id>
      <id>11090</id>
      <id>11091</id>
      <id>11092</id>
      <id>11093</id>
      <id>11094</id>
      <id>11095</id>
      <id>11096</id>
      <id>11097</id>
      <id>11098</id>
      <id>11099</id>
      <id>11100</id>
      <id>11101</id>
      <id>11102</id>
      <id>11103</id>
      <id>11104</id>
      <id>11105</id>
      <id>11106</id>
      <id>11107</id>
      <id>11108</id>
      <id>11109</id>
      <id>11110</id>
      <id>11111</id>
      <id>11112</id>
      <id>11113</id>
      <id>11114</id>
      <id>11115</id>
      <id>11116</id>
      <id>11117</id>
      <id>11118</id>
      <id>11119</id>
      <id>11120</id>
   </successors>
   <trajectory>
      <states>
         <state>
            <time>0</time>
            <x>0</x>
            <y>0</y>
            <velocity>24.4</velocity>
            <orientation>0</orientation>
         </state>
         <state>
            <time>0.1</time>
            <x>2.4462</x>
            <y>-0.11807</y>
            <velocity>24.6</velocity>
            <orientation>-0.096457</orientation>
         </state>
         <state>
            <time>0.2</time>
            <x>4.8893</x>
            <y>-0.47502</y>
            <velocity>24.8</velocity>
            <orientation>-0.1937</orientation>
         </state>
         <state>
            <time>0.3</time>
            <x>7.3053</x>
            <y>-1.0732</y>
            <velocity>25</velocity>
            <orientation>-0.29173</orientation>
         </state>
         <state>
            <time>0.4</time>
            <x>9.6697</x>
            <y>-1.9126</y>
            <velocity>25.2</velocity>
            <orientation>-0.39055</orientation>
         </state>
         <state>
            <time>0.5</time>
            <x>11.9574</x>
            <y>-2.9906</y>
            <velocity>25.4</velocity>
            <orientation>-0.49016</orientation>
         </state>
         <state>
            <time>0.6</time>
            <x>14.1432</x>
            <y>-4.3019</y>
            <velocity>25.6</velocity>
            <orientation>-0.59055</orientation>
         </state>
         <state>
            <time>0.7</time>
            <x>16.202</x>
            <y>-5.8384</y>
            <velocity>25.8</velocity>
            <orientation>-0.69173</orientation>
         </state>
         <state>
            <time>0.8</time>
            <x>18.109</x>
            <y>-7.5892</y>
            <velocity>26</velocity>
            <orientation>-0.7937</orientation>
         </state>
         <state>
            <time>0.9</time>
            <x>19.8404</x>
            <y>-9.5407</y>
            <velocity>26.2</velocity>
            <orientation>-0.89646</orientation>
         </state>
         <state>
            <time>1</time>
            <x>21.3734</x>
            <y>-11.6763</y>
            <velocity>26.4</velocity>
            <orientation>-1</orientation>
         </state>
      </states>
      <inputs>
         <input>
            <acceleration>2</acceleration>
            <steer>-0.090305</steer>
         </input>
         <input>
            <acceleration>2</acceleration>
            <steer>-0.090305</steer>
         </input>
         <input>
            <acceleration>2</acceleration>
            <steer>-0.090305</steer>
         </input>
         <input>
            <acceleration>2</acceleration>
            <steer>-0.090305</steer>
         </input>
         <input>
            <acceleration>2</acceleration>
            <steer>-0.090305</steer>
         </input>
         <input>
            <acceleration>2</acceleration>
            <steer>-0.090305</steer>
         </input>
         <input>
            <acceleration>2</acceleration>
            <steer>-0.090305</steer>
         </input>
         <input>
            <acceleration>2</acceleration>
            <steer>-0.090305</steer>
         </input>
         <input>
            <acceleration>2</acceleration>
            <steer>-0.090305</steer>
         </input>
         <input>
            <acceleration>2</acceleration>
            <steer>-0.090305</steer>
         </input>
      </inputs>
   </trajectory>
   <occupancySet>
      <occupancy>
         <time>
            <intervalStart>0</intervalStart>
            <intervalEnd>0.1</intervalEnd>
         </time>
         <set>
            <point>
               <element dimension="1">-1.1297</element>
               <element dimension="2">-1.0211</element>
            </point>
            <point>
               <element dimension="1">-1.1198</element>
               <element dimension="2">1.0405</element>
            </point>
            <point>
               <element dimension="1">-1.1197</element>
               <element dimension="2">1.0426</element>
            </point>
            <point>
               <element dimension="1">-1.1147</element>
               <element dimension="2">1.0973</element>
            </point>
            <point>
               <element dimension="1">2.186</element>
               <element dimension="2">1.0814</element>
            </point>
            <point>
               <element dimension="1">3.6615</element>
               <element dimension="2">1.0103</element>
            </point>
            <point>
               <element dimension="1">5.9562</element>
               <element dimension="2">0.79945</element>
            </point>
            <point>
               <element dimension="1">5.9551</element>
               <element dimension="2">0.56597</element>
            </point>
            <point>
               <element dimension="1">5.9491</element>
               <element dimension="2">0.44324</element>
            </point>
            <point>
               <element dimension="1">5.7703</element>
               <element dimension="2">-1.503</element>
            </point>
            <point>
               <element dimension="1">5.5706</element>
               <element dimension="2">-1.502</element>
            </point>
            <point>
               <element dimension="1">2.4848</element>
               <element dimension="2">-1.3532</element>
            </point>
         </set>
      </occupancy>
      <occupancy>
         <time>
            <intervalStart>0.1</intervalStart>
            <intervalEnd>0.2</intervalEnd>
         </time>
         <set>
            <point>
               <element dimension="1">0.96973</element>
               <element dimension="2">-1.066</element>
            </point>
            <point>
               <element dimension="1">1.1587</element>
               <element dimension="2">0.99084</element>
            </point>
            <point>
               <element dimension="1">1.1702</element>
               <element dimension="2">1.0724</element>
            </point>
            <point>
               <element dimension="1">1.1846</element>
               <element dimension="2">1.1477</element>
            </point>
            <point>
               <element dimension="1">4.6421</element>
               <element dimension="2">0.83002</element>
            </point>
            <point>
               <element dimension="1">5.9547</element>
               <element dimension="2">0.6448</element>
            </point>
            <point>
               <element dimension="1">8.4705</element>
               <element dimension="2">0.16403</element>
            </point>
            <point>
               <element dimension="1">8.4409</element>
               <element dimension="2">-0.1587</element>
            </point>
            <point>
               <element dimension="1">8.4356</element>
               <element dimension="2">-0.19605</element>
            </point>
            <point>
               <element dimension="1">8.0466</element>
               <element dimension="2">-2.2316</element>
            </point>
            <point>
               <element dimension="1">7.8639</element>
               <element dimension="2">-2.2148</element>
            </point>
            <point>
               <element dimension="1">4.4907</element>
               <element dimension="2">-1.7388</element>
            </point>
         </set>
      </occupancy>
      <occupancy>
         <time>
            <intervalStart>0.2</intervalStart>
            <intervalEnd>0.3</intervalEnd>
         </time>
         <set>
            <point>
               <element dimension="1">3.3204</element>
               <element dimension="2">-1.3324</element>
            </point>
            <point>
               <element dimension="1">3.7094</element>
               <element dimension="2">0.70305</element>
            </point>
            <point>
               <element dimension="1">3.7497</element>
               <element dimension="2">0.8695</element>
            </point>
            <point>
               <element dimension="1">3.7771</element>
               <element dimension="2">0.96243</element>
            </point>
            <point>
               <element dimension="1">7.1809</element>
               <element dimension="2">0.31197</element>
            </point>
            <point>
               <element dimension="1">8.4538</element>
               <element dimension="2">0.0034594</element>
            </point>
            <point>
               <element dimension="1">10.9351</element>
               <element dimension="2">-0.72838</element>
            </point>
            <point>
               <element dimension="1">10.8678</element>
               <element dimension="2">-1.0809</element>
            </point>
            <point>
               <element dimension="1">10.2475</element>
               <element dimension="2">-3.1839</element>
            </point>
            <point>
               <element dimension="1">10.0941</element>
               <element dimension="2">-3.1546</element>
            </point>
            <point>
               <element dimension="1">6.7529</element>
               <element dimension="2">-2.3448</element>
            </point>
         </set>
      </occupancy>
      <occupancy>
         <time>
            <intervalStart>0.3</intervalStart>
            <intervalEnd>0.4</intervalEnd>
         </time>
         <set>
            <point>
               <element dimension="1">5.6531</element>
               <element dimension="2">-1.8297</element>
            </point>
            <point>
               <element dimension="1">6.2959</element>
               <element dimension="2">0.34954</element>
            </point>
            <point>
               <element dimension="1">6.317</element>
               <element dimension="2">0.41002</element>
            </point>
            <point>
               <element dimension="1">6.3463</element>
               <element dimension="2">0.48213</element>
            </point>
            <point>
               <element dimension="1">10.4302</element>
               <element dimension="2">-0.7224</element>
            </point>
            <point>
               <element dimension="1">10.8988</element>
               <element dimension="2">-0.88617</element>
            </point>
            <point>
               <element dimension="1">13.3133</element>
               <element dimension="2">-1.8665</element>
            </point>
            <point>
               <element dimension="1">13.1918</element>
               <element dimension="2">-2.2784</element>
            </point>
            <point>
               <element dimension="1">13.1269</element>
               <element dimension="2">-2.464</element>
            </point>
            <point>
               <element dimension="1">12.3923</element>
               <element dimension="2">-4.2734</element>
            </point>
            <point>
               <element dimension="1">12.2688</element>
               <element dimension="2">-4.237</element>
            </point>
            <point>
               <element dimension="1">7.3355</element>
               <element dimension="2">-2.5127</element>
            </point>
         </set>
      </occupancy>
      <occupancy>
         <time>
            <intervalStart>0.4</intervalStart>
            <intervalEnd>0.5</intervalEnd>
         </time>
         <set>
            <point>
               <element dimension="1">7.9693</element>
               <element dimension="2">-2.4741</element>
            </point>
            <point>
               <element dimension="1">8.8265</element>
               <element dimension="2">-0.36266</element>
            </point>
            <point>
               <element dimension="1">8.8555</element>
               <element dimension="2">-0.3077</element>
            </point>
            <point>
               <element dimension="1">12.9274</element>
               <element dimension="2">-1.9609</element>
            </point>
            <point>
               <element dimension="1">13.2305</element>
               <element dimension="2">-2.1019</element>
            </point>
            <point>
               <element dimension="1">15.5591</element>
               <element dimension="2">-3.3298</element>
            </point>
            <point>
               <element dimension="1">15.3398</element>
               <element dimension="2">-3.8698</element>
            </point>
            <point>
               <element dimension="1">15.3089</element>
               <element dimension="2">-3.9364</element>
            </point>
            <point>
               <element dimension="1">14.4484</element>
               <element dimension="2">-5.5683</element>
            </point>
            <point>
               <element dimension="1">14.3503</element>
               <element dimension="2">-5.5284</element>
            </point>
            <point>
               <element dimension="1">9.3478</element>
               <element dimension="2">-3.201</element>
            </point>
         </set>
      </occupancy>
      <occupancy>
         <time>
            <intervalStart>0.5</intervalStart>
            <intervalEnd>0.6</intervalEnd>
         </time>
         <set>
            <point>
               <element dimension="1">10.2347</element>
               <element dimension="2">-3.3387</element>
            </point>
            <point>
               <element dimension="1">11.2572</element>
               <element dimension="2">-1.3996</element>
            </point>
            <point>
               <element dimension="1">11.2883</element>
               <element dimension="2">-1.3527</element>
            </point>
            <point>
               <element dimension="1">15.0929</element>
               <element dimension="2">-3.3588</element>
            </point>
            <point>
               <element dimension="1">15.4421</element>
               <element dimension="2">-3.5659</element>
            </point>
            <point>
               <element dimension="1">17.6627</element>
               <element dimension="2">-5.0387</element>
            </point>
            <point>
               <element dimension="1">17.3976</element>
               <element dimension="2">-5.5415</element>
            </point>
            <point>
               <element dimension="1">16.3805</element>
               <element dimension="2">-7.0751</element>
            </point>
            <point>
               <element dimension="1">16.3063</element>
               <element dimension="2">-7.036</element>
            </point>
            <point>
               <element dimension="1">11.5989</element>
               <element dimension="2">-4.2434</element>
            </point>
         </set>
      </occupancy>
      <occupancy>
         <time>
            <intervalStart>0.6</intervalStart>
            <intervalEnd>0.7</intervalEnd>
         </time>
         <set>
            <point>
               <element dimension="1">12.4252</element>
               <element dimension="2">-4.4404</element>
            </point>
            <point>
               <element dimension="1">13.5898</element>
               <element dimension="2">-2.6844</element>
            </point>
            <point>
               <element dimension="1">13.6204</element>
               <element dimension="2">-2.6471</element>
            </point>
            <point>
               <element dimension="1">17.1944</element>
               <element dimension="2">-5.0174</element>
            </point>
            <point>
               <element dimension="1">17.5142</element>
               <element dimension="2">-5.2536</element>
            </point>
            <point>
               <element dimension="1">19.5965</element>
               <element dimension="2">-6.9608</element>
            </point>
            <point>
               <element dimension="1">19.3313</element>
               <element dimension="2">-7.3607</element>
            </point>
            <point>
               <element dimension="1">18.1675</element>
               <element dimension="2">-8.7802</element>
            </point>
            <point>
               <element dimension="1">18.1153</element>
               <element dimension="2">-8.7455</element>
            </point>
            <point>
               <element dimension="1">13.6843</element>
               <element dimension="2">-5.4726</element>
            </point>
         </set>
      </occupancy>
      <occupancy>
         <time>
            <intervalStart>0.7</intervalStart>
            <intervalEnd>0.8</intervalEnd>
         </time>
         <set>
            <point>
               <element dimension="1">14.5169</element>
               <element dimension="2">-5.7721</element>
            </point>
            <point>
               <element dimension="1">15.7966</element>
               <element dimension="2">-4.2112</element>
            </point>
            <point>
               <element dimension="1">15.8251</element>
               <element dimension="2">-4.1829</element>
            </point>
            <point>
               <element dimension="1">19.1317</element>
               <element dimension="2">-6.8939</element>
            </point>
            <point>
               <element dimension="1">19.4204</element>
               <element dimension="2">-7.1564</element>
            </point>
            <point>
               <element dimension="1">21.3322</element>
               <element dimension="2">-9.0806</element>
            </point>
            <point>
               <element dimension="1">21.0863</element>
               <element dimension="2">-9.3805</element>
            </point>
            <point>
               <element dimension="1">19.7876</element>
               <element dimension="2">-10.6708</element>
            </point>
            <point>
               <element dimension="1">19.7549</element>
               <element dimension="2">-10.644</element>
            </point>
            <point>
               <element dimension="1">15.6538</element>
               <element dimension="2">-6.9164</element>
            </point>
         </set>
      </occupancy>
      <occupancy>
         <time>
            <intervalStart>0.8</intervalStart>
            <intervalEnd>0.9</intervalEnd>
         </time>
         <set>
            <point>
               <element dimension="1">16.4839</element>
               <element dimension="2">-7.3275</element>
            </point>
            <point>
               <element dimension="1">17.8512</element>
               <element dimension="2">-5.9691</element>
            </point>
            <point>
               <element dimension="1">17.8761</element>
               <element dimension="2">-5.949</element>
            </point>
            <point>
               <element dimension="1">20.8798</element>
               <element dimension="2">-8.9725</element>
            </point>
            <point>
               <element dimension="1">21.1367</element>
               <element dimension="2">-9.2591</element>
            </point>
            <point>
               <element dimension="1">22.848</element>
               <element dimension="2">-11.3778</element>
            </point>
            <point>
               <element dimension="1">22.64</element>
               <element dimension="2">-11.5844</element>
            </point>
            <point>
               <element dimension="1">21.2194</element>
               <element dimension="2">-12.7318</element>
            </point>
            <point>
               <element dimension="1">21.206</element>
               <element dimension="2">-12.7184</element>
            </point>
            <point>
               <element dimension="1">17.4829</element>
               <element dimension="2">-8.5643</element>
            </point>
         </set>
      </occupancy>
      <occupancy>
         <time>
            <intervalStart>0.9</intervalStart>
            <intervalEnd>1</intervalEnd>
         </time>
         <set>
            <point>
               <element dimension="1">18.3003</element>
               <element dimension="2">-9.0971</element>
            </point>
            <point>
               <element dimension="1">19.7276</element>
               <element dimension="2">-7.9444</element>
            </point>
            <point>
               <element dimension="1">19.7489</element>
               <element dimension="2">-7.9305</element>
            </point>
            <point>
               <element dimension="1">22.3992</element>
               <element dimension="2">-11.2119</element>
            </point>
            <point>
               <element dimension="1">22.6401</element>
               <element dimension="2">-11.5438</element>
            </point>
            <point>
               <element dimension="1">24.1166</element>
               <element dimension="2">-13.8178</element>
            </point>
            <point>
               <element dimension="1">23.9051</element>
               <element dimension="2">-13.9887</element>
            </point>
            <point>
               <element dimension="1">23.9045</element>
               <element dimension="2">-13.9891</element>
            </point>
            <point>
               <element dimension="1">22.4353</element>
               <element dimension="2">-14.9431</element>
            </point>
            <point>
               <element dimension="1">22.4287</element>
               <element dimension="2">-14.935</element>
            </point>
            <point>
               <element dimension="1">19.2141</element>
               <element dimension="2">-10.5043</element>
            </point>
         </set>
      </occupancy>
   </occupancySet>
   <reachableSet>
      <reachability>
         <time>0</time>
         <x>
            <intervalStart>-0.1</intervalStart>
            <intervalEnd>0.1</intervalEnd>
         </x>
         <y>
            <intervalStart>-0.1</intervalStart>
            <intervalEnd>0.1</intervalEnd>
         </y>
         <velocity>
            <intervalStart>24.2</intervalStart>
            <intervalEnd>24.6</intervalEnd>
         </velocity>
         <orientation>
            <intervalStart>-0.02</intervalStart>
            <intervalEnd>0.02</intervalEnd>
         </orientation>
      </reachability>
      <reachability>
         <time>1</time>
         <x>
            <intervalStart>21.3619</intervalStart>
            <intervalEnd>21.3804</intervalEnd>
         </x>
         <y>
            <intervalStart>-11.6852</intervalStart>
            <intervalEnd>-11.6685</intervalEnd>
         </y>
         <velocity>
            <intervalStart>26.4</intervalStart>
            <intervalEnd>26.4</intervalEnd>
         </velocity>
         <orientation>
            <intervalStart>-1.0005</intervalStart>
            <intervalEnd>-0.99968</intervalEnd>
         </orientation>
      </reachability>
   </reachableSet>
</motionPrimitive>