<?xml version="1.0" encoding="utf-8"?>
<motionPrimitive ID="10071">
   <controller type="generator space control">controller10071.mat</controller>
   <successors>
      <id>8121</id>
      <id>8122</id>
      <id>8123</id>
      <id>8124</id>
      <id>8125</id>
      <id>8126</id>
      <id>8127</id>
      <id>8128</id>
      <id>8129</id>
      <id>8130</id>
      <id>8131</id>
      <id>8132</id>
      <id>8133</id>
      <id>8134</id>
      <id>8135</id>
      <id>8136</id>
      <id>8137</id>
      <id>8138</id>
      <id>8139</id>
      <id>8140</id>
      <id>8141</id>
      <id>8142</id>
      <id>8143</id>
      <id>8144</id>
      <id>8145</id>
      <id>8146</id>
      <id>8147</id>
      <id>8148</id>
      <id>8149</id>
      <id>8150</id>
      <id>8151</id>
      <id>8152</id>
      <id>8153</id>
      <id>8154</id>
      <id>8155</id>
      <id>8156</id>
      <id>8157</id>
      <id>8158</id>
      <id>8159</id>
      <id>8160</id>
      <id>8161</id>
      <id>8162</id>
      <id>8163</id>
      <id>8164</id>
      <id>8165</id>
      <id>8166</id>
      <id>8167</id>
      <id>8168</id>
      <id>8169</id>
      <id>8170</id>
      <id>8171</id>
      <id>8172</id>
      <id>8173</id>
      <id>8174</id>
      <id>8175</id>
      <id>8176</id>
      <id>8177</id>
      <id>8178</id>
      <id>8179</id>
      <id>8180</id>
      <id>8181</id>
      <id>8182</id>
      <id>8183</id>
      <id>8184</id>
      <id>8185</id>
      <id>8186</id>
      <id>8187</id>
      <id>8188</id>
      <id>8189</id>
      <id>8190</id>
      <id>8191</id>
      <id>8192</id>
      <id>8193</id>
      <id>8194</id>
      <id>8195</id>
      <id>8196</id>
      <id>8197</id>
      <id>8198</id>
      <id>8199</id>
      <id>8200</id>
      <id>8201</id>
      <id>8202</id>
      <id>8203</id>
      <id>8204</id>
      <id>8205</id>
      <id>8206</id>
      <id>8207</id>
      <id>8208</id>
      <id>8209</id>
      <id>8210</id>
      <id>8211</id>
      <id>8212</id>
      <id>8213</id>
      <id>8214</id>
      <id>8215</id>
      <id>8216</id>
      <id>8217</id>
      <id>8218</id>
      <id>8219</id>
      <id>8220</id>
      <id>8221</id>
      <id>8222</id>
      <id>8223</id>
      <id>8224</id>
      <id>8225</id>
      <id>8226</id>
      <id>8227</id>
      <id>8228</id>
      <id>8229</id>
      <id>8230</id>
      <id>8231</id>
      <id>8232</id>
      <id>8233</id>
      <id>8234</id>
      <id>8235</id>
      <id>8236</id>
      <id>8237</id>
      <id>8238</id>
      <id>8239</id>
      <id>8240</id>
      <id>8241</id>
      <id>8242</id>
      <id>8243</id>
      <id>8244</id>
      <id>8245</id>
      <id>8246</id>
      <id>8247</id>
      <id>8248</id>
      <id>8249</id>
      <id>8250</id>
      <id>8251</id>
      <id>8252</id>
      <id>8253</id>
      <id>8254</id>
      <id>8255</id>
      <id>8256</id>
      <id>8257</id>
      <id>8258</id>
      <id>8259</id>
      <id>8260</id>
      <id>8261</id>
      <id>8262</id>
      <id>8263</id>
      <id>8264</id>
      <id>8265</id>
      <id>8266</id>
      <id>8267</id>
      <id>8268</id>
      <id>8269</id>
      <id>8270</id>
      <id>8271</id>
      <id>8272</id>
      <id>8273</id>
      <id>8274</id>
      <id>8275</id>
      <id>8276</id>
      <id>8277</id>
      <id>8278</id>
      <id>8279</id>
      <id>8280</id>
      <id>8281</id>
      <id>8282</id>
      <id>8283</id>
      <id>8284</id>
      <id>8285</id>
      <id>8286</id>
      <id>8287</id>
      <id>8288</id>
      <id>8289</id>
      <id>8290</id>
      <id>8291</id>
      <id>8292</id>
      <id>8293</id>
      <id>8294</id>
      <id>8295</id>
      <id>8296</id>
      <id>8297</id>
      <id>8298</id>
      <id>8299</id>
      <id>8300</id>
      <id>8301</id>
      <id>8302</id>
      <id>8303</id>
      <id>8304</id>
      <id>8305</id>
      <id>8306</id>
      <id>8307</id>
      <id>8308</id>
      <id>8309</id>
      <id>8310</id>
      <id>8311</id>
      <id>8312</id>
      <id>8313</id>
      <id>8314</id>
      <id>8315</id>
   </successors>
   <trajectory>
      <states>
         <state>
            <time>0</time>
            <x>0</x>
            <y>0</y>
            <velocity>24.4</velocity>
            <orientation>0</orientation>
         </state>
         <state>
            <time>0.1</time>
            <x>2.42</x>
            <y>0</y>
            <velocity>24</velocity>
            <orientation>0</orientation>
         </state>
         <state>
            <time>0.2</time>
            <x>4.8</x>
            <y>0</y>
            <velocity>23.6</velocity>
            <orientation>0</orientation>
         </state>
         <state>
            <time>0.3</time>
            <x>7.14</x>
            <y>0</y>
            <velocity>23.2</velocity>
            <orientation>0</orientation>
         </state>
         <state>
            <time>0.4</time>
            <x>9.44</x>
            <y>0</y>
            <velocity>22.8</velocity>
            <orientation>0</orientation>
         </state>
         <state>
            <time>0.5</time>
            <x>11.7</x>
            <y>0</y>
            <velocity>22.4</velocity>
            <orientation>0</orientation>
         </state>
         <state>
            <time>0.6</time>
            <x>13.92</x>
            <y>0</y>
            <velocity>22</velocity>
            <orientation>0</orientation>
         </state>
         <state>
            <time>0.7</time>
            <x>16.1</x>
            <y>0</y>
            <velocity>21.6</velocity>
            <orientation>0</orientation>
         </state>
         <state>
            <time>0.8</time>
            <x>18.24</x>
            <y>0</y>
            <velocity>21.2</velocity>
            <orientation>0</orientation>
         </state>
         <state>
            <time>0.9</time>
            <x>20.34</x>
            <y>0</y>
            <velocity>20.8</velocity>
            <orientation>0</orientation>
         </state>
         <state>
            <time>1</time>
            <x>22.4</x>
            <y>0</y>
            <velocity>20.4</velocity>
            <orientation>0</orientation>
         </state>
      </states>
      <inputs>
         <input>
            <acceleration>-4</acceleration>
            <steer>0</steer>
         </input>
         <input>
            <acceleration>-4</acceleration>
            <steer>0</steer>
         </input>
         <input>
            <acceleration>-4</acceleration>
            <steer>0</steer>
         </input>
         <input>
            <acceleration>-4</acceleration>
            <steer>0</steer>
         </input>
         <input>
            <acceleration>-4</acceleration>
            <steer>0</steer>
         </input>
         <input>
            <acceleration>-4</acceleration>
            <steer>0</steer>
         </input>
         <input>
            <acceleration>-4</acceleration>
            <steer>0</steer>
         </input>
         <input>
            <acceleration>-4</acceleration>
            <steer>0</steer>
         </input>
         <input>
            <acceleration>-4</acceleration>
            <steer>0</steer>
         </input>
         <input>
            <acceleration>-4</acceleration>
            <steer>0</steer>
         </input>
      </inputs>
   </trajectory>
   <occupancySet>
      <occupancy>
         <time>
            <intervalStart>0</intervalStart>
            <intervalEnd>0.1</intervalEnd>
         </time>
         <set>
            <point>
               <element dimension="1">-1.1201</element>
               <element dimension="2">-1.0196</element>
            </point>
            <point>
               <element dimension="1">-1.1201</element>
               <element dimension="2">1.0196</element>
            </point>
            <point>
               <element dimension="1">5.8306</element>
               <element dimension="2">1.0196</element>
            </point>
            <point>
               <element dimension="1">5.8306</element>
               <element dimension="2">-1.0196</element>
            </point>
         </set>
      </occupancy>
      <occupancy>
         <time>
            <intervalStart>0.1</intervalStart>
            <intervalEnd>0.2</intervalEnd>
         </time>
         <set>
            <point>
               <element dimension="1">1.0691</element>
               <element dimension="2">-0.97799</element>
            </point>
            <point>
               <element dimension="1">1.0691</element>
               <element dimension="2">0.97799</element>
            </point>
            <point>
               <element dimension="1">8.1985</element>
               <element dimension="2">0.97799</element>
            </point>
            <point>
               <element dimension="1">8.1985</element>
               <element dimension="2">-0.97799</element>
            </point>
         </set>
      </occupancy>
      <occupancy>
         <time>
            <intervalStart>0.2</intervalStart>
            <intervalEnd>0.3</intervalEnd>
         </time>
         <set>
            <point>
               <element dimension="1">3.4651</element>
               <element dimension="2">-0.96109</element>
            </point>
            <point>
               <element dimension="1">3.4651</element>
               <element dimension="2">0.96109</element>
            </point>
            <point>
               <element dimension="1">10.5263</element>
               <element dimension="2">0.96109</element>
            </point>
            <point>
               <element dimension="1">10.5263</element>
               <element dimension="2">-0.96109</element>
            </point>
         </set>
      </occupancy>
      <occupancy>
         <time>
            <intervalStart>0.3</intervalStart>
            <intervalEnd>0.4</intervalEnd>
         </time>
         <set>
            <point>
               <element dimension="1">5.8213</element>
               <element dimension="2">-0.94721</element>
            </point>
            <point>
               <element dimension="1">5.8213</element>
               <element dimension="2">0.94721</element>
            </point>
            <point>
               <element dimension="1">12.8141</element>
               <element dimension="2">0.94721</element>
            </point>
            <point>
               <element dimension="1">12.8141</element>
               <element dimension="2">-0.94721</element>
            </point>
         </set>
      </occupancy>
      <occupancy>
         <time>
            <intervalStart>0.4</intervalStart>
            <intervalEnd>0.5</intervalEnd>
         </time>
         <set>
            <point>
               <element dimension="1">8.1375</element>
               <element dimension="2">-0.93357</element>
            </point>
            <point>
               <element dimension="1">8.1375</element>
               <element dimension="2">0.93357</element>
            </point>
            <point>
               <element dimension="1">15.0619</element>
               <element dimension="2">0.93357</element>
            </point>
            <point>
               <element dimension="1">15.0619</element>
               <element dimension="2">-0.93357</element>
            </point>
         </set>
      </occupancy>
      <occupancy>
         <time>
            <intervalStart>0.5</intervalStart>
            <intervalEnd>0.6</intervalEnd>
         </time>
         <set>
            <point>
               <element dimension="1">10.4137</element>
               <element dimension="2">-0.92017</element>
            </point>
            <point>
               <element dimension="1">10.4137</element>
               <element dimension="2">0.92017</element>
            </point>
            <point>
               <element dimension="1">17.2697</element>
               <element dimension="2">0.92017</element>
            </point>
            <point>
               <element dimension="1">17.2697</element>
               <element dimension="2">-0.92017</element>
            </point>
         </set>
      </occupancy>
      <occupancy>
         <time>
            <intervalStart>0.6</intervalStart>
            <intervalEnd>0.7</intervalEnd>
         </time>
         <set>
            <point>
               <element dimension="1">12.6499</element>
               <element dimension="2">-0.90701</element>
            </point>
            <point>
               <element dimension="1">12.6499</element>
               <element dimension="2">0.90701</element>
            </point>
            <point>
               <element dimension="1">19.4375</element>
               <element dimension="2">0.90701</element>
            </point>
            <point>
               <element dimension="1">19.4375</element>
               <element dimension="2">-0.90701</element>
            </point>
         </set>
      </occupancy>
      <occupancy>
         <time>
            <intervalStart>0.7</intervalStart>
            <intervalEnd>0.8</intervalEnd>
         </time>
         <set>
            <point>
               <element dimension="1">14.846</element>
               <element dimension="2">-0.89408</element>
            </point>
            <point>
               <element dimension="1">14.846</element>
               <element dimension="2">0.89408</element>
            </point>
            <point>
               <element dimension="1">21.5653</element>
               <element dimension="2">0.89408</element>
            </point>
            <point>
               <element dimension="1">21.5653</element>
               <element dimension="2">-0.89408</element>
            </point>
         </set>
      </occupancy>
      <occupancy>
         <time>
            <intervalStart>0.8</intervalStart>
            <intervalEnd>0.9</intervalEnd>
         </time>
         <set>
            <point>
               <element dimension="1">17.0022</element>
               <element dimension="2">-0.88139</element>
            </point>
            <point>
               <element dimension="1">17.0022</element>
               <element dimension="2">0.88139</element>
            </point>
            <point>
               <element dimension="1">23.653</element>
               <element dimension="2">0.88139</element>
            </point>
            <point>
               <element dimension="1">23.653</element>
               <element dimension="2">-0.88139</element>
            </point>
         </set>
      </occupancy>
      <occupancy>
         <time>
            <intervalStart>0.9</intervalStart>
            <intervalEnd>1</intervalEnd>
         </time>
         <set>
            <point>
               <element dimension="1">19.1184</element>
               <element dimension="2">-0.87044</element>
            </point>
            <point>
               <element dimension="1">19.1184</element>
               <element dimension="2">0.87044</element>
            </point>
            <point>
               <element dimension="1">25.7011</element>
               <element dimension="2">0.87044</element>
            </point>
            <point>
               <element dimension="1">25.7011</element>
               <element dimension="2">-0.87044</element>
            </point>
         </set>
      </occupancy>
   </occupancySet>
   <reachableSet>
      <reachability>
         <time>0</time>
         <x>
            <intervalStart>-0.1</intervalStart>
            <intervalEnd>0.1</intervalEnd>
         </x>
         <y>
            <intervalStart>-0.1</intervalStart>
            <intervalEnd>0.1</intervalEnd>
         </y>
         <velocity>
            <intervalStart>24.2</intervalStart>
            <intervalEnd>24.6</intervalEnd>
         </velocity>
         <orientation>
            <intervalStart>-0.02</intervalStart>
            <intervalEnd>0.02</intervalEnd>
         </orientation>
      </reachability>
      <reachability>
         <time>1</time>
         <x>
            <intervalStart>22.3994</intervalStart>
            <intervalEnd>22.4002</intervalEnd>
         </x>
         <y>
            <intervalStart>-0.0048972</intervalStart>
            <intervalEnd>0.0048972</intervalEnd>
         </y>
         <velocity>
            <intervalStart>20.4</intervalStart>
            <intervalEnd>20.4</intervalEnd>
         </velocity>
         <orientation>
            <intervalStart>-0.0002274</intervalStart>
            <intervalEnd>0.0002274</intervalEnd>
         </orientation>
      </reachability>
   </reachableSet>
</motionPrimitive>