<?xml version="1.0" encoding="utf-8"?>
<motionPrimitive ID="10059">
   <controller type="generator space control">controller10059.mat</controller>
   <successors>
      <id>11839</id>
      <id>11840</id>
      <id>11841</id>
      <id>11842</id>
      <id>11843</id>
      <id>11844</id>
      <id>11845</id>
      <id>11846</id>
      <id>11847</id>
      <id>11848</id>
      <id>11849</id>
      <id>11850</id>
      <id>11851</id>
      <id>11852</id>
      <id>11853</id>
      <id>11854</id>
      <id>11855</id>
      <id>11856</id>
      <id>11857</id>
      <id>11858</id>
      <id>11859</id>
      <id>11860</id>
      <id>11861</id>
      <id>11862</id>
      <id>11863</id>
      <id>11864</id>
      <id>11865</id>
      <id>11866</id>
      <id>11867</id>
      <id>11868</id>
      <id>11869</id>
      <id>11870</id>
      <id>11871</id>
      <id>11872</id>
      <id>11873</id>
      <id>11874</id>
      <id>11875</id>
      <id>11876</id>
      <id>11877</id>
      <id>11878</id>
      <id>11879</id>
      <id>11880</id>
      <id>11881</id>
      <id>11882</id>
      <id>11883</id>
      <id>11884</id>
      <id>11885</id>
      <id>11886</id>
      <id>11887</id>
      <id>11888</id>
      <id>11889</id>
      <id>11890</id>
      <id>11891</id>
      <id>11892</id>
      <id>11893</id>
      <id>11894</id>
      <id>11895</id>
      <id>11896</id>
      <id>11897</id>
      <id>11898</id>
      <id>11899</id>
      <id>11900</id>
      <id>11901</id>
      <id>11902</id>
      <id>11903</id>
      <id>11904</id>
      <id>11905</id>
      <id>11906</id>
      <id>11907</id>
      <id>11908</id>
      <id>11909</id>
      <id>11910</id>
      <id>11911</id>
      <id>11912</id>
      <id>11913</id>
      <id>11914</id>
      <id>11915</id>
      <id>11916</id>
      <id>11917</id>
      <id>11918</id>
      <id>11919</id>
      <id>11920</id>
      <id>11921</id>
      <id>11922</id>
      <id>11923</id>
      <id>11924</id>
      <id>11925</id>
      <id>11926</id>
      <id>11927</id>
      <id>11928</id>
      <id>11929</id>
      <id>11930</id>
      <id>11931</id>
      <id>11932</id>
      <id>11933</id>
      <id>11934</id>
      <id>11935</id>
      <id>11936</id>
      <id>11937</id>
      <id>11938</id>
      <id>11939</id>
      <id>11940</id>
      <id>11941</id>
      <id>11942</id>
      <id>11943</id>
      <id>11944</id>
      <id>11945</id>
      <id>11946</id>
      <id>11947</id>
      <id>11948</id>
      <id>11949</id>
      <id>11950</id>
      <id>11951</id>
      <id>11952</id>
      <id>11953</id>
      <id>11954</id>
      <id>11955</id>
      <id>11956</id>
      <id>11957</id>
      <id>11958</id>
      <id>11959</id>
      <id>11960</id>
      <id>11961</id>
      <id>11962</id>
      <id>11963</id>
      <id>11964</id>
      <id>11965</id>
      <id>11966</id>
      <id>11967</id>
      <id>11968</id>
      <id>11969</id>
      <id>11970</id>
      <id>11971</id>
      <id>11972</id>
      <id>11973</id>
      <id>11974</id>
      <id>11975</id>
      <id>11976</id>
      <id>11977</id>
      <id>11978</id>
      <id>11979</id>
      <id>11980</id>
      <id>11981</id>
      <id>11982</id>
      <id>11983</id>
      <id>11984</id>
      <id>11985</id>
      <id>11986</id>
      <id>11987</id>
      <id>11988</id>
   </successors>
   <trajectory>
      <states>
         <state>
            <time>0</time>
            <x>0</x>
            <y>0</y>
            <velocity>24.4</velocity>
            <orientation>0</orientation>
         </state>
         <state>
            <time>0.1</time>
            <x>2.4597</x>
            <y>-0.034382</y>
            <velocity>24.8</velocity>
            <orientation>-0.027955</orientation>
         </state>
         <state>
            <time>0.2</time>
            <x>4.9574</x>
            <y>-0.13974</y>
            <velocity>25.2</velocity>
            <orientation>-0.056364</orientation>
         </state>
         <state>
            <time>0.3</time>
            <x>7.4909</x>
            <y>-0.31941</y>
            <velocity>25.6</velocity>
            <orientation>-0.085227</orientation>
         </state>
         <state>
            <time>0.4</time>
            <x>10.058</x>
            <y>-0.57668</y>
            <velocity>26</velocity>
            <orientation>-0.11455</orientation>
         </state>
         <state>
            <time>0.5</time>
            <x>12.656</x>
            <y>-0.91483</y>
            <velocity>26.4</velocity>
            <orientation>-0.14432</orientation>
         </state>
         <state>
            <time>0.6</time>
            <x>15.2821</x>
            <y>-1.3371</y>
            <velocity>26.8</velocity>
            <orientation>-0.17455</orientation>
         </state>
         <state>
            <time>0.7</time>
            <x>17.9335</x>
            <y>-1.8467</y>
            <velocity>27.2</velocity>
            <orientation>-0.20523</orientation>
         </state>
         <state>
            <time>0.8</time>
            <x>20.6069</x>
            <y>-2.4468</y>
            <velocity>27.6</velocity>
            <orientation>-0.23636</orientation>
         </state>
         <state>
            <time>0.9</time>
            <x>23.2988</x>
            <y>-3.1403</y>
            <velocity>28</velocity>
            <orientation>-0.26795</orientation>
         </state>
         <state>
            <time>1</time>
            <x>26.0058</x>
            <y>-3.9304</y>
            <velocity>28.4</velocity>
            <orientation>-0.3</orientation>
         </state>
      </states>
      <inputs>
         <input>
            <acceleration>4</acceleration>
            <steer>-0.02613</steer>
         </input>
         <input>
            <acceleration>4</acceleration>
            <steer>-0.02613</steer>
         </input>
         <input>
            <acceleration>4</acceleration>
            <steer>-0.02613</steer>
         </input>
         <input>
            <acceleration>4</acceleration>
            <steer>-0.02613</steer>
         </input>
         <input>
            <acceleration>4</acceleration>
            <steer>-0.02613</steer>
         </input>
         <input>
            <acceleration>4</acceleration>
            <steer>-0.02613</steer>
         </input>
         <input>
            <acceleration>4</acceleration>
            <steer>-0.02613</steer>
         </input>
         <input>
            <acceleration>4</acceleration>
            <steer>-0.02613</steer>
         </input>
         <input>
            <acceleration>4</acceleration>
            <steer>-0.02613</steer>
         </input>
         <input>
            <acceleration>4</acceleration>
            <steer>-0.02613</steer>
         </input>
      </inputs>
   </trajectory>
   <occupancySet>
      <occupancy>
         <time>
            <intervalStart>0</intervalStart>
            <intervalEnd>0.1</intervalEnd>
         </time>
         <set>
            <point>
               <element dimension="1">-1.1226</element>
               <element dimension="2">-1.0186</element>
            </point>
            <point>
               <element dimension="1">-1.1197</element>
               <element dimension="2">1.0245</element>
            </point>
            <point>
               <element dimension="1">-1.1197</element>
               <element dimension="2">1.0248</element>
            </point>
            <point>
               <element dimension="1">-1.1197</element>
               <element dimension="2">1.0253</element>
            </point>
            <point>
               <element dimension="1">3.4004</element>
               <element dimension="2">1.019</element>
            </point>
            <point>
               <element dimension="1">3.6563</element>
               <element dimension="2">1.0154</element>
            </point>
            <point>
               <element dimension="1">5.8902</element>
               <element dimension="2">0.95611</element>
            </point>
            <point>
               <element dimension="1">5.89</element>
               <element dimension="2">0.7649</element>
            </point>
            <point>
               <element dimension="1">5.8879</element>
               <element dimension="2">0.61532</element>
            </point>
            <point>
               <element dimension="1">5.8422</element>
               <element dimension="2">-1.1054</element>
            </point>
            <point>
               <element dimension="1">4.9946</element>
               <element dimension="2">-1.1042</element>
            </point>
            <point>
               <element dimension="1">-1.1124</element>
               <element dimension="2">-1.0189</element>
            </point>
         </set>
      </occupancy>
      <occupancy>
         <time>
            <intervalStart>0.1</intervalStart>
            <intervalEnd>0.2</intervalEnd>
         </time>
         <set>
            <point>
               <element dimension="1">1.0764</element>
               <element dimension="2">-0.97998</element>
            </point>
            <point>
               <element dimension="1">1.1284</element>
               <element dimension="2">0.98153</element>
            </point>
            <point>
               <element dimension="1">1.1291</element>
               <element dimension="2">0.99307</element>
            </point>
            <point>
               <element dimension="1">5.2167</element>
               <element dimension="2">0.88451</element>
            </point>
            <point>
               <element dimension="1">5.8892</element>
               <element dimension="2">0.85709</element>
            </point>
            <point>
               <element dimension="1">8.4047</element>
               <element dimension="2">0.71875</element>
            </point>
            <point>
               <element dimension="1">8.3973</element>
               <element dimension="2">0.43945</element>
            </point>
            <point>
               <element dimension="1">8.3969</element>
               <element dimension="2">0.43147</element>
            </point>
            <point>
               <element dimension="1">8.3014</element>
               <element dimension="2">-1.3053</element>
            </point>
            <point>
               <element dimension="1">8.1328</element>
               <element dimension="2">-1.3009</element>
            </point>
            <point>
               <element dimension="1">3.4089</element>
               <element dimension="2">-1.1083</element>
            </point>
         </set>
      </occupancy>
      <occupancy>
         <time>
            <intervalStart>0.2</intervalStart>
            <intervalEnd>0.3</intervalEnd>
         </time>
         <set>
            <point>
               <element dimension="1">3.5505</element>
               <element dimension="2">-1.0451</element>
            </point>
            <point>
               <element dimension="1">3.6578</element>
               <element dimension="2">0.90678</element>
            </point>
            <point>
               <element dimension="1">3.659</element>
               <element dimension="2">0.92047</element>
            </point>
            <point>
               <element dimension="1">8.0004</element>
               <element dimension="2">0.68171</element>
            </point>
            <point>
               <element dimension="1">8.4011</element>
               <element dimension="2">0.65387</element>
            </point>
            <point>
               <element dimension="1">10.9508</element>
               <element dimension="2">0.43976</element>
            </point>
            <point>
               <element dimension="1">10.936</element>
               <element dimension="2">0.17081</element>
            </point>
            <point>
               <element dimension="1">10.7898</element>
               <element dimension="2">-1.5698</element>
            </point>
            <point>
               <element dimension="1">10.6435</element>
               <element dimension="2">-1.5618</element>
            </point>
            <point>
               <element dimension="1">5.1956</element>
               <element dimension="2">-1.1833</element>
            </point>
         </set>
      </occupancy>
      <occupancy>
         <time>
            <intervalStart>0.3</intervalStart>
            <intervalEnd>0.4</intervalEnd>
         </time>
         <set>
            <point>
               <element dimension="1">6.0664</element>
               <element dimension="2">-1.1736</element>
            </point>
            <point>
               <element dimension="1">6.2277</element>
               <element dimension="2">0.74669</element>
            </point>
            <point>
               <element dimension="1">6.2299</element>
               <element dimension="2">0.76602</element>
            </point>
            <point>
               <element dimension="1">10.5724</element>
               <element dimension="2">0.40134</element>
            </point>
            <point>
               <element dimension="1">10.9422</element>
               <element dimension="2">0.36483</element>
            </point>
            <point>
               <element dimension="1">13.5274</element>
               <element dimension="2">0.071255</element>
            </point>
            <point>
               <element dimension="1">13.5071</element>
               <element dimension="2">-0.17076</element>
            </point>
            <point>
               <element dimension="1">13.3096</element>
               <element dimension="2">-1.9102</element>
            </point>
            <point>
               <element dimension="1">13.1846</element>
               <element dimension="2">-1.8997</element>
            </point>
            <point>
               <element dimension="1">7.6319</element>
               <element dimension="2">-1.3514</element>
            </point>
         </set>
      </occupancy>
      <occupancy>
         <time>
            <intervalStart>0.4</intervalStart>
            <intervalEnd>0.5</intervalEnd>
         </time>
         <set>
            <point>
               <element dimension="1">8.6171</element>
               <element dimension="2">-1.3771</element>
            </point>
            <point>
               <element dimension="1">8.8318</element>
               <element dimension="2">0.514</element>
            </point>
            <point>
               <element dimension="1">8.8344</element>
               <element dimension="2">0.53171</element>
            </point>
            <point>
               <element dimension="1">13.1773</element>
               <element dimension="2">0.038536</element>
            </point>
            <point>
               <element dimension="1">13.5156</element>
               <element dimension="2">-0.0049828</element>
            </point>
            <point>
               <element dimension="1">16.1302</element>
               <element dimension="2">-0.38097</element>
            </point>
            <point>
               <element dimension="1">16.1056</element>
               <element dimension="2">-0.59755</element>
            </point>
            <point>
               <element dimension="1">15.8569</element>
               <element dimension="2">-2.3274</element>
            </point>
            <point>
               <element dimension="1">15.7542</element>
               <element dimension="2">-2.3157</element>
            </point>
            <point>
               <element dimension="1">9.9624</element>
               <element dimension="2">-1.5706</element>
            </point>
         </set>
      </occupancy>
      <occupancy>
         <time>
            <intervalStart>0.5</intervalStart>
            <intervalEnd>0.6</intervalEnd>
         </time>
         <set>
            <point>
               <element dimension="1">11.202</element>
               <element dimension="2">-1.6572</element>
            </point>
            <point>
               <element dimension="1">11.4688</element>
               <element dimension="2">0.19792</element>
            </point>
            <point>
               <element dimension="1">11.4713</element>
               <element dimension="2">0.21258</element>
            </point>
            <point>
               <element dimension="1">15.7674</element>
               <element dimension="2">-0.4052</element>
            </point>
            <point>
               <element dimension="1">16.1143</element>
               <element dimension="2">-0.46044</element>
            </point>
            <point>
               <element dimension="1">18.7568</element>
               <element dimension="2">-0.92229</element>
            </point>
            <point>
               <element dimension="1">18.7299</element>
               <element dimension="2">-1.1093</element>
            </point>
            <point>
               <element dimension="1">18.4295</element>
               <element dimension="2">-2.8281</element>
            </point>
            <point>
               <element dimension="1">18.3491</element>
               <element dimension="2">-2.8166</element>
            </point>
            <point>
               <element dimension="1">12.5668</element>
               <element dimension="2">-1.8957</element>
            </point>
         </set>
      </occupancy>
      <occupancy>
         <time>
            <intervalStart>0.6</intervalStart>
            <intervalEnd>0.7</intervalEnd>
         </time>
         <set>
            <point>
               <element dimension="1">13.8174</element>
               <element dimension="2">-2.0206</element>
            </point>
            <point>
               <element dimension="1">14.1349</element>
               <element dimension="2">-0.20362</element>
            </point>
            <point>
               <element dimension="1">14.1374</element>
               <element dimension="2">-0.19185</element>
            </point>
            <point>
               <element dimension="1">18.3932</element>
               <element dimension="2">-0.93566</element>
            </point>
            <point>
               <element dimension="1">18.7378</element>
               <element dimension="2">-1.0014</element>
            </point>
            <point>
               <element dimension="1">21.4044</element>
               <element dimension="2">-1.5521</element>
            </point>
            <point>
               <element dimension="1">21.377</element>
               <element dimension="2">-1.7091</element>
            </point>
            <point>
               <element dimension="1">21.0245</element>
               <element dimension="2">-3.4154</element>
            </point>
            <point>
               <element dimension="1">20.9661</element>
               <element dimension="2">-3.4051</element>
            </point>
            <point>
               <element dimension="1">15.1886</element>
               <element dimension="2">-2.3038</element>
            </point>
         </set>
      </occupancy>
      <occupancy>
         <time>
            <intervalStart>0.7</intervalStart>
            <intervalEnd>0.8</intervalEnd>
         </time>
         <set>
            <point>
               <element dimension="1">16.4602</element>
               <element dimension="2">-2.4705</element>
            </point>
            <point>
               <element dimension="1">16.8272</element>
               <element dimension="2">-0.6937</element>
            </point>
            <point>
               <element dimension="1">16.8293</element>
               <element dimension="2">-0.68482</element>
            </point>
            <point>
               <element dimension="1">21.041</element>
               <element dimension="2">-1.5547</element>
            </point>
            <point>
               <element dimension="1">21.383</element>
               <element dimension="2">-1.631</element>
            </point>
            <point>
               <element dimension="1">24.0696</element>
               <element dimension="2">-2.2736</element>
            </point>
            <point>
               <element dimension="1">24.0435</element>
               <element dimension="2">-2.4002</element>
            </point>
            <point>
               <element dimension="1">23.6388</element>
               <element dimension="2">-4.092</element>
            </point>
            <point>
               <element dimension="1">23.602</element>
               <element dimension="2">-4.0844</element>
            </point>
            <point>
               <element dimension="1">17.8355</element>
               <element dimension="2">-2.7995</element>
            </point>
         </set>
      </occupancy>
      <occupancy>
         <time>
            <intervalStart>0.8</intervalStart>
            <intervalEnd>0.9</intervalEnd>
         </time>
         <set>
            <point>
               <element dimension="1">19.1275</element>
               <element dimension="2">-3.0101</element>
            </point>
            <point>
               <element dimension="1">19.5425</element>
               <element dimension="2">-1.2755</element>
            </point>
            <point>
               <element dimension="1">19.5441</element>
               <element dimension="2">-1.2695</element>
            </point>
            <point>
               <element dimension="1">23.7061</element>
               <element dimension="2">-2.2651</element>
            </point>
            <point>
               <element dimension="1">24.0466</element>
               <element dimension="2">-2.3523</element>
            </point>
            <point>
               <element dimension="1">26.7489</element>
               <element dimension="2">-3.0896</element>
            </point>
            <point>
               <element dimension="1">26.726</element>
               <element dimension="2">-3.1855</element>
            </point>
            <point>
               <element dimension="1">26.2688</element>
               <element dimension="2">-4.8611</element>
            </point>
            <point>
               <element dimension="1">26.2552</element>
               <element dimension="2">-4.8579</element>
            </point>
            <point>
               <element dimension="1">20.5078</element>
               <element dimension="2">-3.3867</element>
            </point>
         </set>
      </occupancy>
      <occupancy>
         <time>
            <intervalStart>0.9</intervalStart>
            <intervalEnd>1</intervalEnd>
         </time>
         <set>
            <point>
               <element dimension="1">21.8159</element>
               <element dimension="2">-3.6427</element>
            </point>
            <point>
               <element dimension="1">22.2772</element>
               <element dimension="2">-1.9522</element>
            </point>
            <point>
               <element dimension="1">22.2782</element>
               <element dimension="2">-1.9491</element>
            </point>
            <point>
               <element dimension="1">26.3906</element>
               <element dimension="2">-3.0712</element>
            </point>
            <point>
               <element dimension="1">26.725</element>
               <element dimension="2">-3.1682</element>
            </point>
            <point>
               <element dimension="1">29.4385</element>
               <element dimension="2">-4.0028</element>
            </point>
            <point>
               <element dimension="1">29.4146</element>
               <element dimension="2">-4.0906</element>
            </point>
            <point>
               <element dimension="1">29.4145</element>
               <element dimension="2">-4.091</element>
            </point>
            <point>
               <element dimension="1">28.9109</element>
               <element dimension="2">-5.7282</element>
            </point>
            <point>
               <element dimension="1">28.9079</element>
               <element dimension="2">-5.7273</element>
            </point>
            <point>
               <element dimension="1">23.3664</element>
               <element dimension="2">-4.1196</element>
            </point>
         </set>
      </occupancy>
   </occupancySet>
   <reachableSet>
      <reachability>
         <time>0</time>
         <x>
            <intervalStart>-0.1</intervalStart>
            <intervalEnd>0.1</intervalEnd>
         </x>
         <y>
            <intervalStart>-0.1</intervalStart>
            <intervalEnd>0.1</intervalEnd>
         </y>
         <velocity>
            <intervalStart>24.2</intervalStart>
            <intervalEnd>24.6</intervalEnd>
         </velocity>
         <orientation>
            <intervalStart>-0.02</intervalStart>
            <intervalEnd>0.02</intervalEnd>
         </orientation>
      </reachability>
      <reachability>
         <time>1</time>
         <x>
            <intervalStart>26.004</intervalStart>
            <intervalEnd>26.0071</intervalEnd>
         </x>
         <y>
            <intervalStart>-3.9363</intervalStart>
            <intervalEnd>-3.9247</intervalEnd>
         </y>
         <velocity>
            <intervalStart>28.4</intervalStart>
            <intervalEnd>28.4</intervalEnd>
         </velocity>
         <orientation>
            <intervalStart>-0.30023</intervalStart>
            <intervalEnd>-0.29978</intervalEnd>
         </orientation>
      </reachability>
   </reachableSet>
</motionPrimitive>