<?xml version="1.0" encoding="utf-8"?>
<motionPrimitive ID="10404">
   <controller type="generator space control">controller10404.mat</controller>
   <successors>
      <id>9276</id>
      <id>9277</id>
      <id>9278</id>
      <id>9279</id>
      <id>9280</id>
      <id>9281</id>
      <id>9282</id>
      <id>9283</id>
      <id>9284</id>
      <id>9285</id>
      <id>9286</id>
      <id>9287</id>
      <id>9288</id>
      <id>9289</id>
      <id>9290</id>
      <id>9291</id>
      <id>9292</id>
      <id>9293</id>
      <id>9294</id>
      <id>9295</id>
      <id>9296</id>
      <id>9297</id>
      <id>9298</id>
      <id>9299</id>
      <id>9300</id>
      <id>9301</id>
      <id>9302</id>
      <id>9303</id>
      <id>9304</id>
      <id>9305</id>
      <id>9306</id>
      <id>9307</id>
      <id>9308</id>
      <id>9309</id>
      <id>9310</id>
      <id>9311</id>
      <id>9312</id>
      <id>9313</id>
      <id>9314</id>
      <id>9315</id>
      <id>9316</id>
      <id>9317</id>
      <id>9318</id>
      <id>9319</id>
      <id>9320</id>
      <id>9321</id>
      <id>9322</id>
      <id>9323</id>
      <id>9324</id>
      <id>9325</id>
      <id>9326</id>
      <id>9327</id>
      <id>9328</id>
      <id>9329</id>
      <id>9330</id>
      <id>9331</id>
      <id>9332</id>
      <id>9333</id>
      <id>9334</id>
      <id>9335</id>
      <id>9336</id>
      <id>9337</id>
      <id>9338</id>
      <id>9339</id>
      <id>9340</id>
      <id>9341</id>
      <id>9342</id>
      <id>9343</id>
      <id>9344</id>
      <id>9345</id>
      <id>9346</id>
      <id>9347</id>
      <id>9348</id>
      <id>9349</id>
      <id>9350</id>
      <id>9351</id>
      <id>9352</id>
      <id>9353</id>
      <id>9354</id>
      <id>9355</id>
      <id>9356</id>
      <id>9357</id>
      <id>9358</id>
      <id>9359</id>
      <id>9360</id>
      <id>9361</id>
      <id>9362</id>
      <id>9363</id>
      <id>9364</id>
      <id>9365</id>
      <id>9366</id>
      <id>9367</id>
      <id>9368</id>
      <id>9369</id>
      <id>9370</id>
      <id>9371</id>
      <id>9372</id>
      <id>9373</id>
      <id>9374</id>
      <id>9375</id>
      <id>9376</id>
      <id>9377</id>
      <id>9378</id>
      <id>9379</id>
      <id>9380</id>
      <id>9381</id>
      <id>9382</id>
      <id>9383</id>
      <id>9384</id>
      <id>9385</id>
      <id>9386</id>
      <id>9387</id>
      <id>9388</id>
      <id>9389</id>
      <id>9390</id>
      <id>9391</id>
      <id>9392</id>
      <id>9393</id>
      <id>9394</id>
      <id>9395</id>
      <id>9396</id>
      <id>9397</id>
      <id>9398</id>
      <id>9399</id>
      <id>9400</id>
      <id>9401</id>
      <id>9402</id>
      <id>9403</id>
      <id>9404</id>
      <id>9405</id>
      <id>9406</id>
      <id>9407</id>
      <id>9408</id>
      <id>9409</id>
      <id>9410</id>
      <id>9411</id>
      <id>9412</id>
      <id>9413</id>
      <id>9414</id>
      <id>9415</id>
      <id>9416</id>
      <id>9417</id>
      <id>9418</id>
      <id>9419</id>
      <id>9420</id>
      <id>9421</id>
      <id>9422</id>
      <id>9423</id>
      <id>9424</id>
      <id>9425</id>
      <id>9426</id>
      <id>9427</id>
      <id>9428</id>
      <id>9429</id>
      <id>9430</id>
      <id>9431</id>
      <id>9432</id>
      <id>9433</id>
      <id>9434</id>
      <id>9435</id>
      <id>9436</id>
      <id>9437</id>
      <id>9438</id>
      <id>9439</id>
      <id>9440</id>
      <id>9441</id>
      <id>9442</id>
      <id>9443</id>
      <id>9444</id>
      <id>9445</id>
      <id>9446</id>
      <id>9447</id>
      <id>9448</id>
      <id>9449</id>
      <id>9450</id>
      <id>9451</id>
      <id>9452</id>
      <id>9453</id>
      <id>9454</id>
      <id>9455</id>
   </successors>
   <trajectory>
      <states>
         <state>
            <time>0</time>
            <x>0</x>
            <y>0</y>
            <velocity>24.8</velocity>
            <orientation>0</orientation>
         </state>
         <state>
            <time>0.1</time>
            <x>2.4696</x>
            <y>-0.038448</y>
            <velocity>24.6</velocity>
            <orientation>-0.031134</orientation>
         </state>
         <state>
            <time>0.2</time>
            <x>4.9168</x>
            <y>-0.15251</y>
            <velocity>24.4</velocity>
            <orientation>-0.062017</orientation>
         </state>
         <state>
            <time>0.3</time>
            <x>7.3395</x>
            <y>-0.34023</y>
            <velocity>24.2</velocity>
            <orientation>-0.092647</orientation>
         </state>
         <state>
            <time>0.4</time>
            <x>9.7354</x>
            <y>-0.59961</y>
            <velocity>24</velocity>
            <orientation>-0.12303</orientation>
         </state>
         <state>
            <time>0.5</time>
            <x>12.1026</x>
            <y>-0.92858</y>
            <velocity>23.8</velocity>
            <orientation>-0.15315</orientation>
         </state>
         <state>
            <time>0.6</time>
            <x>14.4391</x>
            <y>-1.3251</y>
            <velocity>23.6</velocity>
            <orientation>-0.18303</orientation>
         </state>
         <state>
            <time>0.7</time>
            <x>16.7431</x>
            <y>-1.7869</y>
            <velocity>23.4</velocity>
            <orientation>-0.21265</orientation>
         </state>
         <state>
            <time>0.8</time>
            <x>19.0131</x>
            <y>-2.312</y>
            <velocity>23.2</velocity>
            <orientation>-0.24202</orientation>
         </state>
         <state>
            <time>0.9</time>
            <x>21.2474</x>
            <y>-2.8982</y>
            <velocity>23</velocity>
            <orientation>-0.27113</orientation>
         </state>
         <state>
            <time>1</time>
            <x>23.4446</x>
            <y>-3.5433</y>
            <velocity>22.8</velocity>
            <orientation>-0.3</orientation>
         </state>
      </states>
      <inputs>
         <input>
            <acceleration>-2</acceleration>
            <steer>-0.028983</steer>
         </input>
         <input>
            <acceleration>-2</acceleration>
            <steer>-0.028983</steer>
         </input>
         <input>
            <acceleration>-2</acceleration>
            <steer>-0.028983</steer>
         </input>
         <input>
            <acceleration>-2</acceleration>
            <steer>-0.028983</steer>
         </input>
         <input>
            <acceleration>-2</acceleration>
            <steer>-0.028983</steer>
         </input>
         <input>
            <acceleration>-2</acceleration>
            <steer>-0.028983</steer>
         </input>
         <input>
            <acceleration>-2</acceleration>
            <steer>-0.028983</steer>
         </input>
         <input>
            <acceleration>-2</acceleration>
            <steer>-0.028983</steer>
         </input>
         <input>
            <acceleration>-2</acceleration>
            <steer>-0.028983</steer>
         </input>
         <input>
            <acceleration>-2</acceleration>
            <steer>-0.028983</steer>
         </input>
      </inputs>
   </trajectory>
   <occupancySet>
      <occupancy>
         <time>
            <intervalStart>0</intervalStart>
            <intervalEnd>0.1</intervalEnd>
         </time>
         <set>
            <point>
               <element dimension="1">-1.1229</element>
               <element dimension="2">-1.0186</element>
            </point>
            <point>
               <element dimension="1">-1.1197</element>
               <element dimension="2">1.0253</element>
            </point>
            <point>
               <element dimension="1">-1.1197</element>
               <element dimension="2">1.0256</element>
            </point>
            <point>
               <element dimension="1">-1.1197</element>
               <element dimension="2">1.0264</element>
            </point>
            <point>
               <element dimension="1">3.383</element>
               <element dimension="2">1.0194</element>
            </point>
            <point>
               <element dimension="1">3.6612</element>
               <element dimension="2">1.015</element>
            </point>
            <point>
               <element dimension="1">5.9027</element>
               <element dimension="2">0.94868</element>
            </point>
            <point>
               <element dimension="1">5.9024</element>
               <element dimension="2">0.73944</element>
            </point>
            <point>
               <element dimension="1">5.9002</element>
               <element dimension="2">0.59836</element>
            </point>
            <point>
               <element dimension="1">5.8493</element>
               <element dimension="2">-1.1199</element>
            </point>
            <point>
               <element dimension="1">5.3144</element>
               <element dimension="2">-1.119</element>
            </point>
            <point>
               <element dimension="1">-1.1135</element>
               <element dimension="2">-1.0189</element>
            </point>
         </set>
      </occupancy>
      <occupancy>
         <time>
            <intervalStart>0.1</intervalStart>
            <intervalEnd>0.2</intervalEnd>
         </time>
         <set>
            <point>
               <element dimension="1">1.0847</element>
               <element dimension="2">-0.98018</element>
            </point>
            <point>
               <element dimension="1">1.1427</element>
               <element dimension="2">0.98153</element>
            </point>
            <point>
               <element dimension="1">1.1435</element>
               <element dimension="2">0.99476</element>
            </point>
            <point>
               <element dimension="1">5.1921</element>
               <element dimension="2">0.87493</element>
            </point>
            <point>
               <element dimension="1">5.9016</element>
               <element dimension="2">0.84295</element>
            </point>
            <point>
               <element dimension="1">8.3697</element>
               <element dimension="2">0.69348</element>
            </point>
            <point>
               <element dimension="1">8.3611</element>
               <element dimension="2">0.40319</element>
            </point>
            <point>
               <element dimension="1">8.2557</element>
               <element dimension="2">-1.3372</element>
            </point>
            <point>
               <element dimension="1">8.087</element>
               <element dimension="2">-1.3322</element>
            </point>
            <point>
               <element dimension="1">3.4389</element>
               <element dimension="2">-1.1228</element>
            </point>
         </set>
      </occupancy>
      <occupancy>
         <time>
            <intervalStart>0.2</intervalStart>
            <intervalEnd>0.3</intervalEnd>
         </time>
         <set>
            <point>
               <element dimension="1">3.5114</element>
               <element dimension="2">-1.0511</element>
            </point>
            <point>
               <element dimension="1">3.6296</element>
               <element dimension="2">0.9006</element>
            </point>
            <point>
               <element dimension="1">3.6309</element>
               <element dimension="2">0.91556</element>
            </point>
            <point>
               <element dimension="1">7.963</element>
               <element dimension="2">0.6532</element>
            </point>
            <point>
               <element dimension="1">8.3651</element>
               <element dimension="2">0.62266</element>
            </point>
            <point>
               <element dimension="1">10.8063</element>
               <element dimension="2">0.39957</element>
            </point>
            <point>
               <element dimension="1">10.79</element>
               <element dimension="2">0.12954</element>
            </point>
            <point>
               <element dimension="1">10.6306</element>
               <element dimension="2">-1.6146</element>
            </point>
            <point>
               <element dimension="1">10.4843</element>
               <element dimension="2">-1.6057</element>
            </point>
            <point>
               <element dimension="1">5.1327</element>
               <element dimension="2">-1.1993</element>
            </point>
         </set>
      </occupancy>
      <occupancy>
         <time>
            <intervalStart>0.3</intervalStart>
            <intervalEnd>0.4</intervalEnd>
         </time>
         <set>
            <point>
               <element dimension="1">5.9211</element>
               <element dimension="2">-1.1847</element>
            </point>
            <point>
               <element dimension="1">6.0962</element>
               <element dimension="2">0.73232</element>
            </point>
            <point>
               <element dimension="1">6.0988</element>
               <element dimension="2">0.75324</element>
            </point>
            <point>
               <element dimension="1">10.4238</element>
               <element dimension="2">0.358</element>
            </point>
            <point>
               <element dimension="1">10.7957</element>
               <element dimension="2">0.31831</element>
            </point>
            <point>
               <element dimension="1">13.2121</element>
               <element dimension="2">0.023225</element>
            </point>
            <point>
               <element dimension="1">13.1901</element>
               <element dimension="2">-0.21716</element>
            </point>
            <point>
               <element dimension="1">12.9773</element>
               <element dimension="2">-1.9597</element>
            </point>
            <point>
               <element dimension="1">12.8524</element>
               <element dimension="2">-1.9482</element>
            </point>
            <point>
               <element dimension="1">7.4669</element>
               <element dimension="2">-1.3735</element>
            </point>
         </set>
      </occupancy>
      <occupancy>
         <time>
            <intervalStart>0.4</intervalStart>
            <intervalEnd>0.5</intervalEnd>
         </time>
         <set>
            <point>
               <element dimension="1">8.306</element>
               <element dimension="2">-1.389</element>
            </point>
            <point>
               <element dimension="1">8.5363</element>
               <element dimension="2">0.49732</element>
            </point>
            <point>
               <element dimension="1">8.5392</element>
               <element dimension="2">0.51592</element>
            </point>
            <point>
               <element dimension="1">12.8599</element>
               <element dimension="2">-0.011728</element>
            </point>
            <point>
               <element dimension="1">13.1977</element>
               <element dimension="2">-0.058152</element>
            </point>
            <point>
               <element dimension="1">15.5832</element>
               <element dimension="2">-0.42273</element>
            </point>
            <point>
               <element dimension="1">15.5572</element>
               <element dimension="2">-0.63601</element>
            </point>
            <point>
               <element dimension="1">15.2925</element>
               <element dimension="2">-2.3678</element>
            </point>
            <point>
               <element dimension="1">15.19</element>
               <element dimension="2">-2.3553</element>
            </point>
            <point>
               <element dimension="1">9.6141</element>
               <element dimension="2">-1.589</element>
            </point>
         </set>
      </occupancy>
      <occupancy>
         <time>
            <intervalStart>0.5</intervalStart>
            <intervalEnd>0.6</intervalEnd>
         </time>
         <set>
            <point>
               <element dimension="1">10.6664</element>
               <element dimension="2">-1.66</element>
            </point>
            <point>
               <element dimension="1">10.949</element>
               <element dimension="2">0.18874</element>
            </point>
            <point>
               <element dimension="1">10.9517</element>
               <element dimension="2">0.20384</element>
            </point>
            <point>
               <element dimension="1">15.2159</element>
               <element dimension="2">-0.44784</element>
            </point>
            <point>
               <element dimension="1">15.5646</element>
               <element dimension="2">-0.50649</element>
            </point>
            <point>
               <element dimension="1">17.9188</element>
               <element dimension="2">-0.93863</element>
            </point>
            <point>
               <element dimension="1">17.891</element>
               <element dimension="2">-1.121</element>
            </point>
            <point>
               <element dimension="1">17.5752</element>
               <element dimension="2">-2.841</element>
            </point>
            <point>
               <element dimension="1">17.4949</element>
               <element dimension="2">-2.8287</element>
            </point>
            <point>
               <element dimension="1">11.9949</element>
               <element dimension="2">-1.9039</element>
            </point>
         </set>
      </occupancy>
      <occupancy>
         <time>
            <intervalStart>0.6</intervalStart>
            <intervalEnd>0.7</intervalEnd>
         </time>
         <set>
            <point>
               <element dimension="1">12.9989</element>
               <element dimension="2">-1.9996</element>
            </point>
            <point>
               <element dimension="1">13.3312</element>
               <element dimension="2">-0.18962</element>
            </point>
            <point>
               <element dimension="1">13.3337</element>
               <element dimension="2">-0.17774</element>
            </point>
            <point>
               <element dimension="1">17.55</element>
               <element dimension="2">-0.95169</element>
            </point>
            <point>
               <element dimension="1">17.8974</element>
               <element dimension="2">-1.0208</element>
            </point>
            <point>
               <element dimension="1">20.2176</element>
               <element dimension="2">-1.5182</element>
            </point>
            <point>
               <element dimension="1">20.1897</element>
               <element dimension="2">-1.67</element>
            </point>
            <point>
               <element dimension="1">19.8238</element>
               <element dimension="2">-3.3769</element>
            </point>
            <point>
               <element dimension="1">19.7654</element>
               <element dimension="2">-3.3662</element>
            </point>
            <point>
               <element dimension="1">14.3332</element>
               <element dimension="2">-2.2856</element>
            </point>
         </set>
      </occupancy>
      <occupancy>
         <time>
            <intervalStart>0.7</intervalStart>
            <intervalEnd>0.8</intervalEnd>
         </time>
         <set>
            <point>
               <element dimension="1">15.3016</element>
               <element dimension="2">-2.4055</element>
            </point>
            <point>
               <element dimension="1">15.681</element>
               <element dimension="2">-0.63539</element>
            </point>
            <point>
               <element dimension="1">15.6832</element>
               <element dimension="2">-0.62666</element>
            </point>
            <point>
               <element dimension="1">19.8485</element>
               <element dimension="2">-1.5196</element>
            </point>
            <point>
               <element dimension="1">20.1942</element>
               <element dimension="2">-1.599</element>
            </point>
            <point>
               <element dimension="1">22.4779</element>
               <element dimension="2">-2.1592</element>
            </point>
            <point>
               <element dimension="1">22.4518</element>
               <element dimension="2">-2.2809</element>
            </point>
            <point>
               <element dimension="1">22.0367</element>
               <element dimension="2">-3.9733</element>
            </point>
            <point>
               <element dimension="1">21.9999</element>
               <element dimension="2">-3.9654</element>
            </point>
            <point>
               <element dimension="1">16.6396</element>
               <element dimension="2">-2.7337</element>
            </point>
         </set>
      </occupancy>
      <occupancy>
         <time>
            <intervalStart>0.8</intervalStart>
            <intervalEnd>0.9</intervalEnd>
         </time>
         <set>
            <point>
               <element dimension="1">17.5726</element>
               <element dimension="2">-2.8757</element>
            </point>
            <point>
               <element dimension="1">17.9969</element>
               <element dimension="2">-1.1464</element>
            </point>
            <point>
               <element dimension="1">17.9984</element>
               <element dimension="2">-1.1407</element>
            </point>
            <point>
               <element dimension="1">22.1079</element>
               <element dimension="2">-2.1488</element>
            </point>
            <point>
               <element dimension="1">22.4535</element>
               <element dimension="2">-2.2389</element>
            </point>
            <point>
               <element dimension="1">24.6984</element>
               <element dimension="2">-2.8595</element>
            </point>
            <point>
               <element dimension="1">24.6759</element>
               <element dimension="2">-2.9514</element>
            </point>
            <point>
               <element dimension="1">24.2123</element>
               <element dimension="2">-4.6285</element>
            </point>
            <point>
               <element dimension="1">24.2074</element>
               <element dimension="2">-4.6273</element>
            </point>
            <point>
               <element dimension="1">18.9283</element>
               <element dimension="2">-3.2504</element>
            </point>
         </set>
      </occupancy>
      <occupancy>
         <time>
            <intervalStart>0.9</intervalStart>
            <intervalEnd>1</intervalEnd>
         </time>
         <set>
            <point>
               <element dimension="1">19.8104</element>
               <element dimension="2">-3.4082</element>
            </point>
            <point>
               <element dimension="1">20.277</element>
               <element dimension="2">-1.7204</element>
            </point>
            <point>
               <element dimension="1">20.2785</element>
               <element dimension="2">-1.7155</element>
            </point>
            <point>
               <element dimension="1">24.1757</element>
               <element dimension="2">-2.7928</element>
            </point>
            <point>
               <element dimension="1">24.6731</element>
               <element dimension="2">-2.938</element>
            </point>
            <point>
               <element dimension="1">26.8774</element>
               <element dimension="2">-3.6164</element>
            </point>
            <point>
               <element dimension="1">26.8533</element>
               <element dimension="2">-3.7034</element>
            </point>
            <point>
               <element dimension="1">26.3494</element>
               <element dimension="2">-5.3407</element>
            </point>
            <point>
               <element dimension="1">26.3465</element>
               <element dimension="2">-5.3399</element>
            </point>
            <point>
               <element dimension="1">21.2678</element>
               <element dimension="2">-3.8567</element>
            </point>
         </set>
      </occupancy>
   </occupancySet>
   <reachableSet>
      <reachability>
         <time>0</time>
         <x>
            <intervalStart>-0.1</intervalStart>
            <intervalEnd>0.1</intervalEnd>
         </x>
         <y>
            <intervalStart>-0.1</intervalStart>
            <intervalEnd>0.1</intervalEnd>
         </y>
         <velocity>
            <intervalStart>24.6</intervalStart>
            <intervalEnd>25</intervalEnd>
         </velocity>
         <orientation>
            <intervalStart>-0.02</intervalStart>
            <intervalEnd>0.02</intervalEnd>
         </orientation>
      </reachability>
      <reachability>
         <time>1</time>
         <x>
            <intervalStart>23.4428</intervalStart>
            <intervalEnd>23.4459</intervalEnd>
         </x>
         <y>
            <intervalStart>-3.5486</intervalStart>
            <intervalEnd>-3.5382</intervalEnd>
         </y>
         <velocity>
            <intervalStart>22.8</intervalStart>
            <intervalEnd>22.8</intervalEnd>
         </velocity>
         <orientation>
            <intervalStart>-0.30023</intervalStart>
            <intervalEnd>-0.29978</intervalEnd>
         </orientation>
      </reachability>
   </reachableSet>
</motionPrimitive>