<?xml version="1.0" encoding="utf-8"?>
<motionPrimitive ID="10395">
   <controller type="generator space control">controller10395.mat</controller>
   <successors>
      <id>11121</id>
      <id>11122</id>
      <id>11123</id>
      <id>11124</id>
      <id>11125</id>
      <id>11126</id>
      <id>11127</id>
      <id>11128</id>
      <id>11129</id>
      <id>11130</id>
      <id>11131</id>
      <id>11132</id>
      <id>11133</id>
      <id>11134</id>
      <id>11135</id>
      <id>11136</id>
      <id>11137</id>
      <id>11138</id>
      <id>11139</id>
      <id>11140</id>
      <id>11141</id>
      <id>11142</id>
      <id>11143</id>
      <id>11144</id>
      <id>11145</id>
      <id>11146</id>
      <id>11147</id>
      <id>11148</id>
      <id>11149</id>
      <id>11150</id>
      <id>11151</id>
      <id>11152</id>
      <id>11153</id>
      <id>11154</id>
      <id>11155</id>
      <id>11156</id>
      <id>11157</id>
      <id>11158</id>
      <id>11159</id>
      <id>11160</id>
      <id>11161</id>
      <id>11162</id>
      <id>11163</id>
      <id>11164</id>
      <id>11165</id>
      <id>11166</id>
      <id>11167</id>
      <id>11168</id>
      <id>11169</id>
      <id>11170</id>
      <id>11171</id>
      <id>11172</id>
      <id>11173</id>
      <id>11174</id>
      <id>11175</id>
      <id>11176</id>
      <id>11177</id>
      <id>11178</id>
      <id>11179</id>
      <id>11180</id>
      <id>11181</id>
      <id>11182</id>
      <id>11183</id>
      <id>11184</id>
      <id>11185</id>
      <id>11186</id>
      <id>11187</id>
      <id>11188</id>
      <id>11189</id>
      <id>11190</id>
      <id>11191</id>
      <id>11192</id>
      <id>11193</id>
      <id>11194</id>
      <id>11195</id>
      <id>11196</id>
      <id>11197</id>
      <id>11198</id>
      <id>11199</id>
      <id>11200</id>
      <id>11201</id>
      <id>11202</id>
      <id>11203</id>
      <id>11204</id>
      <id>11205</id>
      <id>11206</id>
      <id>11207</id>
      <id>11208</id>
      <id>11209</id>
      <id>11210</id>
      <id>11211</id>
      <id>11212</id>
      <id>11213</id>
      <id>11214</id>
      <id>11215</id>
      <id>11216</id>
      <id>11217</id>
      <id>11218</id>
      <id>11219</id>
      <id>11220</id>
      <id>11221</id>
      <id>11222</id>
      <id>11223</id>
      <id>11224</id>
      <id>11225</id>
      <id>11226</id>
      <id>11227</id>
      <id>11228</id>
      <id>11229</id>
      <id>11230</id>
      <id>11231</id>
      <id>11232</id>
      <id>11233</id>
      <id>11234</id>
      <id>11235</id>
      <id>11236</id>
      <id>11237</id>
      <id>11238</id>
      <id>11239</id>
      <id>11240</id>
      <id>11241</id>
      <id>11242</id>
      <id>11243</id>
      <id>11244</id>
      <id>11245</id>
      <id>11246</id>
      <id>11247</id>
      <id>11248</id>
      <id>11249</id>
      <id>11250</id>
      <id>11251</id>
      <id>11252</id>
      <id>11253</id>
      <id>11254</id>
      <id>11255</id>
      <id>11256</id>
      <id>11257</id>
      <id>11258</id>
      <id>11259</id>
      <id>11260</id>
      <id>11261</id>
      <id>11262</id>
      <id>11263</id>
      <id>11264</id>
      <id>11265</id>
      <id>11266</id>
      <id>11267</id>
      <id>11268</id>
      <id>11269</id>
      <id>11270</id>
      <id>11271</id>
      <id>11272</id>
      <id>11273</id>
      <id>11274</id>
      <id>11275</id>
      <id>11276</id>
      <id>11277</id>
      <id>11278</id>
      <id>11279</id>
      <id>11280</id>
      <id>11281</id>
      <id>11282</id>
      <id>11283</id>
      <id>11284</id>
      <id>11285</id>
   </successors>
   <trajectory>
      <states>
         <state>
            <time>0</time>
            <x>0</x>
            <y>0</y>
            <velocity>24.8</velocity>
            <orientation>0</orientation>
         </state>
         <state>
            <time>0.1</time>
            <x>2.4898</x>
            <y>0.024031</y>
            <velocity>25</velocity>
            <orientation>0.019302</orientation>
         </state>
         <state>
            <time>0.2</time>
            <x>4.9987</x>
            <y>0.096887</y>
            <velocity>25.2</velocity>
            <orientation>0.03876</orientation>
         </state>
         <state>
            <time>0.3</time>
            <x>7.5257</x>
            <y>0.21971</y>
            <velocity>25.4</velocity>
            <orientation>0.058372</orientation>
         </state>
         <state>
            <time>0.4</time>
            <x>10.0697</x>
            <y>0.39362</y>
            <velocity>25.6</velocity>
            <orientation>0.07814</orientation>
         </state>
         <state>
            <time>0.5</time>
            <x>12.6297</x>
            <y>0.61975</y>
            <velocity>25.8</velocity>
            <orientation>0.098062</orientation>
         </state>
         <state>
            <time>0.6</time>
            <x>15.2046</x>
            <y>0.89918</y>
            <velocity>26</velocity>
            <orientation>0.11814</orientation>
         </state>
         <state>
            <time>0.7</time>
            <x>17.7931</x>
            <y>1.233</y>
            <velocity>26.2</velocity>
            <orientation>0.13837</orientation>
         </state>
         <state>
            <time>0.8</time>
            <x>20.3941</x>
            <y>1.6223</y>
            <velocity>26.4</velocity>
            <orientation>0.15876</orientation>
         </state>
         <state>
            <time>0.9</time>
            <x>23.0063</x>
            <y>2.0681</y>
            <velocity>26.6</velocity>
            <orientation>0.1793</orientation>
         </state>
         <state>
            <time>1</time>
            <x>25.6283</x>
            <y>2.5714</y>
            <velocity>26.8</velocity>
            <orientation>0.2</orientation>
         </state>
      </states>
      <inputs>
         <input>
            <acceleration>2</acceleration>
            <steer>0.017828</steer>
         </input>
         <input>
            <acceleration>2</acceleration>
            <steer>0.017828</steer>
         </input>
         <input>
            <acceleration>2</acceleration>
            <steer>0.017828</steer>
         </input>
         <input>
            <acceleration>2</acceleration>
            <steer>0.017828</steer>
         </input>
         <input>
            <acceleration>2</acceleration>
            <steer>0.017828</steer>
         </input>
         <input>
            <acceleration>2</acceleration>
            <steer>0.017828</steer>
         </input>
         <input>
            <acceleration>2</acceleration>
            <steer>0.017828</steer>
         </input>
         <input>
            <acceleration>2</acceleration>
            <steer>0.017828</steer>
         </input>
         <input>
            <acceleration>2</acceleration>
            <steer>0.017828</steer>
         </input>
         <input>
            <acceleration>2</acceleration>
            <steer>0.017828</steer>
         </input>
      </inputs>
   </trajectory>
   <occupancySet>
      <occupancy>
         <time>
            <intervalStart>0</intervalStart>
            <intervalEnd>0.1</intervalEnd>
         </time>
         <set>
            <point>
               <element dimension="1">-1.1217</element>
               <element dimension="2">1.0187</element>
            </point>
            <point>
               <element dimension="1">-1.1145</element>
               <element dimension="2">1.0188</element>
            </point>
            <point>
               <element dimension="1">3.5728</element>
               <element dimension="2">1.064</element>
            </point>
            <point>
               <element dimension="1">5.8799</element>
               <element dimension="2">1.0662</element>
            </point>
            <point>
               <element dimension="1">5.9114</element>
               <element dimension="2">-0.65103</element>
            </point>
            <point>
               <element dimension="1">5.9128</element>
               <element dimension="2">-0.79809</element>
            </point>
            <point>
               <element dimension="1">5.913</element>
               <element dimension="2">-0.97513</element>
            </point>
            <point>
               <element dimension="1">3.6624</element>
               <element dimension="2">-1.0164</element>
            </point>
            <point>
               <element dimension="1">3.4174</element>
               <element dimension="2">-1.0188</element>
            </point>
            <point>
               <element dimension="1">-1.1197</element>
               <element dimension="2">-1.0231</element>
            </point>
            <point>
               <element dimension="1">-1.1197</element>
               <element dimension="2">-1.0229</element>
            </point>
            <point>
               <element dimension="1">-1.1197</element>
               <element dimension="2">-1.0226</element>
            </point>
         </set>
      </occupancy>
      <occupancy>
         <time>
            <intervalStart>0.1</intervalStart>
            <intervalEnd>0.2</intervalEnd>
         </time>
         <set>
            <point>
               <element dimension="1">1.1134</element>
               <element dimension="2">0.97967</element>
            </point>
            <point>
               <element dimension="1">3.3219</element>
               <element dimension="2">1.0632</element>
            </point>
            <point>
               <element dimension="1">8.1925</element>
               <element dimension="2">1.1999</element>
            </point>
            <point>
               <element dimension="1">8.361</element>
               <element dimension="2">1.203</element>
            </point>
            <point>
               <element dimension="1">8.4266</element>
               <element dimension="2">-0.53172</element>
            </point>
            <point>
               <element dimension="1">8.4267</element>
               <element dimension="2">-0.53668</element>
            </point>
            <point>
               <element dimension="1">8.4315</element>
               <element dimension="2">-0.79896</element>
            </point>
            <point>
               <element dimension="1">5.912</element>
               <element dimension="2">-0.89422</element>
            </point>
            <point>
               <element dimension="1">5.2623</element>
               <element dimension="2">-0.91245</element>
            </point>
            <point>
               <element dimension="1">1.1497</element>
               <element dimension="2">-0.98788</element>
            </point>
            <point>
               <element dimension="1">1.1494</element>
               <element dimension="2">-0.98017</element>
            </point>
         </set>
      </occupancy>
      <occupancy>
         <time>
            <intervalStart>0.2</intervalStart>
            <intervalEnd>0.3</intervalEnd>
         </time>
         <set>
            <point>
               <element dimension="1">3.609</element>
               <element dimension="2">1.0241</element>
            </point>
            <point>
               <element dimension="1">4.7302</element>
               <element dimension="2">1.0885</element>
            </point>
            <point>
               <element dimension="1">10.7087</element>
               <element dimension="2">1.3733</element>
            </point>
            <point>
               <element dimension="1">10.855</element>
               <element dimension="2">1.3788</element>
            </point>
            <point>
               <element dimension="1">10.9548</element>
               <element dimension="2">-0.35923</element>
            </point>
            <point>
               <element dimension="1">10.9642</element>
               <element dimension="2">-0.60765</element>
            </point>
            <point>
               <element dimension="1">8.429</element>
               <element dimension="2">-0.75332</element>
            </point>
            <point>
               <element dimension="1">8.1593</element>
               <element dimension="2">-0.76617</element>
            </point>
            <point>
               <element dimension="1">3.6832</element>
               <element dimension="2">-0.93539</element>
            </point>
            <point>
               <element dimension="1">3.6828</element>
               <element dimension="2">-0.92727</element>
            </point>
         </set>
      </occupancy>
      <occupancy>
         <time>
            <intervalStart>0.3</intervalStart>
            <intervalEnd>0.4</intervalEnd>
         </time>
         <set>
            <point>
               <element dimension="1">6.1281</element>
               <element dimension="2">1.1076</element>
            </point>
            <point>
               <element dimension="1">7.1906</element>
               <element dimension="2">1.1897</element>
            </point>
            <point>
               <element dimension="1">13.2402</element>
               <element dimension="2">1.5973</element>
            </point>
            <point>
               <element dimension="1">13.3653</element>
               <element dimension="2">1.6045</element>
            </point>
            <point>
               <element dimension="1">13.4997</element>
               <element dimension="2">-0.13378</element>
            </point>
            <point>
               <element dimension="1">13.5123</element>
               <element dimension="2">-0.35392</element>
            </point>
            <point>
               <element dimension="1">10.9585</element>
               <element dimension="2">-0.55134</element>
            </point>
            <point>
               <element dimension="1">10.6611</element>
               <element dimension="2">-0.57138</element>
            </point>
            <point>
               <element dimension="1">6.2394</element>
               <element dimension="2">-0.82543</element>
            </point>
            <point>
               <element dimension="1">6.2385</element>
               <element dimension="2">-0.81289</element>
            </point>
         </set>
      </occupancy>
      <occupancy>
         <time>
            <intervalStart>0.4</intervalStart>
            <intervalEnd>0.5</intervalEnd>
         </time>
         <set>
            <point>
               <element dimension="1">8.665</element>
               <element dimension="2">1.2411</element>
            </point>
            <point>
               <element dimension="1">9.5068</element>
               <element dimension="2">1.3231</element>
            </point>
            <point>
               <element dimension="1">15.7871</element>
               <element dimension="2">1.8715</element>
            </point>
            <point>
               <element dimension="1">15.89</element>
               <element dimension="2">1.8795</element>
            </point>
            <point>
               <element dimension="1">16.0588</element>
               <element dimension="2">0.14635</element>
            </point>
            <point>
               <element dimension="1">16.0737</element>
               <element dimension="2">-0.046855</element>
            </point>
            <point>
               <element dimension="1">13.5051</element>
               <element dimension="2">-0.29696</element>
            </point>
            <point>
               <element dimension="1">13.2468</element>
               <element dimension="2">-0.31952</element>
            </point>
            <point>
               <element dimension="1">8.8124</element>
               <element dimension="2">-0.66232</element>
            </point>
            <point>
               <element dimension="1">8.8113</element>
               <element dimension="2">-0.65106</element>
            </point>
         </set>
      </occupancy>
      <occupancy>
         <time>
            <intervalStart>0.5</intervalStart>
            <intervalEnd>0.6</intervalEnd>
         </time>
         <set>
            <point>
               <element dimension="1">11.2199</element>
               <element dimension="2">1.4243</element>
            </point>
            <point>
               <element dimension="1">12.0877</element>
               <element dimension="2">1.5264</element>
            </point>
            <point>
               <element dimension="1">18.3478</element>
               <element dimension="2">2.1994</element>
            </point>
            <point>
               <element dimension="1">18.4285</element>
               <element dimension="2">2.2073</element>
            </point>
            <point>
               <element dimension="1">18.6318</element>
               <element dimension="2">0.47981</element>
            </point>
            <point>
               <element dimension="1">18.6477</element>
               <element dimension="2">0.31628</element>
            </point>
            <point>
               <element dimension="1">16.0643</element>
               <element dimension="2">0.012277</element>
            </point>
            <point>
               <element dimension="1">15.7966</element>
               <element dimension="2">-0.016504</element>
            </point>
            <point>
               <element dimension="1">11.402</element>
               <element dimension="2">-0.4444</element>
            </point>
            <point>
               <element dimension="1">11.401</element>
               <element dimension="2">-0.43529</element>
            </point>
         </set>
      </occupancy>
      <occupancy>
         <time>
            <intervalStart>0.6</intervalStart>
            <intervalEnd>0.7</intervalEnd>
         </time>
         <set>
            <point>
               <element dimension="1">13.7909</element>
               <element dimension="2">1.6607</element>
            </point>
            <point>
               <element dimension="1">14.6725</element>
               <element dimension="2">1.7825</element>
            </point>
            <point>
               <element dimension="1">20.9209</element>
               <element dimension="2">2.582</element>
            </point>
            <point>
               <element dimension="1">20.9796</element>
               <element dimension="2">2.5889</element>
            </point>
            <point>
               <element dimension="1">21.2175</element>
               <element dimension="2">0.86778</element>
            </point>
            <point>
               <element dimension="1">21.2333</element>
               <element dimension="2">0.73405</element>
            </point>
            <point>
               <element dimension="1">18.6367</element>
               <element dimension="2">0.37512</element>
            </point>
            <point>
               <element dimension="1">18.3707</element>
               <element dimension="2">0.34108</element>
            </point>
            <point>
               <element dimension="1">14.0068</element>
               <element dimension="2">-0.17243</element>
            </point>
            <point>
               <element dimension="1">14.0058</element>
               <element dimension="2">-0.16533</element>
            </point>
         </set>
      </occupancy>
      <occupancy>
         <time>
            <intervalStart>0.7</intervalStart>
            <intervalEnd>0.8</intervalEnd>
         </time>
         <set>
            <point>
               <element dimension="1">16.377</element>
               <element dimension="2">1.9513</element>
            </point>
            <point>
               <element dimension="1">17.2713</element>
               <element dimension="2">2.0936</element>
            </point>
            <point>
               <element dimension="1">23.5053</element>
               <element dimension="2">3.0202</element>
            </point>
            <point>
               <element dimension="1">23.5422</element>
               <element dimension="2">3.0253</element>
            </point>
            <point>
               <element dimension="1">23.8148</element>
               <element dimension="2">1.3113</element>
            </point>
            <point>
               <element dimension="1">23.8291</element>
               <element dimension="2">1.2076</element>
            </point>
            <point>
               <element dimension="1">21.2212</element>
               <element dimension="2">0.79273</element>
            </point>
            <point>
               <element dimension="1">20.9569</element>
               <element dimension="2">0.75345</element>
            </point>
            <point>
               <element dimension="1">16.6254</element>
               <element dimension="2">0.15471</element>
            </point>
            <point>
               <element dimension="1">16.6246</element>
               <element dimension="2">0.15979</element>
            </point>
         </set>
      </occupancy>
      <occupancy>
         <time>
            <intervalStart>0.8</intervalStart>
            <intervalEnd>0.9</intervalEnd>
         </time>
         <set>
            <point>
               <element dimension="1">18.9768</element>
               <element dimension="2">2.2974</element>
            </point>
            <point>
               <element dimension="1">19.8865</element>
               <element dimension="2">2.4613</element>
            </point>
            <point>
               <element dimension="1">26.1063</element>
               <element dimension="2">3.5162</element>
            </point>
            <point>
               <element dimension="1">26.1148</element>
               <element dimension="2">3.5176</element>
            </point>
            <point>
               <element dimension="1">26.4222</element>
               <element dimension="2">1.8114</element>
            </point>
            <point>
               <element dimension="1">26.434</element>
               <element dimension="2">1.7378</element>
            </point>
            <point>
               <element dimension="1">23.8165</element>
               <element dimension="2">1.2661</element>
            </point>
            <point>
               <element dimension="1">23.5521</element>
               <element dimension="2">1.2213</element>
            </point>
            <point>
               <element dimension="1">19.2567</element>
               <element dimension="2">0.53806</element>
            </point>
            <point>
               <element dimension="1">19.2561</element>
               <element dimension="2">0.54115</element>
            </point>
         </set>
      </occupancy>
      <occupancy>
         <time>
            <intervalStart>0.9</intervalStart>
            <intervalEnd>1</intervalEnd>
         </time>
         <set>
            <point>
               <element dimension="1">21.5891</element>
               <element dimension="2">2.6999</element>
            </point>
            <point>
               <element dimension="1">22.7423</element>
               <element dimension="2">2.9324</element>
            </point>
            <point>
               <element dimension="1">28.6943</element>
               <element dimension="2">4.0686</element>
            </point>
            <point>
               <element dimension="1">28.6965</element>
               <element dimension="2">4.069</element>
            </point>
            <point>
               <element dimension="1">29.0345</element>
               <element dimension="2">2.3925</element>
            </point>
            <point>
               <element dimension="1">29.0466</element>
               <element dimension="2">2.3257</element>
            </point>
            <point>
               <element dimension="1">26.4214</element>
               <element dimension="2">1.7964</element>
            </point>
            <point>
               <element dimension="1">26.1418</element>
               <element dimension="2">1.743</element>
            </point>
            <point>
               <element dimension="1">21.8993</element>
               <element dimension="2">0.97855</element>
            </point>
            <point>
               <element dimension="1">21.8991</element>
               <element dimension="2">0.97981</element>
            </point>
         </set>
      </occupancy>
   </occupancySet>
   <reachableSet>
      <reachability>
         <time>0</time>
         <x>
            <intervalStart>-0.1</intervalStart>
            <intervalEnd>0.1</intervalEnd>
         </x>
         <y>
            <intervalStart>-0.1</intervalStart>
            <intervalEnd>0.1</intervalEnd>
         </y>
         <velocity>
            <intervalStart>24.6</intervalStart>
            <intervalEnd>25</intervalEnd>
         </velocity>
         <orientation>
            <intervalStart>-0.02</intervalStart>
            <intervalEnd>0.02</intervalEnd>
         </orientation>
      </reachability>
      <reachability>
         <time>1</time>
         <x>
            <intervalStart>25.627</intervalStart>
            <intervalEnd>25.6292</intervalEnd>
         </x>
         <y>
            <intervalStart>2.5663</intervalStart>
            <intervalEnd>2.5767</intervalEnd>
         </y>
         <velocity>
            <intervalStart>26.8</intervalStart>
            <intervalEnd>26.8</intervalEnd>
         </velocity>
         <orientation>
            <intervalStart>0.19979</intervalStart>
            <intervalEnd>0.20021</intervalEnd>
         </orientation>
      </reachability>
   </reachableSet>
</motionPrimitive>