<?xml version="1.0" encoding="utf-8"?>
<motionPrimitive ID="10039">
   <controller type="generator space control">controller10039.mat</controller>
   <successors>
      <id>10776</id>
      <id>10777</id>
      <id>10778</id>
      <id>10779</id>
      <id>10780</id>
      <id>10781</id>
      <id>10782</id>
      <id>10783</id>
      <id>10784</id>
      <id>10785</id>
      <id>10786</id>
      <id>10787</id>
      <id>10788</id>
      <id>10789</id>
      <id>10790</id>
      <id>10791</id>
      <id>10792</id>
      <id>10793</id>
      <id>10794</id>
      <id>10795</id>
      <id>10796</id>
      <id>10797</id>
      <id>10798</id>
      <id>10799</id>
      <id>10800</id>
      <id>10801</id>
      <id>10802</id>
      <id>10803</id>
      <id>10804</id>
      <id>10805</id>
      <id>10806</id>
      <id>10807</id>
      <id>10808</id>
      <id>10809</id>
      <id>10810</id>
      <id>10811</id>
      <id>10812</id>
      <id>10813</id>
      <id>10814</id>
      <id>10815</id>
      <id>10816</id>
      <id>10817</id>
      <id>10818</id>
      <id>10819</id>
      <id>10820</id>
      <id>10821</id>
      <id>10822</id>
      <id>10823</id>
      <id>10824</id>
      <id>10825</id>
      <id>10826</id>
      <id>10827</id>
      <id>10828</id>
      <id>10829</id>
      <id>10830</id>
      <id>10831</id>
      <id>10832</id>
      <id>10833</id>
      <id>10834</id>
      <id>10835</id>
      <id>10836</id>
      <id>10837</id>
      <id>10838</id>
      <id>10839</id>
      <id>10840</id>
      <id>10841</id>
      <id>10842</id>
      <id>10843</id>
      <id>10844</id>
      <id>10845</id>
      <id>10846</id>
      <id>10847</id>
      <id>10848</id>
      <id>10849</id>
      <id>10850</id>
      <id>10851</id>
      <id>10852</id>
      <id>10853</id>
      <id>10854</id>
      <id>10855</id>
      <id>10856</id>
      <id>10857</id>
      <id>10858</id>
      <id>10859</id>
      <id>10860</id>
      <id>10861</id>
      <id>10862</id>
      <id>10863</id>
      <id>10864</id>
      <id>10865</id>
      <id>10866</id>
      <id>10867</id>
      <id>10868</id>
      <id>10869</id>
      <id>10870</id>
      <id>10871</id>
      <id>10872</id>
      <id>10873</id>
      <id>10874</id>
      <id>10875</id>
      <id>10876</id>
      <id>10877</id>
      <id>10878</id>
      <id>10879</id>
      <id>10880</id>
      <id>10881</id>
      <id>10882</id>
      <id>10883</id>
      <id>10884</id>
      <id>10885</id>
      <id>10886</id>
      <id>10887</id>
      <id>10888</id>
      <id>10889</id>
      <id>10890</id>
      <id>10891</id>
      <id>10892</id>
      <id>10893</id>
      <id>10894</id>
      <id>10895</id>
      <id>10896</id>
      <id>10897</id>
      <id>10898</id>
      <id>10899</id>
      <id>10900</id>
      <id>10901</id>
      <id>10902</id>
      <id>10903</id>
      <id>10904</id>
      <id>10905</id>
      <id>10906</id>
      <id>10907</id>
      <id>10908</id>
      <id>10909</id>
      <id>10910</id>
      <id>10911</id>
      <id>10912</id>
      <id>10913</id>
      <id>10914</id>
      <id>10915</id>
      <id>10916</id>
      <id>10917</id>
      <id>10918</id>
      <id>10919</id>
      <id>10920</id>
      <id>10921</id>
      <id>10922</id>
      <id>10923</id>
      <id>10924</id>
      <id>10925</id>
      <id>10926</id>
      <id>10927</id>
      <id>10928</id>
      <id>10929</id>
      <id>10930</id>
      <id>10931</id>
      <id>10932</id>
      <id>10933</id>
      <id>10934</id>
      <id>10935</id>
      <id>10936</id>
      <id>10937</id>
      <id>10938</id>
      <id>10939</id>
      <id>10940</id>
      <id>10941</id>
      <id>10942</id>
      <id>10943</id>
      <id>10944</id>
      <id>10945</id>
      <id>10946</id>
      <id>10947</id>
      <id>10948</id>
      <id>10949</id>
      <id>10950</id>
      <id>10951</id>
      <id>10952</id>
      <id>10953</id>
      <id>10954</id>
      <id>10955</id>
   </successors>
   <trajectory>
      <states>
         <state>
            <time>0</time>
            <x>0</x>
            <y>0</y>
            <velocity>24</velocity>
            <orientation>0</orientation>
         </state>
         <state>
            <time>0.1</time>
            <x>2.4076</x>
            <y>0.092884</y>
            <velocity>24.2</velocity>
            <orientation>0.07712</orientation>
         </state>
         <state>
            <time>0.2</time>
            <x>4.8207</x>
            <y>0.37406</y>
            <velocity>24.4</velocity>
            <orientation>0.15488</orientation>
         </state>
         <state>
            <time>0.3</time>
            <x>7.2241</x>
            <y>0.84646</y>
            <velocity>24.6</velocity>
            <orientation>0.23328</orientation>
         </state>
         <state>
            <time>0.4</time>
            <x>9.6021</x>
            <y>1.5118</y>
            <velocity>24.8</velocity>
            <orientation>0.31232</orientation>
         </state>
         <state>
            <time>0.5</time>
            <x>11.9387</x>
            <y>2.3704</y>
            <velocity>25</velocity>
            <orientation>0.392</orientation>
         </state>
         <state>
            <time>0.6</time>
            <x>14.2173</x>
            <y>3.4214</y>
            <velocity>25.2</velocity>
            <orientation>0.47232</orientation>
         </state>
         <state>
            <time>0.7</time>
            <x>16.4213</x>
            <y>4.6623</y>
            <velocity>25.4</velocity>
            <orientation>0.55328</orientation>
         </state>
         <state>
            <time>0.8</time>
            <x>18.5338</x>
            <y>6.0893</y>
            <velocity>25.6</velocity>
            <orientation>0.63488</orientation>
         </state>
         <state>
            <time>0.9</time>
            <x>20.538</x>
            <y>7.6968</y>
            <velocity>25.8</velocity>
            <orientation>0.71712</orientation>
         </state>
         <state>
            <time>1</time>
            <x>22.4174</x>
            <y>9.4779</y>
            <velocity>26</velocity>
            <orientation>0.8</orientation>
         </state>
      </states>
      <inputs>
         <input>
            <acceleration>2</acceleration>
            <steer>0.073468</steer>
         </input>
         <input>
            <acceleration>2</acceleration>
            <steer>0.073468</steer>
         </input>
         <input>
            <acceleration>2</acceleration>
            <steer>0.073468</steer>
         </input>
         <input>
            <acceleration>2</acceleration>
            <steer>0.073468</steer>
         </input>
         <input>
            <acceleration>2</acceleration>
            <steer>0.073468</steer>
         </input>
         <input>
            <acceleration>2</acceleration>
            <steer>0.073468</steer>
         </input>
         <input>
            <acceleration>2</acceleration>
            <steer>0.073468</steer>
         </input>
         <input>
            <acceleration>2</acceleration>
            <steer>0.073468</steer>
         </input>
         <input>
            <acceleration>2</acceleration>
            <steer>0.073468</steer>
         </input>
         <input>
            <acceleration>2</acceleration>
            <steer>0.073468</steer>
         </input>
      </inputs>
   </trajectory>
   <occupancySet>
      <occupancy>
         <time>
            <intervalStart>0</intervalStart>
            <intervalEnd>0.1</intervalEnd>
         </time>
         <set>
            <point>
               <element dimension="1">-1.1276</element>
               <element dimension="2">1.0185</element>
            </point>
            <point>
               <element dimension="1">0.29515</element>
               <element dimension="2">1.123</element>
            </point>
            <point>
               <element dimension="1">5.551</element>
               <element dimension="2">1.3257</element>
            </point>
            <point>
               <element dimension="1">5.7426</element>
               <element dimension="2">1.3264</element>
            </point>
            <point>
               <element dimension="1">5.8698</element>
               <element dimension="2">-0.40667</element>
            </point>
            <point>
               <element dimension="1">5.8754</element>
               <element dimension="2">-0.55139</element>
            </point>
            <point>
               <element dimension="1">5.8766</element>
               <element dimension="2">-0.84686</element>
            </point>
            <point>
               <element dimension="1">3.6518</element>
               <element dimension="2">-1.0102</element>
            </point>
            <point>
               <element dimension="1">3.1039</element>
               <element dimension="2">-1.0313</element>
            </point>
            <point>
               <element dimension="1">-1.1189</element>
               <element dimension="2">-1.0475</element>
            </point>
            <point>
               <element dimension="1">-1.1197</element>
               <element dimension="2">-1.0357</element>
            </point>
            <point>
               <element dimension="1">-1.1197</element>
               <element dimension="2">-1.0354</element>
            </point>
         </set>
      </occupancy>
      <occupancy>
         <time>
            <intervalStart>0.1</intervalStart>
            <intervalEnd>0.2</intervalEnd>
         </time>
         <set>
            <point>
               <element dimension="1">0.9804</element>
               <element dimension="2">0.97962</element>
            </point>
            <point>
               <element dimension="1">3.4581</element>
               <element dimension="2">1.3566</element>
            </point>
            <point>
               <element dimension="1">7.8746</element>
               <element dimension="2">1.854</element>
            </point>
            <point>
               <element dimension="1">8.0446</element>
               <element dimension="2">1.8664</element>
            </point>
            <point>
               <element dimension="1">8.3095</element>
               <element dimension="2">0.1253</element>
            </point>
            <point>
               <element dimension="1">8.3105</element>
               <element dimension="2">0.11642</element>
            </point>
            <point>
               <element dimension="1">8.3389</element>
               <element dimension="2">-0.27035</element>
            </point>
            <point>
               <element dimension="1">5.8745</element>
               <element dimension="2">-0.64533</element>
            </point>
            <point>
               <element dimension="1">5.1507</element>
               <element dimension="2">-0.72684</element>
            </point>
            <point>
               <element dimension="1">1.13</element>
               <element dimension="2">-1.022</element>
            </point>
            <point>
               <element dimension="1">1.1249</element>
               <element dimension="2">-0.98841</element>
            </point>
         </set>
      </occupancy>
      <occupancy>
         <time>
            <intervalStart>0.2</intervalStart>
            <intervalEnd>0.3</intervalEnd>
         </time>
         <set>
            <point>
               <element dimension="1">3.3309</element>
               <element dimension="2">1.1514</element>
            </point>
            <point>
               <element dimension="1">5.5936</element>
               <element dimension="2">1.6796</element>
            </point>
            <point>
               <element dimension="1">10.1666</element>
               <element dimension="2">2.56</element>
            </point>
            <point>
               <element dimension="1">10.3129</element>
               <element dimension="2">2.5823</element>
            </point>
            <point>
               <element dimension="1">10.7179</element>
               <element dimension="2">0.8476</element>
            </point>
            <point>
               <element dimension="1">10.7748</element>
               <element dimension="2">0.47375</element>
            </point>
            <point>
               <element dimension="1">8.3234</element>
               <element dimension="2">-0.098604</element>
            </point>
            <point>
               <element dimension="1">7.6858</element>
               <element dimension="2">-0.22134</element>
            </point>
            <point>
               <element dimension="1">3.6373</element>
               <element dimension="2">-0.83735</element>
            </point>
            <point>
               <element dimension="1">3.6265</element>
               <element dimension="2">-0.79124</element>
            </point>
         </set>
      </occupancy>
      <occupancy>
         <time>
            <intervalStart>0.3</intervalStart>
            <intervalEnd>0.4</intervalEnd>
         </time>
         <set>
            <point>
               <element dimension="1">5.686</element>
               <element dimension="2">1.502</element>
            </point>
            <point>
               <element dimension="1">7.8154</element>
               <element dimension="2">2.1803</element>
            </point>
            <point>
               <element dimension="1">12.4162</element>
               <element dimension="2">3.448</element>
            </point>
            <point>
               <element dimension="1">12.5387</element>
               <element dimension="2">3.4766</element>
            </point>
            <point>
               <element dimension="1">13.0828</element>
               <element dimension="2">1.7684</element>
            </point>
            <point>
               <element dimension="1">13.1635</element>
               <element dimension="2">1.4228</element>
            </point>
            <point>
               <element dimension="1">10.7377</element>
               <element dimension="2">0.65013</element>
            </point>
            <point>
               <element dimension="1">10.1607</element>
               <element dimension="2">0.49113</element>
            </point>
            <point>
               <element dimension="1">6.1459</element>
               <element dimension="2">-0.44623</element>
            </point>
            <point>
               <element dimension="1">6.1271</element>
               <element dimension="2">-0.3872</element>
            </point>
         </set>
      </occupancy>
      <occupancy>
         <time>
            <intervalStart>0.4</intervalStart>
            <intervalEnd>0.5</intervalEnd>
         </time>
         <set>
            <point>
               <element dimension="1">8.0257</element>
               <element dimension="2">2.0372</element>
            </point>
            <point>
               <element dimension="1">9.8856</element>
               <element dimension="2">2.7974</element>
            </point>
            <point>
               <element dimension="1">14.6073</element>
               <element dimension="2">4.5113</element>
            </point>
            <point>
               <element dimension="1">14.7051</element>
               <element dimension="2">4.5424</element>
            </point>
            <point>
               <element dimension="1">15.3808</element>
               <element dimension="2">2.8893</element>
            </point>
            <point>
               <element dimension="1">15.4827</element>
               <element dimension="2">2.5695</element>
            </point>
            <point>
               <element dimension="1">13.1071</element>
               <element dimension="2">1.5985</element>
            </point>
            <point>
               <element dimension="1">12.6205</element>
               <element dimension="2">1.4219</element>
            </point>
            <point>
               <element dimension="1">8.6312</element>
               <element dimension="2">0.15115</element>
            </point>
            <point>
               <element dimension="1">8.6101</element>
               <element dimension="2">0.20275</element>
            </point>
         </set>
      </occupancy>
      <occupancy>
         <time>
            <intervalStart>0.5</intervalStart>
            <intervalEnd>0.6</intervalEnd>
         </time>
         <set>
            <point>
               <element dimension="1">10.3418</element>
               <element dimension="2">2.755</element>
            </point>
            <point>
               <element dimension="1">12.1516</element>
               <element dimension="2">3.6704</element>
            </point>
            <point>
               <element dimension="1">16.7229</element>
               <element dimension="2">5.7567</element>
            </point>
            <point>
               <element dimension="1">16.7972</element>
               <element dimension="2">5.7871</element>
            </point>
            <point>
               <element dimension="1">17.6004</element>
               <element dimension="2">4.1992</element>
            </point>
            <point>
               <element dimension="1">17.716</element>
               <element dimension="2">3.9165</element>
            </point>
            <point>
               <element dimension="1">15.4059</element>
               <element dimension="2">2.748</element>
            </point>
            <point>
               <element dimension="1">14.927</element>
               <element dimension="2">2.5294</element>
            </point>
            <point>
               <element dimension="1">11.0807</element>
               <element dimension="2">0.9573</element>
            </point>
            <point>
               <element dimension="1">11.059</element>
               <element dimension="2">1.0001</element>
            </point>
         </set>
      </occupancy>
      <occupancy>
         <time>
            <intervalStart>0.6</intervalStart>
            <intervalEnd>0.7</intervalEnd>
         </time>
         <set>
            <point>
               <element dimension="1">12.6127</element>
               <element dimension="2">3.6644</element>
            </point>
            <point>
               <element dimension="1">14.3479</element>
               <element dimension="2">4.7264</element>
            </point>
            <point>
               <element dimension="1">18.7473</element>
               <element dimension="2">7.1801</element>
            </point>
            <point>
               <element dimension="1">18.7995</element>
               <element dimension="2">7.2065</element>
            </point>
            <point>
               <element dimension="1">19.7251</element>
               <element dimension="2">5.6943</element>
            </point>
            <point>
               <element dimension="1">19.849</element>
               <element dimension="2">5.4495</element>
            </point>
            <point>
               <element dimension="1">17.6236</element>
               <element dimension="2">4.0874</element>
            </point>
            <point>
               <element dimension="1">17.1655</element>
               <element dimension="2">3.8319</element>
            </point>
            <point>
               <element dimension="1">13.4757</element>
               <element dimension="2">1.9655</element>
            </point>
            <point>
               <element dimension="1">13.4546</element>
               <element dimension="2">2.0001</element>
            </point>
         </set>
      </occupancy>
      <occupancy>
         <time>
            <intervalStart>0.7</intervalStart>
            <intervalEnd>0.8</intervalEnd>
         </time>
         <set>
            <point>
               <element dimension="1">14.8221</element>
               <element dimension="2">4.7641</element>
            </point>
            <point>
               <element dimension="1">16.4682</element>
               <element dimension="2">5.9663</element>
            </point>
            <point>
               <element dimension="1">20.6643</element>
               <element dimension="2">8.7759</element>
            </point>
            <point>
               <element dimension="1">20.6962</element>
               <element dimension="2">8.7955</element>
            </point>
            <point>
               <element dimension="1">21.7381</element>
               <element dimension="2">7.3689</element>
            </point>
            <point>
               <element dimension="1">21.8646</element>
               <element dimension="2">7.1622</element>
            </point>
            <point>
               <element dimension="1">19.7431</element>
               <element dimension="2">5.6128</element>
            </point>
            <point>
               <element dimension="1">19.3091</element>
               <element dimension="2">5.3222</element>
            </point>
            <point>
               <element dimension="1">15.7987</element>
               <element dimension="2">3.1737</element>
            </point>
            <point>
               <element dimension="1">15.7793</element>
               <element dimension="2">3.2003</element>
            </point>
         </set>
      </occupancy>
      <occupancy>
         <time>
            <intervalStart>0.8</intervalStart>
            <intervalEnd>0.9</intervalEnd>
         </time>
         <set>
            <point>
               <element dimension="1">16.9532</element>
               <element dimension="2">6.0517</element>
            </point>
            <point>
               <element dimension="1">18.4979</element>
               <element dimension="2">7.3875</element>
            </point>
            <point>
               <element dimension="1">22.4637</element>
               <element dimension="2">10.5417</element>
            </point>
            <point>
               <element dimension="1">22.4716</element>
               <element dimension="2">10.5475</element>
            </point>
            <point>
               <element dimension="1">23.6231</element>
               <element dimension="2">9.216</element>
            </point>
            <point>
               <element dimension="1">23.7467</element>
               <element dimension="2">9.0468</element>
            </point>
            <point>
               <element dimension="1">21.7477</element>
               <element dimension="2">7.3181</element>
            </point>
            <point>
               <element dimension="1">21.3397</element>
               <element dimension="2">6.9936</element>
            </point>
            <point>
               <element dimension="1">18.0322</element>
               <element dimension="2">4.578</element>
            </point>
            <point>
               <element dimension="1">18.0155</element>
               <element dimension="2">4.5972</element>
            </point>
         </set>
      </occupancy>
      <occupancy>
         <time>
            <intervalStart>0.9</intervalStart>
            <intervalEnd>1</intervalEnd>
         </time>
         <set>
            <point>
               <element dimension="1">18.9889</element>
               <element dimension="2">7.5231</element>
            </point>
            <point>
               <element dimension="1">20.463</element>
               <element dimension="2">9.0284</element>
            </point>
            <point>
               <element dimension="1">24.1055</element>
               <element dimension="2">12.452</element>
            </point>
            <point>
               <element dimension="1">24.1098</element>
               <element dimension="2">12.4557</element>
            </point>
            <point>
               <element dimension="1">25.3453</element>
               <element dimension="2">11.2458</element>
            </point>
            <point>
               <element dimension="1">25.3456</element>
               <element dimension="2">11.2455</element>
            </point>
            <point>
               <element dimension="1">25.478</element>
               <element dimension="2">11.0924</element>
            </point>
            <point>
               <element dimension="1">23.6209</element>
               <element dimension="2">9.196</element>
            </point>
            <point>
               <element dimension="1">23.209</element>
               <element dimension="2">8.8089</element>
            </point>
            <point>
               <element dimension="1">20.1596</element>
               <element dimension="2">6.1719</element>
            </point>
            <point>
               <element dimension="1">20.1454</element>
               <element dimension="2">6.1857</element>
            </point>
         </set>
      </occupancy>
   </occupancySet>
   <reachableSet>
      <reachability>
         <time>0</time>
         <x>
            <intervalStart>-0.1</intervalStart>
            <intervalEnd>0.1</intervalEnd>
         </x>
         <y>
            <intervalStart>-0.1</intervalStart>
            <intervalEnd>0.1</intervalEnd>
         </y>
         <velocity>
            <intervalStart>23.8</intervalStart>
            <intervalEnd>24.2</intervalEnd>
         </velocity>
         <orientation>
            <intervalStart>-0.02</intervalStart>
            <intervalEnd>0.02</intervalEnd>
         </orientation>
      </reachability>
      <reachability>
         <time>1</time>
         <x>
            <intervalStart>22.4132</intervalStart>
            <intervalEnd>22.4209</intervalEnd>
         </x>
         <y>
            <intervalStart>9.4722</intervalStart>
            <intervalEnd>9.4842</intervalEnd>
         </y>
         <velocity>
            <intervalStart>26</intervalStart>
            <intervalEnd>26</intervalEnd>
         </velocity>
         <orientation>
            <intervalStart>0.79975</intervalStart>
            <intervalEnd>0.80028</intervalEnd>
         </orientation>
      </reachability>
   </reachableSet>
</motionPrimitive>