<?xml version="1.0" encoding="utf-8"?>
<motionPrimitive ID="10095">
   <controller type="generator space control">controller10095.mat</controller>
   <successors>
      <id>6129</id>
      <id>6130</id>
      <id>6131</id>
      <id>6132</id>
      <id>6133</id>
      <id>6134</id>
      <id>6135</id>
      <id>6136</id>
      <id>6137</id>
      <id>6138</id>
      <id>6139</id>
      <id>6140</id>
      <id>6141</id>
      <id>6142</id>
      <id>6143</id>
      <id>6144</id>
      <id>6145</id>
      <id>6146</id>
      <id>6147</id>
      <id>6148</id>
      <id>6149</id>
      <id>6150</id>
      <id>6151</id>
      <id>6152</id>
      <id>6153</id>
      <id>6154</id>
      <id>6155</id>
      <id>6156</id>
      <id>6157</id>
      <id>6158</id>
      <id>6159</id>
      <id>6160</id>
      <id>6161</id>
      <id>6162</id>
      <id>6163</id>
      <id>6164</id>
      <id>6165</id>
      <id>6166</id>
      <id>6167</id>
      <id>6168</id>
      <id>6169</id>
      <id>6170</id>
      <id>6171</id>
      <id>6172</id>
      <id>6173</id>
      <id>6174</id>
      <id>6175</id>
      <id>6176</id>
      <id>6177</id>
      <id>6178</id>
      <id>6179</id>
      <id>6180</id>
      <id>6181</id>
      <id>6182</id>
      <id>6183</id>
      <id>6184</id>
      <id>6185</id>
      <id>6186</id>
      <id>6187</id>
      <id>6188</id>
      <id>6189</id>
      <id>6190</id>
      <id>6191</id>
      <id>6192</id>
      <id>6193</id>
      <id>6194</id>
      <id>6195</id>
      <id>6196</id>
      <id>6197</id>
      <id>6198</id>
      <id>6199</id>
      <id>6200</id>
      <id>6201</id>
      <id>6202</id>
      <id>6203</id>
      <id>6204</id>
      <id>6205</id>
      <id>6206</id>
      <id>6207</id>
      <id>6208</id>
      <id>6209</id>
      <id>6210</id>
      <id>6211</id>
      <id>6212</id>
      <id>6213</id>
      <id>6214</id>
      <id>6215</id>
      <id>6216</id>
      <id>6217</id>
      <id>6218</id>
      <id>6219</id>
      <id>6220</id>
      <id>6221</id>
      <id>6222</id>
      <id>6223</id>
      <id>6224</id>
      <id>6225</id>
      <id>6226</id>
      <id>6227</id>
      <id>6228</id>
      <id>6229</id>
      <id>6230</id>
      <id>6231</id>
      <id>6232</id>
      <id>6233</id>
      <id>6234</id>
      <id>6235</id>
      <id>6236</id>
      <id>6237</id>
      <id>6238</id>
      <id>6239</id>
      <id>6240</id>
      <id>6241</id>
      <id>6242</id>
      <id>6243</id>
      <id>6244</id>
      <id>6245</id>
      <id>6246</id>
      <id>6247</id>
      <id>6248</id>
      <id>6249</id>
      <id>6250</id>
      <id>6251</id>
      <id>6252</id>
      <id>6253</id>
      <id>6254</id>
      <id>6255</id>
      <id>6256</id>
      <id>6257</id>
      <id>6258</id>
      <id>6259</id>
      <id>6260</id>
      <id>6261</id>
      <id>6262</id>
      <id>6263</id>
      <id>6264</id>
      <id>6265</id>
      <id>6266</id>
      <id>6267</id>
      <id>6268</id>
      <id>6269</id>
      <id>6270</id>
      <id>6271</id>
      <id>6272</id>
      <id>6273</id>
      <id>6274</id>
      <id>6275</id>
      <id>6276</id>
      <id>6277</id>
      <id>6278</id>
      <id>6279</id>
      <id>6280</id>
      <id>6281</id>
      <id>6282</id>
      <id>6283</id>
      <id>6284</id>
      <id>6285</id>
      <id>6286</id>
      <id>6287</id>
      <id>6288</id>
      <id>6289</id>
      <id>6290</id>
      <id>6291</id>
      <id>6292</id>
      <id>6293</id>
      <id>6294</id>
      <id>6295</id>
      <id>6296</id>
      <id>6297</id>
      <id>6298</id>
      <id>6299</id>
      <id>6300</id>
      <id>6301</id>
      <id>6302</id>
      <id>6303</id>
      <id>6304</id>
      <id>6305</id>
      <id>6306</id>
      <id>6307</id>
      <id>6308</id>
      <id>6309</id>
      <id>6310</id>
      <id>6311</id>
      <id>6312</id>
      <id>6313</id>
      <id>6314</id>
      <id>6315</id>
      <id>6316</id>
      <id>6317</id>
      <id>6318</id>
      <id>6319</id>
      <id>6320</id>
      <id>6321</id>
      <id>6322</id>
      <id>6323</id>
   </successors>
   <trajectory>
      <states>
         <state>
            <time>0</time>
            <x>0</x>
            <y>0</y>
            <velocity>24.4</velocity>
            <orientation>0</orientation>
         </state>
         <state>
            <time>0.1</time>
            <x>2.3998</x>
            <y>0.028234</y>
            <velocity>23.6</velocity>
            <orientation>0.023529</orientation>
         </state>
         <state>
            <time>0.2</time>
            <x>4.7183</x>
            <y>0.10919</y>
            <velocity>22.8</velocity>
            <orientation>0.046275</orientation>
         </state>
         <state>
            <time>0.3</time>
            <x>6.9546</x>
            <y>0.23737</y>
            <velocity>22</velocity>
            <orientation>0.068235</orientation>
         </state>
         <state>
            <time>0.4</time>
            <x>9.1079</x>
            <y>0.40745</y>
            <velocity>21.2</velocity>
            <orientation>0.089412</orientation>
         </state>
         <state>
            <time>0.5</time>
            <x>11.1775</x>
            <y>0.61428</y>
            <velocity>20.4</velocity>
            <orientation>0.1098</orientation>
         </state>
         <state>
            <time>0.6</time>
            <x>13.1632</x>
            <y>0.85293</y>
            <velocity>19.6</velocity>
            <orientation>0.12941</orientation>
         </state>
         <state>
            <time>0.7</time>
            <x>15.0647</x>
            <y>1.1186</y>
            <velocity>18.8</velocity>
            <orientation>0.14824</orientation>
         </state>
         <state>
            <time>0.8</time>
            <x>16.882</x>
            <y>1.4068</y>
            <velocity>18</velocity>
            <orientation>0.16627</orientation>
         </state>
         <state>
            <time>0.9</time>
            <x>18.6151</x>
            <y>1.713</y>
            <velocity>17.2</velocity>
            <orientation>0.18353</orientation>
         </state>
         <state>
            <time>1</time>
            <x>20.2643</x>
            <y>2.0332</y>
            <velocity>16.4</velocity>
            <orientation>0.2</orientation>
         </state>
      </states>
      <inputs>
         <input>
            <acceleration>-8</acceleration>
            <steer>0.022545</steer>
         </input>
         <input>
            <acceleration>-8</acceleration>
            <steer>0.022545</steer>
         </input>
         <input>
            <acceleration>-8</acceleration>
            <steer>0.022545</steer>
         </input>
         <input>
            <acceleration>-8</acceleration>
            <steer>0.022545</steer>
         </input>
         <input>
            <acceleration>-8</acceleration>
            <steer>0.022545</steer>
         </input>
         <input>
            <acceleration>-8</acceleration>
            <steer>0.022545</steer>
         </input>
         <input>
            <acceleration>-8</acceleration>
            <steer>0.022545</steer>
         </input>
         <input>
            <acceleration>-8</acceleration>
            <steer>0.022545</steer>
         </input>
         <input>
            <acceleration>-8</acceleration>
            <steer>0.022545</steer>
         </input>
         <input>
            <acceleration>-8</acceleration>
            <steer>0.022545</steer>
         </input>
      </inputs>
   </trajectory>
   <occupancySet>
      <occupancy>
         <time>
            <intervalStart>0</intervalStart>
            <intervalEnd>0.1</intervalEnd>
         </time>
         <set>
            <point>
               <element dimension="1">-1.1222</element>
               <element dimension="2">1.0185</element>
            </point>
            <point>
               <element dimension="1">-1.1055</element>
               <element dimension="2">1.0189</element>
            </point>
            <point>
               <element dimension="1">4.245</element>
               <element dimension="2">1.0819</element>
            </point>
            <point>
               <element dimension="1">5.7971</element>
               <element dimension="2">1.0838</element>
            </point>
            <point>
               <element dimension="1">5.8356</element>
               <element dimension="2">-0.63356</element>
            </point>
            <point>
               <element dimension="1">5.8361</element>
               <element dimension="2">-0.67514</element>
            </point>
            <point>
               <element dimension="1">5.8364</element>
               <element dimension="2">-0.96696</element>
            </point>
            <point>
               <element dimension="1">3.649</element>
               <element dimension="2">-1.0159</element>
            </point>
            <point>
               <element dimension="1">3.4179</element>
               <element dimension="2">-1.0186</element>
            </point>
            <point>
               <element dimension="1">-1.1197</element>
               <element dimension="2">-1.0241</element>
            </point>
            <point>
               <element dimension="1">-1.1197</element>
               <element dimension="2">-1.0238</element>
            </point>
            <point>
               <element dimension="1">-1.1197</element>
               <element dimension="2">-1.0236</element>
            </point>
         </set>
      </occupancy>
      <occupancy>
         <time>
            <intervalStart>0.1</intervalStart>
            <intervalEnd>0.2</intervalEnd>
         </time>
         <set>
            <point>
               <element dimension="1">1.0216</element>
               <element dimension="2">0.97804</element>
            </point>
            <point>
               <element dimension="1">3.2858</element>
               <element dimension="2">1.0804</element>
            </point>
            <point>
               <element dimension="1">7.9034</element>
               <element dimension="2">1.2363</element>
            </point>
            <point>
               <element dimension="1">8.1039</element>
               <element dimension="2">1.2408</element>
            </point>
            <point>
               <element dimension="1">8.1827</element>
               <element dimension="2">-0.50302</element>
            </point>
            <point>
               <element dimension="1">8.1828</element>
               <element dimension="2">-0.50475</element>
            </point>
            <point>
               <element dimension="1">8.1887</element>
               <element dimension="2">-0.76935</element>
            </point>
            <point>
               <element dimension="1">5.835</element>
               <element dimension="2">-0.87572</element>
            </point>
            <point>
               <element dimension="1">5.083</element>
               <element dimension="2">-0.90113</element>
            </point>
            <point>
               <element dimension="1">1.0659</element>
               <element dimension="2">-0.99103</element>
            </point>
            <point>
               <element dimension="1">1.0654</element>
               <element dimension="2">-0.98097</element>
            </point>
         </set>
      </occupancy>
      <occupancy>
         <time>
            <intervalStart>0.2</intervalStart>
            <intervalEnd>0.3</intervalEnd>
         </time>
         <set>
            <point>
               <element dimension="1">3.3138</element>
               <element dimension="2">1.0257</element>
            </point>
            <point>
               <element dimension="1">4.3468</element>
               <element dimension="2">1.0952</element>
            </point>
            <point>
               <element dimension="1">10.1163</element>
               <element dimension="2">1.4195</element>
            </point>
            <point>
               <element dimension="1">10.3136</element>
               <element dimension="2">1.4285</element>
            </point>
            <point>
               <element dimension="1">10.431</element>
               <element dimension="2">-0.31581</element>
            </point>
            <point>
               <element dimension="1">10.4421</element>
               <element dimension="2">-0.56249</element>
            </point>
            <point>
               <element dimension="1">8.1767</element>
               <element dimension="2">-0.71487</element>
            </point>
            <point>
               <element dimension="1">7.9047</element>
               <element dimension="2">-0.73015</element>
            </point>
            <point>
               <element dimension="1">3.4026</element>
               <element dimension="2">-0.93362</element>
            </point>
            <point>
               <element dimension="1">3.4019</element>
               <element dimension="2">-0.92447</element>
            </point>
         </set>
      </occupancy>
      <occupancy>
         <time>
            <intervalStart>0.3</intervalStart>
            <intervalEnd>0.4</intervalEnd>
         </time>
         <set>
            <point>
               <element dimension="1">5.541</element>
               <element dimension="2">1.1086</element>
            </point>
            <point>
               <element dimension="1">6.6564</element>
               <element dimension="2">1.2075</element>
            </point>
            <point>
               <element dimension="1">12.2493</element>
               <element dimension="2">1.6433</element>
            </point>
            <point>
               <element dimension="1">12.4313</element>
               <element dimension="2">1.6555</element>
            </point>
            <point>
               <element dimension="1">12.586</element>
               <element dimension="2">-0.090814</element>
            </point>
            <point>
               <element dimension="1">12.6003</element>
               <element dimension="2">-0.30318</element>
            </point>
            <point>
               <element dimension="1">10.4164</element>
               <element dimension="2">-0.49668</element>
            </point>
            <point>
               <element dimension="1">10.0655</element>
               <element dimension="2">-0.52403</element>
            </point>
            <point>
               <element dimension="1">5.671</element>
               <element dimension="2">-0.81961</element>
            </point>
            <point>
               <element dimension="1">5.6697</element>
               <element dimension="2">-0.80496</element>
            </point>
         </set>
      </occupancy>
      <occupancy>
         <time>
            <intervalStart>0.4</intervalStart>
            <intervalEnd>0.5</intervalEnd>
         </time>
         <set>
            <point>
               <element dimension="1">7.696</element>
               <element dimension="2">1.2369</element>
            </point>
            <point>
               <element dimension="1">8.4371</element>
               <element dimension="2">1.3179</element>
            </point>
            <point>
               <element dimension="1">14.3054</element>
               <element dimension="2">1.8983</element>
            </point>
            <point>
               <element dimension="1">14.4563</element>
               <element dimension="2">1.9116</element>
            </point>
            <point>
               <element dimension="1">14.6464</element>
               <element dimension="2">0.17168</element>
            </point>
            <point>
               <element dimension="1">14.6627</element>
               <element dimension="2">-0.0123</element>
            </point>
            <point>
               <element dimension="1">12.5651</element>
               <element dimension="2">-0.24143</element>
            </point>
            <point>
               <element dimension="1">12.339</element>
               <element dimension="2">-0.2638</element>
            </point>
            <point>
               <element dimension="1">7.8643</element>
               <element dimension="2">-0.66027</element>
            </point>
            <point>
               <element dimension="1">7.863</element>
               <element dimension="2">-0.64863</element>
            </point>
         </set>
      </occupancy>
      <occupancy>
         <time>
            <intervalStart>0.5</intervalStart>
            <intervalEnd>0.6</intervalEnd>
         </time>
         <set>
            <point>
               <element dimension="1">9.7789</element>
               <element dimension="2">1.4011</element>
            </point>
            <point>
               <element dimension="1">10.5479</element>
               <element dimension="2">1.5004</element>
            </point>
            <point>
               <element dimension="1">16.2799</element>
               <element dimension="2">2.1836</element>
            </point>
            <point>
               <element dimension="1">16.3948</element>
               <element dimension="2">2.1961</element>
            </point>
            <point>
               <element dimension="1">16.6187</element>
               <element dimension="2">0.46273</element>
            </point>
            <point>
               <element dimension="1">16.6354</element>
               <element dimension="2">0.31034</element>
            </point>
            <point>
               <element dimension="1">14.6184</element>
               <element dimension="2">0.049814</element>
            </point>
            <point>
               <element dimension="1">14.4019</element>
               <element dimension="2">0.024015</element>
            </point>
            <point>
               <element dimension="1">9.9822</element>
               <element dimension="2">-0.45877</element>
            </point>
            <point>
               <element dimension="1">9.9811</element>
               <element dimension="2">-0.4498</element>
            </point>
         </set>
      </occupancy>
      <occupancy>
         <time>
            <intervalStart>0.6</intervalStart>
            <intervalEnd>0.7</intervalEnd>
         </time>
         <set>
            <point>
               <element dimension="1">11.7823</element>
               <element dimension="2">1.6002</element>
            </point>
            <point>
               <element dimension="1">12.5677</element>
               <element dimension="2">1.7167</element>
            </point>
            <point>
               <element dimension="1">18.1703</element>
               <element dimension="2">2.4941</element>
            </point>
            <point>
               <element dimension="1">18.2494</element>
               <element dimension="2">2.5043</element>
            </point>
            <point>
               <element dimension="1">18.5056</element>
               <element dimension="2">0.77788</element>
            </point>
            <point>
               <element dimension="1">18.5213</element>
               <element dimension="2">0.65584</element>
            </point>
            <point>
               <element dimension="1">16.5831</element>
               <element dimension="2">0.36823</element>
            </point>
            <point>
               <element dimension="1">16.3908</element>
               <element dimension="2">0.34154</element>
            </point>
            <point>
               <element dimension="1">12.018</element>
               <element dimension="2">-0.22327</element>
            </point>
            <point>
               <element dimension="1">12.017</element>
               <element dimension="2">-0.2166</element>
            </point>
         </set>
      </occupancy>
      <occupancy>
         <time>
            <intervalStart>0.7</intervalStart>
            <intervalEnd>0.8</intervalEnd>
         </time>
         <set>
            <point>
               <element dimension="1">13.7034</element>
               <element dimension="2">1.829</element>
            </point>
            <point>
               <element dimension="1">14.5106</element>
               <element dimension="2">1.9638</element>
            </point>
            <point>
               <element dimension="1">19.9786</element>
               <element dimension="2">2.8257</element>
            </point>
            <point>
               <element dimension="1">20.0218</element>
               <element dimension="2">2.8321</element>
            </point>
            <point>
               <element dimension="1">20.3087</element>
               <element dimension="2">1.1128</element>
            </point>
            <point>
               <element dimension="1">20.3225</element>
               <element dimension="2">1.02</element>
            </point>
            <point>
               <element dimension="1">18.462</element>
               <element dimension="2">0.70942</element>
            </point>
            <point>
               <element dimension="1">18.2991</element>
               <element dimension="2">0.68374</element>
            </point>
            <point>
               <element dimension="1">13.9688</element>
               <element dimension="2">0.041161</element>
            </point>
            <point>
               <element dimension="1">13.968</element>
               <element dimension="2">0.045611</element>
            </point>
         </set>
      </occupancy>
      <occupancy>
         <time>
            <intervalStart>0.8</intervalStart>
            <intervalEnd>0.9</intervalEnd>
         </time>
         <set>
            <point>
               <element dimension="1">15.54</element>
               <element dimension="2">2.0827</element>
            </point>
            <point>
               <element dimension="1">16.8267</element>
               <element dimension="2">2.3204</element>
            </point>
            <point>
               <element dimension="1">21.7128</element>
               <element dimension="2">3.1795</element>
            </point>
            <point>
               <element dimension="1">21.7162</element>
               <element dimension="2">3.1801</element>
            </point>
            <point>
               <element dimension="1">22.0327</element>
               <element dimension="2">1.467</element>
            </point>
            <point>
               <element dimension="1">22.0332</element>
               <element dimension="2">1.464</element>
            </point>
            <point>
               <element dimension="1">22.044</element>
               <element dimension="2">1.3994</element>
            </point>
            <point>
               <element dimension="1">20.2567</element>
               <element dimension="2">1.0692</element>
            </point>
            <point>
               <element dimension="1">20.1005</element>
               <element dimension="2">1.0417</element>
            </point>
            <point>
               <element dimension="1">15.8327</element>
               <element dimension="2">0.32934</element>
            </point>
            <point>
               <element dimension="1">15.8323</element>
               <element dimension="2">0.33181</element>
            </point>
         </set>
      </occupancy>
      <occupancy>
         <time>
            <intervalStart>0.9</intervalStart>
            <intervalEnd>1</intervalEnd>
         </time>
         <set>
            <point>
               <element dimension="1">17.2867</element>
               <element dimension="2">2.3596</element>
            </point>
            <point>
               <element dimension="1">17.699</element>
               <element dimension="2">2.4428</element>
            </point>
            <point>
               <element dimension="1">23.3298</element>
               <element dimension="2">3.5312</element>
            </point>
            <point>
               <element dimension="1">23.3321</element>
               <element dimension="2">3.5317</element>
            </point>
            <point>
               <element dimension="1">23.6706</element>
               <element dimension="2">1.8548</element>
            </point>
            <point>
               <element dimension="1">23.6834</element>
               <element dimension="2">1.7857</element>
            </point>
            <point>
               <element dimension="1">21.9608</element>
               <element dimension="2">1.438</element>
            </point>
            <point>
               <element dimension="1">21.5821</element>
               <element dimension="2">1.3648</element>
            </point>
            <point>
               <element dimension="1">17.6062</element>
               <element dimension="2">0.63025</element>
            </point>
            <point>
               <element dimension="1">17.6056</element>
               <element dimension="2">0.63361</element>
            </point>
         </set>
      </occupancy>
   </occupancySet>
   <reachableSet>
      <reachability>
         <time>0</time>
         <x>
            <intervalStart>-0.1</intervalStart>
            <intervalEnd>0.1</intervalEnd>
         </x>
         <y>
            <intervalStart>-0.1</intervalStart>
            <intervalEnd>0.1</intervalEnd>
         </y>
         <velocity>
            <intervalStart>24.2</intervalStart>
            <intervalEnd>24.6</intervalEnd>
         </velocity>
         <orientation>
            <intervalStart>-0.02</intervalStart>
            <intervalEnd>0.02</intervalEnd>
         </orientation>
      </reachability>
      <reachability>
         <time>1</time>
         <x>
            <intervalStart>20.2629</intervalStart>
            <intervalEnd>20.2652</intervalEnd>
         </x>
         <y>
            <intervalStart>2.0279</intervalStart>
            <intervalEnd>2.0386</intervalEnd>
         </y>
         <velocity>
            <intervalStart>16.4</intervalStart>
            <intervalEnd>16.4</intervalEnd>
         </velocity>
         <orientation>
            <intervalStart>0.19974</intervalStart>
            <intervalEnd>0.20027</intervalEnd>
         </orientation>
      </reachability>
   </reachableSet>
</motionPrimitive>