<?xml version="1.0" encoding="utf-8"?>
<motionPrimitive ID="10328">
   <controller type="generator space control">controller10328.mat</controller>
   <successors>
      <id>10596</id>
      <id>10597</id>
      <id>10598</id>
      <id>10599</id>
      <id>10600</id>
      <id>10601</id>
      <id>10602</id>
      <id>10603</id>
      <id>10604</id>
      <id>10605</id>
      <id>10606</id>
      <id>10607</id>
      <id>10608</id>
      <id>10609</id>
      <id>10610</id>
      <id>10611</id>
      <id>10612</id>
      <id>10613</id>
      <id>10614</id>
      <id>10615</id>
      <id>10616</id>
      <id>10617</id>
      <id>10618</id>
      <id>10619</id>
      <id>10620</id>
      <id>10621</id>
      <id>10622</id>
      <id>10623</id>
      <id>10624</id>
      <id>10625</id>
      <id>10626</id>
      <id>10627</id>
      <id>10628</id>
      <id>10629</id>
      <id>10630</id>
      <id>10631</id>
      <id>10632</id>
      <id>10633</id>
      <id>10634</id>
      <id>10635</id>
      <id>10636</id>
      <id>10637</id>
      <id>10638</id>
      <id>10639</id>
      <id>10640</id>
      <id>10641</id>
      <id>10642</id>
      <id>10643</id>
      <id>10644</id>
      <id>10645</id>
      <id>10646</id>
      <id>10647</id>
      <id>10648</id>
      <id>10649</id>
      <id>10650</id>
      <id>10651</id>
      <id>10652</id>
      <id>10653</id>
      <id>10654</id>
      <id>10655</id>
      <id>10656</id>
      <id>10657</id>
      <id>10658</id>
      <id>10659</id>
      <id>10660</id>
      <id>10661</id>
      <id>10662</id>
      <id>10663</id>
      <id>10664</id>
      <id>10665</id>
      <id>10666</id>
      <id>10667</id>
      <id>10668</id>
      <id>10669</id>
      <id>10670</id>
      <id>10671</id>
      <id>10672</id>
      <id>10673</id>
      <id>10674</id>
      <id>10675</id>
      <id>10676</id>
      <id>10677</id>
      <id>10678</id>
      <id>10679</id>
      <id>10680</id>
      <id>10681</id>
      <id>10682</id>
      <id>10683</id>
      <id>10684</id>
      <id>10685</id>
      <id>10686</id>
      <id>10687</id>
      <id>10688</id>
      <id>10689</id>
      <id>10690</id>
      <id>10691</id>
      <id>10692</id>
      <id>10693</id>
      <id>10694</id>
      <id>10695</id>
      <id>10696</id>
      <id>10697</id>
      <id>10698</id>
      <id>10699</id>
      <id>10700</id>
      <id>10701</id>
      <id>10702</id>
      <id>10703</id>
      <id>10704</id>
      <id>10705</id>
      <id>10706</id>
      <id>10707</id>
      <id>10708</id>
      <id>10709</id>
      <id>10710</id>
      <id>10711</id>
      <id>10712</id>
      <id>10713</id>
      <id>10714</id>
      <id>10715</id>
      <id>10716</id>
      <id>10717</id>
      <id>10718</id>
      <id>10719</id>
      <id>10720</id>
      <id>10721</id>
      <id>10722</id>
      <id>10723</id>
      <id>10724</id>
      <id>10725</id>
      <id>10726</id>
      <id>10727</id>
      <id>10728</id>
      <id>10729</id>
      <id>10730</id>
      <id>10731</id>
      <id>10732</id>
      <id>10733</id>
      <id>10734</id>
      <id>10735</id>
      <id>10736</id>
      <id>10737</id>
      <id>10738</id>
      <id>10739</id>
      <id>10740</id>
      <id>10741</id>
      <id>10742</id>
      <id>10743</id>
      <id>10744</id>
      <id>10745</id>
      <id>10746</id>
      <id>10747</id>
      <id>10748</id>
      <id>10749</id>
      <id>10750</id>
      <id>10751</id>
      <id>10752</id>
      <id>10753</id>
      <id>10754</id>
      <id>10755</id>
      <id>10756</id>
      <id>10757</id>
      <id>10758</id>
      <id>10759</id>
      <id>10760</id>
      <id>10761</id>
      <id>10762</id>
      <id>10763</id>
      <id>10764</id>
      <id>10765</id>
      <id>10766</id>
      <id>10767</id>
      <id>10768</id>
      <id>10769</id>
      <id>10770</id>
      <id>10771</id>
      <id>10772</id>
      <id>10773</id>
      <id>10774</id>
      <id>10775</id>
   </successors>
   <trajectory>
      <states>
         <state>
            <time>0</time>
            <x>0</x>
            <y>0</y>
            <velocity>24.8</velocity>
            <orientation>0</orientation>
         </state>
         <state>
            <time>0.1</time>
            <x>2.4838</x>
            <y>-0.024484</y>
            <velocity>24.88</velocity>
            <orientation>-0.019714</orientation>
         </state>
         <state>
            <time>0.2</time>
            <x>4.9747</x>
            <y>-0.098243</y>
            <velocity>24.96</velocity>
            <orientation>-0.039492</orientation>
         </state>
         <state>
            <time>0.3</time>
            <x>7.4716</x>
            <y>-0.22172</y>
            <velocity>25.04</velocity>
            <orientation>-0.059333</orientation>
         </state>
         <state>
            <time>0.4</time>
            <x>9.9736</x>
            <y>-0.39535</y>
            <velocity>25.12</velocity>
            <orientation>-0.079238</orientation>
         </state>
         <state>
            <time>0.5</time>
            <x>12.4795</x>
            <y>-0.61953</y>
            <velocity>25.2</velocity>
            <orientation>-0.099206</orientation>
         </state>
         <state>
            <time>0.6</time>
            <x>14.9884</x>
            <y>-0.89466</y>
            <velocity>25.28</velocity>
            <orientation>-0.11924</orientation>
         </state>
         <state>
            <time>0.7</time>
            <x>17.4993</x>
            <y>-1.2211</y>
            <velocity>25.36</velocity>
            <orientation>-0.13933</orientation>
         </state>
         <state>
            <time>0.8</time>
            <x>20.0109</x>
            <y>-1.5992</y>
            <velocity>25.44</velocity>
            <orientation>-0.15949</orientation>
         </state>
         <state>
            <time>0.9</time>
            <x>22.5223</x>
            <y>-2.0293</y>
            <velocity>25.52</velocity>
            <orientation>-0.17971</orientation>
         </state>
         <state>
            <time>1</time>
            <x>25.0323</x>
            <y>-2.5116</y>
            <velocity>25.6</velocity>
            <orientation>-0.2</orientation>
         </state>
      </states>
      <inputs>
         <input>
            <acceleration>0.8</acceleration>
            <steer>-0.018252</steer>
         </input>
         <input>
            <acceleration>0.8</acceleration>
            <steer>-0.018252</steer>
         </input>
         <input>
            <acceleration>0.8</acceleration>
            <steer>-0.018252</steer>
         </input>
         <input>
            <acceleration>0.8</acceleration>
            <steer>-0.018252</steer>
         </input>
         <input>
            <acceleration>0.8</acceleration>
            <steer>-0.018252</steer>
         </input>
         <input>
            <acceleration>0.8</acceleration>
            <steer>-0.018252</steer>
         </input>
         <input>
            <acceleration>0.8</acceleration>
            <steer>-0.018252</steer>
         </input>
         <input>
            <acceleration>0.8</acceleration>
            <steer>-0.018252</steer>
         </input>
         <input>
            <acceleration>0.8</acceleration>
            <steer>-0.018252</steer>
         </input>
         <input>
            <acceleration>0.8</acceleration>
            <steer>-0.018252</steer>
         </input>
      </inputs>
   </trajectory>
   <occupancySet>
      <occupancy>
         <time>
            <intervalStart>0</intervalStart>
            <intervalEnd>0.1</intervalEnd>
         </time>
         <set>
            <point>
               <element dimension="1">-1.1217</element>
               <element dimension="2">-1.0186</element>
            </point>
            <point>
               <element dimension="1">-1.1197</element>
               <element dimension="2">1.0227</element>
            </point>
            <point>
               <element dimension="1">-1.1197</element>
               <element dimension="2">1.023</element>
            </point>
            <point>
               <element dimension="1">-1.1197</element>
               <element dimension="2">1.0232</element>
            </point>
            <point>
               <element dimension="1">3.4174</element>
               <element dimension="2">1.0188</element>
            </point>
            <point>
               <element dimension="1">3.6617</element>
               <element dimension="2">1.0163</element>
            </point>
            <point>
               <element dimension="1">5.9073</element>
               <element dimension="2">0.97428</element>
            </point>
            <point>
               <element dimension="1">5.9071</element>
               <element dimension="2">0.79406</element>
            </point>
            <point>
               <element dimension="1">5.9057</element>
               <element dimension="2">0.64879</element>
            </point>
            <point>
               <element dimension="1">5.8735</element>
               <element dimension="2">-1.068</element>
            </point>
            <point>
               <element dimension="1">3.6554</element>
               <element dimension="2">-1.0658</element>
            </point>
            <point>
               <element dimension="1">-1.1139</element>
               <element dimension="2">-1.0188</element>
            </point>
         </set>
      </occupancy>
      <occupancy>
         <time>
            <intervalStart>0.1</intervalStart>
            <intervalEnd>0.2</intervalEnd>
         </time>
         <set>
            <point>
               <element dimension="1">1.1081</element>
               <element dimension="2">-0.97959</element>
            </point>
            <point>
               <element dimension="1">1.1449</element>
               <element dimension="2">0.98017</element>
            </point>
            <point>
               <element dimension="1">1.1452</element>
               <element dimension="2">0.9881</element>
            </point>
            <point>
               <element dimension="1">5.2486</element>
               <element dimension="2">0.91123</element>
            </point>
            <point>
               <element dimension="1">5.9063</element>
               <element dimension="2">0.8924</element>
            </point>
            <point>
               <element dimension="1">8.4083</element>
               <element dimension="2">0.79601</element>
            </point>
            <point>
               <element dimension="1">8.4033</element>
               <element dimension="2">0.53194</element>
            </point>
            <point>
               <element dimension="1">8.4032</element>
               <element dimension="2">0.52868</element>
            </point>
            <point>
               <element dimension="1">8.3364</element>
               <element dimension="2">-1.2068</element>
            </point>
            <point>
               <element dimension="1">8.1679</element>
               <element dimension="2">-1.2036</element>
            </point>
            <point>
               <element dimension="1">3.3212</element>
               <element dimension="2">-1.0648</element>
            </point>
         </set>
      </occupancy>
      <occupancy>
         <time>
            <intervalStart>0.2</intervalStart>
            <intervalEnd>0.3</intervalEnd>
         </time>
         <set>
            <point>
               <element dimension="1">3.5864</element>
               <element dimension="2">-1.0246</element>
            </point>
            <point>
               <element dimension="1">3.6616</element>
               <element dimension="2">0.92668</element>
            </point>
            <point>
               <element dimension="1">3.6621</element>
               <element dimension="2">0.93493</element>
            </point>
            <point>
               <element dimension="1">8.1365</element>
               <element dimension="2">0.76255</element>
            </point>
            <point>
               <element dimension="1">8.4056</element>
               <element dimension="2">0.74951</element>
            </point>
            <point>
               <element dimension="1">10.9111</element>
               <element dimension="2">0.60316</element>
            </point>
            <point>
               <element dimension="1">10.9015</element>
               <element dimension="2">0.35498</element>
            </point>
            <point>
               <element dimension="1">10.8</element>
               <element dimension="2">-1.3838</element>
            </point>
            <point>
               <element dimension="1">10.6537</element>
               <element dimension="2">-1.3782</element>
            </point>
            <point>
               <element dimension="1">4.7008</element>
               <element dimension="2">-1.0896</element>
            </point>
         </set>
      </occupancy>
      <occupancy>
         <time>
            <intervalStart>0.3</intervalStart>
            <intervalEnd>0.4</intervalEnd>
         </time>
         <set>
            <point>
               <element dimension="1">6.0765</element>
               <element dimension="2">-1.1082</element>
            </point>
            <point>
               <element dimension="1">6.1886</element>
               <element dimension="2">0.81154</element>
            </point>
            <point>
               <element dimension="1">6.1896</element>
               <element dimension="2">0.82427</element>
            </point>
            <point>
               <element dimension="1">10.6076</element>
               <element dimension="2">0.56621</element>
            </point>
            <point>
               <element dimension="1">10.9051</element>
               <element dimension="2">0.54586</element>
            </point>
            <point>
               <element dimension="1">13.4172</element>
               <element dimension="2">0.3489</element>
            </point>
            <point>
               <element dimension="1">13.4044</element>
               <element dimension="2">0.12949</element>
            </point>
            <point>
               <element dimension="1">13.2681</element>
               <element dimension="2">-1.6095</element>
            </point>
            <point>
               <element dimension="1">13.143</element>
               <element dimension="2">-1.6022</element>
            </point>
            <point>
               <element dimension="1">7.1332</element>
               <element dimension="2">-1.1911</element>
            </point>
         </set>
      </occupancy>
      <occupancy>
         <time>
            <intervalStart>0.4</intervalStart>
            <intervalEnd>0.5</intervalEnd>
         </time>
         <set>
            <point>
               <element dimension="1">8.5724</element>
               <element dimension="2">-1.2413</element>
            </point>
            <point>
               <element dimension="1">8.7207</element>
               <element dimension="2">0.64991</element>
            </point>
            <point>
               <element dimension="1">8.7218</element>
               <element dimension="2">0.66128</element>
            </point>
            <point>
               <element dimension="1">13.1519</element>
               <element dimension="2">0.31394</element>
            </point>
            <point>
               <element dimension="1">13.4097</element>
               <element dimension="2">0.29113</element>
            </point>
            <point>
               <element dimension="1">15.9245</element>
               <element dimension="2">0.043357</element>
            </point>
            <point>
               <element dimension="1">15.9094</element>
               <element dimension="2">-0.14883</element>
            </point>
            <point>
               <element dimension="1">15.7386</element>
               <element dimension="2">-1.8825</element>
            </point>
            <point>
               <element dimension="1">15.6357</element>
               <element dimension="2">-1.8745</element>
            </point>
            <point>
               <element dimension="1">9.405</element>
               <element dimension="2">-1.3233</element>
            </point>
         </set>
      </occupancy>
      <occupancy>
         <time>
            <intervalStart>0.5</intervalStart>
            <intervalEnd>0.6</intervalEnd>
         </time>
         <set>
            <point>
               <element dimension="1">11.0745</element>
               <element dimension="2">-1.4225</element>
            </point>
            <point>
               <element dimension="1">11.2576</element>
               <element dimension="2">0.43583</element>
            </point>
            <point>
               <element dimension="1">11.2587</element>
               <element dimension="2">0.44499</element>
            </point>
            <point>
               <element dimension="1">15.6473</element>
               <element dimension="2">0.012594</element>
            </point>
            <point>
               <element dimension="1">15.9148</element>
               <element dimension="2">-0.016468</element>
            </point>
            <point>
               <element dimension="1">18.4324</element>
               <element dimension="2">-0.31555</element>
            </point>
            <point>
               <element dimension="1">18.4165</element>
               <element dimension="2">-0.47785</element>
            </point>
            <point>
               <element dimension="1">18.2112</element>
               <element dimension="2">-2.2058</element>
            </point>
            <point>
               <element dimension="1">18.1304</element>
               <element dimension="2">-2.1979</element>
            </point>
            <point>
               <element dimension="1">11.9333</element>
               <element dimension="2">-1.5246</element>
            </point>
         </set>
      </occupancy>
      <occupancy>
         <time>
            <intervalStart>0.6</intervalStart>
            <intervalEnd>0.7</intervalEnd>
         </time>
         <set>
            <point>
               <element dimension="1">13.5809</element>
               <element dimension="2">-1.6549</element>
            </point>
            <point>
               <element dimension="1">13.7977</element>
               <element dimension="2">0.16981</element>
            </point>
            <point>
               <element dimension="1">13.7987</element>
               <element dimension="2">0.17691</element>
            </point>
            <point>
               <element dimension="1">18.1554</element>
               <element dimension="2">-0.34063</element>
            </point>
            <point>
               <element dimension="1">18.4212</element>
               <element dimension="2">-0.37491</element>
            </point>
            <point>
               <element dimension="1">20.9401</element>
               <element dimension="2">-0.7256</element>
            </point>
            <point>
               <element dimension="1">20.9244</element>
               <element dimension="2">-0.85804</element>
            </point>
            <point>
               <element dimension="1">20.6847</element>
               <element dimension="2">-2.5796</element>
            </point>
            <point>
               <element dimension="1">20.626</element>
               <element dimension="2">-2.5726</element>
            </point>
            <point>
               <element dimension="1">14.4534</element>
               <element dimension="2">-1.7764</element>
            </point>
         </set>
      </occupancy>
      <occupancy>
         <time>
            <intervalStart>0.7</intervalStart>
            <intervalEnd>0.8</intervalEnd>
         </time>
         <set>
            <point>
               <element dimension="1">16.0906</element>
               <element dimension="2">-1.9387</element>
            </point>
            <point>
               <element dimension="1">16.3398</element>
               <element dimension="2">-0.14837</element>
            </point>
            <point>
               <element dimension="1">16.3406</element>
               <element dimension="2">-0.14332</element>
            </point>
            <point>
               <element dimension="1">20.6639</element>
               <element dimension="2">-0.74519</element>
            </point>
            <point>
               <element dimension="1">20.9278</element>
               <element dimension="2">-0.78466</element>
            </point>
            <point>
               <element dimension="1">23.4464</element>
               <element dimension="2">-1.1872</element>
            </point>
            <point>
               <element dimension="1">23.4321</element>
               <element dimension="2">-1.2897</element>
            </point>
            <point>
               <element dimension="1">23.1581</element>
               <element dimension="2">-3.0041</element>
            </point>
            <point>
               <element dimension="1">23.1213</element>
               <element dimension="2">-2.999</element>
            </point>
            <point>
               <element dimension="1">16.9757</element>
               <element dimension="2">-2.0802</element>
            </point>
         </set>
      </occupancy>
      <occupancy>
         <time>
            <intervalStart>0.8</intervalStart>
            <intervalEnd>0.9</intervalEnd>
         </time>
         <set>
            <point>
               <element dimension="1">18.6025</element>
               <element dimension="2">-2.2743</element>
            </point>
            <point>
               <element dimension="1">18.883</element>
               <element dimension="2">-0.51907</element>
            </point>
            <point>
               <element dimension="1">18.8835</element>
               <element dimension="2">-0.51603</element>
            </point>
            <point>
               <element dimension="1">23.1696</element>
               <element dimension="2">-1.2011</element>
            </point>
            <point>
               <element dimension="1">23.4337</element>
               <element dimension="2">-1.246</element>
            </point>
            <point>
               <element dimension="1">25.9503</element>
               <element dimension="2">-1.7006</element>
            </point>
            <point>
               <element dimension="1">25.9387</element>
               <element dimension="2">-1.7732</element>
            </point>
            <point>
               <element dimension="1">25.6304</element>
               <element dimension="2">-3.4799</element>
            </point>
            <point>
               <element dimension="1">25.626</element>
               <element dimension="2">-3.4792</element>
            </point>
            <point>
               <element dimension="1">19.5032</element>
               <element dimension="2">-2.437</element>
            </point>
         </set>
      </occupancy>
      <occupancy>
         <time>
            <intervalStart>0.9</intervalStart>
            <intervalEnd>1</intervalEnd>
         </time>
         <set>
            <point>
               <element dimension="1">21.1154</element>
               <element dimension="2">-2.6621</element>
            </point>
            <point>
               <element dimension="1">21.426</element>
               <element dimension="2">-0.94263</element>
            </point>
            <point>
               <element dimension="1">21.4263</element>
               <element dimension="2">-0.9412</element>
            </point>
            <point>
               <element dimension="1">25.6359</element>
               <element dimension="2">-1.7016</element>
            </point>
            <point>
               <element dimension="1">25.9377</element>
               <element dimension="2">-1.7593</element>
            </point>
            <point>
               <element dimension="1">28.4505</element>
               <element dimension="2">-2.266</element>
            </point>
            <point>
               <element dimension="1">28.4385</element>
               <element dimension="2">-2.3325</element>
            </point>
            <point>
               <element dimension="1">28.1005</element>
               <element dimension="2">-4.009</element>
            </point>
            <point>
               <element dimension="1">28.0982</element>
               <element dimension="2">-4.0086</element>
            </point>
            <point>
               <element dimension="1">22.2418</element>
               <element dimension="2">-2.8893</element>
            </point>
         </set>
      </occupancy>
   </occupancySet>
   <reachableSet>
      <reachability>
         <time>0</time>
         <x>
            <intervalStart>-0.1</intervalStart>
            <intervalEnd>0.1</intervalEnd>
         </x>
         <y>
            <intervalStart>-0.1</intervalStart>
            <intervalEnd>0.1</intervalEnd>
         </y>
         <velocity>
            <intervalStart>24.6</intervalStart>
            <intervalEnd>25</intervalEnd>
         </velocity>
         <orientation>
            <intervalStart>-0.02</intervalStart>
            <intervalEnd>0.02</intervalEnd>
         </orientation>
      </reachability>
      <reachability>
         <time>1</time>
         <x>
            <intervalStart>25.031</intervalStart>
            <intervalEnd>25.0332</intervalEnd>
         </x>
         <y>
            <intervalStart>-2.5166</intervalStart>
            <intervalEnd>-2.5067</intervalEnd>
         </y>
         <velocity>
            <intervalStart>25.6</intervalStart>
            <intervalEnd>25.6</intervalEnd>
         </velocity>
         <orientation>
            <intervalStart>-0.20021</intervalStart>
            <intervalEnd>-0.1998</intervalEnd>
         </orientation>
      </reachability>
   </reachableSet>
</motionPrimitive>