<?xml version="1.0" encoding="utf-8"?>
<motionPrimitive ID="10047">
   <controller type="generator space control">controller10047.mat</controller>
   <successors>
      <id>8901</id>
      <id>8902</id>
      <id>8903</id>
      <id>8904</id>
      <id>8905</id>
      <id>8906</id>
      <id>8907</id>
      <id>8908</id>
      <id>8909</id>
      <id>8910</id>
      <id>8911</id>
      <id>8912</id>
      <id>8913</id>
      <id>8914</id>
      <id>8915</id>
      <id>8916</id>
      <id>8917</id>
      <id>8918</id>
      <id>8919</id>
      <id>8920</id>
      <id>8921</id>
      <id>8922</id>
      <id>8923</id>
      <id>8924</id>
      <id>8925</id>
      <id>8926</id>
      <id>8927</id>
      <id>8928</id>
      <id>8929</id>
      <id>8930</id>
      <id>8931</id>
      <id>8932</id>
      <id>8933</id>
      <id>8934</id>
      <id>8935</id>
      <id>8936</id>
      <id>8937</id>
      <id>8938</id>
      <id>8939</id>
      <id>8940</id>
      <id>8941</id>
      <id>8942</id>
      <id>8943</id>
      <id>8944</id>
      <id>8945</id>
      <id>8946</id>
      <id>8947</id>
      <id>8948</id>
      <id>8949</id>
      <id>8950</id>
      <id>8951</id>
      <id>8952</id>
      <id>8953</id>
      <id>8954</id>
      <id>8955</id>
      <id>8956</id>
      <id>8957</id>
      <id>8958</id>
      <id>8959</id>
      <id>8960</id>
      <id>8961</id>
      <id>8962</id>
      <id>8963</id>
      <id>8964</id>
      <id>8965</id>
      <id>8966</id>
      <id>8967</id>
      <id>8968</id>
      <id>8969</id>
      <id>8970</id>
      <id>8971</id>
      <id>8972</id>
      <id>8973</id>
      <id>8974</id>
      <id>8975</id>
      <id>8976</id>
      <id>8977</id>
      <id>8978</id>
      <id>8979</id>
      <id>8980</id>
      <id>8981</id>
      <id>8982</id>
      <id>8983</id>
      <id>8984</id>
      <id>8985</id>
      <id>8986</id>
      <id>8987</id>
      <id>8988</id>
      <id>8989</id>
      <id>8990</id>
      <id>8991</id>
      <id>8992</id>
      <id>8993</id>
      <id>8994</id>
      <id>8995</id>
      <id>8996</id>
      <id>8997</id>
      <id>8998</id>
      <id>8999</id>
      <id>9000</id>
      <id>9001</id>
      <id>9002</id>
      <id>9003</id>
      <id>9004</id>
      <id>9005</id>
      <id>9006</id>
      <id>9007</id>
      <id>9008</id>
      <id>9009</id>
      <id>9010</id>
      <id>9011</id>
      <id>9012</id>
      <id>9013</id>
      <id>9014</id>
      <id>9015</id>
      <id>9016</id>
      <id>9017</id>
      <id>9018</id>
      <id>9019</id>
      <id>9020</id>
      <id>9021</id>
      <id>9022</id>
      <id>9023</id>
      <id>9024</id>
      <id>9025</id>
      <id>9026</id>
      <id>9027</id>
      <id>9028</id>
      <id>9029</id>
      <id>9030</id>
      <id>9031</id>
      <id>9032</id>
      <id>9033</id>
      <id>9034</id>
      <id>9035</id>
      <id>9036</id>
      <id>9037</id>
      <id>9038</id>
      <id>9039</id>
      <id>9040</id>
      <id>9041</id>
      <id>9042</id>
      <id>9043</id>
      <id>9044</id>
      <id>9045</id>
      <id>9046</id>
      <id>9047</id>
      <id>9048</id>
      <id>9049</id>
      <id>9050</id>
      <id>9051</id>
      <id>9052</id>
      <id>9053</id>
      <id>9054</id>
      <id>9055</id>
      <id>9056</id>
      <id>9057</id>
      <id>9058</id>
      <id>9059</id>
      <id>9060</id>
      <id>9061</id>
      <id>9062</id>
      <id>9063</id>
      <id>9064</id>
      <id>9065</id>
      <id>9066</id>
      <id>9067</id>
      <id>9068</id>
      <id>9069</id>
      <id>9070</id>
      <id>9071</id>
      <id>9072</id>
      <id>9073</id>
      <id>9074</id>
      <id>9075</id>
      <id>9076</id>
      <id>9077</id>
      <id>9078</id>
      <id>9079</id>
      <id>9080</id>
      <id>9081</id>
      <id>9082</id>
      <id>9083</id>
      <id>9084</id>
      <id>9085</id>
      <id>9086</id>
      <id>9087</id>
      <id>9088</id>
      <id>9089</id>
      <id>9090</id>
      <id>9091</id>
      <id>9092</id>
      <id>9093</id>
      <id>9094</id>
      <id>9095</id>
   </successors>
   <trajectory>
      <states>
         <state>
            <time>0</time>
            <x>0</x>
            <y>0</y>
            <velocity>24</velocity>
            <orientation>0</orientation>
         </state>
         <state>
            <time>0.1</time>
            <x>2.3872</x>
            <y>-0.099284</y>
            <velocity>23.8</velocity>
            <orientation>-0.08313</orientation>
         </state>
         <state>
            <time>0.2</time>
            <x>4.7383</x>
            <y>-0.39315</y>
            <velocity>23.6</velocity>
            <orientation>-0.16557</orientation>
         </state>
         <state>
            <time>0.3</time>
            <x>7.0377</x>
            <y>-0.8747</y>
            <velocity>23.4</velocity>
            <orientation>-0.2473</orientation>
         </state>
         <state>
            <time>0.4</time>
            <x>9.2713</x>
            <y>-1.5359</y>
            <velocity>23.2</velocity>
            <orientation>-0.32835</orientation>
         </state>
         <state>
            <time>0.5</time>
            <x>11.4256</x>
            <y>-2.3679</y>
            <velocity>23</velocity>
            <orientation>-0.4087</orientation>
         </state>
         <state>
            <time>0.6</time>
            <x>13.4886</x>
            <y>-3.3606</y>
            <velocity>22.8</velocity>
            <orientation>-0.48835</orientation>
         </state>
         <state>
            <time>0.7</time>
            <x>15.4491</x>
            <y>-4.5036</y>
            <velocity>22.6</velocity>
            <orientation>-0.5673</orientation>
         </state>
         <state>
            <time>0.8</time>
            <x>17.2974</x>
            <y>-5.7857</y>
            <velocity>22.4</velocity>
            <orientation>-0.64557</orientation>
         </state>
         <state>
            <time>0.9</time>
            <x>19.0249</x>
            <y>-7.195</y>
            <velocity>22.2</velocity>
            <orientation>-0.72313</orientation>
         </state>
         <state>
            <time>1</time>
            <x>20.624</x>
            <y>-8.7197</y>
            <velocity>22</velocity>
            <orientation>-0.8</orientation>
         </state>
      </states>
      <inputs>
         <input>
            <acceleration>-2</acceleration>
            <steer>-0.07983</steer>
         </input>
         <input>
            <acceleration>-2</acceleration>
            <steer>-0.07983</steer>
         </input>
         <input>
            <acceleration>-2</acceleration>
            <steer>-0.07983</steer>
         </input>
         <input>
            <acceleration>-2</acceleration>
            <steer>-0.07983</steer>
         </input>
         <input>
            <acceleration>-2</acceleration>
            <steer>-0.07983</steer>
         </input>
         <input>
            <acceleration>-2</acceleration>
            <steer>-0.07983</steer>
         </input>
         <input>
            <acceleration>-2</acceleration>
            <steer>-0.07983</steer>
         </input>
         <input>
            <acceleration>-2</acceleration>
            <steer>-0.07983</steer>
         </input>
         <input>
            <acceleration>-2</acceleration>
            <steer>-0.07983</steer>
         </input>
         <input>
            <acceleration>-2</acceleration>
            <steer>-0.07983</steer>
         </input>
      </inputs>
   </trajectory>
   <occupancySet>
      <occupancy>
         <time>
            <intervalStart>0</intervalStart>
            <intervalEnd>0.1</intervalEnd>
         </time>
         <set>
            <point>
               <element dimension="1">-1.1283</element>
               <element dimension="2">-1.0185</element>
            </point>
            <point>
               <element dimension="1">-1.1197</element>
               <element dimension="2">1.0368</element>
            </point>
            <point>
               <element dimension="1">-1.1197</element>
               <element dimension="2">1.0371</element>
            </point>
            <point>
               <element dimension="1">-1.1187</element>
               <element dimension="2">1.0503</element>
            </point>
            <point>
               <element dimension="1">3.0949</element>
               <element dimension="2">1.0327</element>
            </point>
            <point>
               <element dimension="1">3.6501</element>
               <element dimension="2">1.0096</element>
            </point>
            <point>
               <element dimension="1">5.8601</element>
               <element dimension="2">0.83458</element>
            </point>
            <point>
               <element dimension="1">5.8588</element>
               <element dimension="2">0.51717</element>
            </point>
            <point>
               <element dimension="1">5.8531</element>
               <element dimension="2">0.37927</element>
            </point>
            <point>
               <element dimension="1">5.716</element>
               <element dimension="2">-1.352</element>
            </point>
            <point>
               <element dimension="1">5.5242</element>
               <element dimension="2">-1.3512</element>
            </point>
            <point>
               <element dimension="1">0.36031</element>
               <element dimension="2">-1.1364</element>
            </point>
         </set>
      </occupancy>
      <occupancy>
         <time>
            <intervalStart>0.1</intervalStart>
            <intervalEnd>0.2</intervalEnd>
         </time>
         <set>
            <point>
               <element dimension="1">0.95793</element>
               <element dimension="2">-0.97825</element>
            </point>
            <point>
               <element dimension="1">1.1137</element>
               <element dimension="2">0.989</element>
            </point>
            <point>
               <element dimension="1">1.1137</element>
               <element dimension="2">0.98901</element>
            </point>
            <point>
               <element dimension="1">1.1197</element>
               <element dimension="2">1.0257</element>
            </point>
            <point>
               <element dimension="1">5.1105</element>
               <element dimension="2">0.70973</element>
            </point>
            <point>
               <element dimension="1">5.8579</element>
               <element dimension="2">0.61942</element>
            </point>
            <point>
               <element dimension="1">8.2641</element>
               <element dimension="2">0.22746</element>
            </point>
            <point>
               <element dimension="1">8.2322</element>
               <element dimension="2">-0.17463</element>
            </point>
            <point>
               <element dimension="1">8.2319</element>
               <element dimension="2">-0.17763</element>
            </point>
            <point>
               <element dimension="1">7.948</element>
               <element dimension="2">-1.9203</element>
            </point>
            <point>
               <element dimension="1">7.778</element>
               <element dimension="2">-1.9069</element>
            </point>
            <point>
               <element dimension="1">3.4432</element>
               <element dimension="2">-1.3831</element>
            </point>
         </set>
      </occupancy>
      <occupancy>
         <time>
            <intervalStart>0.2</intervalStart>
            <intervalEnd>0.3</intervalEnd>
         </time>
         <set>
            <point>
               <element dimension="1">3.2464</element>
               <element dimension="2">-1.1566</element>
            </point>
            <point>
               <element dimension="1">3.5623</element>
               <element dimension="2">0.78309</element>
            </point>
            <point>
               <element dimension="1">3.5745</element>
               <element dimension="2">0.83221</element>
            </point>
            <point>
               <element dimension="1">7.5983</element>
               <element dimension="2">0.17673</element>
            </point>
            <point>
               <element dimension="1">8.2454</element>
               <element dimension="2">0.043956</element>
            </point>
            <point>
               <element dimension="1">10.5963</element>
               <element dimension="2">-0.53946</element>
            </point>
            <point>
               <element dimension="1">10.5343</element>
               <element dimension="2">-0.92011</element>
            </point>
            <point>
               <element dimension="1">10.1039</element>
               <element dimension="2">-2.6543</element>
            </point>
            <point>
               <element dimension="1">9.958</element>
               <element dimension="2">-2.6305</element>
            </point>
            <point>
               <element dimension="1">5.4971</element>
               <element dimension="2">-1.7152</element>
            </point>
         </set>
      </occupancy>
      <occupancy>
         <time>
            <intervalStart>0.3</intervalStart>
            <intervalEnd>0.4</intervalEnd>
         </time>
         <set>
            <point>
               <element dimension="1">5.5003</element>
               <element dimension="2">-1.5117</element>
            </point>
            <point>
               <element dimension="1">5.9672</element>
               <element dimension="2">0.36987</element>
            </point>
            <point>
               <element dimension="1">5.9882</element>
               <element dimension="2">0.43228</element>
            </point>
            <point>
               <element dimension="1">9.9621</element>
               <element dimension="2">-0.55394</element>
            </point>
            <point>
               <element dimension="1">10.5532</element>
               <element dimension="2">-0.72632</element>
            </point>
            <point>
               <element dimension="1">12.8378</element>
               <element dimension="2">-1.4944</element>
            </point>
            <point>
               <element dimension="1">12.7513</element>
               <element dimension="2">-1.8434</element>
            </point>
            <point>
               <element dimension="1">12.178</element>
               <element dimension="2">-3.5484</element>
            </point>
            <point>
               <element dimension="1">12.0563</element>
               <element dimension="2">-3.5182</element>
            </point>
            <point>
               <element dimension="1">7.6186</element>
               <element dimension="2">-2.2238</element>
            </point>
         </set>
      </occupancy>
      <occupancy>
         <time>
            <intervalStart>0.4</intervalStart>
            <intervalEnd>0.5</intervalEnd>
         </time>
         <set>
            <point>
               <element dimension="1">7.6997</element>
               <element dimension="2">-2.0406</element>
            </point>
            <point>
               <element dimension="1">8.3129</element>
               <element dimension="2">-0.2167</element>
            </point>
            <point>
               <element dimension="1">8.3357</element>
               <element dimension="2">-0.16347</element>
            </point>
            <point>
               <element dimension="1">12.2794</element>
               <element dimension="2">-1.4893</element>
            </point>
            <point>
               <element dimension="1">12.774</element>
               <element dimension="2">-1.678</element>
            </point>
            <point>
               <element dimension="1">14.9704</element>
               <element dimension="2">-2.6189</element>
            </point>
            <point>
               <element dimension="1">14.8624</element>
               <element dimension="2">-2.9399</element>
            </point>
            <point>
               <element dimension="1">14.1573</element>
               <element dimension="2">-4.586</element>
            </point>
            <point>
               <element dimension="1">14.0604</element>
               <element dimension="2">-4.5535</element>
            </point>
            <point>
               <element dimension="1">9.5341</element>
               <element dimension="2">-2.8264</element>
            </point>
         </set>
      </occupancy>
      <occupancy>
         <time>
            <intervalStart>0.5</intervalStart>
            <intervalEnd>0.6</intervalEnd>
         </time>
         <set>
            <point>
               <element dimension="1">9.8393</element>
               <element dimension="2">-2.7322</element>
            </point>
            <point>
               <element dimension="1">10.585</element>
               <element dimension="2">-0.99133</element>
            </point>
            <point>
               <element dimension="1">10.608</element>
               <element dimension="2">-0.94768</element>
            </point>
            <point>
               <element dimension="1">14.3952</element>
               <element dimension="2">-2.57</element>
            </point>
            <point>
               <element dimension="1">14.8847</element>
               <element dimension="2">-2.8031</element>
            </point>
            <point>
               <element dimension="1">16.9831</element>
               <element dimension="2">-3.9073</element>
            </point>
            <point>
               <element dimension="1">16.8625</element>
               <element dimension="2">-4.1889</element>
            </point>
            <point>
               <element dimension="1">16.0319</element>
               <element dimension="2">-5.7674</element>
            </point>
            <point>
               <element dimension="1">15.9585</element>
               <element dimension="2">-5.736</element>
            </point>
            <point>
               <element dimension="1">11.6228</element>
               <element dimension="2">-3.6707</element>
            </point>
         </set>
      </occupancy>
      <occupancy>
         <time>
            <intervalStart>0.6</intervalStart>
            <intervalEnd>0.7</intervalEnd>
         </time>
         <set>
            <point>
               <element dimension="1">11.9005</element>
               <element dimension="2">-3.5873</element>
            </point>
            <point>
               <element dimension="1">12.7679</element>
               <element dimension="2">-1.9388</element>
            </point>
            <point>
               <element dimension="1">12.79</element>
               <element dimension="2">-1.9039</element>
            </point>
            <point>
               <element dimension="1">16.4128</element>
               <element dimension="2">-3.8103</element>
            </point>
            <point>
               <element dimension="1">16.8806</element>
               <element dimension="2">-4.0805</element>
            </point>
            <point>
               <element dimension="1">18.869</element>
               <element dimension="2">-5.3366</element>
            </point>
            <point>
               <element dimension="1">18.7415</element>
               <element dimension="2">-5.579</element>
            </point>
            <point>
               <element dimension="1">17.7927</element>
               <element dimension="2">-7.0809</element>
            </point>
            <point>
               <element dimension="1">17.7412</element>
               <element dimension="2">-7.0538</element>
            </point>
            <point>
               <element dimension="1">13.6088</element>
               <element dimension="2">-4.6664</element>
            </point>
         </set>
      </occupancy>
      <occupancy>
         <time>
            <intervalStart>0.7</intervalStart>
            <intervalEnd>0.8</intervalEnd>
         </time>
         <set>
            <point>
               <element dimension="1">13.8717</element>
               <element dimension="2">-4.5962</element>
            </point>
            <point>
               <element dimension="1">14.8498</element>
               <element dimension="2">-3.0478</element>
            </point>
            <point>
               <element dimension="1">14.8697</element>
               <element dimension="2">-3.0212</element>
            </point>
            <point>
               <element dimension="1">18.3093</element>
               <element dimension="2">-5.1939</element>
            </point>
            <point>
               <element dimension="1">18.7527</element>
               <element dimension="2">-5.4989</element>
            </point>
            <point>
               <element dimension="1">20.6194</element>
               <element dimension="2">-6.8936</element>
            </point>
            <point>
               <element dimension="1">20.4906</element>
               <element dimension="2">-7.0975</element>
            </point>
            <point>
               <element dimension="1">19.4316</element>
               <element dimension="2">-8.5149</element>
            </point>
            <point>
               <element dimension="1">19.4001</element>
               <element dimension="2">-8.495</element>
            </point>
            <point>
               <element dimension="1">15.4926</element>
               <element dimension="2">-5.8072</element>
            </point>
         </set>
      </occupancy>
      <occupancy>
         <time>
            <intervalStart>0.8</intervalStart>
            <intervalEnd>0.9</intervalEnd>
         </time>
         <set>
            <point>
               <element dimension="1">15.7426</element>
               <element dimension="2">-5.7489</element>
            </point>
            <point>
               <element dimension="1">16.8198</element>
               <element dimension="2">-4.3071</element>
            </point>
            <point>
               <element dimension="1">16.8366</element>
               <element dimension="2">-4.288</element>
            </point>
            <point>
               <element dimension="1">20.0748</element>
               <element dimension="2">-6.7076</element>
            </point>
            <point>
               <element dimension="1">20.4924</element>
               <element dimension="2">-7.0456</element>
            </point>
            <point>
               <element dimension="1">22.2273</element>
               <element dimension="2">-8.565</element>
            </point>
            <point>
               <element dimension="1">22.1027</element>
               <element dimension="2">-8.7318</element>
            </point>
            <point>
               <element dimension="1">20.9408</element>
               <element dimension="2">-10.0584</element>
            </point>
            <point>
               <element dimension="1">20.934</element>
               <element dimension="2">-10.0533</element>
            </point>
            <point>
               <element dimension="1">17.2817</element>
               <element dimension="2">-7.0969</element>
            </point>
         </set>
      </occupancy>
      <occupancy>
         <time>
            <intervalStart>0.9</intervalStart>
            <intervalEnd>1</intervalEnd>
         </time>
         <set>
            <point>
               <element dimension="1">17.5031</element>
               <element dimension="2">-7.0351</element>
            </point>
            <point>
               <element dimension="1">18.6683</element>
               <element dimension="2">-5.7047</element>
            </point>
            <point>
               <element dimension="1">18.6836</element>
               <element dimension="2">-5.6898</element>
            </point>
            <point>
               <element dimension="1">21.6376</element>
               <element dimension="2">-8.2768</element>
            </point>
            <point>
               <element dimension="1">22.0937</element>
               <element dimension="2">-8.7084</element>
            </point>
            <point>
               <element dimension="1">23.6855</element>
               <element dimension="2">-10.3349</element>
            </point>
            <point>
               <element dimension="1">23.5517</element>
               <element dimension="2">-10.4877</element>
            </point>
            <point>
               <element dimension="1">22.3158</element>
               <element dimension="2">-11.6973</element>
            </point>
            <point>
               <element dimension="1">22.3115</element>
               <element dimension="2">-11.6936</element>
            </point>
            <point>
               <element dimension="1">18.9433</element>
               <element dimension="2">-8.5067</element>
            </point>
         </set>
      </occupancy>
   </occupancySet>
   <reachableSet>
      <reachability>
         <time>0</time>
         <x>
            <intervalStart>-0.1</intervalStart>
            <intervalEnd>0.1</intervalEnd>
         </x>
         <y>
            <intervalStart>-0.1</intervalStart>
            <intervalEnd>0.1</intervalEnd>
         </y>
         <velocity>
            <intervalStart>23.8</intervalStart>
            <intervalEnd>24.2</intervalEnd>
         </velocity>
         <orientation>
            <intervalStart>-0.02</intervalStart>
            <intervalEnd>0.02</intervalEnd>
         </orientation>
      </reachability>
      <reachability>
         <time>1</time>
         <x>
            <intervalStart>20.6197</intervalStart>
            <intervalEnd>20.6275</intervalEnd>
         </x>
         <y>
            <intervalStart>-8.7259</intervalStart>
            <intervalEnd>-8.714</intervalEnd>
         </y>
         <velocity>
            <intervalStart>22</intervalStart>
            <intervalEnd>22</intervalEnd>
         </velocity>
         <orientation>
            <intervalStart>-0.8003</intervalStart>
            <intervalEnd>-0.79973</intervalEnd>
         </orientation>
      </reachability>
   </reachableSet>
</motionPrimitive>