<?xml version="1.0" encoding="utf-8"?>
<motionPrimitive ID="10431">
   <controller type="generator space control">controller10431.mat</controller>
   <successors>
      <id>8511</id>
      <id>8512</id>
      <id>8513</id>
      <id>8514</id>
      <id>8515</id>
      <id>8516</id>
      <id>8517</id>
      <id>8518</id>
      <id>8519</id>
      <id>8520</id>
      <id>8521</id>
      <id>8522</id>
      <id>8523</id>
      <id>8524</id>
      <id>8525</id>
      <id>8526</id>
      <id>8527</id>
      <id>8528</id>
      <id>8529</id>
      <id>8530</id>
      <id>8531</id>
      <id>8532</id>
      <id>8533</id>
      <id>8534</id>
      <id>8535</id>
      <id>8536</id>
      <id>8537</id>
      <id>8538</id>
      <id>8539</id>
      <id>8540</id>
      <id>8541</id>
      <id>8542</id>
      <id>8543</id>
      <id>8544</id>
      <id>8545</id>
      <id>8546</id>
      <id>8547</id>
      <id>8548</id>
      <id>8549</id>
      <id>8550</id>
      <id>8551</id>
      <id>8552</id>
      <id>8553</id>
      <id>8554</id>
      <id>8555</id>
      <id>8556</id>
      <id>8557</id>
      <id>8558</id>
      <id>8559</id>
      <id>8560</id>
      <id>8561</id>
      <id>8562</id>
      <id>8563</id>
      <id>8564</id>
      <id>8565</id>
      <id>8566</id>
      <id>8567</id>
      <id>8568</id>
      <id>8569</id>
      <id>8570</id>
      <id>8571</id>
      <id>8572</id>
      <id>8573</id>
      <id>8574</id>
      <id>8575</id>
      <id>8576</id>
      <id>8577</id>
      <id>8578</id>
      <id>8579</id>
      <id>8580</id>
      <id>8581</id>
      <id>8582</id>
      <id>8583</id>
      <id>8584</id>
      <id>8585</id>
      <id>8586</id>
      <id>8587</id>
      <id>8588</id>
      <id>8589</id>
      <id>8590</id>
      <id>8591</id>
      <id>8592</id>
      <id>8593</id>
      <id>8594</id>
      <id>8595</id>
      <id>8596</id>
      <id>8597</id>
      <id>8598</id>
      <id>8599</id>
      <id>8600</id>
      <id>8601</id>
      <id>8602</id>
      <id>8603</id>
      <id>8604</id>
      <id>8605</id>
      <id>8606</id>
      <id>8607</id>
      <id>8608</id>
      <id>8609</id>
      <id>8610</id>
      <id>8611</id>
      <id>8612</id>
      <id>8613</id>
      <id>8614</id>
      <id>8615</id>
      <id>8616</id>
      <id>8617</id>
      <id>8618</id>
      <id>8619</id>
      <id>8620</id>
      <id>8621</id>
      <id>8622</id>
      <id>8623</id>
      <id>8624</id>
      <id>8625</id>
      <id>8626</id>
      <id>8627</id>
      <id>8628</id>
      <id>8629</id>
      <id>8630</id>
      <id>8631</id>
      <id>8632</id>
      <id>8633</id>
      <id>8634</id>
      <id>8635</id>
      <id>8636</id>
      <id>8637</id>
      <id>8638</id>
      <id>8639</id>
      <id>8640</id>
      <id>8641</id>
      <id>8642</id>
      <id>8643</id>
      <id>8644</id>
      <id>8645</id>
      <id>8646</id>
      <id>8647</id>
      <id>8648</id>
      <id>8649</id>
      <id>8650</id>
      <id>8651</id>
      <id>8652</id>
      <id>8653</id>
      <id>8654</id>
      <id>8655</id>
      <id>8656</id>
      <id>8657</id>
      <id>8658</id>
      <id>8659</id>
      <id>8660</id>
      <id>8661</id>
      <id>8662</id>
      <id>8663</id>
      <id>8664</id>
      <id>8665</id>
      <id>8666</id>
      <id>8667</id>
      <id>8668</id>
      <id>8669</id>
      <id>8670</id>
      <id>8671</id>
      <id>8672</id>
      <id>8673</id>
      <id>8674</id>
      <id>8675</id>
      <id>8676</id>
      <id>8677</id>
      <id>8678</id>
      <id>8679</id>
      <id>8680</id>
      <id>8681</id>
      <id>8682</id>
      <id>8683</id>
      <id>8684</id>
      <id>8685</id>
      <id>8686</id>
      <id>8687</id>
      <id>8688</id>
      <id>8689</id>
      <id>8690</id>
      <id>8691</id>
      <id>8692</id>
      <id>8693</id>
      <id>8694</id>
      <id>8695</id>
      <id>8696</id>
      <id>8697</id>
      <id>8698</id>
      <id>8699</id>
      <id>8700</id>
      <id>8701</id>
      <id>8702</id>
      <id>8703</id>
      <id>8704</id>
      <id>8705</id>
   </successors>
   <trajectory>
      <states>
         <state>
            <time>0</time>
            <x>0</x>
            <y>0</y>
            <velocity>25.2</velocity>
            <orientation>0</orientation>
         </state>
         <state>
            <time>0.1</time>
            <x>2.5</x>
            <y>0</y>
            <velocity>24.8</velocity>
            <orientation>0</orientation>
         </state>
         <state>
            <time>0.2</time>
            <x>4.96</x>
            <y>0</y>
            <velocity>24.4</velocity>
            <orientation>0</orientation>
         </state>
         <state>
            <time>0.3</time>
            <x>7.38</x>
            <y>0</y>
            <velocity>24</velocity>
            <orientation>0</orientation>
         </state>
         <state>
            <time>0.4</time>
            <x>9.76</x>
            <y>0</y>
            <velocity>23.6</velocity>
            <orientation>0</orientation>
         </state>
         <state>
            <time>0.5</time>
            <x>12.1</x>
            <y>0</y>
            <velocity>23.2</velocity>
            <orientation>0</orientation>
         </state>
         <state>
            <time>0.6</time>
            <x>14.4</x>
            <y>0</y>
            <velocity>22.8</velocity>
            <orientation>0</orientation>
         </state>
         <state>
            <time>0.7</time>
            <x>16.66</x>
            <y>0</y>
            <velocity>22.4</velocity>
            <orientation>0</orientation>
         </state>
         <state>
            <time>0.8</time>
            <x>18.88</x>
            <y>0</y>
            <velocity>22</velocity>
            <orientation>0</orientation>
         </state>
         <state>
            <time>0.9</time>
            <x>21.06</x>
            <y>0</y>
            <velocity>21.6</velocity>
            <orientation>0</orientation>
         </state>
         <state>
            <time>1</time>
            <x>23.2</x>
            <y>0</y>
            <velocity>21.2</velocity>
            <orientation>0</orientation>
         </state>
      </states>
      <inputs>
         <input>
            <acceleration>-4</acceleration>
            <steer>0</steer>
         </input>
         <input>
            <acceleration>-4</acceleration>
            <steer>0</steer>
         </input>
         <input>
            <acceleration>-4</acceleration>
            <steer>0</steer>
         </input>
         <input>
            <acceleration>-4</acceleration>
            <steer>0</steer>
         </input>
         <input>
            <acceleration>-4</acceleration>
            <steer>0</steer>
         </input>
         <input>
            <acceleration>-4</acceleration>
            <steer>0</steer>
         </input>
         <input>
            <acceleration>-4</acceleration>
            <steer>0</steer>
         </input>
         <input>
            <acceleration>-4</acceleration>
            <steer>0</steer>
         </input>
         <input>
            <acceleration>-4</acceleration>
            <steer>0</steer>
         </input>
         <input>
            <acceleration>-4</acceleration>
            <steer>0</steer>
         </input>
      </inputs>
   </trajectory>
   <occupancySet>
      <occupancy>
         <time>
            <intervalStart>0</intervalStart>
            <intervalEnd>0.1</intervalEnd>
         </time>
         <set>
            <point>
               <element dimension="1">-1.1201</element>
               <element dimension="2">-1.0198</element>
            </point>
            <point>
               <element dimension="1">-1.1201</element>
               <element dimension="2">1.0198</element>
            </point>
            <point>
               <element dimension="1">5.9104</element>
               <element dimension="2">1.0198</element>
            </point>
            <point>
               <element dimension="1">5.9104</element>
               <element dimension="2">-1.0198</element>
            </point>
         </set>
      </occupancy>
      <occupancy>
         <time>
            <intervalStart>0.1</intervalStart>
            <intervalEnd>0.2</intervalEnd>
         </time>
         <set>
            <point>
               <element dimension="1">1.1412</element>
               <element dimension="2">-0.97854</element>
            </point>
            <point>
               <element dimension="1">1.1412</element>
               <element dimension="2">0.97854</element>
            </point>
            <point>
               <element dimension="1">8.3583</element>
               <element dimension="2">0.97854</element>
            </point>
            <point>
               <element dimension="1">8.3583</element>
               <element dimension="2">-0.97854</element>
            </point>
         </set>
      </occupancy>
      <occupancy>
         <time>
            <intervalStart>0.2</intervalStart>
            <intervalEnd>0.3</intervalEnd>
         </time>
         <set>
            <point>
               <element dimension="1">3.6173</element>
               <element dimension="2">-0.9616</element>
            </point>
            <point>
               <element dimension="1">3.6173</element>
               <element dimension="2">0.9616</element>
            </point>
            <point>
               <element dimension="1">10.7661</element>
               <element dimension="2">0.9616</element>
            </point>
            <point>
               <element dimension="1">10.7661</element>
               <element dimension="2">-0.9616</element>
            </point>
         </set>
      </occupancy>
      <occupancy>
         <time>
            <intervalStart>0.3</intervalStart>
            <intervalEnd>0.4</intervalEnd>
         </time>
         <set>
            <point>
               <element dimension="1">6.0535</element>
               <element dimension="2">-0.94764</element>
            </point>
            <point>
               <element dimension="1">6.0535</element>
               <element dimension="2">0.94764</element>
            </point>
            <point>
               <element dimension="1">13.1339</element>
               <element dimension="2">0.94764</element>
            </point>
            <point>
               <element dimension="1">13.1339</element>
               <element dimension="2">-0.94764</element>
            </point>
         </set>
      </occupancy>
      <occupancy>
         <time>
            <intervalStart>0.4</intervalStart>
            <intervalEnd>0.5</intervalEnd>
         </time>
         <set>
            <point>
               <element dimension="1">8.4497</element>
               <element dimension="2">-0.93392</element>
            </point>
            <point>
               <element dimension="1">8.4497</element>
               <element dimension="2">0.93392</element>
            </point>
            <point>
               <element dimension="1">15.4617</element>
               <element dimension="2">0.93392</element>
            </point>
            <point>
               <element dimension="1">15.4617</element>
               <element dimension="2">-0.93392</element>
            </point>
         </set>
      </occupancy>
      <occupancy>
         <time>
            <intervalStart>0.5</intervalStart>
            <intervalEnd>0.6</intervalEnd>
         </time>
         <set>
            <point>
               <element dimension="1">10.8058</element>
               <element dimension="2">-0.92043</element>
            </point>
            <point>
               <element dimension="1">10.8058</element>
               <element dimension="2">0.92043</element>
            </point>
            <point>
               <element dimension="1">17.7495</element>
               <element dimension="2">0.92043</element>
            </point>
            <point>
               <element dimension="1">17.7495</element>
               <element dimension="2">-0.92043</element>
            </point>
         </set>
      </occupancy>
      <occupancy>
         <time>
            <intervalStart>0.6</intervalStart>
            <intervalEnd>0.7</intervalEnd>
         </time>
         <set>
            <point>
               <element dimension="1">13.122</element>
               <element dimension="2">-0.90717</element>
            </point>
            <point>
               <element dimension="1">13.122</element>
               <element dimension="2">0.90717</element>
            </point>
            <point>
               <element dimension="1">19.9973</element>
               <element dimension="2">0.90717</element>
            </point>
            <point>
               <element dimension="1">19.9973</element>
               <element dimension="2">-0.90717</element>
            </point>
         </set>
      </occupancy>
      <occupancy>
         <time>
            <intervalStart>0.7</intervalStart>
            <intervalEnd>0.8</intervalEnd>
         </time>
         <set>
            <point>
               <element dimension="1">15.3982</element>
               <element dimension="2">-0.89414</element>
            </point>
            <point>
               <element dimension="1">15.3982</element>
               <element dimension="2">0.89414</element>
            </point>
            <point>
               <element dimension="1">22.2051</element>
               <element dimension="2">0.89414</element>
            </point>
            <point>
               <element dimension="1">22.2051</element>
               <element dimension="2">-0.89414</element>
            </point>
         </set>
      </occupancy>
      <occupancy>
         <time>
            <intervalStart>0.8</intervalStart>
            <intervalEnd>0.9</intervalEnd>
         </time>
         <set>
            <point>
               <element dimension="1">17.6344</element>
               <element dimension="2">-0.88134</element>
            </point>
            <point>
               <element dimension="1">17.6344</element>
               <element dimension="2">0.88134</element>
            </point>
            <point>
               <element dimension="1">24.3729</element>
               <element dimension="2">0.88134</element>
            </point>
            <point>
               <element dimension="1">24.3729</element>
               <element dimension="2">-0.88134</element>
            </point>
         </set>
      </occupancy>
      <occupancy>
         <time>
            <intervalStart>0.9</intervalStart>
            <intervalEnd>1</intervalEnd>
         </time>
         <set>
            <point>
               <element dimension="1">19.8306</element>
               <element dimension="2">-0.86975</element>
            </point>
            <point>
               <element dimension="1">19.8306</element>
               <element dimension="2">0.86975</element>
            </point>
            <point>
               <element dimension="1">26.501</element>
               <element dimension="2">0.86975</element>
            </point>
            <point>
               <element dimension="1">26.501</element>
               <element dimension="2">-0.86975</element>
            </point>
         </set>
      </occupancy>
   </occupancySet>
   <reachableSet>
      <reachability>
         <time>0</time>
         <x>
            <intervalStart>-0.1</intervalStart>
            <intervalEnd>0.1</intervalEnd>
         </x>
         <y>
            <intervalStart>-0.1</intervalStart>
            <intervalEnd>0.1</intervalEnd>
         </y>
         <velocity>
            <intervalStart>25</intervalStart>
            <intervalEnd>25.4</intervalEnd>
         </velocity>
         <orientation>
            <intervalStart>-0.02</intervalStart>
            <intervalEnd>0.02</intervalEnd>
         </orientation>
      </reachability>
      <reachability>
         <time>1</time>
         <x>
            <intervalStart>23.1994</intervalStart>
            <intervalEnd>23.2002</intervalEnd>
         </x>
         <y>
            <intervalStart>-0.0048575</intervalStart>
            <intervalEnd>0.0048575</intervalEnd>
         </y>
         <velocity>
            <intervalStart>21.2</intervalStart>
            <intervalEnd>21.2</intervalEnd>
         </velocity>
         <orientation>
            <intervalStart>-0.00021797</intervalStart>
            <intervalEnd>0.00021797</intervalEnd>
         </orientation>
      </reachability>
   </reachableSet>
</motionPrimitive>