<?xml version="1.0" encoding="utf-8"?>
<motionPrimitive ID="100">
   <controller type="generator space control">controller100.mat</controller>
   <successors>
      <id>12532</id>
      <id>12533</id>
      <id>12534</id>
      <id>12535</id>
      <id>12536</id>
      <id>12537</id>
      <id>12538</id>
      <id>12539</id>
      <id>12540</id>
      <id>12541</id>
      <id>12542</id>
      <id>12543</id>
      <id>12544</id>
      <id>12545</id>
      <id>12546</id>
      <id>12547</id>
      <id>12548</id>
      <id>12549</id>
      <id>12550</id>
      <id>12551</id>
      <id>12552</id>
      <id>12553</id>
      <id>12554</id>
      <id>12555</id>
      <id>12556</id>
      <id>12557</id>
      <id>12558</id>
      <id>12559</id>
      <id>12560</id>
      <id>12561</id>
      <id>12562</id>
      <id>12563</id>
      <id>12564</id>
      <id>12565</id>
      <id>12566</id>
      <id>12567</id>
      <id>12568</id>
      <id>12569</id>
      <id>12570</id>
      <id>12571</id>
      <id>12572</id>
      <id>12573</id>
      <id>12574</id>
      <id>12575</id>
      <id>12576</id>
      <id>12577</id>
      <id>12578</id>
      <id>12579</id>
      <id>12580</id>
      <id>12581</id>
      <id>12582</id>
      <id>12583</id>
      <id>12584</id>
      <id>12585</id>
      <id>12586</id>
      <id>12587</id>
      <id>12588</id>
      <id>12589</id>
      <id>12590</id>
      <id>12591</id>
      <id>12592</id>
      <id>12593</id>
      <id>12594</id>
      <id>12595</id>
      <id>12596</id>
      <id>12597</id>
      <id>12598</id>
      <id>12599</id>
      <id>12600</id>
      <id>12601</id>
      <id>12602</id>
      <id>12603</id>
      <id>12604</id>
      <id>12605</id>
      <id>12606</id>
      <id>12607</id>
      <id>12608</id>
      <id>12609</id>
      <id>12610</id>
      <id>12611</id>
      <id>12612</id>
      <id>12613</id>
      <id>12614</id>
      <id>12615</id>
      <id>12616</id>
      <id>12617</id>
      <id>12618</id>
      <id>12619</id>
      <id>12620</id>
      <id>12621</id>
      <id>12622</id>
      <id>12623</id>
      <id>12624</id>
      <id>12625</id>
      <id>12626</id>
      <id>12627</id>
      <id>12628</id>
      <id>12629</id>
      <id>12630</id>
      <id>12631</id>
      <id>12632</id>
      <id>12633</id>
      <id>12634</id>
      <id>12635</id>
      <id>12636</id>
      <id>12637</id>
      <id>12638</id>
      <id>12639</id>
      <id>12640</id>
      <id>12641</id>
      <id>12642</id>
      <id>12643</id>
      <id>12644</id>
      <id>12645</id>
      <id>12646</id>
      <id>12647</id>
      <id>12648</id>
      <id>12649</id>
      <id>12650</id>
      <id>12651</id>
      <id>12652</id>
      <id>12653</id>
   </successors>
   <trajectory>
      <states>
         <state>
            <time>0</time>
            <x>0</x>
            <y>0</y>
            <velocity>3.6</velocity>
            <orientation>0</orientation>
         </state>
         <state>
            <time>0.1</time>
            <x>0.35597</x>
            <y>0.0039603</y>
            <velocity>3.52</velocity>
            <orientation>0.02225</orientation>
         </state>
         <state>
            <time>0.2</time>
            <x>0.70377</x>
            <y>0.015486</y>
            <velocity>3.44</velocity>
            <orientation>0.044</orientation>
         </state>
         <state>
            <time>0.3</time>
            <x>1.0433</x>
            <y>0.034048</y>
            <velocity>3.36</velocity>
            <orientation>0.06525</orientation>
         </state>
         <state>
            <time>0.4</time>
            <x>1.3743</x>
            <y>0.059132</y>
            <velocity>3.28</velocity>
            <orientation>0.086</orientation>
         </state>
         <state>
            <time>0.5</time>
            <x>1.6968</x>
            <y>0.090228</y>
            <velocity>3.2</velocity>
            <orientation>0.10625</orientation>
         </state>
         <state>
            <time>0.6</time>
            <x>2.0107</x>
            <y>0.12684</y>
            <velocity>3.12</velocity>
            <orientation>0.126</orientation>
         </state>
         <state>
            <time>0.7</time>
            <x>2.3158</x>
            <y>0.16848</y>
            <velocity>3.04</velocity>
            <orientation>0.14525</orientation>
         </state>
         <state>
            <time>0.8</time>
            <x>2.6123</x>
            <y>0.21469</y>
            <velocity>2.96</velocity>
            <orientation>0.164</orientation>
         </state>
         <state>
            <time>0.9</time>
            <x>2.8999</x>
            <y>0.26499</y>
            <velocity>2.88</velocity>
            <orientation>0.18225</orientation>
         </state>
         <state>
            <time>1</time>
            <x>3.1787</x>
            <y>0.31893</y>
            <velocity>2.8</velocity>
            <orientation>0.2</orientation>
         </state>
      </states>
      <inputs>
         <input>
            <acceleration>-0.8</acceleration>
            <steer>0.14277</steer>
         </input>
         <input>
            <acceleration>-0.8</acceleration>
            <steer>0.14277</steer>
         </input>
         <input>
            <acceleration>-0.8</acceleration>
            <steer>0.14277</steer>
         </input>
         <input>
            <acceleration>-0.8</acceleration>
            <steer>0.14277</steer>
         </input>
         <input>
            <acceleration>-0.8</acceleration>
            <steer>0.14277</steer>
         </input>
         <input>
            <acceleration>-0.8</acceleration>
            <steer>0.14277</steer>
         </input>
         <input>
            <acceleration>-0.8</acceleration>
            <steer>0.14277</steer>
         </input>
         <input>
            <acceleration>-0.8</acceleration>
            <steer>0.14277</steer>
         </input>
         <input>
            <acceleration>-0.8</acceleration>
            <steer>0.14277</steer>
         </input>
         <input>
            <acceleration>-0.8</acceleration>
            <steer>0.14277</steer>
         </input>
      </inputs>
   </trajectory>
   <occupancySet>
      <occupancy>
         <time>
            <intervalStart>0</intervalStart>
            <intervalEnd>0.1</intervalEnd>
         </time>
         <set>
            <point>
               <element dimension="1">-1.1265</element>
               <element dimension="2">1.0301</element>
            </point>
            <point>
               <element dimension="1">1.378</element>
               <element dimension="2">1.0849</element>
            </point>
            <point>
               <element dimension="1">3.7769</element>
               <element dimension="2">1.1125</element>
            </point>
            <point>
               <element dimension="1">3.7836</element>
               <element dimension="2">1.1125</element>
            </point>
            <point>
               <element dimension="1">3.8257</element>
               <element dimension="2">-0.80791</element>
            </point>
            <point>
               <element dimension="1">3.8257</element>
               <element dimension="2">-0.81413</element>
            </point>
            <point>
               <element dimension="1">3.826</element>
               <element dimension="2">-1.0194</element>
            </point>
            <point>
               <element dimension="1">3.4223</element>
               <element dimension="2">-1.0282</element>
            </point>
            <point>
               <element dimension="1">1.331</element>
               <element dimension="2">-1.0522</element>
            </point>
            <point>
               <element dimension="1">-1.1236</element>
               <element dimension="2">-1.0552</element>
            </point>
            <point>
               <element dimension="1">-1.1241</element>
               <element dimension="2">-1.0334</element>
            </point>
            <point>
               <element dimension="1">-1.1241</element>
               <element dimension="2">-1.0334</element>
            </point>
         </set>
      </occupancy>
      <occupancy>
         <time>
            <intervalStart>0.1</intervalStart>
            <intervalEnd>0.2</intervalEnd>
         </time>
         <set>
            <point>
               <element dimension="1">-0.85332</element>
               <element dimension="2">1.0058</element>
            </point>
            <point>
               <element dimension="1">0.21596</element>
               <element dimension="2">1.0525</element>
            </point>
            <point>
               <element dimension="1">4.0884</element>
               <element dimension="2">1.1793</element>
            </point>
            <point>
               <element dimension="1">4.0957</element>
               <element dimension="2">1.1794</element>
            </point>
            <point>
               <element dimension="1">4.1793</element>
               <element dimension="2">-0.73379</element>
            </point>
            <point>
               <element dimension="1">4.1836</element>
               <element dimension="2">-0.93256</element>
            </point>
            <point>
               <element dimension="1">3.5813</element>
               <element dimension="2">-0.95887</element>
            </point>
            <point>
               <element dimension="1">3.3688</element>
               <element dimension="2">-0.96583</element>
            </point>
            <point>
               <element dimension="1">-0.80809</element>
               <element dimension="2">-1.0572</element>
            </point>
            <point>
               <element dimension="1">-0.80824</element>
               <element dimension="2">-1.0539</element>
            </point>
         </set>
      </occupancy>
      <occupancy>
         <time>
            <intervalStart>0.2</intervalStart>
            <intervalEnd>0.3</intervalEnd>
         </time>
         <set>
            <point>
               <element dimension="1">-0.51411</element>
               <element dimension="2">0.97341</element>
            </point>
            <point>
               <element dimension="1">1.0538</element>
               <element dimension="2">1.0754</element>
            </point>
            <point>
               <element dimension="1">4.3907</element>
               <element dimension="2">1.2566</element>
            </point>
            <point>
               <element dimension="1">4.3985</element>
               <element dimension="2">1.257</element>
            </point>
            <point>
               <element dimension="1">4.5225</element>
               <element dimension="2">-0.65109</element>
            </point>
            <point>
               <element dimension="1">4.5299</element>
               <element dimension="2">-0.82038</element>
            </point>
            <point>
               <element dimension="1">3.96</element>
               <element dimension="2">-0.85744</element>
            </point>
            <point>
               <element dimension="1">3.2104</element>
               <element dimension="2">-0.89816</element>
            </point>
            <point>
               <element dimension="1">-0.42523</element>
               <element dimension="2">-1.057</element>
            </point>
            <point>
               <element dimension="1">-0.42577</element>
               <element dimension="2">-1.0487</element>
            </point>
         </set>
      </occupancy>
      <occupancy>
         <time>
            <intervalStart>0.3</intervalStart>
            <intervalEnd>0.4</intervalEnd>
         </time>
         <set>
            <point>
               <element dimension="1">-0.1814</element>
               <element dimension="2">0.95514</element>
            </point>
            <point>
               <element dimension="1">1.325</element>
               <element dimension="2">1.0846</element>
            </point>
            <point>
               <element dimension="1">4.6841</element>
               <element dimension="2">1.338</element>
            </point>
            <point>
               <element dimension="1">4.6923</element>
               <element dimension="2">1.3385</element>
            </point>
            <point>
               <element dimension="1">4.8557</element>
               <element dimension="2">-0.56362</element>
            </point>
            <point>
               <element dimension="1">4.8652</element>
               <element dimension="2">-0.70989</element>
            </point>
            <point>
               <element dimension="1">4.3282</element>
               <element dimension="2">-0.75603</element>
            </point>
            <point>
               <element dimension="1">3.6061</element>
               <element dimension="2">-0.81051</element>
            </point>
            <point>
               <element dimension="1">-0.050962</element>
               <element dimension="2">-1.0483</element>
            </point>
            <point>
               <element dimension="1">-0.051649</element>
               <element dimension="2">-1.0403</element>
            </point>
         </set>
      </occupancy>
      <occupancy>
         <time>
            <intervalStart>0.4</intervalStart>
            <intervalEnd>0.5</intervalEnd>
         </time>
         <set>
            <point>
               <element dimension="1">0.14448</element>
               <element dimension="2">0.94436</element>
            </point>
            <point>
               <element dimension="1">1.588</element>
               <element dimension="2">1.0979</element>
            </point>
            <point>
               <element dimension="1">4.9684</element>
               <element dimension="2">1.4229</element>
            </point>
            <point>
               <element dimension="1">4.9772</element>
               <element dimension="2">1.4237</element>
            </point>
            <point>
               <element dimension="1">5.1788</element>
               <element dimension="2">-0.4719</element>
            </point>
            <point>
               <element dimension="1">5.1894</element>
               <element dimension="2">-0.59554</element>
            </point>
            <point>
               <element dimension="1">4.6858</element>
               <element dimension="2">-0.64912</element>
            </point>
            <point>
               <element dimension="1">3.9916</element>
               <element dimension="2">-0.71585</element>
            </point>
            <point>
               <element dimension="1">0.31443</element>
               <element dimension="2">-1.0318</element>
            </point>
            <point>
               <element dimension="1">0.31361</element>
               <element dimension="2">-1.0241</element>
            </point>
         </set>
      </occupancy>
      <occupancy>
         <time>
            <intervalStart>0.5</intervalStart>
            <intervalEnd>0.6</intervalEnd>
         </time>
         <set>
            <point>
               <element dimension="1">0.46337</element>
               <element dimension="2">0.94062</element>
            </point>
            <point>
               <element dimension="1">2.4564</element>
               <element dimension="2">1.1926</element>
            </point>
            <point>
               <element dimension="1">5.2383</element>
               <element dimension="2">1.5164</element>
            </point>
            <point>
               <element dimension="1">5.2523</element>
               <element dimension="2">1.5179</element>
            </point>
            <point>
               <element dimension="1">5.4918</element>
               <element dimension="2">-0.37648</element>
            </point>
            <point>
               <element dimension="1">5.5026</element>
               <element dimension="2">-0.4779</element>
            </point>
            <point>
               <element dimension="1">5.0328</element>
               <element dimension="2">-0.53729</element>
            </point>
            <point>
               <element dimension="1">3.7579</element>
               <element dimension="2">-0.68569</element>
            </point>
            <point>
               <element dimension="1">0.67158</element>
               <element dimension="2">-1.014</element>
            </point>
            <point>
               <element dimension="1">0.66988</element>
               <element dimension="2">-1.0006</element>
            </point>
         </set>
      </occupancy>
      <occupancy>
         <time>
            <intervalStart>0.6</intervalStart>
            <intervalEnd>0.7</intervalEnd>
         </time>
         <set>
            <point>
               <element dimension="1">0.77426</element>
               <element dimension="2">0.94967</element>
            </point>
            <point>
               <element dimension="1">4.3817</element>
               <element dimension="2">1.4766</element>
            </point>
            <point>
               <element dimension="1">5.5024</element>
               <element dimension="2">1.6293</element>
            </point>
            <point>
               <element dimension="1">5.516</element>
               <element dimension="2">1.631</element>
            </point>
            <point>
               <element dimension="1">5.7948</element>
               <element dimension="2">-0.27783</element>
            </point>
            <point>
               <element dimension="1">5.8057</element>
               <element dimension="2">-0.36373</element>
            </point>
            <point>
               <element dimension="1">5.3759</element>
               <element dimension="2">-0.42651</element>
            </point>
            <point>
               <element dimension="1">2.4429</element>
               <element dimension="2">-0.82611</element>
            </point>
            <point>
               <element dimension="1">1.0222</element>
               <element dimension="2">-1.0057</element>
            </point>
            <point>
               <element dimension="1">1.017</element>
               <element dimension="2">-0.97031</element>
            </point>
         </set>
      </occupancy>
      <occupancy>
         <time>
            <intervalStart>0.7</intervalStart>
            <intervalEnd>0.8</intervalEnd>
         </time>
         <set>
            <point>
               <element dimension="1">1.0752</element>
               <element dimension="2">0.98078</element>
            </point>
            <point>
               <element dimension="1">4.6211</element>
               <element dimension="2">1.5669</element>
            </point>
            <point>
               <element dimension="1">5.7573</element>
               <element dimension="2">1.7438</element>
            </point>
            <point>
               <element dimension="1">5.7701</element>
               <element dimension="2">1.7456</element>
            </point>
            <point>
               <element dimension="1">6.0878</element>
               <element dimension="2">-0.17646</element>
            </point>
            <point>
               <element dimension="1">6.1005</element>
               <element dimension="2">-0.26325</element>
            </point>
            <point>
               <element dimension="1">5.7037</element>
               <element dimension="2">-0.32883</element>
            </point>
            <point>
               <element dimension="1">2.8031</element>
               <element dimension="2">-0.78043</element>
            </point>
            <point>
               <element dimension="1">1.3643</element>
               <element dimension="2">-0.99059</element>
            </point>
            <point>
               <element dimension="1">1.3549</element>
               <element dimension="2">-0.93381</element>
            </point>
         </set>
      </occupancy>
      <occupancy>
         <time>
            <intervalStart>0.8</intervalStart>
            <intervalEnd>0.9</intervalEnd>
         </time>
         <set>
            <point>
               <element dimension="1">1.368</element>
               <element dimension="2">1.0169</element>
            </point>
            <point>
               <element dimension="1">4.8507</element>
               <element dimension="2">1.6581</element>
            </point>
            <point>
               <element dimension="1">6.0019</element>
               <element dimension="2">1.8593</element>
            </point>
            <point>
               <element dimension="1">6.0147</element>
               <element dimension="2">1.8614</element>
            </point>
            <point>
               <element dimension="1">6.3708</element>
               <element dimension="2">-0.072839</element>
            </point>
            <point>
               <element dimension="1">6.3853</element>
               <element dimension="2">-0.16035</element>
            </point>
            <point>
               <element dimension="1">6.021</element>
               <element dimension="2">-0.22742</element>
            </point>
            <point>
               <element dimension="1">3.1565</element>
               <element dimension="2">-0.72796</element>
            </point>
            <point>
               <element dimension="1">1.6977</element>
               <element dimension="2">-0.96908</element>
            </point>
            <point>
               <element dimension="1">1.6835</element>
               <element dimension="2">-0.8916</element>
            </point>
         </set>
      </occupancy>
      <occupancy>
         <time>
            <intervalStart>0.9</intervalStart>
            <intervalEnd>1</intervalEnd>
         </time>
         <set>
            <point>
               <element dimension="1">1.6525</element>
               <element dimension="2">1.0575</element>
            </point>
            <point>
               <element dimension="1">1.7006</element>
               <element dimension="2">1.0673</element>
            </point>
            <point>
               <element dimension="1">2.4916</element>
               <element dimension="2">1.2205</element>
            </point>
            <point>
               <element dimension="1">6.239</element>
               <element dimension="2">1.9105</element>
            </point>
            <point>
               <element dimension="1">6.6001</element>
               <element dimension="2">0.13389</element>
            </point>
            <point>
               <element dimension="1">6.6358</element>
               <element dimension="2">-0.060243</element>
            </point>
            <point>
               <element dimension="1">6.3301</element>
               <element dimension="2">-0.1224</element>
            </point>
            <point>
               <element dimension="1">6.0025</element>
               <element dimension="2">-0.18584</element>
            </point>
            <point>
               <element dimension="1">2.018</element>
               <element dimension="2">-0.91948</element>
            </point>
            <point>
               <element dimension="1">2.0027</element>
               <element dimension="2">-0.84421</element>
            </point>
         </set>
      </occupancy>
   </occupancySet>
   <reachableSet>
      <reachability>
         <time>0</time>
         <x>
            <intervalStart>-0.1</intervalStart>
            <intervalEnd>0.1</intervalEnd>
         </x>
         <y>
            <intervalStart>-0.1</intervalStart>
            <intervalEnd>0.1</intervalEnd>
         </y>
         <velocity>
            <intervalStart>3.4</intervalStart>
            <intervalEnd>3.8</intervalEnd>
         </velocity>
         <orientation>
            <intervalStart>-0.02</intervalStart>
            <intervalEnd>0.02</intervalEnd>
         </orientation>
      </reachability>
      <reachability>
         <time>1</time>
         <x>
            <intervalStart>3.174</intervalStart>
            <intervalEnd>3.1812</intervalEnd>
         </x>
         <y>
            <intervalStart>0.3021</intervalStart>
            <intervalEnd>0.3402</intervalEnd>
         </y>
         <velocity>
            <intervalStart>2.8</intervalStart>
            <intervalEnd>2.8</intervalEnd>
         </velocity>
         <orientation>
            <intervalStart>0.19507</intervalStart>
            <intervalEnd>0.20773</intervalEnd>
         </orientation>
      </reachability>
   </reachableSet>
</motionPrimitive>