<?xml version="1.0" encoding="utf-8"?>
<motionPrimitive ID="102">
   <controller type="generator space control">controller102.mat</controller>
   <successors>
      <id>12532</id>
      <id>12533</id>
      <id>12534</id>
      <id>12535</id>
      <id>12536</id>
      <id>12537</id>
      <id>12538</id>
      <id>12539</id>
      <id>12540</id>
      <id>12541</id>
      <id>12542</id>
      <id>12543</id>
      <id>12544</id>
      <id>12545</id>
      <id>12546</id>
      <id>12547</id>
      <id>12548</id>
      <id>12549</id>
      <id>12550</id>
      <id>12551</id>
      <id>12552</id>
      <id>12553</id>
      <id>12554</id>
      <id>12555</id>
      <id>12556</id>
      <id>12557</id>
      <id>12558</id>
      <id>12559</id>
      <id>12560</id>
      <id>12561</id>
      <id>12562</id>
      <id>12563</id>
      <id>12564</id>
      <id>12565</id>
      <id>12566</id>
      <id>12567</id>
      <id>12568</id>
      <id>12569</id>
      <id>12570</id>
      <id>12571</id>
      <id>12572</id>
      <id>12573</id>
      <id>12574</id>
      <id>12575</id>
      <id>12576</id>
      <id>12577</id>
      <id>12578</id>
      <id>12579</id>
      <id>12580</id>
      <id>12581</id>
      <id>12582</id>
      <id>12583</id>
      <id>12584</id>
      <id>12585</id>
      <id>12586</id>
      <id>12587</id>
      <id>12588</id>
      <id>12589</id>
      <id>12590</id>
      <id>12591</id>
      <id>12592</id>
      <id>12593</id>
      <id>12594</id>
      <id>12595</id>
      <id>12596</id>
      <id>12597</id>
      <id>12598</id>
      <id>12599</id>
      <id>12600</id>
      <id>12601</id>
      <id>12602</id>
      <id>12603</id>
      <id>12604</id>
      <id>12605</id>
      <id>12606</id>
      <id>12607</id>
      <id>12608</id>
      <id>12609</id>
      <id>12610</id>
      <id>12611</id>
      <id>12612</id>
      <id>12613</id>
      <id>12614</id>
      <id>12615</id>
      <id>12616</id>
      <id>12617</id>
      <id>12618</id>
      <id>12619</id>
      <id>12620</id>
      <id>12621</id>
      <id>12622</id>
      <id>12623</id>
      <id>12624</id>
      <id>12625</id>
      <id>12626</id>
      <id>12627</id>
      <id>12628</id>
      <id>12629</id>
      <id>12630</id>
      <id>12631</id>
      <id>12632</id>
      <id>12633</id>
      <id>12634</id>
      <id>12635</id>
      <id>12636</id>
      <id>12637</id>
      <id>12638</id>
      <id>12639</id>
      <id>12640</id>
      <id>12641</id>
      <id>12642</id>
      <id>12643</id>
      <id>12644</id>
      <id>12645</id>
      <id>12646</id>
      <id>12647</id>
      <id>12648</id>
      <id>12649</id>
      <id>12650</id>
      <id>12651</id>
      <id>12652</id>
      <id>12653</id>
   </successors>
   <trajectory>
      <states>
         <state>
            <time>0</time>
            <x>0</x>
            <y>0</y>
            <velocity>3.6</velocity>
            <orientation>0</orientation>
         </state>
         <state>
            <time>0.1</time>
            <x>0.35588</x>
            <y>0.0079197</y>
            <velocity>3.52</velocity>
            <orientation>0.0445</orientation>
         </state>
         <state>
            <time>0.2</time>
            <x>0.70309</x>
            <y>0.030956</y>
            <velocity>3.44</velocity>
            <orientation>0.088</orientation>
         </state>
         <state>
            <time>0.3</time>
            <x>1.041</x>
            <y>0.068024</y>
            <velocity>3.36</velocity>
            <orientation>0.1305</orientation>
         </state>
         <state>
            <time>0.4</time>
            <x>1.3692</x>
            <y>0.11804</y>
            <velocity>3.28</velocity>
            <orientation>0.172</orientation>
         </state>
         <state>
            <time>0.5</time>
            <x>1.6872</x>
            <y>0.17995</y>
            <velocity>3.2</velocity>
            <orientation>0.2125</orientation>
         </state>
         <state>
            <time>0.6</time>
            <x>1.9947</x>
            <y>0.25267</y>
            <velocity>3.12</velocity>
            <orientation>0.252</orientation>
         </state>
         <state>
            <time>0.7</time>
            <x>2.2915</x>
            <y>0.33519</y>
            <velocity>3.04</velocity>
            <orientation>0.2905</orientation>
         </state>
         <state>
            <time>0.8</time>
            <x>2.5772</x>
            <y>0.42649</y>
            <velocity>2.96</velocity>
            <orientation>0.328</orientation>
         </state>
         <state>
            <time>0.9</time>
            <x>2.8519</x>
            <y>0.52558</y>
            <velocity>2.88</velocity>
            <orientation>0.3645</orientation>
         </state>
         <state>
            <time>1</time>
            <x>3.1153</x>
            <y>0.63151</y>
            <velocity>2.8</velocity>
            <orientation>0.4</orientation>
         </state>
      </states>
      <inputs>
         <input>
            <acceleration>-0.8</acceleration>
            <steer>0.27995</steer>
         </input>
         <input>
            <acceleration>-0.8</acceleration>
            <steer>0.27995</steer>
         </input>
         <input>
            <acceleration>-0.8</acceleration>
            <steer>0.27995</steer>
         </input>
         <input>
            <acceleration>-0.8</acceleration>
            <steer>0.27995</steer>
         </input>
         <input>
            <acceleration>-0.8</acceleration>
            <steer>0.27995</steer>
         </input>
         <input>
            <acceleration>-0.8</acceleration>
            <steer>0.27995</steer>
         </input>
         <input>
            <acceleration>-0.8</acceleration>
            <steer>0.27995</steer>
         </input>
         <input>
            <acceleration>-0.8</acceleration>
            <steer>0.27995</steer>
         </input>
         <input>
            <acceleration>-0.8</acceleration>
            <steer>0.27995</steer>
         </input>
         <input>
            <acceleration>-0.8</acceleration>
            <steer>0.27995</steer>
         </input>
      </inputs>
   </trajectory>
   <occupancySet>
      <occupancy>
         <time>
            <intervalStart>0</intervalStart>
            <intervalEnd>0.1</intervalEnd>
         </time>
         <set>
            <point>
               <element dimension="1">-1.1299</element>
               <element dimension="2">1.0346</element>
            </point>
            <point>
               <element dimension="1">2.6583</element>
               <element dimension="2">1.2002</element>
            </point>
            <point>
               <element dimension="1">3.7593</element>
               <element dimension="2">1.2255</element>
            </point>
            <point>
               <element dimension="1">3.7686</element>
               <element dimension="2">1.2255</element>
            </point>
            <point>
               <element dimension="1">3.8546</element>
               <element dimension="2">-0.74163</element>
            </point>
            <point>
               <element dimension="1">3.8548</element>
               <element dimension="2">-0.74797</element>
            </point>
            <point>
               <element dimension="1">3.8554</element>
               <element dimension="2">-1.0119</element>
            </point>
            <point>
               <element dimension="1">3.4254</element>
               <element dimension="2">-1.0307</element>
            </point>
            <point>
               <element dimension="1">0.048796</element>
               <element dimension="2">-1.1083</element>
            </point>
            <point>
               <element dimension="1">-1.1219</element>
               <element dimension="2">-1.1111</element>
            </point>
            <point>
               <element dimension="1">-1.1249</element>
               <element dimension="2">-1.0415</element>
            </point>
            <point>
               <element dimension="1">-1.1249</element>
               <element dimension="2">-1.0411</element>
            </point>
         </set>
      </occupancy>
      <occupancy>
         <time>
            <intervalStart>0.1</intervalStart>
            <intervalEnd>0.2</intervalEnd>
         </time>
         <set>
            <point>
               <element dimension="1">-0.8878</element>
               <element dimension="2">1.0113</element>
            </point>
            <point>
               <element dimension="1">1.0102</element>
               <element dimension="2">1.1774</element>
            </point>
            <point>
               <element dimension="1">4.0403</element>
               <element dimension="2">1.3758</element>
            </point>
            <point>
               <element dimension="1">4.0504</element>
               <element dimension="2">1.3762</element>
            </point>
            <point>
               <element dimension="1">4.2213</element>
               <element dimension="2">-0.57684</element>
            </point>
            <point>
               <element dimension="1">4.2338</element>
               <element dimension="2">-0.86349</element>
            </point>
            <point>
               <element dimension="1">3.6109</element>
               <element dimension="2">-0.91799</element>
            </point>
            <point>
               <element dimension="1">2.5687</element>
               <element dimension="2">-0.98624</element>
            </point>
            <point>
               <element dimension="1">-0.79293</element>
               <element dimension="2">-1.1333</element>
            </point>
            <point>
               <element dimension="1">-0.79509</element>
               <element dimension="2">-1.1086</element>
            </point>
         </set>
      </occupancy>
      <occupancy>
         <time>
            <intervalStart>0.2</intervalStart>
            <intervalEnd>0.3</intervalEnd>
         </time>
         <set>
            <point>
               <element dimension="1">-0.57024</element>
               <element dimension="2">0.96263</element>
            </point>
            <point>
               <element dimension="1">1.5991</element>
               <element dimension="2">1.2458</element>
            </point>
            <point>
               <element dimension="1">4.3077</element>
               <element dimension="2">1.5408</element>
            </point>
            <point>
               <element dimension="1">4.3189</element>
               <element dimension="2">1.5417</element>
            </point>
            <point>
               <element dimension="1">4.5723</element>
               <element dimension="2">-0.39914</element>
            </point>
            <point>
               <element dimension="1">4.5946</element>
               <element dimension="2">-0.65465</element>
            </point>
            <point>
               <element dimension="1">4.0037</element>
               <element dimension="2">-0.73179</element>
            </point>
            <point>
               <element dimension="1">2.6533</element>
               <element dimension="2">-0.87884</element>
            </point>
            <point>
               <element dimension="1">-0.38462</element>
               <element dimension="2">-1.1446</element>
            </point>
            <point>
               <element dimension="1">-0.38849</element>
               <element dimension="2">-1.115</element>
            </point>
         </set>
      </occupancy>
      <occupancy>
         <time>
            <intervalStart>0.3</intervalStart>
            <intervalEnd>0.4</intervalEnd>
         </time>
         <set>
            <point>
               <element dimension="1">-0.25808</element>
               <element dimension="2">0.93603</element>
            </point>
            <point>
               <element dimension="1">1.7814</element>
               <element dimension="2">1.289</element>
            </point>
            <point>
               <element dimension="1">4.5617</element>
               <element dimension="2">1.7107</element>
            </point>
            <point>
               <element dimension="1">4.5739</element>
               <element dimension="2">1.7123</element>
            </point>
            <point>
               <element dimension="1">4.9069</element>
               <element dimension="2">-0.21169</element>
            </point>
            <point>
               <element dimension="1">4.9372</element>
               <element dimension="2">-0.44368</element>
            </point>
            <point>
               <element dimension="1">4.3804</element>
               <element dimension="2">-0.54003</element>
            </point>
            <point>
               <element dimension="1">3.1251</element>
               <element dimension="2">-0.73044</element>
            </point>
            <point>
               <element dimension="1">0.013639</element>
               <element dimension="2">-1.1366</element>
            </point>
            <point>
               <element dimension="1">0.0088822</element>
               <element dimension="2">-1.1091</element>
            </point>
         </set>
      </occupancy>
      <occupancy>
         <time>
            <intervalStart>0.4</intervalStart>
            <intervalEnd>0.5</intervalEnd>
         </time>
         <set>
            <point>
               <element dimension="1">0.049098</element>
               <element dimension="2">0.92212</element>
            </point>
            <point>
               <element dimension="1">2.0072</element>
               <element dimension="2">1.3434</element>
            </point>
            <point>
               <element dimension="1">4.8026</element>
               <element dimension="2">1.8857</element>
            </point>
            <point>
               <element dimension="1">4.8159</element>
               <element dimension="2">1.8879</element>
            </point>
            <point>
               <element dimension="1">5.2255</element>
               <element dimension="2">-0.016173</element>
            </point>
            <point>
               <element dimension="1">5.2614</element>
               <element dimension="2">-0.22333</element>
            </point>
            <point>
               <element dimension="1">4.7395</element>
               <element dimension="2">-0.3356</element>
            </point>
            <point>
               <element dimension="1">3.5289</element>
               <element dimension="2">-0.57045</element>
            </point>
            <point>
               <element dimension="1">0.40213</element>
               <element dimension="2">-1.1115</element>
            </point>
            <point>
               <element dimension="1">0.39644</element>
               <element dimension="2">-1.0851</element>
            </point>
         </set>
      </occupancy>
      <occupancy>
         <time>
            <intervalStart>0.5</intervalStart>
            <intervalEnd>0.6</intervalEnd>
         </time>
         <set>
            <point>
               <element dimension="1">0.35024</element>
               <element dimension="2">0.9212</element>
            </point>
            <point>
               <element dimension="1">2.4506</element>
               <element dimension="2">1.4608</element>
            </point>
            <point>
               <element dimension="1">5.019</element>
               <element dimension="2">2.0667</element>
            </point>
            <point>
               <element dimension="1">5.0439</element>
               <element dimension="2">2.0721</element>
            </point>
            <point>
               <element dimension="1">5.5284</element>
               <element dimension="2">0.18607</element>
            </point>
            <point>
               <element dimension="1">5.5676</element>
               <element dimension="2">0.0038349</element>
            </point>
            <point>
               <element dimension="1">5.0813</element>
               <element dimension="2">-0.1211</element>
            </point>
            <point>
               <element dimension="1">3.7003</element>
               <element dimension="2">-0.44688</element>
            </point>
            <point>
               <element dimension="1">0.78092</element>
               <element dimension="2">-1.0749</element>
            </point>
            <point>
               <element dimension="1">0.77325</element>
               <element dimension="2">-1.0451</element>
            </point>
         </set>
      </occupancy>
      <occupancy>
         <time>
            <intervalStart>0.6</intervalStart>
            <intervalEnd>0.7</intervalEnd>
         </time>
         <set>
            <point>
               <element dimension="1">0.64336</element>
               <element dimension="2">0.93758</element>
            </point>
            <point>
               <element dimension="1">3.5828</element>
               <element dimension="2">1.8148</element>
            </point>
            <point>
               <element dimension="1">5.2285</element>
               <element dimension="2">2.2715</element>
            </point>
            <point>
               <element dimension="1">5.2532</element>
               <element dimension="2">2.2779</element>
            </point>
            <point>
               <element dimension="1">5.8154</element>
               <element dimension="2">0.39421</element>
            </point>
            <point>
               <element dimension="1">5.8572</element>
               <element dimension="2">0.23125</element>
            </point>
            <point>
               <element dimension="1">5.4185</element>
               <element dimension="2">0.10034</element>
            </point>
            <point>
               <element dimension="1">3.1351</element>
               <element dimension="2">-0.53349</element>
            </point>
            <point>
               <element dimension="1">1.1541</element>
               <element dimension="2">-1.0424</element>
            </point>
            <point>
               <element dimension="1">1.1387</element>
               <element dimension="2">-0.9906</element>
            </point>
         </set>
      </occupancy>
      <occupancy>
         <time>
            <intervalStart>0.7</intervalStart>
            <intervalEnd>0.8</intervalEnd>
         </time>
         <set>
            <point>
               <element dimension="1">0.9238</element>
               <element dimension="2">0.98284</element>
            </point>
            <point>
               <element dimension="1">3.7676</element>
               <element dimension="2">1.9491</element>
            </point>
            <point>
               <element dimension="1">5.4258</element>
               <element dimension="2">2.4782</element>
            </point>
            <point>
               <element dimension="1">5.4488</element>
               <element dimension="2">2.4851</element>
            </point>
            <point>
               <element dimension="1">6.0872</element>
               <element dimension="2">0.60632</element>
            </point>
            <point>
               <element dimension="1">6.1353</element>
               <element dimension="2">0.44533</element>
            </point>
            <point>
               <element dimension="1">5.731</element>
               <element dimension="2">0.30796</element>
            </point>
            <point>
               <element dimension="1">3.5083</element>
               <element dimension="2">-0.40119</element>
            </point>
            <point>
               <element dimension="1">1.5171</element>
               <element dimension="2">-0.99537</element>
            </point>
            <point>
               <element dimension="1">1.4925</element>
               <element dimension="2">-0.92277</element>
            </point>
         </set>
      </occupancy>
      <occupancy>
         <time>
            <intervalStart>0.8</intervalStart>
            <intervalEnd>0.9</intervalEnd>
         </time>
         <set>
            <point>
               <element dimension="1">1.1951</element>
               <element dimension="2">1.0374</element>
            </point>
            <point>
               <element dimension="1">3.9547</element>
               <element dimension="2">2.089</element>
            </point>
            <point>
               <element dimension="1">5.6096</element>
               <element dimension="2">2.6855</element>
            </point>
            <point>
               <element dimension="1">5.6309</element>
               <element dimension="2">2.6927</element>
            </point>
            <point>
               <element dimension="1">6.344</element>
               <element dimension="2">0.82168</element>
            </point>
            <point>
               <element dimension="1">6.3977</element>
               <element dimension="2">0.66351</element>
            </point>
            <point>
               <element dimension="1">6.0273</element>
               <element dimension="2">0.52234</element>
            </point>
            <point>
               <element dimension="1">3.8551</element>
               <element dimension="2">-0.26056</element>
            </point>
            <point>
               <element dimension="1">1.8692</element>
               <element dimension="2">-0.93533</element>
            </point>
            <point>
               <element dimension="1">1.834</element>
               <element dimension="2">-0.8428</element>
            </point>
         </set>
      </occupancy>
      <occupancy>
         <time>
            <intervalStart>0.9</intervalStart>
            <intervalEnd>1</intervalEnd>
         </time>
         <set>
            <point>
               <element dimension="1">1.457</element>
               <element dimension="2">1.1006</element>
            </point>
            <point>
               <element dimension="1">1.5133</element>
               <element dimension="2">1.1244</element>
            </point>
            <point>
               <element dimension="1">2.8452</element>
               <element dimension="2">1.6603</element>
            </point>
            <point>
               <element dimension="1">5.8181</element>
               <element dimension="2">2.7932</element>
            </point>
            <point>
               <element dimension="1">6.5225</element>
               <element dimension="2">1.1317</element>
            </point>
            <point>
               <element dimension="1">6.6205</element>
               <element dimension="2">0.8745</element>
            </point>
            <point>
               <element dimension="1">6.3089</element>
               <element dimension="2">0.7424</element>
            </point>
            <point>
               <element dimension="1">6.0665</element>
               <element dimension="2">0.6449</element>
            </point>
            <point>
               <element dimension="1">2.1962</element>
               <element dimension="2">-0.83006</element>
            </point>
            <point>
               <element dimension="1">2.163</element>
               <element dimension="2">-0.75187</element>
            </point>
         </set>
      </occupancy>
   </occupancySet>
   <reachableSet>
      <reachability>
         <time>0</time>
         <x>
            <intervalStart>-0.1</intervalStart>
            <intervalEnd>0.1</intervalEnd>
         </x>
         <y>
            <intervalStart>-0.1</intervalStart>
            <intervalEnd>0.1</intervalEnd>
         </y>
         <velocity>
            <intervalStart>3.4</intervalStart>
            <intervalEnd>3.8</intervalEnd>
         </velocity>
         <orientation>
            <intervalStart>-0.02</intervalStart>
            <intervalEnd>0.02</intervalEnd>
         </orientation>
      </reachability>
      <reachability>
         <time>1</time>
         <x>
            <intervalStart>3.1054</intervalStart>
            <intervalEnd>3.1217</intervalEnd>
         </x>
         <y>
            <intervalStart>0.60707</intervalStart>
            <intervalEnd>0.66419</intervalEnd>
         </y>
         <velocity>
            <intervalStart>2.8</intervalStart>
            <intervalEnd>2.8</intervalEnd>
         </velocity>
         <orientation>
            <intervalStart>0.39247</intervalStart>
            <intervalEnd>0.41292</intervalEnd>
         </orientation>
      </reachability>
   </reachableSet>
</motionPrimitive>