<?xml version="1.0" encoding="utf-8"?>
<motionPrimitive ID="10301">
   <controller type="generator space control">controller10301.mat</controller>
   <successors>
      <id>10416</id>
      <id>10417</id>
      <id>10418</id>
      <id>10419</id>
      <id>10420</id>
      <id>10421</id>
      <id>10422</id>
      <id>10423</id>
      <id>10424</id>
      <id>10425</id>
      <id>10426</id>
      <id>10427</id>
      <id>10428</id>
      <id>10429</id>
      <id>10430</id>
      <id>10431</id>
      <id>10432</id>
      <id>10433</id>
      <id>10434</id>
      <id>10435</id>
      <id>10436</id>
      <id>10437</id>
      <id>10438</id>
      <id>10439</id>
      <id>10440</id>
      <id>10441</id>
      <id>10442</id>
      <id>10443</id>
      <id>10444</id>
      <id>10445</id>
      <id>10446</id>
      <id>10447</id>
      <id>10448</id>
      <id>10449</id>
      <id>10450</id>
      <id>10451</id>
      <id>10452</id>
      <id>10453</id>
      <id>10454</id>
      <id>10455</id>
      <id>10456</id>
      <id>10457</id>
      <id>10458</id>
      <id>10459</id>
      <id>10460</id>
      <id>10461</id>
      <id>10462</id>
      <id>10463</id>
      <id>10464</id>
      <id>10465</id>
      <id>10466</id>
      <id>10467</id>
      <id>10468</id>
      <id>10469</id>
      <id>10470</id>
      <id>10471</id>
      <id>10472</id>
      <id>10473</id>
      <id>10474</id>
      <id>10475</id>
      <id>10476</id>
      <id>10477</id>
      <id>10478</id>
      <id>10479</id>
      <id>10480</id>
      <id>10481</id>
      <id>10482</id>
      <id>10483</id>
      <id>10484</id>
      <id>10485</id>
      <id>10486</id>
      <id>10487</id>
      <id>10488</id>
      <id>10489</id>
      <id>10490</id>
      <id>10491</id>
      <id>10492</id>
      <id>10493</id>
      <id>10494</id>
      <id>10495</id>
      <id>10496</id>
      <id>10497</id>
      <id>10498</id>
      <id>10499</id>
      <id>10500</id>
      <id>10501</id>
      <id>10502</id>
      <id>10503</id>
      <id>10504</id>
      <id>10505</id>
      <id>10506</id>
      <id>10507</id>
      <id>10508</id>
      <id>10509</id>
      <id>10510</id>
      <id>10511</id>
      <id>10512</id>
      <id>10513</id>
      <id>10514</id>
      <id>10515</id>
      <id>10516</id>
      <id>10517</id>
      <id>10518</id>
      <id>10519</id>
      <id>10520</id>
      <id>10521</id>
      <id>10522</id>
      <id>10523</id>
      <id>10524</id>
      <id>10525</id>
      <id>10526</id>
      <id>10527</id>
      <id>10528</id>
      <id>10529</id>
      <id>10530</id>
      <id>10531</id>
      <id>10532</id>
      <id>10533</id>
      <id>10534</id>
      <id>10535</id>
      <id>10536</id>
      <id>10537</id>
      <id>10538</id>
      <id>10539</id>
      <id>10540</id>
      <id>10541</id>
      <id>10542</id>
      <id>10543</id>
      <id>10544</id>
      <id>10545</id>
      <id>10546</id>
      <id>10547</id>
      <id>10548</id>
      <id>10549</id>
      <id>10550</id>
      <id>10551</id>
      <id>10552</id>
      <id>10553</id>
      <id>10554</id>
      <id>10555</id>
      <id>10556</id>
      <id>10557</id>
      <id>10558</id>
      <id>10559</id>
      <id>10560</id>
      <id>10561</id>
      <id>10562</id>
      <id>10563</id>
      <id>10564</id>
      <id>10565</id>
      <id>10566</id>
      <id>10567</id>
      <id>10568</id>
      <id>10569</id>
      <id>10570</id>
      <id>10571</id>
      <id>10572</id>
      <id>10573</id>
      <id>10574</id>
      <id>10575</id>
      <id>10576</id>
      <id>10577</id>
      <id>10578</id>
      <id>10579</id>
      <id>10580</id>
      <id>10581</id>
      <id>10582</id>
      <id>10583</id>
      <id>10584</id>
      <id>10585</id>
      <id>10586</id>
      <id>10587</id>
      <id>10588</id>
      <id>10589</id>
      <id>10590</id>
      <id>10591</id>
      <id>10592</id>
      <id>10593</id>
      <id>10594</id>
      <id>10595</id>
   </successors>
   <trajectory>
      <states>
         <state>
            <time>0</time>
            <x>0</x>
            <y>0</y>
            <velocity>24.8</velocity>
            <orientation>0</orientation>
         </state>
         <state>
            <time>0.1</time>
            <x>2.4805</x>
            <y>-0.073902</y>
            <velocity>24.84</velocity>
            <orientation>-0.059568</orientation>
         </state>
         <state>
            <time>0.2</time>
            <x>4.9562</x>
            <y>-0.29582</y>
            <velocity>24.88</velocity>
            <orientation>-0.11923</orientation>
         </state>
         <state>
            <time>0.3</time>
            <x>7.4182</x>
            <y>-0.66568</y>
            <velocity>24.92</velocity>
            <orientation>-0.17899</orientation>
         </state>
         <state>
            <time>0.4</time>
            <x>9.8576</x>
            <y>-1.1829</y>
            <velocity>24.96</velocity>
            <orientation>-0.23885</orientation>
         </state>
         <state>
            <time>0.5</time>
            <x>12.2656</x>
            <y>-1.8462</y>
            <velocity>25</velocity>
            <orientation>-0.2988</orientation>
         </state>
         <state>
            <time>0.6</time>
            <x>14.6332</x>
            <y>-2.6541</y>
            <velocity>25.04</velocity>
            <orientation>-0.35885</orientation>
         </state>
         <state>
            <time>0.7</time>
            <x>16.9517</x>
            <y>-3.6042</y>
            <velocity>25.08</velocity>
            <orientation>-0.41899</orientation>
         </state>
         <state>
            <time>0.8</time>
            <x>19.2124</x>
            <y>-4.6938</y>
            <velocity>25.12</velocity>
            <orientation>-0.47923</orientation>
         </state>
         <state>
            <time>0.9</time>
            <x>21.4069</x>
            <y>-5.9196</y>
            <velocity>25.16</velocity>
            <orientation>-0.53957</orientation>
         </state>
         <state>
            <time>1</time>
            <x>23.5268</x>
            <y>-7.2777</y>
            <velocity>25.2</velocity>
            <orientation>-0.6</orientation>
         </state>
      </states>
      <inputs>
         <input>
            <acceleration>0.4</acceleration>
            <steer>-0.055144</steer>
         </input>
         <input>
            <acceleration>0.4</acceleration>
            <steer>-0.055144</steer>
         </input>
         <input>
            <acceleration>0.4</acceleration>
            <steer>-0.055144</steer>
         </input>
         <input>
            <acceleration>0.4</acceleration>
            <steer>-0.055144</steer>
         </input>
         <input>
            <acceleration>0.4</acceleration>
            <steer>-0.055144</steer>
         </input>
         <input>
            <acceleration>0.4</acceleration>
            <steer>-0.055144</steer>
         </input>
         <input>
            <acceleration>0.4</acceleration>
            <steer>-0.055144</steer>
         </input>
         <input>
            <acceleration>0.4</acceleration>
            <steer>-0.055144</steer>
         </input>
         <input>
            <acceleration>0.4</acceleration>
            <steer>-0.055144</steer>
         </input>
         <input>
            <acceleration>0.4</acceleration>
            <steer>-0.055144</steer>
         </input>
      </inputs>
   </trajectory>
   <occupancySet>
      <occupancy>
         <time>
            <intervalStart>0</intervalStart>
            <intervalEnd>0.1</intervalEnd>
         </time>
         <set>
            <point>
               <element dimension="1">-1.1258</element>
               <element dimension="2">-1.0187</element>
            </point>
            <point>
               <element dimension="1">-1.1197</element>
               <element dimension="2">1.0316</element>
            </point>
            <point>
               <element dimension="1">-1.1197</element>
               <element dimension="2">1.0319</element>
            </point>
            <point>
               <element dimension="1">-1.1194</element>
               <element dimension="2">1.0376</element>
            </point>
            <point>
               <element dimension="1">3.233</element>
               <element dimension="2">1.0246</element>
            </point>
            <point>
               <element dimension="1">3.6653</element>
               <element dimension="2">1.0117</element>
            </point>
            <point>
               <element dimension="1">5.9363</element>
               <element dimension="2">0.88305</element>
            </point>
            <point>
               <element dimension="1">5.9355</element>
               <element dimension="2">0.62126</element>
            </point>
            <point>
               <element dimension="1">5.9313</element>
               <element dimension="2">0.47838</element>
            </point>
            <point>
               <element dimension="1">5.8333</element>
               <element dimension="2">-1.2498</element>
            </point>
            <point>
               <element dimension="1">5.6422</element>
               <element dimension="2">-1.2492</element>
            </point>
            <point>
               <element dimension="1">-0.049489</element>
               <element dimension="2">-1.0796</element>
            </point>
         </set>
      </occupancy>
      <occupancy>
         <time>
            <intervalStart>0.1</intervalStart>
            <intervalEnd>0.2</intervalEnd>
         </time>
         <set>
            <point>
               <element dimension="1">1.0644</element>
               <element dimension="2">-0.98187</element>
            </point>
            <point>
               <element dimension="1">1.1758</element>
               <element dimension="2">0.98468</element>
            </point>
            <point>
               <element dimension="1">1.1788</element>
               <element dimension="2">1.0104</element>
            </point>
            <point>
               <element dimension="1">5.2165</element>
               <element dimension="2">0.78158</element>
            </point>
            <point>
               <element dimension="1">5.9346</element>
               <element dimension="2">0.71935</element>
            </point>
            <point>
               <element dimension="1">8.4514</element>
               <element dimension="2">0.42542</element>
            </point>
            <point>
               <element dimension="1">8.4316</element>
               <element dimension="2">0.075847</element>
            </point>
            <point>
               <element dimension="1">8.4312</element>
               <element dimension="2">0.070954</element>
            </point>
            <point>
               <element dimension="1">8.2277</element>
               <element dimension="2">-1.6716</element>
            </point>
            <point>
               <element dimension="1">8.0583</element>
               <element dimension="2">-1.662</element>
            </point>
            <point>
               <element dimension="1">3.524</element>
               <element dimension="2">-1.2691</element>
            </point>
         </set>
      </occupancy>
      <occupancy>
         <time>
            <intervalStart>0.2</intervalStart>
            <intervalEnd>0.3</intervalEnd>
         </time>
         <set>
            <point>
               <element dimension="1">3.4928</element>
               <element dimension="2">-1.1205</element>
            </point>
            <point>
               <element dimension="1">3.7203</element>
               <element dimension="2">0.82817</element>
            </point>
            <point>
               <element dimension="1">3.7264</element>
               <element dimension="2">0.86204</element>
            </point>
            <point>
               <element dimension="1">7.8621</element>
               <element dimension="2">0.37902</element>
            </point>
            <point>
               <element dimension="1">8.441</element>
               <element dimension="2">0.29382</element>
            </point>
            <point>
               <element dimension="1">10.9419</element>
               <element dimension="2">-0.151</element>
            </point>
            <point>
               <element dimension="1">10.903</element>
               <element dimension="2">-0.4844</element>
            </point>
            <point>
               <element dimension="1">10.5931</element>
               <element dimension="2">-2.2268</element>
            </point>
            <point>
               <element dimension="1">10.4468</element>
               <element dimension="2">-2.2097</element>
            </point>
            <point>
               <element dimension="1">5.6315</element>
               <element dimension="2">-1.5009</element>
            </point>
         </set>
      </occupancy>
      <occupancy>
         <time>
            <intervalStart>0.3</intervalStart>
            <intervalEnd>0.4</intervalEnd>
         </time>
         <set>
            <point>
               <element dimension="1">5.9187</element>
               <element dimension="2">-1.3957</element>
            </point>
            <point>
               <element dimension="1">6.2574</element>
               <element dimension="2">0.50881</element>
            </point>
            <point>
               <element dimension="1">6.2681</element>
               <element dimension="2">0.55323</element>
            </point>
            <point>
               <element dimension="1">10.3884</element>
               <element dimension="2">-0.1796</element>
            </point>
            <point>
               <element dimension="1">10.9167</element>
               <element dimension="2">-0.28998</element>
            </point>
            <point>
               <element dimension="1">13.3965</element>
               <element dimension="2">-0.88595</element>
            </point>
            <point>
               <element dimension="1">13.3423</element>
               <element dimension="2">-1.1908</element>
            </point>
            <point>
               <element dimension="1">12.9268</element>
               <element dimension="2">-2.9196</element>
            </point>
            <point>
               <element dimension="1">12.8031</element>
               <element dimension="2">-2.8976</element>
            </point>
            <point>
               <element dimension="1">7.9456</element>
               <element dimension="2">-1.8829</element>
            </point>
         </set>
      </occupancy>
      <occupancy>
         <time>
            <intervalStart>0.4</intervalStart>
            <intervalEnd>0.5</intervalEnd>
         </time>
         <set>
            <point>
               <element dimension="1">8.3281</element>
               <element dimension="2">-1.8134</element>
            </point>
            <point>
               <element dimension="1">8.7757</element>
               <element dimension="2">0.048968</element>
            </point>
            <point>
               <element dimension="1">8.7877</element>
               <element dimension="2">0.088243</element>
            </point>
            <point>
               <element dimension="1">12.9017</element>
               <element dimension="2">-0.9005</element>
            </point>
            <point>
               <element dimension="1">13.3592</element>
               <element dimension="2">-1.0251</element>
            </point>
            <point>
               <element dimension="1">15.8024</element>
               <element dimension="2">-1.7696</element>
            </point>
            <point>
               <element dimension="1">15.7352</element>
               <element dimension="2">-2.0489</element>
            </point>
            <point>
               <element dimension="1">15.2187</element>
               <element dimension="2">-3.744</element>
            </point>
            <point>
               <element dimension="1">15.1185</element>
               <element dimension="2">-3.7199</element>
            </point>
            <point>
               <element dimension="1">10.104</element>
               <element dimension="2">-2.3546</element>
            </point>
         </set>
      </occupancy>
      <occupancy>
         <time>
            <intervalStart>0.5</intervalStart>
            <intervalEnd>0.6</intervalEnd>
         </time>
         <set>
            <point>
               <element dimension="1">10.7174</element>
               <element dimension="2">-2.3698</element>
            </point>
            <point>
               <element dimension="1">11.267</element>
               <element dimension="2">-0.56632</element>
            </point>
            <point>
               <element dimension="1">11.2791</element>
               <element dimension="2">-0.53373</element>
            </point>
            <point>
               <element dimension="1">15.2926</element>
               <element dimension="2">-1.7568</element>
            </point>
            <point>
               <element dimension="1">15.7525</element>
               <element dimension="2">-1.9122</element>
            </point>
            <point>
               <element dimension="1">18.1515</element>
               <element dimension="2">-2.8039</element>
            </point>
            <point>
               <element dimension="1">18.0767</element>
               <element dimension="2">-3.0493</element>
            </point>
            <point>
               <element dimension="1">17.4612</element>
               <element dimension="2">-4.7053</element>
            </point>
            <point>
               <element dimension="1">17.3838</element>
               <element dimension="2">-4.6817</element>
            </point>
            <point>
               <element dimension="1">12.4781</element>
               <element dimension="2">-3.0242</element>
            </point>
         </set>
      </occupancy>
      <occupancy>
         <time>
            <intervalStart>0.6</intervalStart>
            <intervalEnd>0.7</intervalEnd>
         </time>
         <set>
            <point>
               <element dimension="1">13.0741</element>
               <element dimension="2">-3.071</element>
            </point>
            <point>
               <element dimension="1">13.7203</element>
               <element dimension="2">-1.3324</element>
            </point>
            <point>
               <element dimension="1">13.732</element>
               <element dimension="2">-1.306</element>
            </point>
            <point>
               <element dimension="1">17.6426</element>
               <element dimension="2">-2.7595</element>
            </point>
            <point>
               <element dimension="1">18.0921</element>
               <element dimension="2">-2.9421</element>
            </point>
            <point>
               <element dimension="1">20.4365</element>
               <element dimension="2">-3.9778</element>
            </point>
            <point>
               <element dimension="1">20.3579</element>
               <element dimension="2">-4.1895</element>
            </point>
            <point>
               <element dimension="1">19.6462</element>
               <element dimension="2">-5.8005</element>
            </point>
            <point>
               <element dimension="1">19.5907</element>
               <element dimension="2">-5.7799</element>
            </point>
            <point>
               <element dimension="1">14.8004</element>
               <element dimension="2">-3.8336</element>
            </point>
         </set>
      </occupancy>
      <occupancy>
         <time>
            <intervalStart>0.7</intervalStart>
            <intervalEnd>0.8</intervalEnd>
         </time>
         <set>
            <point>
               <element dimension="1">15.3896</element>
               <element dimension="2">-3.915</element>
            </point>
            <point>
               <element dimension="1">16.1265</element>
               <element dimension="2">-2.2468</element>
            </point>
            <point>
               <element dimension="1">16.137</element>
               <element dimension="2">-2.2264</element>
            </point>
            <point>
               <element dimension="1">19.9317</element>
               <element dimension="2">-3.9028</element>
            </point>
            <point>
               <element dimension="1">20.3695</element>
               <element dimension="2">-4.1122</element>
            </point>
            <point>
               <element dimension="1">22.649</element>
               <element dimension="2">-5.288</element>
            </point>
            <point>
               <element dimension="1">22.5704</element>
               <element dimension="2">-5.4659</element>
            </point>
            <point>
               <element dimension="1">21.7654</element>
               <element dimension="2">-7.0264</element>
            </point>
            <point>
               <element dimension="1">21.7309</element>
               <element dimension="2">-7.0112</element>
            </point>
            <point>
               <element dimension="1">17.0764</element>
               <element dimension="2">-4.7851</element>
            </point>
         </set>
      </occupancy>
      <occupancy>
         <time>
            <intervalStart>0.8</intervalStart>
            <intervalEnd>0.9</intervalEnd>
         </time>
         <set>
            <point>
               <element dimension="1">17.6549</element>
               <element dimension="2">-4.8998</element>
            </point>
            <point>
               <element dimension="1">18.4766</element>
               <element dimension="2">-3.3068</element>
            </point>
            <point>
               <element dimension="1">18.4853</element>
               <element dimension="2">-3.2921</element>
            </point>
            <point>
               <element dimension="1">22.1498</element>
               <element dimension="2">-5.1823</element>
            </point>
            <point>
               <element dimension="1">22.5761</element>
               <element dimension="2">-5.4187</element>
            </point>
            <point>
               <element dimension="1">24.7807</element>
               <element dimension="2">-6.7299</element>
            </point>
            <point>
               <element dimension="1">24.706</element>
               <element dimension="2">-6.8747</element>
            </point>
            <point>
               <element dimension="1">23.8109</element>
               <element dimension="2">-8.3797</element>
            </point>
            <point>
               <element dimension="1">23.8052</element>
               <element dimension="2">-8.3767</element>
            </point>
            <point>
               <element dimension="1">19.2945</element>
               <element dimension="2">-5.875</element>
            </point>
         </set>
      </occupancy>
      <occupancy>
         <time>
            <intervalStart>0.9</intervalStart>
            <intervalEnd>1</intervalEnd>
         </time>
         <set>
            <point>
               <element dimension="1">19.8614</element>
               <element dimension="2">-6.0227</element>
            </point>
            <point>
               <element dimension="1">20.7615</element>
               <element dimension="2">-4.5092</element>
            </point>
            <point>
               <element dimension="1">20.7689</element>
               <element dimension="2">-4.4984</element>
            </point>
            <point>
               <element dimension="1">24.2438</element>
               <element dimension="2">-6.5651</element>
            </point>
            <point>
               <element dimension="1">24.7035</element>
               <element dimension="2">-6.8577</element>
            </point>
            <point>
               <element dimension="1">26.8227</element>
               <element dimension="2">-8.2981</element>
            </point>
            <point>
               <element dimension="1">26.7427</element>
               <element dimension="2">-8.4326</element>
            </point>
            <point>
               <element dimension="1">25.7746</element>
               <element dimension="2">-9.857</element>
            </point>
            <point>
               <element dimension="1">25.7704</element>
               <element dimension="2">-9.8545</element>
            </point>
            <point>
               <element dimension="1">21.5049</element>
               <element dimension="2">-7.1398</element>
            </point>
         </set>
      </occupancy>
   </occupancySet>
   <reachableSet>
      <reachability>
         <time>0</time>
         <x>
            <intervalStart>-0.1</intervalStart>
            <intervalEnd>0.1</intervalEnd>
         </x>
         <y>
            <intervalStart>-0.1</intervalStart>
            <intervalEnd>0.1</intervalEnd>
         </y>
         <velocity>
            <intervalStart>24.6</intervalStart>
            <intervalEnd>25</intervalEnd>
         </velocity>
         <orientation>
            <intervalStart>-0.02</intervalStart>
            <intervalEnd>0.02</intervalEnd>
         </orientation>
      </reachability>
      <reachability>
         <time>1</time>
         <x>
            <intervalStart>23.5236</intervalStart>
            <intervalEnd>23.5293</intervalEnd>
         </x>
         <y>
            <intervalStart>-7.2834</intervalStart>
            <intervalEnd>-7.2724</intervalEnd>
         </y>
         <velocity>
            <intervalStart>25.2</intervalStart>
            <intervalEnd>25.2</intervalEnd>
         </velocity>
         <orientation>
            <intervalStart>-0.60024</intervalStart>
            <intervalEnd>-0.59978</intervalEnd>
         </orientation>
      </reachability>
   </reachableSet>
</motionPrimitive>