<?xml version="1.0" encoding="utf-8"?>
<motionPrimitive ID="10403">
   <controller type="generator space control">controller10403.mat</controller>
   <successors>
      <id>9276</id>
      <id>9277</id>
      <id>9278</id>
      <id>9279</id>
      <id>9280</id>
      <id>9281</id>
      <id>9282</id>
      <id>9283</id>
      <id>9284</id>
      <id>9285</id>
      <id>9286</id>
      <id>9287</id>
      <id>9288</id>
      <id>9289</id>
      <id>9290</id>
      <id>9291</id>
      <id>9292</id>
      <id>9293</id>
      <id>9294</id>
      <id>9295</id>
      <id>9296</id>
      <id>9297</id>
      <id>9298</id>
      <id>9299</id>
      <id>9300</id>
      <id>9301</id>
      <id>9302</id>
      <id>9303</id>
      <id>9304</id>
      <id>9305</id>
      <id>9306</id>
      <id>9307</id>
      <id>9308</id>
      <id>9309</id>
      <id>9310</id>
      <id>9311</id>
      <id>9312</id>
      <id>9313</id>
      <id>9314</id>
      <id>9315</id>
      <id>9316</id>
      <id>9317</id>
      <id>9318</id>
      <id>9319</id>
      <id>9320</id>
      <id>9321</id>
      <id>9322</id>
      <id>9323</id>
      <id>9324</id>
      <id>9325</id>
      <id>9326</id>
      <id>9327</id>
      <id>9328</id>
      <id>9329</id>
      <id>9330</id>
      <id>9331</id>
      <id>9332</id>
      <id>9333</id>
      <id>9334</id>
      <id>9335</id>
      <id>9336</id>
      <id>9337</id>
      <id>9338</id>
      <id>9339</id>
      <id>9340</id>
      <id>9341</id>
      <id>9342</id>
      <id>9343</id>
      <id>9344</id>
      <id>9345</id>
      <id>9346</id>
      <id>9347</id>
      <id>9348</id>
      <id>9349</id>
      <id>9350</id>
      <id>9351</id>
      <id>9352</id>
      <id>9353</id>
      <id>9354</id>
      <id>9355</id>
      <id>9356</id>
      <id>9357</id>
      <id>9358</id>
      <id>9359</id>
      <id>9360</id>
      <id>9361</id>
      <id>9362</id>
      <id>9363</id>
      <id>9364</id>
      <id>9365</id>
      <id>9366</id>
      <id>9367</id>
      <id>9368</id>
      <id>9369</id>
      <id>9370</id>
      <id>9371</id>
      <id>9372</id>
      <id>9373</id>
      <id>9374</id>
      <id>9375</id>
      <id>9376</id>
      <id>9377</id>
      <id>9378</id>
      <id>9379</id>
      <id>9380</id>
      <id>9381</id>
      <id>9382</id>
      <id>9383</id>
      <id>9384</id>
      <id>9385</id>
      <id>9386</id>
      <id>9387</id>
      <id>9388</id>
      <id>9389</id>
      <id>9390</id>
      <id>9391</id>
      <id>9392</id>
      <id>9393</id>
      <id>9394</id>
      <id>9395</id>
      <id>9396</id>
      <id>9397</id>
      <id>9398</id>
      <id>9399</id>
      <id>9400</id>
      <id>9401</id>
      <id>9402</id>
      <id>9403</id>
      <id>9404</id>
      <id>9405</id>
      <id>9406</id>
      <id>9407</id>
      <id>9408</id>
      <id>9409</id>
      <id>9410</id>
      <id>9411</id>
      <id>9412</id>
      <id>9413</id>
      <id>9414</id>
      <id>9415</id>
      <id>9416</id>
      <id>9417</id>
      <id>9418</id>
      <id>9419</id>
      <id>9420</id>
      <id>9421</id>
      <id>9422</id>
      <id>9423</id>
      <id>9424</id>
      <id>9425</id>
      <id>9426</id>
      <id>9427</id>
      <id>9428</id>
      <id>9429</id>
      <id>9430</id>
      <id>9431</id>
      <id>9432</id>
      <id>9433</id>
      <id>9434</id>
      <id>9435</id>
      <id>9436</id>
      <id>9437</id>
      <id>9438</id>
      <id>9439</id>
      <id>9440</id>
      <id>9441</id>
      <id>9442</id>
      <id>9443</id>
      <id>9444</id>
      <id>9445</id>
      <id>9446</id>
      <id>9447</id>
      <id>9448</id>
      <id>9449</id>
      <id>9450</id>
      <id>9451</id>
      <id>9452</id>
      <id>9453</id>
      <id>9454</id>
      <id>9455</id>
   </successors>
   <trajectory>
      <states>
         <state>
            <time>0</time>
            <x>0</x>
            <y>0</y>
            <velocity>24.8</velocity>
            <orientation>0</orientation>
         </state>
         <state>
            <time>0.1</time>
            <x>2.4698</x>
            <y>-0.025633</y>
            <velocity>24.6</velocity>
            <orientation>-0.020756</orientation>
         </state>
         <state>
            <time>0.2</time>
            <x>4.9186</x>
            <y>-0.10169</y>
            <velocity>24.4</velocity>
            <orientation>-0.041345</orientation>
         </state>
         <state>
            <time>0.3</time>
            <x>7.3453</x>
            <y>-0.22691</y>
            <velocity>24.2</velocity>
            <orientation>-0.061765</orientation>
         </state>
         <state>
            <time>0.4</time>
            <x>9.7491</x>
            <y>-0.40002</y>
            <velocity>24</velocity>
            <orientation>-0.082017</orientation>
         </state>
         <state>
            <time>0.5</time>
            <x>12.1289</x>
            <y>-0.61972</y>
            <velocity>23.8</velocity>
            <orientation>-0.1021</orientation>
         </state>
         <state>
            <time>0.6</time>
            <x>14.484</x>
            <y>-0.88474</y>
            <velocity>23.6</velocity>
            <orientation>-0.12202</orientation>
         </state>
         <state>
            <time>0.7</time>
            <x>16.8136</x>
            <y>-1.1938</y>
            <velocity>23.4</velocity>
            <orientation>-0.14176</orientation>
         </state>
         <state>
            <time>0.8</time>
            <x>19.1168</x>
            <y>-1.5456</y>
            <velocity>23.2</velocity>
            <orientation>-0.16134</orientation>
         </state>
         <state>
            <time>0.9</time>
            <x>21.3931</x>
            <y>-1.9387</y>
            <velocity>23</velocity>
            <orientation>-0.18076</orientation>
         </state>
         <state>
            <time>1</time>
            <x>23.6417</x>
            <y>-2.3721</y>
            <velocity>22.8</velocity>
            <orientation>-0.2</orientation>
         </state>
      </states>
      <inputs>
         <input>
            <acceleration>-2</acceleration>
            <steer>-0.019325</steer>
         </input>
         <input>
            <acceleration>-2</acceleration>
            <steer>-0.019325</steer>
         </input>
         <input>
            <acceleration>-2</acceleration>
            <steer>-0.019325</steer>
         </input>
         <input>
            <acceleration>-2</acceleration>
            <steer>-0.019325</steer>
         </input>
         <input>
            <acceleration>-2</acceleration>
            <steer>-0.019325</steer>
         </input>
         <input>
            <acceleration>-2</acceleration>
            <steer>-0.019325</steer>
         </input>
         <input>
            <acceleration>-2</acceleration>
            <steer>-0.019325</steer>
         </input>
         <input>
            <acceleration>-2</acceleration>
            <steer>-0.019325</steer>
         </input>
         <input>
            <acceleration>-2</acceleration>
            <steer>-0.019325</steer>
         </input>
         <input>
            <acceleration>-2</acceleration>
            <steer>-0.019325</steer>
         </input>
      </inputs>
   </trajectory>
   <occupancySet>
      <occupancy>
         <time>
            <intervalStart>0</intervalStart>
            <intervalEnd>0.1</intervalEnd>
         </time>
         <set>
            <point>
               <element dimension="1">-1.1218</element>
               <element dimension="2">-1.0186</element>
            </point>
            <point>
               <element dimension="1">-1.1197</element>
               <element dimension="2">1.023</element>
            </point>
            <point>
               <element dimension="1">-1.1197</element>
               <element dimension="2">1.0233</element>
            </point>
            <point>
               <element dimension="1">-1.1197</element>
               <element dimension="2">1.0235</element>
            </point>
            <point>
               <element dimension="1">3.4175</element>
               <element dimension="2">1.0187</element>
            </point>
            <point>
               <element dimension="1">3.6602</element>
               <element dimension="2">1.0162</element>
            </point>
            <point>
               <element dimension="1">5.8942</element>
               <element dimension="2">0.97215</element>
            </point>
            <point>
               <element dimension="1">5.894</element>
               <element dimension="2">0.78432</element>
            </point>
            <point>
               <element dimension="1">5.8926</element>
               <element dimension="2">0.64328</element>
            </point>
            <point>
               <element dimension="1">5.8587</element>
               <element dimension="2">-1.0725</element>
            </point>
            <point>
               <element dimension="1">3.8575</element>
               <element dimension="2">-1.0704</element>
            </point>
            <point>
               <element dimension="1">-1.1126</element>
               <element dimension="2">-1.0188</element>
            </point>
         </set>
      </occupancy>
      <occupancy>
         <time>
            <intervalStart>0.1</intervalStart>
            <intervalEnd>0.2</intervalEnd>
         </time>
         <set>
            <point>
               <element dimension="1">1.0956</element>
               <element dimension="2">-0.97945</element>
            </point>
            <point>
               <element dimension="1">1.1343</element>
               <element dimension="2">0.98027</element>
            </point>
            <point>
               <element dimension="1">1.1346</element>
               <element dimension="2">0.98878</element>
            </point>
            <point>
               <element dimension="1">5.2143</element>
               <element dimension="2">0.90829</element>
            </point>
            <point>
               <element dimension="1">5.8932</element>
               <element dimension="2">0.8879</element>
            </point>
            <point>
               <element dimension="1">8.3542</element>
               <element dimension="2">0.7886</element>
            </point>
            <point>
               <element dimension="1">8.3489</element>
               <element dimension="2">0.52096</element>
            </point>
            <point>
               <element dimension="1">8.2788</element>
               <element dimension="2">-1.2165</element>
            </point>
            <point>
               <element dimension="1">8.1104</element>
               <element dimension="2">-1.2131</element>
            </point>
            <point>
               <element dimension="1">3.3263</element>
               <element dimension="2">-1.0695</element>
            </point>
         </set>
      </occupancy>
      <occupancy>
         <time>
            <intervalStart>0.2</intervalStart>
            <intervalEnd>0.3</intervalEnd>
         </time>
         <set>
            <point>
               <element dimension="1">3.5335</element>
               <element dimension="2">-1.0258</element>
            </point>
            <point>
               <element dimension="1">3.6122</element>
               <element dimension="2">0.9253</element>
            </point>
            <point>
               <element dimension="1">3.6128</element>
               <element dimension="2">0.93393</element>
            </point>
            <point>
               <element dimension="1">8.0824</element>
               <element dimension="2">0.75359</element>
            </point>
            <point>
               <element dimension="1">8.3512</element>
               <element dimension="2">0.73999</element>
            </point>
            <point>
               <element dimension="1">10.7874</element>
               <element dimension="2">0.59181</element>
            </point>
            <point>
               <element dimension="1">10.7774</element>
               <element dimension="2">0.34407</element>
            </point>
            <point>
               <element dimension="1">10.6715</element>
               <element dimension="2">-1.3967</element>
            </point>
            <point>
               <element dimension="1">10.5253</element>
               <element dimension="2">-1.3908</element>
            </point>
            <point>
               <element dimension="1">4.6378</element>
               <element dimension="2">-1.093</element>
            </point>
         </set>
      </occupancy>
      <occupancy>
         <time>
            <intervalStart>0.3</intervalStart>
            <intervalEnd>0.4</intervalEnd>
         </time>
         <set>
            <point>
               <element dimension="1">5.9557</element>
               <element dimension="2">-1.1102</element>
            </point>
            <point>
               <element dimension="1">6.0724</element>
               <element dimension="2">0.80823</element>
            </point>
            <point>
               <element dimension="1">6.0735</element>
               <element dimension="2">0.82148</element>
            </point>
            <point>
               <element dimension="1">10.4822</element>
               <element dimension="2">0.55331</element>
            </point>
            <point>
               <element dimension="1">10.7808</element>
               <element dimension="2">0.53211</element>
            </point>
            <point>
               <element dimension="1">13.1955</element>
               <element dimension="2">0.33606</element>
            </point>
            <point>
               <element dimension="1">13.1823</element>
               <element dimension="2">0.1182</element>
            </point>
            <point>
               <element dimension="1">13.0409</element>
               <element dimension="2">-1.6227</element>
            </point>
            <point>
               <element dimension="1">12.9158</element>
               <element dimension="2">-1.6151</element>
            </point>
            <point>
               <element dimension="1">7.0056</element>
               <element dimension="2">-1.1955</element>
            </point>
         </set>
      </occupancy>
      <occupancy>
         <time>
            <intervalStart>0.4</intervalStart>
            <intervalEnd>0.5</intervalEnd>
         </time>
         <set>
            <point>
               <element dimension="1">8.356</element>
               <element dimension="2">-1.2423</element>
            </point>
            <point>
               <element dimension="1">8.5094</element>
               <element dimension="2">0.64703</element>
            </point>
            <point>
               <element dimension="1">8.5105</element>
               <element dimension="2">0.65866</element>
            </point>
            <point>
               <element dimension="1">12.93</element>
               <element dimension="2">0.29985</element>
            </point>
            <point>
               <element dimension="1">13.1873</element>
               <element dimension="2">0.27636</element>
            </point>
            <point>
               <element dimension="1">15.5766</element>
               <element dimension="2">0.033966</element>
            </point>
            <point>
               <element dimension="1">15.5611</element>
               <element dimension="2">-0.15603</element>
            </point>
            <point>
               <element dimension="1">15.3851</element>
               <element dimension="2">-1.8914</element>
            </point>
            <point>
               <element dimension="1">15.2822</element>
               <element dimension="2">-1.883</element>
            </point>
            <point>
               <element dimension="1">9.1724</element>
               <element dimension="2">-1.3252</element>
            </point>
         </set>
      </occupancy>
      <occupancy>
         <time>
            <intervalStart>0.5</intervalStart>
            <intervalEnd>0.6</intervalEnd>
         </time>
         <set>
            <point>
               <element dimension="1">10.7348</element>
               <element dimension="2">-1.4192</element>
            </point>
            <point>
               <element dimension="1">10.9231</element>
               <element dimension="2">0.43687</element>
            </point>
            <point>
               <element dimension="1">10.9242</element>
               <element dimension="2">0.44615</element>
            </point>
            <point>
               <element dimension="1">15.2984</element>
               <element dimension="2">0.0023981</element>
            </point>
            <point>
               <element dimension="1">15.566</element>
               <element dimension="2">-0.027451</element>
            </point>
            <point>
               <element dimension="1">17.9303</element>
               <element dimension="2">-0.315</element>
            </point>
            <point>
               <element dimension="1">17.9141</element>
               <element dimension="2">-0.47469</element>
            </point>
            <point>
               <element dimension="1">17.7038</element>
               <element dimension="2">-2.2041</element>
            </point>
            <point>
               <element dimension="1">17.623</element>
               <element dimension="2">-2.1959</element>
            </point>
            <point>
               <element dimension="1">11.5781</element>
               <element dimension="2">-1.5217</element>
            </point>
         </set>
      </occupancy>
      <occupancy>
         <time>
            <intervalStart>0.6</intervalStart>
            <intervalEnd>0.7</intervalEnd>
         </time>
         <set>
            <point>
               <element dimension="1">13.0904</element>
               <element dimension="2">-1.6421</element>
            </point>
            <point>
               <element dimension="1">13.3121</element>
               <element dimension="2">0.18016</element>
            </point>
            <point>
               <element dimension="1">13.3131</element>
               <element dimension="2">0.18728</element>
            </point>
            <point>
               <element dimension="1">17.6525</element>
               <element dimension="2">-0.34049</element>
            </point>
            <point>
               <element dimension="1">17.9183</element>
               <element dimension="2">-0.37549</element>
            </point>
            <point>
               <element dimension="1">20.2562</element>
               <element dimension="2">-0.70682</element>
            </point>
            <point>
               <element dimension="1">20.2405</element>
               <element dimension="2">-0.83659</element>
            </point>
            <point>
               <element dimension="1">19.9963</element>
               <element dimension="2">-2.5594</element>
            </point>
            <point>
               <element dimension="1">19.9375</element>
               <element dimension="2">-2.5522</element>
            </point>
            <point>
               <element dimension="1">13.9471</element>
               <element dimension="2">-1.7636</element>
            </point>
         </set>
      </occupancy>
      <occupancy>
         <time>
            <intervalStart>0.7</intervalStart>
            <intervalEnd>0.8</intervalEnd>
         </time>
         <set>
            <point>
               <element dimension="1">15.422</element>
               <element dimension="2">-1.9099</element>
            </point>
            <point>
               <element dimension="1">15.6754</element>
               <element dimension="2">-0.12164</element>
            </point>
            <point>
               <element dimension="1">15.6762</element>
               <element dimension="2">-0.11664</element>
            </point>
            <point>
               <element dimension="1">19.9796</element>
               <element dimension="2">-0.72652</element>
            </point>
            <point>
               <element dimension="1">20.2434</element>
               <element dimension="2">-0.76655</element>
            </point>
            <point>
               <element dimension="1">22.5536</element>
               <element dimension="2">-1.1403</element>
            </point>
            <point>
               <element dimension="1">22.5394</element>
               <element dimension="2">-1.2404</element>
            </point>
            <point>
               <element dimension="1">22.2619</element>
               <element dimension="2">-2.956</element>
            </point>
            <point>
               <element dimension="1">22.225</element>
               <element dimension="2">-2.9508</element>
            </point>
            <point>
               <element dimension="1">16.2911</element>
               <element dimension="2">-2.0504</element>
            </point>
         </set>
      </occupancy>
      <occupancy>
         <time>
            <intervalStart>0.8</intervalStart>
            <intervalEnd>0.9</intervalEnd>
         </time>
         <set>
            <point>
               <element dimension="1">17.7287</element>
               <element dimension="2">-2.2211</element>
            </point>
            <point>
               <element dimension="1">18.0124</element>
               <element dimension="2">-0.46721</element>
            </point>
            <point>
               <element dimension="1">18.0129</element>
               <element dimension="2">-0.46428</element>
            </point>
            <point>
               <element dimension="1">22.2764</element>
               <element dimension="2">-1.154</element>
            </point>
            <point>
               <element dimension="1">22.5405</element>
               <element dimension="2">-1.1993</element>
            </point>
            <point>
               <element dimension="1">24.8219</element>
               <element dimension="2">-1.614</element>
            </point>
            <point>
               <element dimension="1">24.8104</element>
               <element dimension="2">-1.6848</element>
            </point>
            <point>
               <element dimension="1">24.4999</element>
               <element dimension="2">-3.3929</element>
            </point>
            <point>
               <element dimension="1">24.4955</element>
               <element dimension="2">-3.3922</element>
            </point>
            <point>
               <element dimension="1">18.6258</element>
               <element dimension="2">-2.3841</element>
            </point>
         </set>
      </occupancy>
      <occupancy>
         <time>
            <intervalStart>0.9</intervalStart>
            <intervalEnd>1</intervalEnd>
         </time>
         <set>
            <point>
               <element dimension="1">20.0097</element>
               <element dimension="2">-2.5746</element>
            </point>
            <point>
               <element dimension="1">20.3222</element>
               <element dimension="2">-0.85526</element>
            </point>
            <point>
               <element dimension="1">20.3227</element>
               <element dimension="2">-0.8527</element>
            </point>
            <point>
               <element dimension="1">24.375</element>
               <element dimension="2">-1.5892</element>
            </point>
            <point>
               <element dimension="1">24.8082</element>
               <element dimension="2">-1.6723</element>
            </point>
            <point>
               <element dimension="1">27.06</element>
               <element dimension="2">-2.1265</element>
            </point>
            <point>
               <element dimension="1">27.0479</element>
               <element dimension="2">-2.1931</element>
            </point>
            <point>
               <element dimension="1">26.7097</element>
               <element dimension="2">-3.8697</element>
            </point>
            <point>
               <element dimension="1">26.7074</element>
               <element dimension="2">-3.8693</element>
            </point>
            <point>
               <element dimension="1">21.0725</element>
               <element dimension="2">-2.789</element>
            </point>
         </set>
      </occupancy>
   </occupancySet>
   <reachableSet>
      <reachability>
         <time>0</time>
         <x>
            <intervalStart>-0.1</intervalStart>
            <intervalEnd>0.1</intervalEnd>
         </x>
         <y>
            <intervalStart>-0.1</intervalStart>
            <intervalEnd>0.1</intervalEnd>
         </y>
         <velocity>
            <intervalStart>24.6</intervalStart>
            <intervalEnd>25</intervalEnd>
         </velocity>
         <orientation>
            <intervalStart>-0.02</intervalStart>
            <intervalEnd>0.02</intervalEnd>
         </orientation>
      </reachability>
      <reachability>
         <time>1</time>
         <x>
            <intervalStart>23.6403</intervalStart>
            <intervalEnd>23.6426</intervalEnd>
         </x>
         <y>
            <intervalStart>-2.3772</intervalStart>
            <intervalEnd>-2.3671</intervalEnd>
         </y>
         <velocity>
            <intervalStart>22.8</intervalStart>
            <intervalEnd>22.8</intervalEnd>
         </velocity>
         <orientation>
            <intervalStart>-0.20022</intervalStart>
            <intervalEnd>-0.19978</intervalEnd>
         </orientation>
      </reachability>
   </reachableSet>
</motionPrimitive>