<?xml version="1.0" encoding="utf-8"?>
<motionPrimitive ID="10196">
   <controller type="generator space control">controller10196.mat</controller>
   <successors>
      <id>9456</id>
      <id>9457</id>
      <id>9458</id>
      <id>9459</id>
      <id>9460</id>
      <id>9461</id>
      <id>9462</id>
      <id>9463</id>
      <id>9464</id>
      <id>9465</id>
      <id>9466</id>
      <id>9467</id>
      <id>9468</id>
      <id>9469</id>
      <id>9470</id>
      <id>9471</id>
      <id>9472</id>
      <id>9473</id>
      <id>9474</id>
      <id>9475</id>
      <id>9476</id>
      <id>9477</id>
      <id>9478</id>
      <id>9479</id>
      <id>9480</id>
      <id>9481</id>
      <id>9482</id>
      <id>9483</id>
      <id>9484</id>
      <id>9485</id>
      <id>9486</id>
      <id>9487</id>
      <id>9488</id>
      <id>9489</id>
      <id>9490</id>
      <id>9491</id>
      <id>9492</id>
      <id>9493</id>
      <id>9494</id>
      <id>9495</id>
      <id>9496</id>
      <id>9497</id>
      <id>9498</id>
      <id>9499</id>
      <id>9500</id>
      <id>9501</id>
      <id>9502</id>
      <id>9503</id>
      <id>9504</id>
      <id>9505</id>
      <id>9506</id>
      <id>9507</id>
      <id>9508</id>
      <id>9509</id>
      <id>9510</id>
      <id>9511</id>
      <id>9512</id>
      <id>9513</id>
      <id>9514</id>
      <id>9515</id>
      <id>9516</id>
      <id>9517</id>
      <id>9518</id>
      <id>9519</id>
      <id>9520</id>
      <id>9521</id>
      <id>9522</id>
      <id>9523</id>
      <id>9524</id>
      <id>9525</id>
      <id>9526</id>
      <id>9527</id>
      <id>9528</id>
      <id>9529</id>
      <id>9530</id>
      <id>9531</id>
      <id>9532</id>
      <id>9533</id>
      <id>9534</id>
      <id>9535</id>
      <id>9536</id>
      <id>9537</id>
      <id>9538</id>
      <id>9539</id>
      <id>9540</id>
      <id>9541</id>
      <id>9542</id>
      <id>9543</id>
      <id>9544</id>
      <id>9545</id>
      <id>9546</id>
      <id>9547</id>
      <id>9548</id>
      <id>9549</id>
      <id>9550</id>
      <id>9551</id>
      <id>9552</id>
      <id>9553</id>
      <id>9554</id>
      <id>9555</id>
      <id>9556</id>
      <id>9557</id>
      <id>9558</id>
      <id>9559</id>
      <id>9560</id>
      <id>9561</id>
      <id>9562</id>
      <id>9563</id>
      <id>9564</id>
      <id>9565</id>
      <id>9566</id>
      <id>9567</id>
      <id>9568</id>
      <id>9569</id>
      <id>9570</id>
      <id>9571</id>
      <id>9572</id>
      <id>9573</id>
      <id>9574</id>
      <id>9575</id>
      <id>9576</id>
      <id>9577</id>
      <id>9578</id>
      <id>9579</id>
      <id>9580</id>
      <id>9581</id>
      <id>9582</id>
      <id>9583</id>
      <id>9584</id>
      <id>9585</id>
      <id>9586</id>
      <id>9587</id>
      <id>9588</id>
      <id>9589</id>
      <id>9590</id>
      <id>9591</id>
      <id>9592</id>
      <id>9593</id>
      <id>9594</id>
      <id>9595</id>
      <id>9596</id>
      <id>9597</id>
      <id>9598</id>
      <id>9599</id>
      <id>9600</id>
      <id>9601</id>
      <id>9602</id>
      <id>9603</id>
      <id>9604</id>
      <id>9605</id>
      <id>9606</id>
      <id>9607</id>
      <id>9608</id>
      <id>9609</id>
      <id>9610</id>
      <id>9611</id>
      <id>9612</id>
      <id>9613</id>
      <id>9614</id>
      <id>9615</id>
      <id>9616</id>
      <id>9617</id>
      <id>9618</id>
      <id>9619</id>
      <id>9620</id>
      <id>9621</id>
      <id>9622</id>
      <id>9623</id>
      <id>9624</id>
      <id>9625</id>
      <id>9626</id>
      <id>9627</id>
      <id>9628</id>
      <id>9629</id>
      <id>9630</id>
      <id>9631</id>
      <id>9632</id>
      <id>9633</id>
      <id>9634</id>
      <id>9635</id>
   </successors>
   <trajectory>
      <states>
         <state>
            <time>0</time>
            <x>0</x>
            <y>0</y>
            <velocity>24.4</velocity>
            <orientation>0</orientation>
         </state>
         <state>
            <time>0.1</time>
            <x>2.4325</x>
            <y>-0.074653</y>
            <velocity>24.28</velocity>
            <orientation>-0.061361</orientation>
         </state>
         <state>
            <time>0.2</time>
            <x>4.8439</x>
            <y>-0.29687</y>
            <velocity>24.16</velocity>
            <orientation>-0.12242</orientation>
         </state>
         <state>
            <time>0.3</time>
            <x>7.2254</x>
            <y>-0.66362</y>
            <velocity>24.04</velocity>
            <orientation>-0.18318</orientation>
         </state>
         <state>
            <time>0.4</time>
            <x>9.5687</x>
            <y>-1.1714</y>
            <velocity>23.92</velocity>
            <orientation>-0.24363</orientation>
         </state>
         <state>
            <time>0.5</time>
            <x>11.8655</x>
            <y>-1.8163</y>
            <velocity>23.8</velocity>
            <orientation>-0.30378</orientation>
         </state>
         <state>
            <time>0.6</time>
            <x>14.1082</x>
            <y>-2.5937</y>
            <velocity>23.68</velocity>
            <orientation>-0.36363</orientation>
         </state>
         <state>
            <time>0.7</time>
            <x>16.2895</x>
            <y>-3.499</y>
            <velocity>23.56</velocity>
            <orientation>-0.42318</orientation>
         </state>
         <state>
            <time>0.8</time>
            <x>18.4023</x>
            <y>-4.527</y>
            <velocity>23.44</velocity>
            <orientation>-0.48242</orientation>
         </state>
         <state>
            <time>0.9</time>
            <x>20.4404</x>
            <y>-5.672</y>
            <velocity>23.32</velocity>
            <orientation>-0.54136</orientation>
         </state>
         <state>
            <time>1</time>
            <x>22.3975</x>
            <y>-6.9284</y>
            <velocity>23.2</velocity>
            <orientation>-0.6</orientation>
         </state>
      </states>
      <inputs>
         <input>
            <acceleration>-1.2</acceleration>
            <steer>-0.057918</steer>
         </input>
         <input>
            <acceleration>-1.2</acceleration>
            <steer>-0.057918</steer>
         </input>
         <input>
            <acceleration>-1.2</acceleration>
            <steer>-0.057918</steer>
         </input>
         <input>
            <acceleration>-1.2</acceleration>
            <steer>-0.057918</steer>
         </input>
         <input>
            <acceleration>-1.2</acceleration>
            <steer>-0.057918</steer>
         </input>
         <input>
            <acceleration>-1.2</acceleration>
            <steer>-0.057918</steer>
         </input>
         <input>
            <acceleration>-1.2</acceleration>
            <steer>-0.057918</steer>
         </input>
         <input>
            <acceleration>-1.2</acceleration>
            <steer>-0.057918</steer>
         </input>
         <input>
            <acceleration>-1.2</acceleration>
            <steer>-0.057918</steer>
         </input>
         <input>
            <acceleration>-1.2</acceleration>
            <steer>-0.057918</steer>
         </input>
      </inputs>
   </trajectory>
   <occupancySet>
      <occupancy>
         <time>
            <intervalStart>0</intervalStart>
            <intervalEnd>0.1</intervalEnd>
         </time>
         <set>
            <point>
               <element dimension="1">-1.126</element>
               <element dimension="2">-1.0186</element>
            </point>
            <point>
               <element dimension="1">-1.1197</element>
               <element dimension="2">1.032</element>
            </point>
            <point>
               <element dimension="1">-1.1197</element>
               <element dimension="2">1.0323</element>
            </point>
            <point>
               <element dimension="1">-1.1194</element>
               <element dimension="2">1.0381</element>
            </point>
            <point>
               <element dimension="1">3.2322</element>
               <element dimension="2">1.0247</element>
            </point>
            <point>
               <element dimension="1">3.6565</element>
               <element dimension="2">1.0117</element>
            </point>
            <point>
               <element dimension="1">5.8895</element>
               <element dimension="2">0.88135</element>
            </point>
            <point>
               <element dimension="1">5.8887</element>
               <element dimension="2">0.61111</element>
            </point>
            <point>
               <element dimension="1">5.8844</element>
               <element dimension="2">0.47149</element>
            </point>
            <point>
               <element dimension="1">5.7835</element>
               <element dimension="2">-1.2559</element>
            </point>
            <point>
               <element dimension="1">5.5924</element>
               <element dimension="2">-1.2553</element>
            </point>
            <point>
               <element dimension="1">-0.02445</element>
               <element dimension="2">-1.0829</element>
            </point>
         </set>
      </occupancy>
      <occupancy>
         <time>
            <intervalStart>0.1</intervalStart>
            <intervalEnd>0.2</intervalEnd>
         </time>
         <set>
            <point>
               <element dimension="1">1.0201</element>
               <element dimension="2">-0.98017</element>
            </point>
            <point>
               <element dimension="1">1.1348</element>
               <element dimension="2">0.98542</element>
            </point>
            <point>
               <element dimension="1">1.1381</element>
               <element dimension="2">1.0124</element>
            </point>
            <point>
               <element dimension="1">5.1471</element>
               <element dimension="2">0.77839</element>
            </point>
            <point>
               <element dimension="1">5.8878</element>
               <element dimension="2">0.7124</element>
            </point>
            <point>
               <element dimension="1">8.3418</element>
               <element dimension="2">0.41801</element>
            </point>
            <point>
               <element dimension="1">8.3211</element>
               <element dimension="2">0.063342</element>
            </point>
            <point>
               <element dimension="1">8.3209</element>
               <element dimension="2">0.060932</element>
            </point>
            <point>
               <element dimension="1">8.1116</element>
               <element dimension="2">-1.683</element>
            </point>
            <point>
               <element dimension="1">7.9423</element>
               <element dimension="2">-1.6731</element>
            </point>
            <point>
               <element dimension="1">3.4907</element>
               <element dimension="2">-1.2766</element>
            </point>
         </set>
      </occupancy>
      <occupancy>
         <time>
            <intervalStart>0.2</intervalStart>
            <intervalEnd>0.3</intervalEnd>
         </time>
         <set>
            <point>
               <element dimension="1">3.3843</element>
               <element dimension="2">-1.1178</element>
            </point>
            <point>
               <element dimension="1">3.6179</element>
               <element dimension="2">0.82984</element>
            </point>
            <point>
               <element dimension="1">3.6243</element>
               <element dimension="2">0.86477</element>
            </point>
            <point>
               <element dimension="1">7.7422</element>
               <element dimension="2">0.37078</element>
            </point>
            <point>
               <element dimension="1">8.3305</element>
               <element dimension="2">0.282</element>
            </point>
            <point>
               <element dimension="1">10.7522</element>
               <element dimension="2">-0.1591</element>
            </point>
            <point>
               <element dimension="1">10.712</element>
               <element dimension="2">-0.49456</element>
            </point>
            <point>
               <element dimension="1">10.3945</element>
               <element dimension="2">-2.2379</element>
            </point>
            <point>
               <element dimension="1">10.2482</element>
               <element dimension="2">-2.2204</element>
            </point>
            <point>
               <element dimension="1">5.521</element>
               <element dimension="2">-1.507</element>
            </point>
         </set>
      </occupancy>
      <occupancy>
         <time>
            <intervalStart>0.3</intervalStart>
            <intervalEnd>0.4</intervalEnd>
         </time>
         <set>
            <point>
               <element dimension="1">5.7308</element>
               <element dimension="2">-1.3888</element>
            </point>
            <point>
               <element dimension="1">6.0773</element>
               <element dimension="2">0.51344</element>
            </point>
            <point>
               <element dimension="1">6.0885</element>
               <element dimension="2">0.55908</element>
            </point>
            <point>
               <element dimension="1">10.1861</element>
               <element dimension="2">-0.18725</element>
            </point>
            <point>
               <element dimension="1">10.7254</element>
               <element dimension="2">-0.30243</element>
            </point>
            <point>
               <element dimension="1">13.1104</element>
               <element dimension="2">-0.88765</element>
            </point>
            <point>
               <element dimension="1">13.0546</element>
               <element dimension="2">-1.1936</element>
            </point>
            <point>
               <element dimension="1">12.6303</element>
               <element dimension="2">-2.9229</element>
            </point>
            <point>
               <element dimension="1">12.5068</element>
               <element dimension="2">-2.9004</element>
            </point>
            <point>
               <element dimension="1">7.757</element>
               <element dimension="2">-1.886</element>
            </point>
         </set>
      </occupancy>
      <occupancy>
         <time>
            <intervalStart>0.4</intervalStart>
            <intervalEnd>0.5</intervalEnd>
         </time>
         <set>
            <point>
               <element dimension="1">8.0455</element>
               <element dimension="2">-1.7968</element>
            </point>
            <point>
               <element dimension="1">8.5018</element>
               <element dimension="2">0.062861</element>
            </point>
            <point>
               <element dimension="1">8.5141</element>
               <element dimension="2">0.10263</element>
            </point>
            <point>
               <element dimension="1">12.6083</element>
               <element dimension="2">-0.90199</element>
            </point>
            <point>
               <element dimension="1">13.071</element>
               <element dimension="2">-1.0304</element>
            </point>
            <point>
               <element dimension="1">15.4043</element>
               <element dimension="2">-1.7542</element>
            </point>
            <point>
               <element dimension="1">15.3356</element>
               <element dimension="2">-2.034</element>
            </point>
            <point>
               <element dimension="1">14.8099</element>
               <element dimension="2">-3.7286</element>
            </point>
            <point>
               <element dimension="1">14.7099</element>
               <element dimension="2">-3.7041</element>
            </point>
            <point>
               <element dimension="1">9.8141</element>
               <element dimension="2">-2.3454</element>
            </point>
         </set>
      </occupancy>
      <occupancy>
         <time>
            <intervalStart>0.5</intervalStart>
            <intervalEnd>0.6</intervalEnd>
         </time>
         <set>
            <point>
               <element dimension="1">10.3256</element>
               <element dimension="2">-2.3351</element>
            </point>
            <point>
               <element dimension="1">10.8839</element>
               <element dimension="2">-0.53514</element>
            </point>
            <point>
               <element dimension="1">10.8963</element>
               <element dimension="2">-0.5023</element>
            </point>
            <point>
               <element dimension="1">14.8857</element>
               <element dimension="2">-1.7398</element>
            </point>
            <point>
               <element dimension="1">15.352</element>
               <element dimension="2">-1.8999</element>
            </point>
            <point>
               <element dimension="1">17.6274</element>
               <element dimension="2">-2.7581</element>
            </point>
            <point>
               <element dimension="1">17.5512</element>
               <element dimension="2">-3.0035</element>
            </point>
            <point>
               <element dimension="1">16.9271</element>
               <element dimension="2">-4.6584</element>
            </point>
            <point>
               <element dimension="1">16.8499</element>
               <element dimension="2">-4.6344</element>
            </point>
            <point>
               <element dimension="1">12.0792</element>
               <element dimension="2">-2.9965</element>
            </point>
         </set>
      </occupancy>
      <occupancy>
         <time>
            <intervalStart>0.6</intervalStart>
            <intervalEnd>0.7</intervalEnd>
         </time>
         <set>
            <point>
               <element dimension="1">12.5594</element>
               <element dimension="2">-3.0073</element>
            </point>
            <point>
               <element dimension="1">13.2136</element>
               <element dimension="2">-1.2726</element>
            </point>
            <point>
               <element dimension="1">13.2255</element>
               <element dimension="2">-1.2462</element>
            </point>
            <point>
               <element dimension="1">17.1091</element>
               <element dimension="2">-2.7109</element>
            </point>
            <point>
               <element dimension="1">17.5657</element>
               <element dimension="2">-2.8988</element>
            </point>
            <point>
               <element dimension="1">19.7742</element>
               <element dimension="2">-3.8856</element>
            </point>
            <point>
               <element dimension="1">19.6945</element>
               <element dimension="2">-4.097</element>
            </point>
            <point>
               <element dimension="1">18.9753</element>
               <element dimension="2">-5.7066</element>
            </point>
            <point>
               <element dimension="1">18.92</element>
               <element dimension="2">-5.6857</element>
            </point>
            <point>
               <element dimension="1">14.2783</element>
               <element dimension="2">-3.7754</element>
            </point>
         </set>
      </occupancy>
      <occupancy>
         <time>
            <intervalStart>0.7</intervalStart>
            <intervalEnd>0.8</intervalEnd>
         </time>
         <set>
            <point>
               <element dimension="1">14.7395</element>
               <element dimension="2">-3.8089</element>
            </point>
            <point>
               <element dimension="1">15.4833</element>
               <element dimension="2">-2.1444</element>
            </point>
            <point>
               <element dimension="1">15.4938</element>
               <element dimension="2">-2.124</element>
            </point>
            <point>
               <element dimension="1">19.2598</element>
               <element dimension="2">-3.8068</element>
            </point>
            <point>
               <element dimension="1">19.7052</element>
               <element dimension="2">-4.0219</element>
            </point>
            <point>
               <element dimension="1">21.8384</element>
               <element dimension="2">-5.131</element>
            </point>
            <point>
               <element dimension="1">21.759</element>
               <element dimension="2">-5.3086</element>
            </point>
            <point>
               <element dimension="1">20.9483</element>
               <element dimension="2">-6.8679</element>
            </point>
            <point>
               <element dimension="1">20.9138</element>
               <element dimension="2">-6.8525</element>
            </point>
            <point>
               <element dimension="1">16.4193</element>
               <element dimension="2">-4.6823</element>
            </point>
         </set>
      </occupancy>
      <occupancy>
         <time>
            <intervalStart>0.8</intervalStart>
            <intervalEnd>0.9</intervalEnd>
         </time>
         <set>
            <point>
               <element dimension="1">16.8586</element>
               <element dimension="2">-4.7353</element>
            </point>
            <point>
               <element dimension="1">17.6854</element>
               <element dimension="2">-3.1452</element>
            </point>
            <point>
               <element dimension="1">17.6942</element>
               <element dimension="2">-3.1305</element>
            </point>
            <point>
               <element dimension="1">21.3292</element>
               <element dimension="2">-5.0205</element>
            </point>
            <point>
               <element dimension="1">21.7638</element>
               <element dimension="2">-5.263</element>
            </point>
            <point>
               <element dimension="1">23.8139</element>
               <element dimension="2">-6.4876</element>
            </point>
            <point>
               <element dimension="1">23.7387</element>
               <element dimension="2">-6.6324</element>
            </point>
            <point>
               <element dimension="1">22.8399</element>
               <element dimension="2">-8.1371</element>
            </point>
            <point>
               <element dimension="1">22.8342</element>
               <element dimension="2">-8.1341</element>
            </point>
            <point>
               <element dimension="1">18.5</element>
               <element dimension="2">-5.7157</element>
            </point>
         </set>
      </occupancy>
      <occupancy>
         <time>
            <intervalStart>0.9</intervalStart>
            <intervalEnd>1</intervalEnd>
         </time>
         <set>
            <point>
               <element dimension="1">18.91</element>
               <element dimension="2">-5.7816</element>
            </point>
            <point>
               <element dimension="1">19.8131</element>
               <element dimension="2">-4.2695</element>
            </point>
            <point>
               <element dimension="1">19.821</element>
               <element dimension="2">-4.2579</element>
            </point>
            <point>
               <element dimension="1">23.2356</element>
               <element dimension="2">-6.2974</element>
            </point>
            <point>
               <element dimension="1">23.7355</element>
               <element dimension="2">-6.6163</element>
            </point>
            <point>
               <element dimension="1">25.6944</element>
               <element dimension="2">-7.948</element>
            </point>
            <point>
               <element dimension="1">25.6134</element>
               <element dimension="2">-8.0836</element>
            </point>
            <point>
               <element dimension="1">24.6451</element>
               <element dimension="2">-9.5078</element>
            </point>
            <point>
               <element dimension="1">24.6408</element>
               <element dimension="2">-9.5053</element>
            </point>
            <point>
               <element dimension="1">20.5373</element>
               <element dimension="2">-6.888</element>
            </point>
         </set>
      </occupancy>
   </occupancySet>
   <reachableSet>
      <reachability>
         <time>0</time>
         <x>
            <intervalStart>-0.1</intervalStart>
            <intervalEnd>0.1</intervalEnd>
         </x>
         <y>
            <intervalStart>-0.1</intervalStart>
            <intervalEnd>0.1</intervalEnd>
         </y>
         <velocity>
            <intervalStart>24.2</intervalStart>
            <intervalEnd>24.6</intervalEnd>
         </velocity>
         <orientation>
            <intervalStart>-0.02</intervalStart>
            <intervalEnd>0.02</intervalEnd>
         </orientation>
      </reachability>
      <reachability>
         <time>1</time>
         <x>
            <intervalStart>22.3943</intervalStart>
            <intervalEnd>22.4001</intervalEnd>
         </x>
         <y>
            <intervalStart>-6.9342</intervalStart>
            <intervalEnd>-6.923</intervalEnd>
         </y>
         <velocity>
            <intervalStart>23.2</intervalStart>
            <intervalEnd>23.2</intervalEnd>
         </velocity>
         <orientation>
            <intervalStart>-0.60026</intervalStart>
            <intervalEnd>-0.59976</intervalEnd>
         </orientation>
      </reachability>
   </reachableSet>
</motionPrimitive>