<?xml version="1.0" encoding="utf-8"?>
<motionPrimitive ID="10134">
   <controller type="generator space control">controller10134.mat</controller>
   <successors>
      <id>9876</id>
      <id>9877</id>
      <id>9878</id>
      <id>9879</id>
      <id>9880</id>
      <id>9881</id>
      <id>9882</id>
      <id>9883</id>
      <id>9884</id>
      <id>9885</id>
      <id>9886</id>
      <id>9887</id>
      <id>9888</id>
      <id>9889</id>
      <id>9890</id>
      <id>9891</id>
      <id>9892</id>
      <id>9893</id>
      <id>9894</id>
      <id>9895</id>
      <id>9896</id>
      <id>9897</id>
      <id>9898</id>
      <id>9899</id>
      <id>9900</id>
      <id>9901</id>
      <id>9902</id>
      <id>9903</id>
      <id>9904</id>
      <id>9905</id>
      <id>9906</id>
      <id>9907</id>
      <id>9908</id>
      <id>9909</id>
      <id>9910</id>
      <id>9911</id>
      <id>9912</id>
      <id>9913</id>
      <id>9914</id>
      <id>9915</id>
      <id>9916</id>
      <id>9917</id>
      <id>9918</id>
      <id>9919</id>
      <id>9920</id>
      <id>9921</id>
      <id>9922</id>
      <id>9923</id>
      <id>9924</id>
      <id>9925</id>
      <id>9926</id>
      <id>9927</id>
      <id>9928</id>
      <id>9929</id>
      <id>9930</id>
      <id>9931</id>
      <id>9932</id>
      <id>9933</id>
      <id>9934</id>
      <id>9935</id>
      <id>9936</id>
      <id>9937</id>
      <id>9938</id>
      <id>9939</id>
      <id>9940</id>
      <id>9941</id>
      <id>9942</id>
      <id>9943</id>
      <id>9944</id>
      <id>9945</id>
      <id>9946</id>
      <id>9947</id>
      <id>9948</id>
      <id>9949</id>
      <id>9950</id>
      <id>9951</id>
      <id>9952</id>
      <id>9953</id>
      <id>9954</id>
      <id>9955</id>
      <id>9956</id>
      <id>9957</id>
      <id>9958</id>
      <id>9959</id>
      <id>9960</id>
      <id>9961</id>
      <id>9962</id>
      <id>9963</id>
      <id>9964</id>
      <id>9965</id>
      <id>9966</id>
      <id>9967</id>
      <id>9968</id>
      <id>9969</id>
      <id>9970</id>
      <id>9971</id>
      <id>9972</id>
      <id>9973</id>
      <id>9974</id>
      <id>9975</id>
      <id>9976</id>
      <id>9977</id>
      <id>9978</id>
      <id>9979</id>
      <id>9980</id>
      <id>9981</id>
      <id>9982</id>
      <id>9983</id>
      <id>9984</id>
      <id>9985</id>
      <id>9986</id>
      <id>9987</id>
      <id>9988</id>
      <id>9989</id>
      <id>9990</id>
      <id>9991</id>
      <id>9992</id>
      <id>9993</id>
      <id>9994</id>
      <id>9995</id>
      <id>9996</id>
      <id>9997</id>
      <id>9998</id>
      <id>9999</id>
      <id>10000</id>
      <id>10001</id>
      <id>10002</id>
      <id>10003</id>
      <id>10004</id>
      <id>10005</id>
      <id>10006</id>
      <id>10007</id>
      <id>10008</id>
      <id>10009</id>
      <id>10010</id>
      <id>10011</id>
      <id>10012</id>
      <id>10013</id>
      <id>10014</id>
      <id>10015</id>
      <id>10016</id>
      <id>10017</id>
      <id>10018</id>
      <id>10019</id>
      <id>10020</id>
      <id>10021</id>
      <id>10022</id>
      <id>10023</id>
      <id>10024</id>
      <id>10025</id>
      <id>10026</id>
      <id>10027</id>
      <id>10028</id>
      <id>10029</id>
      <id>10030</id>
      <id>10031</id>
      <id>10032</id>
      <id>10033</id>
      <id>10034</id>
      <id>10035</id>
      <id>10036</id>
      <id>10037</id>
      <id>10038</id>
      <id>10039</id>
      <id>10040</id>
      <id>10041</id>
      <id>10042</id>
      <id>10043</id>
      <id>10044</id>
      <id>10045</id>
      <id>10046</id>
      <id>10047</id>
      <id>10048</id>
      <id>10049</id>
      <id>10050</id>
      <id>10051</id>
      <id>10052</id>
      <id>10053</id>
      <id>10054</id>
      <id>10055</id>
   </successors>
   <trajectory>
      <states>
         <state>
            <time>0</time>
            <x>0</x>
            <y>0</y>
            <velocity>24.4</velocity>
            <orientation>0</orientation>
         </state>
         <state>
            <time>0.1</time>
            <x>2.4376</x>
            <y>-0.036839</y>
            <velocity>24.36</velocity>
            <orientation>-0.030223</orientation>
         </state>
         <state>
            <time>0.2</time>
            <x>4.869</x>
            <y>-0.14708</y>
            <velocity>24.32</velocity>
            <orientation>-0.060397</orientation>
         </state>
         <state>
            <time>0.3</time>
            <x>7.292</x>
            <y>-0.33027</y>
            <velocity>24.28</velocity>
            <orientation>-0.090521</orientation>
         </state>
         <state>
            <time>0.4</time>
            <x>9.7044</x>
            <y>-0.58586</y>
            <velocity>24.24</velocity>
            <orientation>-0.1206</orientation>
         </state>
         <state>
            <time>0.5</time>
            <x>12.1041</x>
            <y>-0.91329</y>
            <velocity>24.2</velocity>
            <orientation>-0.15062</orientation>
         </state>
         <state>
            <time>0.6</time>
            <x>14.4889</x>
            <y>-1.3119</y>
            <velocity>24.16</velocity>
            <orientation>-0.1806</orientation>
         </state>
         <state>
            <time>0.7</time>
            <x>16.8568</x>
            <y>-1.7809</y>
            <velocity>24.12</velocity>
            <orientation>-0.21052</orientation>
         </state>
         <state>
            <time>0.8</time>
            <x>19.2058</x>
            <y>-2.3197</y>
            <velocity>24.08</velocity>
            <orientation>-0.2404</orientation>
         </state>
         <state>
            <time>0.9</time>
            <x>21.5337</x>
            <y>-2.9273</y>
            <velocity>24.04</velocity>
            <orientation>-0.27022</orientation>
         </state>
         <state>
            <time>1</time>
            <x>23.8386</x>
            <y>-3.6029</y>
            <velocity>24</velocity>
            <orientation>-0.3</orientation>
         </state>
      </states>
      <inputs>
         <input>
            <acceleration>-0.4</acceleration>
            <steer>-0.028505</steer>
         </input>
         <input>
            <acceleration>-0.4</acceleration>
            <steer>-0.028505</steer>
         </input>
         <input>
            <acceleration>-0.4</acceleration>
            <steer>-0.028505</steer>
         </input>
         <input>
            <acceleration>-0.4</acceleration>
            <steer>-0.028505</steer>
         </input>
         <input>
            <acceleration>-0.4</acceleration>
            <steer>-0.028505</steer>
         </input>
         <input>
            <acceleration>-0.4</acceleration>
            <steer>-0.028505</steer>
         </input>
         <input>
            <acceleration>-0.4</acceleration>
            <steer>-0.028505</steer>
         </input>
         <input>
            <acceleration>-0.4</acceleration>
            <steer>-0.028505</steer>
         </input>
         <input>
            <acceleration>-0.4</acceleration>
            <steer>-0.028505</steer>
         </input>
         <input>
            <acceleration>-0.4</acceleration>
            <steer>-0.028505</steer>
         </input>
      </inputs>
   </trajectory>
   <occupancySet>
      <occupancy>
         <time>
            <intervalStart>0</intervalStart>
            <intervalEnd>0.1</intervalEnd>
         </time>
         <set>
            <point>
               <element dimension="1">-1.1228</element>
               <element dimension="2">-1.0186</element>
            </point>
            <point>
               <element dimension="1">-1.1197</element>
               <element dimension="2">1.025</element>
            </point>
            <point>
               <element dimension="1">-1.1197</element>
               <element dimension="2">1.0253</element>
            </point>
            <point>
               <element dimension="1">-1.1197</element>
               <element dimension="2">1.026</element>
            </point>
            <point>
               <element dimension="1">3.3915</element>
               <element dimension="2">1.0191</element>
            </point>
            <point>
               <element dimension="1">3.654</element>
               <element dimension="2">1.0152</element>
            </point>
            <point>
               <element dimension="1">5.87</element>
               <element dimension="2">0.95151</element>
            </point>
            <point>
               <element dimension="1">5.8696</element>
               <element dimension="2">0.74662</element>
            </point>
            <point>
               <element dimension="1">5.8675</element>
               <element dimension="2">0.60374</element>
            </point>
            <point>
               <element dimension="1">5.8181</element>
               <element dimension="2">-1.1149</element>
            </point>
            <point>
               <element dimension="1">5.1756</element>
               <element dimension="2">-1.114</element>
            </point>
            <point>
               <element dimension="1">-1.1102</element>
               <element dimension="2">-1.0189</element>
            </point>
         </set>
      </occupancy>
      <occupancy>
         <time>
            <intervalStart>0.1</intervalStart>
            <intervalEnd>0.2</intervalEnd>
         </time>
         <set>
            <point>
               <element dimension="1">1.0562</element>
               <element dimension="2">-0.97941</element>
            </point>
            <point>
               <element dimension="1">1.1125</element>
               <element dimension="2">0.98153</element>
            </point>
            <point>
               <element dimension="1">1.1133</element>
               <element dimension="2">0.99446</element>
            </point>
            <point>
               <element dimension="1">5.1572</element>
               <element dimension="2">0.87828</element>
            </point>
            <point>
               <element dimension="1">5.8689</element>
               <element dimension="2">0.84709</element>
            </point>
            <point>
               <element dimension="1">8.3203</element>
               <element dimension="2">0.70253</element>
            </point>
            <point>
               <element dimension="1">8.3121</element>
               <element dimension="2">0.41526</element>
            </point>
            <point>
               <element dimension="1">8.312</element>
               <element dimension="2">0.41351</element>
            </point>
            <point>
               <element dimension="1">8.2094</element>
               <element dimension="2">-1.3261</element>
            </point>
            <point>
               <element dimension="1">8.0408</element>
               <element dimension="2">-1.3213</element>
            </point>
            <point>
               <element dimension="1">3.4132</element>
               <element dimension="2">-1.1184</element>
            </point>
         </set>
      </occupancy>
      <occupancy>
         <time>
            <intervalStart>0.2</intervalStart>
            <intervalEnd>0.3</intervalEnd>
         </time>
         <set>
            <point>
               <element dimension="1">3.4662</element>
               <element dimension="2">-1.0476</element>
            </point>
            <point>
               <element dimension="1">3.5813</element>
               <element dimension="2">0.90374</element>
            </point>
            <point>
               <element dimension="1">3.5826</element>
               <element dimension="2">0.91836</element>
            </point>
            <point>
               <element dimension="1">7.9127</element>
               <element dimension="2">0.66303</element>
            </point>
            <point>
               <element dimension="1">8.3161</element>
               <element dimension="2">0.63314</element>
            </point>
            <point>
               <element dimension="1">10.7569</element>
               <element dimension="2">0.41527</element>
            </point>
            <point>
               <element dimension="1">10.741</element>
               <element dimension="2">0.14583</element>
            </point>
            <point>
               <element dimension="1">10.5854</element>
               <element dimension="2">-1.5975</element>
            </point>
            <point>
               <element dimension="1">10.4391</element>
               <element dimension="2">-1.5889</element>
            </point>
            <point>
               <element dimension="1">5.0939</element>
               <element dimension="2">-1.1928</element>
            </point>
         </set>
      </occupancy>
      <occupancy>
         <time>
            <intervalStart>0.3</intervalStart>
            <intervalEnd>0.4</intervalEnd>
         </time>
         <set>
            <point>
               <element dimension="1">5.8751</element>
               <element dimension="2">-1.1775</element>
            </point>
            <point>
               <element dimension="1">6.0462</element>
               <element dimension="2">0.73994</element>
            </point>
            <point>
               <element dimension="1">6.0487</element>
               <element dimension="2">0.76041</element>
            </point>
            <point>
               <element dimension="1">10.3752</element>
               <element dimension="2">0.37422</element>
            </point>
            <point>
               <element dimension="1">10.7469</element>
               <element dimension="2">0.3354</element>
            </point>
            <point>
               <element dimension="1">13.1791</element>
               <element dimension="2">0.044351</element>
            </point>
            <point>
               <element dimension="1">13.1576</element>
               <element dimension="2">-0.19623</element>
            </point>
            <point>
               <element dimension="1">12.9492</element>
               <element dimension="2">-1.9381</element>
            </point>
            <point>
               <element dimension="1">12.8243</element>
               <element dimension="2">-1.9269</element>
            </point>
            <point>
               <element dimension="1">7.4266</element>
               <element dimension="2">-1.3632</element>
            </point>
         </set>
      </occupancy>
      <occupancy>
         <time>
            <intervalStart>0.4</intervalStart>
            <intervalEnd>0.5</intervalEnd>
         </time>
         <set>
            <point>
               <element dimension="1">8.275</element>
               <element dimension="2">-1.3786</element>
            </point>
            <point>
               <element dimension="1">8.5009</element>
               <element dimension="2">0.50872</element>
            </point>
            <point>
               <element dimension="1">8.5036</element>
               <element dimension="2">0.52703</element>
            </point>
            <point>
               <element dimension="1">12.8269</element>
               <element dimension="2">0.0096937</element>
            </point>
            <point>
               <element dimension="1">13.1655</element>
               <element dimension="2">-0.035983</element>
            </point>
            <point>
               <element dimension="1">15.583</element>
               <element dimension="2">-0.3992</element>
            </point>
            <point>
               <element dimension="1">15.5574</element>
               <element dimension="2">-0.61317</element>
            </point>
            <point>
               <element dimension="1">15.2973</element>
               <element dimension="2">-2.3447</element>
            </point>
            <point>
               <element dimension="1">15.1947</element>
               <element dimension="2">-2.3324</element>
            </point>
            <point>
               <element dimension="1">9.5934</element>
               <element dimension="2">-1.5767</element>
            </point>
         </set>
      </occupancy>
      <occupancy>
         <time>
            <intervalStart>0.5</intervalStart>
            <intervalEnd>0.6</intervalEnd>
         </time>
         <set>
            <point>
               <element dimension="1">10.6663</element>
               <element dimension="2">-1.6481</element>
            </point>
            <point>
               <element dimension="1">10.9443</element>
               <element dimension="2">0.20206</element>
            </point>
            <point>
               <element dimension="1">10.947</element>
               <element dimension="2">0.21701</element>
            </point>
            <point>
               <element dimension="1">15.2162</element>
               <element dimension="2">-0.4244</element>
            </point>
            <point>
               <element dimension="1">15.5652</element>
               <element dimension="2">-0.48219</element>
            </point>
            <point>
               <element dimension="1">17.9673</element>
               <element dimension="2">-0.91708</element>
            </point>
            <point>
               <element dimension="1">17.9398</element>
               <element dimension="2">-1.1005</element>
            </point>
            <point>
               <element dimension="1">17.6284</element>
               <element dimension="2">-2.8205</element>
            </point>
            <point>
               <element dimension="1">17.548</element>
               <element dimension="2">-2.8084</element>
            </point>
            <point>
               <element dimension="1">12.0049</element>
               <element dimension="2">-1.8904</element>
            </point>
         </set>
      </occupancy>
      <occupancy>
         <time>
            <intervalStart>0.6</intervalStart>
            <intervalEnd>0.7</intervalEnd>
         </time>
         <set>
            <point>
               <element dimension="1">13.0453</element>
               <element dimension="2">-1.9893</element>
            </point>
            <point>
               <element dimension="1">13.3732</element>
               <element dimension="2">-0.17779</element>
            </point>
            <point>
               <element dimension="1">13.3758</element>
               <element dimension="2">-0.16596</element>
            </point>
            <point>
               <element dimension="1">17.5992</element>
               <element dimension="2">-0.93058</element>
            </point>
            <point>
               <element dimension="1">17.9466</element>
               <element dimension="2">-0.99885</element>
            </point>
            <point>
               <element dimension="1">20.3303</element>
               <element dimension="2">-1.5045</element>
            </point>
            <point>
               <element dimension="1">20.3026</element>
               <element dimension="2">-1.6576</element>
            </point>
            <point>
               <element dimension="1">19.9405</element>
               <element dimension="2">-3.3646</element>
            </point>
            <point>
               <element dimension="1">19.8821</element>
               <element dimension="2">-3.354</element>
            </point>
            <point>
               <element dimension="1">14.39</element>
               <element dimension="2">-2.2746</element>
            </point>
         </set>
      </occupancy>
      <occupancy>
         <time>
            <intervalStart>0.7</intervalStart>
            <intervalEnd>0.8</intervalEnd>
         </time>
         <set>
            <point>
               <element dimension="1">15.4099</element>
               <element dimension="2">-2.4015</element>
            </point>
            <point>
               <element dimension="1">15.7857</element>
               <element dimension="2">-0.62991</element>
            </point>
            <point>
               <element dimension="1">15.7878</element>
               <element dimension="2">-0.62114</element>
            </point>
            <point>
               <element dimension="1">19.9621</element>
               <element dimension="2">-1.5066</element>
            </point>
            <point>
               <element dimension="1">20.3075</element>
               <element dimension="2">-1.5853</element>
            </point>
            <point>
               <element dimension="1">22.67</element>
               <element dimension="2">-2.1607</element>
            </point>
            <point>
               <element dimension="1">22.644</element>
               <element dimension="2">-2.2836</element>
            </point>
            <point>
               <element dimension="1">22.2317</element>
               <element dimension="2">-3.9761</element>
            </point>
            <point>
               <element dimension="1">22.195</element>
               <element dimension="2">-3.9683</element>
            </point>
            <point>
               <element dimension="1">16.7583</element>
               <element dimension="2">-2.7299</element>
            </point>
         </set>
      </occupancy>
      <occupancy>
         <time>
            <intervalStart>0.8</intervalStart>
            <intervalEnd>0.9</intervalEnd>
         </time>
         <set>
            <point>
               <element dimension="1">17.7579</element>
               <element dimension="2">-2.8839</element>
            </point>
            <point>
               <element dimension="1">18.1794</element>
               <element dimension="2">-1.1535</element>
            </point>
            <point>
               <element dimension="1">18.181</element>
               <element dimension="2">-1.1477</element>
            </point>
            <point>
               <element dimension="1">22.3012</element>
               <element dimension="2">-2.1513</element>
            </point>
            <point>
               <element dimension="1">22.646</element>
               <element dimension="2">-2.2407</element>
            </point>
            <point>
               <element dimension="1">24.9845</element>
               <element dimension="2">-2.8847</element>
            </point>
            <point>
               <element dimension="1">24.9618</element>
               <element dimension="2">-2.9777</element>
            </point>
            <point>
               <element dimension="1">24.5</element>
               <element dimension="2">-4.6546</element>
            </point>
            <point>
               <element dimension="1">24.4952</element>
               <element dimension="2">-4.6534</element>
            </point>
            <point>
               <element dimension="1">19.1185</element>
               <element dimension="2">-3.2586</element>
            </point>
         </set>
      </occupancy>
      <occupancy>
         <time>
            <intervalStart>0.9</intervalStart>
            <intervalEnd>1</intervalEnd>
         </time>
         <set>
            <point>
               <element dimension="1">20.0874</element>
               <element dimension="2">-3.4359</element>
            </point>
            <point>
               <element dimension="1">20.5523</element>
               <element dimension="2">-1.7478</element>
            </point>
            <point>
               <element dimension="1">20.5537</element>
               <element dimension="2">-1.7432</element>
            </point>
            <point>
               <element dimension="1">24.5016</element>
               <element dimension="2">-2.8305</element>
            </point>
            <point>
               <element dimension="1">24.9602</element>
               <element dimension="2">-2.9641</element>
            </point>
            <point>
               <element dimension="1">27.2714</element>
               <element dimension="2">-3.6753</element>
            </point>
            <point>
               <element dimension="1">27.2473</element>
               <element dimension="2">-3.7627</element>
            </point>
            <point>
               <element dimension="1">26.7435</element>
               <element dimension="2">-5.4</element>
            </point>
            <point>
               <element dimension="1">26.7406</element>
               <element dimension="2">-5.3992</element>
            </point>
            <point>
               <element dimension="1">21.5682</element>
               <element dimension="2">-3.8915</element>
            </point>
         </set>
      </occupancy>
   </occupancySet>
   <reachableSet>
      <reachability>
         <time>0</time>
         <x>
            <intervalStart>-0.1</intervalStart>
            <intervalEnd>0.1</intervalEnd>
         </x>
         <y>
            <intervalStart>-0.1</intervalStart>
            <intervalEnd>0.1</intervalEnd>
         </y>
         <velocity>
            <intervalStart>24.2</intervalStart>
            <intervalEnd>24.6</intervalEnd>
         </velocity>
         <orientation>
            <intervalStart>-0.02</intervalStart>
            <intervalEnd>0.02</intervalEnd>
         </orientation>
      </reachability>
      <reachability>
         <time>1</time>
         <x>
            <intervalStart>23.8369</intervalStart>
            <intervalEnd>23.8399</intervalEnd>
         </x>
         <y>
            <intervalStart>-3.608</intervalStart>
            <intervalEnd>-3.5979</intervalEnd>
         </y>
         <velocity>
            <intervalStart>24</intervalStart>
            <intervalEnd>24</intervalEnd>
         </velocity>
         <orientation>
            <intervalStart>-0.30022</intervalStart>
            <intervalEnd>-0.29979</intervalEnd>
         </orientation>
      </reachability>
   </reachableSet>
</motionPrimitive>