<?xml version="1.0" encoding="utf-8"?>
<motionPrimitive ID="10044">
   <controller type="generator space control">controller10044.mat</controller>
   <successors>
      <id>8901</id>
      <id>8902</id>
      <id>8903</id>
      <id>8904</id>
      <id>8905</id>
      <id>8906</id>
      <id>8907</id>
      <id>8908</id>
      <id>8909</id>
      <id>8910</id>
      <id>8911</id>
      <id>8912</id>
      <id>8913</id>
      <id>8914</id>
      <id>8915</id>
      <id>8916</id>
      <id>8917</id>
      <id>8918</id>
      <id>8919</id>
      <id>8920</id>
      <id>8921</id>
      <id>8922</id>
      <id>8923</id>
      <id>8924</id>
      <id>8925</id>
      <id>8926</id>
      <id>8927</id>
      <id>8928</id>
      <id>8929</id>
      <id>8930</id>
      <id>8931</id>
      <id>8932</id>
      <id>8933</id>
      <id>8934</id>
      <id>8935</id>
      <id>8936</id>
      <id>8937</id>
      <id>8938</id>
      <id>8939</id>
      <id>8940</id>
      <id>8941</id>
      <id>8942</id>
      <id>8943</id>
      <id>8944</id>
      <id>8945</id>
      <id>8946</id>
      <id>8947</id>
      <id>8948</id>
      <id>8949</id>
      <id>8950</id>
      <id>8951</id>
      <id>8952</id>
      <id>8953</id>
      <id>8954</id>
      <id>8955</id>
      <id>8956</id>
      <id>8957</id>
      <id>8958</id>
      <id>8959</id>
      <id>8960</id>
      <id>8961</id>
      <id>8962</id>
      <id>8963</id>
      <id>8964</id>
      <id>8965</id>
      <id>8966</id>
      <id>8967</id>
      <id>8968</id>
      <id>8969</id>
      <id>8970</id>
      <id>8971</id>
      <id>8972</id>
      <id>8973</id>
      <id>8974</id>
      <id>8975</id>
      <id>8976</id>
      <id>8977</id>
      <id>8978</id>
      <id>8979</id>
      <id>8980</id>
      <id>8981</id>
      <id>8982</id>
      <id>8983</id>
      <id>8984</id>
      <id>8985</id>
      <id>8986</id>
      <id>8987</id>
      <id>8988</id>
      <id>8989</id>
      <id>8990</id>
      <id>8991</id>
      <id>8992</id>
      <id>8993</id>
      <id>8994</id>
      <id>8995</id>
      <id>8996</id>
      <id>8997</id>
      <id>8998</id>
      <id>8999</id>
      <id>9000</id>
      <id>9001</id>
      <id>9002</id>
      <id>9003</id>
      <id>9004</id>
      <id>9005</id>
      <id>9006</id>
      <id>9007</id>
      <id>9008</id>
      <id>9009</id>
      <id>9010</id>
      <id>9011</id>
      <id>9012</id>
      <id>9013</id>
      <id>9014</id>
      <id>9015</id>
      <id>9016</id>
      <id>9017</id>
      <id>9018</id>
      <id>9019</id>
      <id>9020</id>
      <id>9021</id>
      <id>9022</id>
      <id>9023</id>
      <id>9024</id>
      <id>9025</id>
      <id>9026</id>
      <id>9027</id>
      <id>9028</id>
      <id>9029</id>
      <id>9030</id>
      <id>9031</id>
      <id>9032</id>
      <id>9033</id>
      <id>9034</id>
      <id>9035</id>
      <id>9036</id>
      <id>9037</id>
      <id>9038</id>
      <id>9039</id>
      <id>9040</id>
      <id>9041</id>
      <id>9042</id>
      <id>9043</id>
      <id>9044</id>
      <id>9045</id>
      <id>9046</id>
      <id>9047</id>
      <id>9048</id>
      <id>9049</id>
      <id>9050</id>
      <id>9051</id>
      <id>9052</id>
      <id>9053</id>
      <id>9054</id>
      <id>9055</id>
      <id>9056</id>
      <id>9057</id>
      <id>9058</id>
      <id>9059</id>
      <id>9060</id>
      <id>9061</id>
      <id>9062</id>
      <id>9063</id>
      <id>9064</id>
      <id>9065</id>
      <id>9066</id>
      <id>9067</id>
      <id>9068</id>
      <id>9069</id>
      <id>9070</id>
      <id>9071</id>
      <id>9072</id>
      <id>9073</id>
      <id>9074</id>
      <id>9075</id>
      <id>9076</id>
      <id>9077</id>
      <id>9078</id>
      <id>9079</id>
      <id>9080</id>
      <id>9081</id>
      <id>9082</id>
      <id>9083</id>
      <id>9084</id>
      <id>9085</id>
      <id>9086</id>
      <id>9087</id>
      <id>9088</id>
      <id>9089</id>
      <id>9090</id>
      <id>9091</id>
      <id>9092</id>
      <id>9093</id>
      <id>9094</id>
      <id>9095</id>
   </successors>
   <trajectory>
      <states>
         <state>
            <time>0</time>
            <x>0</x>
            <y>0</y>
            <velocity>24</velocity>
            <orientation>0</orientation>
         </state>
         <state>
            <time>0.1</time>
            <x>2.3896</x>
            <y>-0.03725</y>
            <velocity>23.8</velocity>
            <orientation>-0.031174</orientation>
         </state>
         <state>
            <time>0.2</time>
            <x>4.7569</x>
            <y>-0.14772</y>
            <velocity>23.6</velocity>
            <orientation>-0.062087</orientation>
         </state>
         <state>
            <time>0.3</time>
            <x>7.0998</x>
            <y>-0.32945</y>
            <velocity>23.4</velocity>
            <orientation>-0.092739</orientation>
         </state>
         <state>
            <time>0.4</time>
            <x>9.4162</x>
            <y>-0.58044</y>
            <velocity>23.2</velocity>
            <orientation>-0.12313</orientation>
         </state>
         <state>
            <time>0.5</time>
            <x>11.7041</x>
            <y>-0.89865</y>
            <velocity>23</velocity>
            <orientation>-0.15326</orientation>
         </state>
         <state>
            <time>0.6</time>
            <x>13.9617</x>
            <y>-1.282</y>
            <velocity>22.8</velocity>
            <orientation>-0.18313</orientation>
         </state>
         <state>
            <time>0.7</time>
            <x>16.1873</x>
            <y>-1.7284</y>
            <velocity>22.6</velocity>
            <orientation>-0.21274</orientation>
         </state>
         <state>
            <time>0.8</time>
            <x>18.3792</x>
            <y>-2.2356</y>
            <velocity>22.4</velocity>
            <orientation>-0.24209</orientation>
         </state>
         <state>
            <time>0.9</time>
            <x>20.5361</x>
            <y>-2.8016</y>
            <velocity>22.2</velocity>
            <orientation>-0.27117</orientation>
         </state>
         <state>
            <time>1</time>
            <x>22.6565</x>
            <y>-3.4242</y>
            <velocity>22</velocity>
            <orientation>-0.3</orientation>
         </state>
      </states>
      <inputs>
         <input>
            <acceleration>-2</acceleration>
            <steer>-0.029991</steer>
         </input>
         <input>
            <acceleration>-2</acceleration>
            <steer>-0.029991</steer>
         </input>
         <input>
            <acceleration>-2</acceleration>
            <steer>-0.029991</steer>
         </input>
         <input>
            <acceleration>-2</acceleration>
            <steer>-0.029991</steer>
         </input>
         <input>
            <acceleration>-2</acceleration>
            <steer>-0.029991</steer>
         </input>
         <input>
            <acceleration>-2</acceleration>
            <steer>-0.029991</steer>
         </input>
         <input>
            <acceleration>-2</acceleration>
            <steer>-0.029991</steer>
         </input>
         <input>
            <acceleration>-2</acceleration>
            <steer>-0.029991</steer>
         </input>
         <input>
            <acceleration>-2</acceleration>
            <steer>-0.029991</steer>
         </input>
         <input>
            <acceleration>-2</acceleration>
            <steer>-0.029991</steer>
         </input>
      </inputs>
   </trajectory>
   <occupancySet>
      <occupancy>
         <time>
            <intervalStart>0</intervalStart>
            <intervalEnd>0.1</intervalEnd>
         </time>
         <set>
            <point>
               <element dimension="1">-1.1229</element>
               <element dimension="2">-1.0185</element>
            </point>
            <point>
               <element dimension="1">-1.1197</element>
               <element dimension="2">1.0252</element>
            </point>
            <point>
               <element dimension="1">-1.1197</element>
               <element dimension="2">1.0254</element>
            </point>
            <point>
               <element dimension="1">-1.1197</element>
               <element dimension="2">1.0261</element>
            </point>
            <point>
               <element dimension="1">3.392</element>
               <element dimension="2">1.0191</element>
            </point>
            <point>
               <element dimension="1">3.6451</element>
               <element dimension="2">1.0151</element>
            </point>
            <point>
               <element dimension="1">5.8228</element>
               <element dimension="2">0.95058</element>
            </point>
            <point>
               <element dimension="1">5.8224</element>
               <element dimension="2">0.73974</element>
            </point>
            <point>
               <element dimension="1">5.8202</element>
               <element dimension="2">0.60003</element>
            </point>
            <point>
               <element dimension="1">5.7693</element>
               <element dimension="2">-1.1181</element>
            </point>
            <point>
               <element dimension="1">5.1896</element>
               <element dimension="2">-1.1172</element>
            </point>
            <point>
               <element dimension="1">-1.1054</element>
               <element dimension="2">-1.019</element>
            </point>
         </set>
      </occupancy>
      <occupancy>
         <time>
            <intervalStart>0.1</intervalStart>
            <intervalEnd>0.2</intervalEnd>
         </time>
         <set>
            <point>
               <element dimension="1">1.0126</element>
               <element dimension="2">-0.97845</element>
            </point>
            <point>
               <element dimension="1">1.0707</element>
               <element dimension="2">0.98182</element>
            </point>
            <point>
               <element dimension="1">1.0716</element>
               <element dimension="2">0.99548</element>
            </point>
            <point>
               <element dimension="1">5.0852</element>
               <element dimension="2">0.87653</element>
            </point>
            <point>
               <element dimension="1">5.8216</element>
               <element dimension="2">0.8433</element>
            </point>
            <point>
               <element dimension="1">8.21</element>
               <element dimension="2">0.69848</element>
            </point>
            <point>
               <element dimension="1">8.2014</element>
               <element dimension="2">0.40905</element>
            </point>
            <point>
               <element dimension="1">8.0959</element>
               <element dimension="2">-1.3323</element>
            </point>
            <point>
               <element dimension="1">7.9272</element>
               <element dimension="2">-1.3273</element>
            </point>
            <point>
               <element dimension="1">3.3872</element>
               <element dimension="2">-1.1224</element>
            </point>
         </set>
      </occupancy>
      <occupancy>
         <time>
            <intervalStart>0.2</intervalStart>
            <intervalEnd>0.3</intervalEnd>
         </time>
         <set>
            <point>
               <element dimension="1">3.3592</element>
               <element dimension="2">-1.0463</element>
            </point>
            <point>
               <element dimension="1">3.4775</element>
               <element dimension="2">0.90457</element>
            </point>
            <point>
               <element dimension="1">3.4789</element>
               <element dimension="2">0.91965</element>
            </point>
            <point>
               <element dimension="1">7.7971</element>
               <element dimension="2">0.65783</element>
            </point>
            <point>
               <element dimension="1">8.2054</element>
               <element dimension="2">0.62678</element>
            </point>
            <point>
               <element dimension="1">10.5669</element>
               <element dimension="2">0.41076</element>
            </point>
            <point>
               <element dimension="1">10.5506</element>
               <element dimension="2">0.14126</element>
            </point>
            <point>
               <element dimension="1">10.391</element>
               <element dimension="2">-1.6038</element>
            </point>
            <point>
               <element dimension="1">10.2447</element>
               <element dimension="2">-1.5949</element>
            </point>
            <point>
               <element dimension="1">4.9867</element>
               <element dimension="2">-1.1951</element>
            </point>
         </set>
      </occupancy>
      <occupancy>
         <time>
            <intervalStart>0.3</intervalStart>
            <intervalEnd>0.4</intervalEnd>
         </time>
         <set>
            <point>
               <element dimension="1">5.6891</element>
               <element dimension="2">-1.1742</element>
            </point>
            <point>
               <element dimension="1">5.8644</element>
               <element dimension="2">0.74213</element>
            </point>
            <point>
               <element dimension="1">5.867</element>
               <element dimension="2">0.76317</element>
            </point>
            <point>
               <element dimension="1">10.1787</element>
               <element dimension="2">0.36875</element>
            </point>
            <point>
               <element dimension="1">10.5562</element>
               <element dimension="2">0.32842</element>
            </point>
            <point>
               <element dimension="1">12.8932</element>
               <element dimension="2">0.042783</element>
            </point>
            <point>
               <element dimension="1">12.8713</element>
               <element dimension="2">-0.19718</element>
            </point>
            <point>
               <element dimension="1">12.6582</element>
               <element dimension="2">-1.9406</element>
            </point>
            <point>
               <element dimension="1">12.5332</element>
               <element dimension="2">-1.9292</element>
            </point>
            <point>
               <element dimension="1">7.2429</element>
               <element dimension="2">-1.3641</element>
            </point>
         </set>
      </occupancy>
      <occupancy>
         <time>
            <intervalStart>0.4</intervalStart>
            <intervalEnd>0.5</intervalEnd>
         </time>
         <set>
            <point>
               <element dimension="1">7.9944</element>
               <element dimension="2">-1.3704</element>
            </point>
            <point>
               <element dimension="1">8.2249</element>
               <element dimension="2">0.51554</element>
            </point>
            <point>
               <element dimension="1">8.2278</element>
               <element dimension="2">0.53407</element>
            </point>
            <point>
               <element dimension="1">12.5382</element>
               <element dimension="2">0.0072298</element>
            </point>
            <point>
               <element dimension="1">12.8787</element>
               <element dimension="2">-0.039608</element>
            </point>
            <point>
               <element dimension="1">15.1851</element>
               <element dimension="2">-0.39235</element>
            </point>
            <point>
               <element dimension="1">15.1591</element>
               <element dimension="2">-0.60539</element>
            </point>
            <point>
               <element dimension="1">14.8941</element>
               <element dimension="2">-2.3381</element>
            </point>
            <point>
               <element dimension="1">14.7915</element>
               <element dimension="2">-2.3256</element>
            </point>
            <point>
               <element dimension="1">9.3079</element>
               <element dimension="2">-1.5713</element>
            </point>
         </set>
      </occupancy>
      <occupancy>
         <time>
            <intervalStart>0.5</intervalStart>
            <intervalEnd>0.6</intervalEnd>
         </time>
         <set>
            <point>
               <element dimension="1">10.2756</element>
               <element dimension="2">-1.631</element>
            </point>
            <point>
               <element dimension="1">10.5583</element>
               <element dimension="2">0.21757</element>
            </point>
            <point>
               <element dimension="1">10.5611</element>
               <element dimension="2">0.23261</element>
            </point>
            <point>
               <element dimension="1">14.8154</element>
               <element dimension="2">-0.41805</element>
            </point>
            <point>
               <element dimension="1">15.1655</element>
               <element dimension="2">-0.47697</element>
            </point>
            <point>
               <element dimension="1">17.4418</element>
               <element dimension="2">-0.89506</element>
            </point>
            <point>
               <element dimension="1">17.4139</element>
               <element dimension="2">-1.0773</element>
            </point>
            <point>
               <element dimension="1">17.0979</element>
               <element dimension="2">-2.7983</element>
            </point>
            <point>
               <element dimension="1">17.0175</element>
               <element dimension="2">-2.786</element>
            </point>
            <point>
               <element dimension="1">11.6097</element>
               <element dimension="2">-1.876</element>
            </point>
         </set>
      </occupancy>
      <occupancy>
         <time>
            <intervalStart>0.6</intervalStart>
            <intervalEnd>0.7</intervalEnd>
         </time>
         <set>
            <point>
               <element dimension="1">12.5291</element>
               <element dimension="2">-1.9577</element>
            </point>
            <point>
               <element dimension="1">12.8615</element>
               <element dimension="2">-0.14781</element>
            </point>
            <point>
               <element dimension="1">12.8641</element>
               <element dimension="2">-0.13598</element>
            </point>
            <point>
               <element dimension="1">17.0726</element>
               <element dimension="2">-0.90898</element>
            </point>
            <point>
               <element dimension="1">17.4174</element>
               <element dimension="2">-0.97759</element>
            </point>
            <point>
               <element dimension="1">19.6621</element>
               <element dimension="2">-1.459</element>
            </point>
            <point>
               <element dimension="1">19.6342</element>
               <element dimension="2">-1.6109</element>
            </point>
            <point>
               <element dimension="1">19.2679</element>
               <element dimension="2">-3.3187</element>
            </point>
            <point>
               <element dimension="1">19.2095</element>
               <element dimension="2">-3.308</element>
            </point>
            <point>
               <element dimension="1">13.8691</element>
               <element dimension="2">-2.2451</element>
            </point>
         </set>
      </occupancy>
      <occupancy>
         <time>
            <intervalStart>0.7</intervalStart>
            <intervalEnd>0.8</intervalEnd>
         </time>
         <set>
            <point>
               <element dimension="1">14.7533</element>
               <element dimension="2">-2.3484</element>
            </point>
            <point>
               <element dimension="1">15.1329</element>
               <element dimension="2">-0.57824</element>
            </point>
            <point>
               <element dimension="1">15.135</element>
               <element dimension="2">-0.56955</element>
            </point>
            <point>
               <element dimension="1">19.2947</element>
               <element dimension="2">-1.4617</element>
            </point>
            <point>
               <element dimension="1">19.6338</element>
               <element dimension="2">-1.5396</element>
            </point>
            <point>
               <element dimension="1">21.8445</element>
               <element dimension="2">-2.0821</element>
            </point>
            <point>
               <element dimension="1">21.8183</element>
               <element dimension="2">-2.204</element>
            </point>
            <point>
               <element dimension="1">21.4028</element>
               <element dimension="2">-3.8973</element>
            </point>
            <point>
               <element dimension="1">21.3661</element>
               <element dimension="2">-3.8894</element>
            </point>
            <point>
               <element dimension="1">16.0968</element>
               <element dimension="2">-2.6781</element>
            </point>
         </set>
      </occupancy>
      <occupancy>
         <time>
            <intervalStart>0.8</intervalStart>
            <intervalEnd>0.9</intervalEnd>
         </time>
         <set>
            <point>
               <element dimension="1">16.9463</element>
               <element dimension="2">-2.8012</element>
            </point>
            <point>
               <element dimension="1">17.3707</element>
               <element dimension="2">-1.0716</element>
            </point>
            <point>
               <element dimension="1">17.3723</element>
               <element dimension="2">-1.0659</element>
            </point>
            <point>
               <element dimension="1">21.4782</element>
               <element dimension="2">-2.0735</element>
            </point>
            <point>
               <element dimension="1">21.8132</element>
               <element dimension="2">-2.1608</element>
            </point>
            <point>
               <element dimension="1">23.9876</element>
               <element dimension="2">-2.762</element>
            </point>
            <point>
               <element dimension="1">23.965</element>
               <element dimension="2">-2.8543</element>
            </point>
            <point>
               <element dimension="1">23.5011</element>
               <element dimension="2">-4.5323</element>
            </point>
            <point>
               <element dimension="1">23.4961</element>
               <element dimension="2">-4.5311</element>
            </point>
            <point>
               <element dimension="1">18.312</element>
               <element dimension="2">-3.1787</element>
            </point>
         </set>
      </occupancy>
      <occupancy>
         <time>
            <intervalStart>0.9</intervalStart>
            <intervalEnd>1</intervalEnd>
         </time>
         <set>
            <point>
               <element dimension="1">19.1066</element>
               <element dimension="2">-3.3138</element>
            </point>
            <point>
               <element dimension="1">19.5733</element>
               <element dimension="2">-1.6256</element>
            </point>
            <point>
               <element dimension="1">19.575</element>
               <element dimension="2">-1.6202</element>
            </point>
            <point>
               <element dimension="1">23.4401</element>
               <element dimension="2">-2.6888</element>
            </point>
            <point>
               <element dimension="1">23.9544</element>
               <element dimension="2">-2.839</element>
            </point>
            <point>
               <element dimension="1">26.0897</element>
               <element dimension="2">-3.4962</element>
            </point>
            <point>
               <element dimension="1">26.0653</element>
               <element dimension="2">-3.5843</element>
            </point>
            <point>
               <element dimension="1">25.5613</element>
               <element dimension="2">-5.2217</element>
            </point>
            <point>
               <element dimension="1">25.5584</element>
               <element dimension="2">-5.2209</element>
            </point>
            <point>
               <element dimension="1">20.5569</element>
               <element dimension="2">-3.7602</element>
            </point>
         </set>
      </occupancy>
   </occupancySet>
   <reachableSet>
      <reachability>
         <time>0</time>
         <x>
            <intervalStart>-0.1</intervalStart>
            <intervalEnd>0.1</intervalEnd>
         </x>
         <y>
            <intervalStart>-0.1</intervalStart>
            <intervalEnd>0.1</intervalEnd>
         </y>
         <velocity>
            <intervalStart>23.8</intervalStart>
            <intervalEnd>24.2</intervalEnd>
         </velocity>
         <orientation>
            <intervalStart>-0.02</intervalStart>
            <intervalEnd>0.02</intervalEnd>
         </orientation>
      </reachability>
      <reachability>
         <time>1</time>
         <x>
            <intervalStart>22.6548</intervalStart>
            <intervalEnd>22.6579</intervalEnd>
         </x>
         <y>
            <intervalStart>-3.4296</intervalStart>
            <intervalEnd>-3.419</intervalEnd>
         </y>
         <velocity>
            <intervalStart>22</intervalStart>
            <intervalEnd>22</intervalEnd>
         </velocity>
         <orientation>
            <intervalStart>-0.30024</intervalStart>
            <intervalEnd>-0.29977</intervalEnd>
         </orientation>
      </reachability>
   </reachableSet>
</motionPrimitive>