<?xml version="1.0" encoding="utf-8"?>
<motionPrimitive ID="10268">
   <controller type="generator space control">controller10268.mat</controller>
   <successors>
      <id>6324</id>
      <id>6325</id>
      <id>6326</id>
      <id>6327</id>
      <id>6328</id>
      <id>6329</id>
      <id>6330</id>
      <id>6331</id>
      <id>6332</id>
      <id>6333</id>
      <id>6334</id>
      <id>6335</id>
      <id>6336</id>
      <id>6337</id>
      <id>6338</id>
      <id>6339</id>
      <id>6340</id>
      <id>6341</id>
      <id>6342</id>
      <id>6343</id>
      <id>6344</id>
      <id>6345</id>
      <id>6346</id>
      <id>6347</id>
      <id>6348</id>
      <id>6349</id>
      <id>6350</id>
      <id>6351</id>
      <id>6352</id>
      <id>6353</id>
      <id>6354</id>
      <id>6355</id>
      <id>6356</id>
      <id>6357</id>
      <id>6358</id>
      <id>6359</id>
      <id>6360</id>
      <id>6361</id>
      <id>6362</id>
      <id>6363</id>
      <id>6364</id>
      <id>6365</id>
      <id>6366</id>
      <id>6367</id>
      <id>6368</id>
      <id>6369</id>
      <id>6370</id>
      <id>6371</id>
      <id>6372</id>
      <id>6373</id>
      <id>6374</id>
      <id>6375</id>
      <id>6376</id>
      <id>6377</id>
      <id>6378</id>
      <id>6379</id>
      <id>6380</id>
      <id>6381</id>
      <id>6382</id>
      <id>6383</id>
      <id>6384</id>
      <id>6385</id>
      <id>6386</id>
      <id>6387</id>
      <id>6388</id>
      <id>6389</id>
      <id>6390</id>
      <id>6391</id>
      <id>6392</id>
      <id>6393</id>
      <id>6394</id>
      <id>6395</id>
      <id>6396</id>
      <id>6397</id>
      <id>6398</id>
      <id>6399</id>
      <id>6400</id>
      <id>6401</id>
      <id>6402</id>
      <id>6403</id>
      <id>6404</id>
      <id>6405</id>
      <id>6406</id>
      <id>6407</id>
      <id>6408</id>
      <id>6409</id>
      <id>6410</id>
      <id>6411</id>
      <id>6412</id>
      <id>6413</id>
      <id>6414</id>
      <id>6415</id>
      <id>6416</id>
      <id>6417</id>
      <id>6418</id>
      <id>6419</id>
      <id>6420</id>
      <id>6421</id>
      <id>6422</id>
      <id>6423</id>
      <id>6424</id>
      <id>6425</id>
      <id>6426</id>
      <id>6427</id>
      <id>6428</id>
      <id>6429</id>
      <id>6430</id>
      <id>6431</id>
      <id>6432</id>
      <id>6433</id>
      <id>6434</id>
      <id>6435</id>
      <id>6436</id>
      <id>6437</id>
      <id>6438</id>
      <id>6439</id>
      <id>6440</id>
      <id>6441</id>
      <id>6442</id>
      <id>6443</id>
      <id>6444</id>
      <id>6445</id>
      <id>6446</id>
      <id>6447</id>
      <id>6448</id>
      <id>6449</id>
      <id>6450</id>
      <id>6451</id>
      <id>6452</id>
      <id>6453</id>
      <id>6454</id>
      <id>6455</id>
      <id>6456</id>
      <id>6457</id>
      <id>6458</id>
      <id>6459</id>
      <id>6460</id>
      <id>6461</id>
      <id>6462</id>
      <id>6463</id>
      <id>6464</id>
      <id>6465</id>
      <id>6466</id>
      <id>6467</id>
      <id>6468</id>
      <id>6469</id>
      <id>6470</id>
      <id>6471</id>
      <id>6472</id>
      <id>6473</id>
      <id>6474</id>
      <id>6475</id>
      <id>6476</id>
      <id>6477</id>
      <id>6478</id>
      <id>6479</id>
      <id>6480</id>
      <id>6481</id>
      <id>6482</id>
      <id>6483</id>
      <id>6484</id>
      <id>6485</id>
      <id>6486</id>
      <id>6487</id>
      <id>6488</id>
      <id>6489</id>
      <id>6490</id>
      <id>6491</id>
      <id>6492</id>
      <id>6493</id>
      <id>6494</id>
      <id>6495</id>
      <id>6496</id>
      <id>6497</id>
      <id>6498</id>
      <id>6499</id>
      <id>6500</id>
      <id>6501</id>
      <id>6502</id>
      <id>6503</id>
      <id>6504</id>
      <id>6505</id>
      <id>6506</id>
      <id>6507</id>
      <id>6508</id>
      <id>6509</id>
      <id>6510</id>
      <id>6511</id>
      <id>6512</id>
      <id>6513</id>
      <id>6514</id>
      <id>6515</id>
      <id>6516</id>
      <id>6517</id>
      <id>6518</id>
   </successors>
   <trajectory>
      <states>
         <state>
            <time>0</time>
            <x>0</x>
            <y>0</y>
            <velocity>24.8</velocity>
            <orientation>0</orientation>
         </state>
         <state>
            <time>0.1</time>
            <x>2.4398</x>
            <y>-0.028622</y>
            <velocity>24</velocity>
            <orientation>-0.023462</orientation>
         </state>
         <state>
            <time>0.2</time>
            <x>4.7983</x>
            <y>-0.11075</y>
            <velocity>23.2</velocity>
            <orientation>-0.046154</orientation>
         </state>
         <state>
            <time>0.3</time>
            <x>7.0745</x>
            <y>-0.2409</y>
            <velocity>22.4</velocity>
            <orientation>-0.068077</orientation>
         </state>
         <state>
            <time>0.4</time>
            <x>9.2677</x>
            <y>-0.41376</y>
            <velocity>21.6</velocity>
            <orientation>-0.089231</orientation>
         </state>
         <state>
            <time>0.5</time>
            <x>11.3772</x>
            <y>-0.62418</y>
            <velocity>20.8</velocity>
            <orientation>-0.10962</orientation>
         </state>
         <state>
            <time>0.6</time>
            <x>13.4026</x>
            <y>-0.86722</y>
            <velocity>20</velocity>
            <orientation>-0.12923</orientation>
         </state>
         <state>
            <time>0.7</time>
            <x>15.3438</x>
            <y>-1.1381</y>
            <velocity>19.2</velocity>
            <orientation>-0.14808</orientation>
         </state>
         <state>
            <time>0.8</time>
            <x>17.2006</x>
            <y>-1.4323</y>
            <velocity>18.4</velocity>
            <orientation>-0.16615</orientation>
         </state>
         <state>
            <time>0.9</time>
            <x>18.9731</x>
            <y>-1.7453</y>
            <velocity>17.6</velocity>
            <orientation>-0.18346</orientation>
         </state>
         <state>
            <time>1</time>
            <x>20.6616</x>
            <y>-2.0731</y>
            <velocity>16.8</velocity>
            <orientation>-0.2</orientation>
         </state>
      </states>
      <inputs>
         <input>
            <acceleration>-8</acceleration>
            <steer>-0.022112</steer>
         </input>
         <input>
            <acceleration>-8</acceleration>
            <steer>-0.022112</steer>
         </input>
         <input>
            <acceleration>-8</acceleration>
            <steer>-0.022112</steer>
         </input>
         <input>
            <acceleration>-8</acceleration>
            <steer>-0.022112</steer>
         </input>
         <input>
            <acceleration>-8</acceleration>
            <steer>-0.022112</steer>
         </input>
         <input>
            <acceleration>-8</acceleration>
            <steer>-0.022112</steer>
         </input>
         <input>
            <acceleration>-8</acceleration>
            <steer>-0.022112</steer>
         </input>
         <input>
            <acceleration>-8</acceleration>
            <steer>-0.022112</steer>
         </input>
         <input>
            <acceleration>-8</acceleration>
            <steer>-0.022112</steer>
         </input>
         <input>
            <acceleration>-8</acceleration>
            <steer>-0.022112</steer>
         </input>
      </inputs>
   </trajectory>
   <occupancySet>
      <occupancy>
         <time>
            <intervalStart>0</intervalStart>
            <intervalEnd>0.1</intervalEnd>
         </time>
         <set>
            <point>
               <element dimension="1">-1.1222</element>
               <element dimension="2">-1.0186</element>
            </point>
            <point>
               <element dimension="1">-1.1197</element>
               <element dimension="2">1.0236</element>
            </point>
            <point>
               <element dimension="1">-1.1197</element>
               <element dimension="2">1.0239</element>
            </point>
            <point>
               <element dimension="1">-1.1197</element>
               <element dimension="2">1.0241</element>
            </point>
            <point>
               <element dimension="1">3.4179</element>
               <element dimension="2">1.0187</element>
            </point>
            <point>
               <element dimension="1">3.6571</element>
               <element dimension="2">1.0159</element>
            </point>
            <point>
               <element dimension="1">5.8763</element>
               <element dimension="2">0.96638</element>
            </point>
            <point>
               <element dimension="1">5.876</element>
               <element dimension="2">0.67543</element>
            </point>
            <point>
               <element dimension="1">5.8755</element>
               <element dimension="2">0.63173</element>
            </point>
            <point>
               <element dimension="1">5.8372</element>
               <element dimension="2">-1.0843</element>
            </point>
            <point>
               <element dimension="1">4.3045</element>
               <element dimension="2">-1.0825</element>
            </point>
            <point>
               <element dimension="1">-1.1097</element>
               <element dimension="2">-1.0189</element>
            </point>
         </set>
      </occupancy>
      <occupancy>
         <time>
            <intervalStart>0.1</intervalStart>
            <intervalEnd>0.2</intervalEnd>
         </time>
         <set>
            <point>
               <element dimension="1">1.0577</element>
               <element dimension="2">-0.97878</element>
            </point>
            <point>
               <element dimension="1">1.1014</element>
               <element dimension="2">0.98094</element>
            </point>
            <point>
               <element dimension="1">1.1018</element>
               <element dimension="2">0.9908</element>
            </point>
            <point>
               <element dimension="1">5.139</element>
               <element dimension="2">0.90071</element>
            </point>
            <point>
               <element dimension="1">5.8749</element>
               <element dimension="2">0.87591</element>
            </point>
            <point>
               <element dimension="1">8.2685</element>
               <element dimension="2">0.76802</element>
            </point>
            <point>
               <element dimension="1">8.2625</element>
               <element dimension="2">0.49908</element>
            </point>
            <point>
               <element dimension="1">8.184</element>
               <element dimension="2">-1.2422</element>
            </point>
            <point>
               <element dimension="1">7.9836</element>
               <element dimension="2">-1.2378</element>
            </point>
            <point>
               <element dimension="1">3.311</element>
               <element dimension="2">-1.0803</element>
            </point>
         </set>
      </occupancy>
      <occupancy>
         <time>
            <intervalStart>0.2</intervalStart>
            <intervalEnd>0.3</intervalEnd>
         </time>
         <set>
            <point>
               <element dimension="1">3.3898</element>
               <element dimension="2">-1.0275</element>
            </point>
            <point>
               <element dimension="1">3.4778</element>
               <element dimension="2">0.92318</element>
            </point>
            <point>
               <element dimension="1">3.4784</element>
               <element dimension="2">0.93232</element>
            </point>
            <point>
               <element dimension="1">7.9802</element>
               <element dimension="2">0.7294</element>
            </point>
            <point>
               <element dimension="1">8.2618</element>
               <element dimension="2">0.71361</element>
            </point>
            <point>
               <element dimension="1">10.5618</element>
               <element dimension="2">0.55926</element>
            </point>
            <point>
               <element dimension="1">10.5507</element>
               <element dimension="2">0.31209</element>
            </point>
            <point>
               <element dimension="1">10.4337</element>
               <element dimension="2">-1.4317</element>
            </point>
            <point>
               <element dimension="1">10.2363</element>
               <element dimension="2">-1.4228</element>
            </point>
            <point>
               <element dimension="1">4.4213</element>
               <element dimension="2">-1.0967</element>
            </point>
         </set>
      </occupancy>
      <occupancy>
         <time>
            <intervalStart>0.3</intervalStart>
            <intervalEnd>0.4</intervalEnd>
         </time>
         <set>
            <point>
               <element dimension="1">5.6571</element>
               <element dimension="2">-1.1124</element>
            </point>
            <point>
               <element dimension="1">5.7856</element>
               <element dimension="2">0.80177</element>
            </point>
            <point>
               <element dimension="1">5.7869</element>
               <element dimension="2">0.81637</element>
            </point>
            <point>
               <element dimension="1">10.1844</element>
               <element dimension="2">0.52127</element>
            </point>
            <point>
               <element dimension="1">10.5431</element>
               <element dimension="2">0.49337</element>
            </point>
            <point>
               <element dimension="1">12.7599</element>
               <element dimension="2">0.29736</element>
            </point>
            <point>
               <element dimension="1">12.7456</element>
               <element dimension="2">0.084372</element>
            </point>
            <point>
               <element dimension="1">12.5912</element>
               <element dimension="2">-1.6614</element>
            </point>
            <point>
               <element dimension="1">12.4092</element>
               <element dimension="2">-1.6492</element>
            </point>
            <point>
               <element dimension="1">6.7619</element>
               <element dimension="2">-1.2101</element>
            </point>
         </set>
      </occupancy>
      <occupancy>
         <time>
            <intervalStart>0.4</intervalStart>
            <intervalEnd>0.5</intervalEnd>
         </time>
         <set>
            <point>
               <element dimension="1">7.8521</element>
               <element dimension="2">-1.2434</element>
            </point>
            <point>
               <element dimension="1">8.0188</element>
               <element dimension="2">0.64259</element>
            </point>
            <point>
               <element dimension="1">8.0201</element>
               <element dimension="2">0.65427</element>
            </point>
            <point>
               <element dimension="1">12.4951</element>
               <element dimension="2">0.25858</element>
            </point>
            <point>
               <element dimension="1">12.7312</element>
               <element dimension="2">0.23527</element>
            </point>
            <point>
               <element dimension="1">14.8621</element>
               <element dimension="2">0.0028978</element>
            </point>
            <point>
               <element dimension="1">14.8458</element>
               <element dimension="2">-0.18166</element>
            </point>
            <point>
               <element dimension="1">14.6561</element>
               <element dimension="2">-1.9211</element>
            </point>
            <point>
               <element dimension="1">14.5051</element>
               <element dimension="2">-1.9077</element>
            </point>
            <point>
               <element dimension="1">8.5875</element>
               <element dimension="2">-1.3236</element>
            </point>
         </set>
      </occupancy>
      <occupancy>
         <time>
            <intervalStart>0.5</intervalStart>
            <intervalEnd>0.6</intervalEnd>
         </time>
         <set>
            <point>
               <element dimension="1">9.9748</element>
               <element dimension="2">-1.411</element>
            </point>
            <point>
               <element dimension="1">10.1767</element>
               <element dimension="2">0.44021</element>
            </point>
            <point>
               <element dimension="1">10.1779</element>
               <element dimension="2">0.44923</element>
            </point>
            <point>
               <element dimension="1">14.598</element>
               <element dimension="2">-0.032767</element>
            </point>
            <point>
               <element dimension="1">14.8237</element>
               <element dimension="2">-0.059622</element>
            </point>
            <point>
               <element dimension="1">16.8746</element>
               <element dimension="2">-0.32414</element>
            </point>
            <point>
               <element dimension="1">16.8579</element>
               <element dimension="2">-0.47709</element>
            </point>
            <point>
               <element dimension="1">16.6344</element>
               <element dimension="2">-2.21</element>
            </point>
            <point>
               <element dimension="1">16.5194</element>
               <element dimension="2">-2.1974</element>
            </point>
            <point>
               <element dimension="1">10.7386</element>
               <element dimension="2">-1.5095</element>
            </point>
         </set>
      </occupancy>
      <occupancy>
         <time>
            <intervalStart>0.6</intervalStart>
            <intervalEnd>0.7</intervalEnd>
         </time>
         <set>
            <point>
               <element dimension="1">12.018</element>
               <element dimension="2">-1.6144</element>
            </point>
            <point>
               <element dimension="1">12.2524</element>
               <element dimension="2">0.20266</element>
            </point>
            <point>
               <element dimension="1">12.2534</element>
               <element dimension="2">0.20938</element>
            </point>
            <point>
               <element dimension="1">16.6265</element>
               <element dimension="2">-0.35466</element>
            </point>
            <point>
               <element dimension="1">16.8276</element>
               <element dimension="2">-0.38253</element>
            </point>
            <point>
               <element dimension="1">18.8002</element>
               <element dimension="2">-0.67492</element>
            </point>
            <point>
               <element dimension="1">18.7844</element>
               <element dimension="2">-0.79747</element>
            </point>
            <point>
               <element dimension="1">18.5286</element>
               <element dimension="2">-2.5234</element>
            </point>
            <point>
               <element dimension="1">18.4494</element>
               <element dimension="2">-2.5132</element>
            </point>
            <point>
               <element dimension="1">12.7988</element>
               <element dimension="2">-1.7301</element>
            </point>
         </set>
      </occupancy>
      <occupancy>
         <time>
            <intervalStart>0.7</intervalStart>
            <intervalEnd>0.8</intervalEnd>
         </time>
         <set>
            <point>
               <element dimension="1">13.9787</element>
               <element dimension="2">-1.8483</element>
            </point>
            <point>
               <element dimension="1">14.2431</element>
               <element dimension="2">-0.064695</element>
            </point>
            <point>
               <element dimension="1">14.2438</element>
               <element dimension="2">-0.060208</element>
            </point>
            <point>
               <element dimension="1">18.5757</element>
               <element dimension="2">-0.70231</element>
            </point>
            <point>
               <element dimension="1">18.7456</element>
               <element dimension="2">-0.72907</element>
            </point>
            <point>
               <element dimension="1">20.641</element>
               <element dimension="2">-1.0452</element>
            </point>
            <point>
               <element dimension="1">20.6271</element>
               <element dimension="2">-1.1385</element>
            </point>
            <point>
               <element dimension="1">20.3405</element>
               <element dimension="2">-2.8573</element>
            </point>
            <point>
               <element dimension="1">20.2971</element>
               <element dimension="2">-2.8508</element>
            </point>
            <point>
               <element dimension="1">14.781</element>
               <element dimension="2">-1.9821</element>
            </point>
         </set>
      </occupancy>
      <occupancy>
         <time>
            <intervalStart>0.8</intervalStart>
            <intervalEnd>0.9</intervalEnd>
         </time>
         <set>
            <point>
               <element dimension="1">15.8549</element>
               <element dimension="2">-2.1078</element>
            </point>
            <point>
               <element dimension="1">16.1469</element>
               <element dimension="2">-0.35684</element>
            </point>
            <point>
               <element dimension="1">16.1474</element>
               <element dimension="2">-0.35433</element>
            </point>
            <point>
               <element dimension="1">20.4152</element>
               <element dimension="2">-1.0662</element>
            </point>
            <point>
               <element dimension="1">20.5794</element>
               <element dimension="2">-1.095</element>
            </point>
            <point>
               <element dimension="1">22.4019</element>
               <element dimension="2">-1.4316</element>
            </point>
            <point>
               <element dimension="1">22.391</element>
               <element dimension="2">-1.4972</element>
            </point>
            <point>
               <element dimension="1">22.3906</element>
               <element dimension="2">-1.4991</element>
            </point>
            <point>
               <element dimension="1">22.0744</element>
               <element dimension="2">-3.2117</element>
            </point>
            <point>
               <element dimension="1">22.0709</element>
               <element dimension="2">-3.2111</element>
            </point>
            <point>
               <element dimension="1">17.0898</element>
               <element dimension="2">-2.3358</element>
            </point>
         </set>
      </occupancy>
      <occupancy>
         <time>
            <intervalStart>0.9</intervalStart>
            <intervalEnd>1</intervalEnd>
         </time>
         <set>
            <point>
               <element dimension="1">17.6411</element>
               <element dimension="2">-2.3908</element>
            </point>
            <point>
               <element dimension="1">17.9596</element>
               <element dimension="2">-0.6657</element>
            </point>
            <point>
               <element dimension="1">17.9603</element>
               <element dimension="2">-0.66235</element>
            </point>
            <point>
               <element dimension="1">21.9335</element>
               <element dimension="2">-1.3961</element>
            </point>
            <point>
               <element dimension="1">22.3226</element>
               <element dimension="2">-1.4713</element>
            </point>
            <point>
               <element dimension="1">24.0806</element>
               <element dimension="2">-1.8262</element>
            </point>
            <point>
               <element dimension="1">24.068</element>
               <element dimension="2">-1.8947</element>
            </point>
            <point>
               <element dimension="1">23.7295</element>
               <element dimension="2">-3.5715</element>
            </point>
            <point>
               <element dimension="1">23.7271</element>
               <element dimension="2">-3.5711</element>
            </point>
            <point>
               <element dimension="1">18.118</element>
               <element dimension="2">-2.4871</element>
            </point>
         </set>
      </occupancy>
   </occupancySet>
   <reachableSet>
      <reachability>
         <time>0</time>
         <x>
            <intervalStart>-0.1</intervalStart>
            <intervalEnd>0.1</intervalEnd>
         </x>
         <y>
            <intervalStart>-0.1</intervalStart>
            <intervalEnd>0.1</intervalEnd>
         </y>
         <velocity>
            <intervalStart>24.6</intervalStart>
            <intervalEnd>25</intervalEnd>
         </velocity>
         <orientation>
            <intervalStart>-0.02</intervalStart>
            <intervalEnd>0.02</intervalEnd>
         </orientation>
      </reachability>
      <reachability>
         <time>1</time>
         <x>
            <intervalStart>20.6602</intervalStart>
            <intervalEnd>20.6625</intervalEnd>
         </x>
         <y>
            <intervalStart>-2.0786</intervalStart>
            <intervalEnd>-2.0677</intervalEnd>
         </y>
         <velocity>
            <intervalStart>16.8</intervalStart>
            <intervalEnd>16.8</intervalEnd>
         </velocity>
         <orientation>
            <intervalStart>-0.20027</intervalStart>
            <intervalEnd>-0.19974</intervalEnd>
         </orientation>
      </reachability>
   </reachableSet>
</motionPrimitive>