<?xml version="1.0" encoding="utf-8"?>
<motionPrimitive ID="10239">
   <controller type="generator space control">controller10239.mat</controller>
   <successors>
      <id>11989</id>
      <id>11990</id>
      <id>11991</id>
      <id>11992</id>
      <id>11993</id>
      <id>11994</id>
      <id>11995</id>
      <id>11996</id>
      <id>11997</id>
      <id>11998</id>
      <id>11999</id>
      <id>12000</id>
      <id>12001</id>
      <id>12002</id>
      <id>12003</id>
      <id>12004</id>
      <id>12005</id>
      <id>12006</id>
      <id>12007</id>
      <id>12008</id>
      <id>12009</id>
      <id>12010</id>
      <id>12011</id>
      <id>12012</id>
      <id>12013</id>
      <id>12014</id>
      <id>12015</id>
      <id>12016</id>
      <id>12017</id>
      <id>12018</id>
      <id>12019</id>
      <id>12020</id>
      <id>12021</id>
      <id>12022</id>
      <id>12023</id>
      <id>12024</id>
      <id>12025</id>
      <id>12026</id>
      <id>12027</id>
      <id>12028</id>
      <id>12029</id>
      <id>12030</id>
      <id>12031</id>
      <id>12032</id>
      <id>12033</id>
      <id>12034</id>
      <id>12035</id>
      <id>12036</id>
      <id>12037</id>
      <id>12038</id>
      <id>12039</id>
      <id>12040</id>
      <id>12041</id>
      <id>12042</id>
      <id>12043</id>
      <id>12044</id>
      <id>12045</id>
      <id>12046</id>
      <id>12047</id>
      <id>12048</id>
      <id>12049</id>
      <id>12050</id>
      <id>12051</id>
      <id>12052</id>
      <id>12053</id>
      <id>12054</id>
      <id>12055</id>
      <id>12056</id>
      <id>12057</id>
      <id>12058</id>
      <id>12059</id>
      <id>12060</id>
      <id>12061</id>
      <id>12062</id>
      <id>12063</id>
      <id>12064</id>
      <id>12065</id>
      <id>12066</id>
      <id>12067</id>
      <id>12068</id>
      <id>12069</id>
      <id>12070</id>
      <id>12071</id>
      <id>12072</id>
      <id>12073</id>
      <id>12074</id>
      <id>12075</id>
      <id>12076</id>
      <id>12077</id>
      <id>12078</id>
      <id>12079</id>
      <id>12080</id>
      <id>12081</id>
      <id>12082</id>
      <id>12083</id>
      <id>12084</id>
      <id>12085</id>
      <id>12086</id>
      <id>12087</id>
      <id>12088</id>
      <id>12089</id>
      <id>12090</id>
      <id>12091</id>
      <id>12092</id>
      <id>12093</id>
      <id>12094</id>
      <id>12095</id>
      <id>12096</id>
      <id>12097</id>
      <id>12098</id>
      <id>12099</id>
      <id>12100</id>
      <id>12101</id>
      <id>12102</id>
      <id>12103</id>
      <id>12104</id>
      <id>12105</id>
      <id>12106</id>
      <id>12107</id>
      <id>12108</id>
      <id>12109</id>
      <id>12110</id>
      <id>12111</id>
      <id>12112</id>
      <id>12113</id>
      <id>12114</id>
      <id>12115</id>
      <id>12116</id>
      <id>12117</id>
      <id>12118</id>
      <id>12119</id>
      <id>12120</id>
      <id>12121</id>
      <id>12122</id>
      <id>12123</id>
      <id>12124</id>
      <id>12125</id>
      <id>12126</id>
      <id>12127</id>
      <id>12128</id>
      <id>12129</id>
      <id>12130</id>
      <id>12131</id>
      <id>12132</id>
      <id>12133</id>
      <id>12134</id>
      <id>12135</id>
      <id>12136</id>
      <id>12137</id>
      <id>12138</id>
   </successors>
   <trajectory>
      <states>
         <state>
            <time>0</time>
            <x>0</x>
            <y>0</y>
            <velocity>24.8</velocity>
            <orientation>0</orientation>
         </state>
         <state>
            <time>0.1</time>
            <x>2.4997</x>
            <y>-0.034979</y>
            <velocity>25.2</velocity>
            <orientation>-0.027985</orientation>
         </state>
         <state>
            <time>0.2</time>
            <x>5.0373</x>
            <y>-0.14214</y>
            <velocity>25.6</velocity>
            <orientation>-0.056418</orientation>
         </state>
         <state>
            <time>0.3</time>
            <x>7.6108</x>
            <y>-0.32479</y>
            <velocity>26</velocity>
            <orientation>-0.085299</orientation>
         </state>
         <state>
            <time>0.4</time>
            <x>10.2176</x>
            <y>-0.58625</y>
            <velocity>26.4</velocity>
            <orientation>-0.11463</orientation>
         </state>
         <state>
            <time>0.5</time>
            <x>12.8552</x>
            <y>-0.92978</y>
            <velocity>26.8</velocity>
            <orientation>-0.1444</orientation>
         </state>
         <state>
            <time>0.6</time>
            <x>15.5208</x>
            <y>-1.3586</y>
            <velocity>27.2</velocity>
            <orientation>-0.17463</orientation>
         </state>
         <state>
            <time>0.7</time>
            <x>18.2114</x>
            <y>-1.876</y>
            <velocity>27.6</velocity>
            <orientation>-0.2053</orientation>
         </state>
         <state>
            <time>0.8</time>
            <x>20.9238</x>
            <y>-2.485</y>
            <velocity>28</velocity>
            <orientation>-0.23642</orientation>
         </state>
         <state>
            <time>0.9</time>
            <x>23.6545</x>
            <y>-3.1886</y>
            <velocity>28.4</velocity>
            <orientation>-0.26799</orientation>
         </state>
         <state>
            <time>1</time>
            <x>26.3998</x>
            <y>-3.9899</y>
            <velocity>28.8</velocity>
            <orientation>-0.3</orientation>
         </state>
      </states>
      <inputs>
         <input>
            <acceleration>4</acceleration>
            <steer>-0.025741</steer>
         </input>
         <input>
            <acceleration>4</acceleration>
            <steer>-0.025741</steer>
         </input>
         <input>
            <acceleration>4</acceleration>
            <steer>-0.025741</steer>
         </input>
         <input>
            <acceleration>4</acceleration>
            <steer>-0.025741</steer>
         </input>
         <input>
            <acceleration>4</acceleration>
            <steer>-0.025741</steer>
         </input>
         <input>
            <acceleration>4</acceleration>
            <steer>-0.025741</steer>
         </input>
         <input>
            <acceleration>4</acceleration>
            <steer>-0.025741</steer>
         </input>
         <input>
            <acceleration>4</acceleration>
            <steer>-0.025741</steer>
         </input>
         <input>
            <acceleration>4</acceleration>
            <steer>-0.025741</steer>
         </input>
         <input>
            <acceleration>4</acceleration>
            <steer>-0.025741</steer>
         </input>
      </inputs>
   </trajectory>
   <occupancySet>
      <occupancy>
         <time>
            <intervalStart>0</intervalStart>
            <intervalEnd>0.1</intervalEnd>
         </time>
         <set>
            <point>
               <element dimension="1">-1.1226</element>
               <element dimension="2">-1.0187</element>
            </point>
            <point>
               <element dimension="1">-1.1197</element>
               <element dimension="2">1.0246</element>
            </point>
            <point>
               <element dimension="1">-1.1197</element>
               <element dimension="2">1.0249</element>
            </point>
            <point>
               <element dimension="1">-1.1197</element>
               <element dimension="2">1.0254</element>
            </point>
            <point>
               <element dimension="1">3.3951</element>
               <element dimension="2">1.0192</element>
            </point>
            <point>
               <element dimension="1">3.6643</element>
               <element dimension="2">1.0154</element>
            </point>
            <point>
               <element dimension="1">5.9302</element>
               <element dimension="2">0.95515</element>
            </point>
            <point>
               <element dimension="1">5.93</element>
               <element dimension="2">0.7644</element>
            </point>
            <point>
               <element dimension="1">5.9279</element>
               <element dimension="2">0.61432</element>
            </point>
            <point>
               <element dimension="1">5.8821</element>
               <element dimension="2">-1.1064</element>
            </point>
            <point>
               <element dimension="1">5.0644</element>
               <element dimension="2">-1.1053</element>
            </point>
            <point>
               <element dimension="1">-1.1164</element>
               <element dimension="2">-1.0189</element>
            </point>
         </set>
      </occupancy>
      <occupancy>
         <time>
            <intervalStart>0.1</intervalStart>
            <intervalEnd>0.2</intervalEnd>
         </time>
         <set>
            <point>
               <element dimension="1">1.1123</element>
               <element dimension="2">-0.9808</element>
            </point>
            <point>
               <element dimension="1">1.1645</element>
               <element dimension="2">0.98144</element>
            </point>
            <point>
               <element dimension="1">1.1651</element>
               <element dimension="2">0.99287</element>
            </point>
            <point>
               <element dimension="1">5.2651</element>
               <element dimension="2">0.88386</element>
            </point>
            <point>
               <element dimension="1">5.9292</element>
               <element dimension="2">0.85676</element>
            </point>
            <point>
               <element dimension="1">8.4846</element>
               <element dimension="2">0.71609</element>
            </point>
            <point>
               <element dimension="1">8.4772</element>
               <element dimension="2">0.43644</element>
            </point>
            <point>
               <element dimension="1">8.4768</element>
               <element dimension="2">0.42834</element>
            </point>
            <point>
               <element dimension="1">8.3812</element>
               <element dimension="2">-1.3081</element>
            </point>
            <point>
               <element dimension="1">8.2126</element>
               <element dimension="2">-1.3037</element>
            </point>
            <point>
               <element dimension="1">3.4359</element>
               <element dimension="2">-1.1087</element>
            </point>
         </set>
      </occupancy>
      <occupancy>
         <time>
            <intervalStart>0.2</intervalStart>
            <intervalEnd>0.3</intervalEnd>
         </time>
         <set>
            <point>
               <element dimension="1">3.6264</element>
               <element dimension="2">-1.0475</element>
            </point>
            <point>
               <element dimension="1">3.7339</element>
               <element dimension="2">0.90491</element>
            </point>
            <point>
               <element dimension="1">3.7351</element>
               <element dimension="2">0.91857</element>
            </point>
            <point>
               <element dimension="1">8.0835</element>
               <element dimension="2">0.67919</element>
            </point>
            <point>
               <element dimension="1">8.4811</element>
               <element dimension="2">0.65154</element>
            </point>
            <point>
               <element dimension="1">11.0706</element>
               <element dimension="2">0.4339</element>
            </point>
            <point>
               <element dimension="1">11.0558</element>
               <element dimension="2">0.16467</element>
            </point>
            <point>
               <element dimension="1">10.9095</element>
               <element dimension="2">-1.5756</element>
            </point>
            <point>
               <element dimension="1">10.7632</element>
               <element dimension="2">-1.5676</element>
            </point>
            <point>
               <element dimension="1">5.2683</element>
               <element dimension="2">-1.1855</element>
            </point>
         </set>
      </occupancy>
      <occupancy>
         <time>
            <intervalStart>0.3</intervalStart>
            <intervalEnd>0.4</intervalEnd>
         </time>
         <set>
            <point>
               <element dimension="1">6.1822</element>
               <element dimension="2">-1.1787</element>
            </point>
            <point>
               <element dimension="1">6.3437</element>
               <element dimension="2">0.74191</element>
            </point>
            <point>
               <element dimension="1">6.3459</element>
               <element dimension="2">0.76124</element>
            </point>
            <point>
               <element dimension="1">10.6933</element>
               <element dimension="2">0.39584</element>
            </point>
            <point>
               <element dimension="1">11.0621</element>
               <element dimension="2">0.3594</element>
            </point>
            <point>
               <element dimension="1">13.687</element>
               <element dimension="2">0.0611</element>
            </point>
            <point>
               <element dimension="1">13.6667</element>
               <element dimension="2">-0.18107</element>
            </point>
            <point>
               <element dimension="1">13.469</element>
               <element dimension="2">-1.9201</element>
            </point>
            <point>
               <element dimension="1">13.344</element>
               <element dimension="2">-1.9096</element>
            </point>
            <point>
               <element dimension="1">7.7437</element>
               <element dimension="2">-1.3562</element>
            </point>
         </set>
      </occupancy>
      <occupancy>
         <time>
            <intervalStart>0.4</intervalStart>
            <intervalEnd>0.5</intervalEnd>
         </time>
         <set>
            <point>
               <element dimension="1">8.7727</element>
               <element dimension="2">-1.3863</element>
            </point>
            <point>
               <element dimension="1">8.9876</element>
               <element dimension="2">0.50506</element>
            </point>
            <point>
               <element dimension="1">8.9902</element>
               <element dimension="2">0.5228</element>
            </point>
            <point>
               <element dimension="1">13.3383</element>
               <element dimension="2">0.028674</element>
            </point>
            <point>
               <element dimension="1">13.6752</element>
               <element dimension="2">-0.014691</element>
            </point>
            <point>
               <element dimension="1">16.3294</element>
               <element dimension="2">-0.3966</element>
            </point>
            <point>
               <element dimension="1">16.3048</element>
               <element dimension="2">-0.6132</element>
            </point>
            <point>
               <element dimension="1">16.0559</element>
               <element dimension="2">-2.3427</element>
            </point>
            <point>
               <element dimension="1">15.9533</element>
               <element dimension="2">-2.331</element>
            </point>
            <point>
               <element dimension="1">10.1148</element>
               <element dimension="2">-1.5794</element>
            </point>
         </set>
      </occupancy>
      <occupancy>
         <time>
            <intervalStart>0.5</intervalStart>
            <intervalEnd>0.6</intervalEnd>
         </time>
         <set>
            <point>
               <element dimension="1">11.3973</element>
               <element dimension="2">-1.6716</element>
            </point>
            <point>
               <element dimension="1">11.6642</element>
               <element dimension="2">0.18367</element>
            </point>
            <point>
               <element dimension="1">11.6668</element>
               <element dimension="2">0.19835</element>
            </point>
            <point>
               <element dimension="1">15.9682</element>
               <element dimension="2">-0.42057</element>
            </point>
            <point>
               <element dimension="1">16.3135</element>
               <element dimension="2">-0.47559</element>
            </point>
            <point>
               <element dimension="1">18.9954</element>
               <element dimension="2">-0.94455</element>
            </point>
            <point>
               <element dimension="1">18.9685</element>
               <element dimension="2">-1.1314</element>
            </point>
            <point>
               <element dimension="1">18.668</element>
               <element dimension="2">-2.8499</element>
            </point>
            <point>
               <element dimension="1">18.5876</element>
               <element dimension="2">-2.8384</element>
            </point>
            <point>
               <element dimension="1">12.7588</element>
               <element dimension="2">-1.9096</element>
            </point>
         </set>
      </occupancy>
      <occupancy>
         <time>
            <intervalStart>0.6</intervalStart>
            <intervalEnd>0.7</intervalEnd>
         </time>
         <set>
            <point>
               <element dimension="1">14.0521</element>
               <element dimension="2">-2.0414</element>
            </point>
            <point>
               <element dimension="1">14.3698</element>
               <element dimension="2">-0.22438</element>
            </point>
            <point>
               <element dimension="1">14.3723</element>
               <element dimension="2">-0.21259</element>
            </point>
            <point>
               <element dimension="1">18.6334</element>
               <element dimension="2">-0.95768</element>
            </point>
            <point>
               <element dimension="1">18.9765</element>
               <element dimension="2">-1.0231</element>
            </point>
            <point>
               <element dimension="1">21.6822</element>
               <element dimension="2">-1.5822</element>
            </point>
            <point>
               <element dimension="1">21.6548</element>
               <element dimension="2">-1.739</element>
            </point>
            <point>
               <element dimension="1">21.3023</element>
               <element dimension="2">-3.4448</element>
            </point>
            <point>
               <element dimension="1">21.2439</element>
               <element dimension="2">-3.4346</element>
            </point>
            <point>
               <element dimension="1">15.42</element>
               <element dimension="2">-2.324</element>
            </point>
         </set>
      </occupancy>
      <occupancy>
         <time>
            <intervalStart>0.7</intervalStart>
            <intervalEnd>0.8</intervalEnd>
         </time>
         <set>
            <point>
               <element dimension="1">16.7343</element>
               <element dimension="2">-2.4989</element>
            </point>
            <point>
               <element dimension="1">17.1014</element>
               <element dimension="2">-0.72215</element>
            </point>
            <point>
               <element dimension="1">17.1035</element>
               <element dimension="2">-0.71326</element>
            </point>
            <point>
               <element dimension="1">21.3203</element>
               <element dimension="2">-1.5846</element>
            </point>
            <point>
               <element dimension="1">21.6609</element>
               <element dimension="2">-1.6605</element>
            </point>
            <point>
               <element dimension="1">24.3864</element>
               <element dimension="2">-2.3126</element>
            </point>
            <point>
               <element dimension="1">24.3603</element>
               <element dimension="2">-2.4389</element>
            </point>
            <point>
               <element dimension="1">23.9556</element>
               <element dimension="2">-4.1303</element>
            </point>
            <point>
               <element dimension="1">23.9188</element>
               <element dimension="2">-4.1227</element>
            </point>
            <point>
               <element dimension="1">18.1063</element>
               <element dimension="2">-2.8271</element>
            </point>
         </set>
      </occupancy>
      <occupancy>
         <time>
            <intervalStart>0.8</intervalStart>
            <intervalEnd>0.9</intervalEnd>
         </time>
         <set>
            <point>
               <element dimension="1">19.4406</element>
               <element dimension="2">-3.0473</element>
            </point>
            <point>
               <element dimension="1">19.8556</element>
               <element dimension="2">-1.3128</element>
            </point>
            <point>
               <element dimension="1">19.8573</element>
               <element dimension="2">-1.3068</element>
            </point>
            <point>
               <element dimension="1">24.0243</element>
               <element dimension="2">-2.3039</element>
            </point>
            <point>
               <element dimension="1">24.3635</element>
               <element dimension="2">-2.3907</element>
            </point>
            <point>
               <element dimension="1">27.1043</element>
               <element dimension="2">-3.1386</element>
            </point>
            <point>
               <element dimension="1">27.0815</element>
               <element dimension="2">-3.2341</element>
            </point>
            <point>
               <element dimension="1">26.6243</element>
               <element dimension="2">-4.9094</element>
            </point>
            <point>
               <element dimension="1">26.6094</element>
               <element dimension="2">-4.9058</element>
            </point>
            <point>
               <element dimension="1">20.8177</element>
               <element dimension="2">-3.4231</element>
            </point>
         </set>
      </occupancy>
      <occupancy>
         <time>
            <intervalStart>0.9</intervalStart>
            <intervalEnd>1</intervalEnd>
         </time>
         <set>
            <point>
               <element dimension="1">22.1678</element>
               <element dimension="2">-3.6898</element>
            </point>
            <point>
               <element dimension="1">22.6291</element>
               <element dimension="2">-1.9996</element>
            </point>
            <point>
               <element dimension="1">22.63</element>
               <element dimension="2">-1.9966</element>
            </point>
            <point>
               <element dimension="1">26.7576</element>
               <element dimension="2">-3.123</element>
            </point>
            <point>
               <element dimension="1">27.0806</element>
               <element dimension="2">-3.2167</element>
            </point>
            <point>
               <element dimension="1">29.8323</element>
               <element dimension="2">-4.0631</element>
            </point>
            <point>
               <element dimension="1">29.8086</element>
               <element dimension="2">-4.1501</element>
            </point>
            <point>
               <element dimension="1">29.8085</element>
               <element dimension="2">-4.1505</element>
            </point>
            <point>
               <element dimension="1">29.3049</element>
               <element dimension="2">-5.7876</element>
            </point>
            <point>
               <element dimension="1">29.3019</element>
               <element dimension="2">-5.7868</element>
            </point>
            <point>
               <element dimension="1">23.7192</element>
               <element dimension="2">-4.167</element>
            </point>
         </set>
      </occupancy>
   </occupancySet>
   <reachableSet>
      <reachability>
         <time>0</time>
         <x>
            <intervalStart>-0.1</intervalStart>
            <intervalEnd>0.1</intervalEnd>
         </x>
         <y>
            <intervalStart>-0.1</intervalStart>
            <intervalEnd>0.1</intervalEnd>
         </y>
         <velocity>
            <intervalStart>24.6</intervalStart>
            <intervalEnd>25</intervalEnd>
         </velocity>
         <orientation>
            <intervalStart>-0.02</intervalStart>
            <intervalEnd>0.02</intervalEnd>
         </orientation>
      </reachability>
      <reachability>
         <time>1</time>
         <x>
            <intervalStart>26.398</intervalStart>
            <intervalEnd>26.4011</intervalEnd>
         </x>
         <y>
            <intervalStart>-3.9958</intervalStart>
            <intervalEnd>-3.9843</intervalEnd>
         </y>
         <velocity>
            <intervalStart>28.8</intervalStart>
            <intervalEnd>28.8</intervalEnd>
         </velocity>
         <orientation>
            <intervalStart>-0.30023</intervalStart>
            <intervalEnd>-0.29978</intervalEnd>
         </orientation>
      </reachability>
   </reachableSet>
</motionPrimitive>