<?xml version="1.0" encoding="utf-8"?>
<motionPrimitive ID="10149">
   <controller type="generator space control">controller10149.mat</controller>
   <successors>
      <id>10416</id>
      <id>10417</id>
      <id>10418</id>
      <id>10419</id>
      <id>10420</id>
      <id>10421</id>
      <id>10422</id>
      <id>10423</id>
      <id>10424</id>
      <id>10425</id>
      <id>10426</id>
      <id>10427</id>
      <id>10428</id>
      <id>10429</id>
      <id>10430</id>
      <id>10431</id>
      <id>10432</id>
      <id>10433</id>
      <id>10434</id>
      <id>10435</id>
      <id>10436</id>
      <id>10437</id>
      <id>10438</id>
      <id>10439</id>
      <id>10440</id>
      <id>10441</id>
      <id>10442</id>
      <id>10443</id>
      <id>10444</id>
      <id>10445</id>
      <id>10446</id>
      <id>10447</id>
      <id>10448</id>
      <id>10449</id>
      <id>10450</id>
      <id>10451</id>
      <id>10452</id>
      <id>10453</id>
      <id>10454</id>
      <id>10455</id>
      <id>10456</id>
      <id>10457</id>
      <id>10458</id>
      <id>10459</id>
      <id>10460</id>
      <id>10461</id>
      <id>10462</id>
      <id>10463</id>
      <id>10464</id>
      <id>10465</id>
      <id>10466</id>
      <id>10467</id>
      <id>10468</id>
      <id>10469</id>
      <id>10470</id>
      <id>10471</id>
      <id>10472</id>
      <id>10473</id>
      <id>10474</id>
      <id>10475</id>
      <id>10476</id>
      <id>10477</id>
      <id>10478</id>
      <id>10479</id>
      <id>10480</id>
      <id>10481</id>
      <id>10482</id>
      <id>10483</id>
      <id>10484</id>
      <id>10485</id>
      <id>10486</id>
      <id>10487</id>
      <id>10488</id>
      <id>10489</id>
      <id>10490</id>
      <id>10491</id>
      <id>10492</id>
      <id>10493</id>
      <id>10494</id>
      <id>10495</id>
      <id>10496</id>
      <id>10497</id>
      <id>10498</id>
      <id>10499</id>
      <id>10500</id>
      <id>10501</id>
      <id>10502</id>
      <id>10503</id>
      <id>10504</id>
      <id>10505</id>
      <id>10506</id>
      <id>10507</id>
      <id>10508</id>
      <id>10509</id>
      <id>10510</id>
      <id>10511</id>
      <id>10512</id>
      <id>10513</id>
      <id>10514</id>
      <id>10515</id>
      <id>10516</id>
      <id>10517</id>
      <id>10518</id>
      <id>10519</id>
      <id>10520</id>
      <id>10521</id>
      <id>10522</id>
      <id>10523</id>
      <id>10524</id>
      <id>10525</id>
      <id>10526</id>
      <id>10527</id>
      <id>10528</id>
      <id>10529</id>
      <id>10530</id>
      <id>10531</id>
      <id>10532</id>
      <id>10533</id>
      <id>10534</id>
      <id>10535</id>
      <id>10536</id>
      <id>10537</id>
      <id>10538</id>
      <id>10539</id>
      <id>10540</id>
      <id>10541</id>
      <id>10542</id>
      <id>10543</id>
      <id>10544</id>
      <id>10545</id>
      <id>10546</id>
      <id>10547</id>
      <id>10548</id>
      <id>10549</id>
      <id>10550</id>
      <id>10551</id>
      <id>10552</id>
      <id>10553</id>
      <id>10554</id>
      <id>10555</id>
      <id>10556</id>
      <id>10557</id>
      <id>10558</id>
      <id>10559</id>
      <id>10560</id>
      <id>10561</id>
      <id>10562</id>
      <id>10563</id>
      <id>10564</id>
      <id>10565</id>
      <id>10566</id>
      <id>10567</id>
      <id>10568</id>
      <id>10569</id>
      <id>10570</id>
      <id>10571</id>
      <id>10572</id>
      <id>10573</id>
      <id>10574</id>
      <id>10575</id>
      <id>10576</id>
      <id>10577</id>
      <id>10578</id>
      <id>10579</id>
      <id>10580</id>
      <id>10581</id>
      <id>10582</id>
      <id>10583</id>
      <id>10584</id>
      <id>10585</id>
      <id>10586</id>
      <id>10587</id>
      <id>10588</id>
      <id>10589</id>
      <id>10590</id>
      <id>10591</id>
      <id>10592</id>
      <id>10593</id>
      <id>10594</id>
      <id>10595</id>
   </successors>
   <trajectory>
      <states>
         <state>
            <time>0</time>
            <x>0</x>
            <y>0</y>
            <velocity>24.4</velocity>
            <orientation>0</orientation>
         </state>
         <state>
            <time>0.1</time>
            <x>2.4436</x>
            <y>-0.036125</y>
            <velocity>24.48</velocity>
            <orientation>-0.029565</orientation>
         </state>
         <state>
            <time>0.2</time>
            <x>4.8931</x>
            <y>-0.14494</y>
            <velocity>24.56</velocity>
            <orientation>-0.059226</orientation>
         </state>
         <state>
            <time>0.3</time>
            <x>7.3463</x>
            <y>-0.32707</y>
            <velocity>24.64</velocity>
            <orientation>-0.088984</orientation>
         </state>
         <state>
            <time>0.4</time>
            <x>9.8009</x>
            <y>-0.58305</y>
            <velocity>24.72</velocity>
            <orientation>-0.11884</orientation>
         </state>
         <state>
            <time>0.5</time>
            <x>12.2547</x>
            <y>-0.91337</y>
            <velocity>24.8</velocity>
            <orientation>-0.14879</orientation>
         </state>
         <state>
            <time>0.6</time>
            <x>14.7053</x>
            <y>-1.3185</y>
            <velocity>24.88</velocity>
            <orientation>-0.17884</orientation>
         </state>
         <state>
            <time>0.7</time>
            <x>17.1505</x>
            <y>-1.7986</y>
            <velocity>24.96</velocity>
            <orientation>-0.20898</orientation>
         </state>
         <state>
            <time>0.8</time>
            <x>19.5879</x>
            <y>-2.3542</y>
            <velocity>25.04</velocity>
            <orientation>-0.23923</orientation>
         </state>
         <state>
            <time>0.9</time>
            <x>22.0151</x>
            <y>-2.9853</y>
            <velocity>25.12</velocity>
            <orientation>-0.26956</orientation>
         </state>
         <state>
            <time>1</time>
            <x>24.4297</x>
            <y>-3.6922</y>
            <velocity>25.2</velocity>
            <orientation>-0.3</orientation>
         </state>
      </states>
      <inputs>
         <input>
            <acceleration>0.8</acceleration>
            <steer>-0.027815</steer>
         </input>
         <input>
            <acceleration>0.8</acceleration>
            <steer>-0.027815</steer>
         </input>
         <input>
            <acceleration>0.8</acceleration>
            <steer>-0.027815</steer>
         </input>
         <input>
            <acceleration>0.8</acceleration>
            <steer>-0.027815</steer>
         </input>
         <input>
            <acceleration>0.8</acceleration>
            <steer>-0.027815</steer>
         </input>
         <input>
            <acceleration>0.8</acceleration>
            <steer>-0.027815</steer>
         </input>
         <input>
            <acceleration>0.8</acceleration>
            <steer>-0.027815</steer>
         </input>
         <input>
            <acceleration>0.8</acceleration>
            <steer>-0.027815</steer>
         </input>
         <input>
            <acceleration>0.8</acceleration>
            <steer>-0.027815</steer>
         </input>
         <input>
            <acceleration>0.8</acceleration>
            <steer>-0.027815</steer>
         </input>
      </inputs>
   </trajectory>
   <occupancySet>
      <occupancy>
         <time>
            <intervalStart>0</intervalStart>
            <intervalEnd>0.1</intervalEnd>
         </time>
         <set>
            <point>
               <element dimension="1">-1.1227</element>
               <element dimension="2">-1.0186</element>
            </point>
            <point>
               <element dimension="1">-1.1197</element>
               <element dimension="2">1.0249</element>
            </point>
            <point>
               <element dimension="1">-1.1197</element>
               <element dimension="2">1.0251</element>
            </point>
            <point>
               <element dimension="1">-1.1197</element>
               <element dimension="2">1.0258</element>
            </point>
            <point>
               <element dimension="1">3.3941</element>
               <element dimension="2">1.0191</element>
            </point>
            <point>
               <element dimension="1">3.6546</element>
               <element dimension="2">1.0152</element>
            </point>
            <point>
               <element dimension="1">5.8754</element>
               <element dimension="2">0.95285</element>
            </point>
            <point>
               <element dimension="1">5.8751</element>
               <element dimension="2">0.75173</element>
            </point>
            <point>
               <element dimension="1">5.873</element>
               <element dimension="2">0.60701</element>
            </point>
            <point>
               <element dimension="1">5.8247</element>
               <element dimension="2">-1.1121</element>
            </point>
            <point>
               <element dimension="1">5.1205</element>
               <element dimension="2">-1.111</element>
            </point>
            <point>
               <element dimension="1">-1.1108</element>
               <element dimension="2">-1.0189</element>
            </point>
         </set>
      </occupancy>
      <occupancy>
         <time>
            <intervalStart>0.1</intervalStart>
            <intervalEnd>0.2</intervalEnd>
         </time>
         <set>
            <point>
               <element dimension="1">1.0617</element>
               <element dimension="2">-0.9795</element>
            </point>
            <point>
               <element dimension="1">1.1168</element>
               <element dimension="2">0.98146</element>
            </point>
            <point>
               <element dimension="1">1.1176</element>
               <element dimension="2">0.99403</element>
            </point>
            <point>
               <element dimension="1">5.1701</element>
               <element dimension="2">0.88016</element>
            </point>
            <point>
               <element dimension="1">5.8744</element>
               <element dimension="2">0.84992</element>
            </point>
            <point>
               <element dimension="1">8.3433</element>
               <element dimension="2">0.70718</element>
            </point>
            <point>
               <element dimension="1">8.3352</element>
               <element dimension="2">0.42221</element>
            </point>
            <point>
               <element dimension="1">8.3351</element>
               <element dimension="2">0.41873</element>
            </point>
            <point>
               <element dimension="1">8.2346</element>
               <element dimension="2">-1.32</element>
            </point>
            <point>
               <element dimension="1">8.066</element>
               <element dimension="2">-1.3153</element>
            </point>
            <point>
               <element dimension="1">3.4153</element>
               <element dimension="2">-1.1156</element>
            </point>
         </set>
      </occupancy>
      <occupancy>
         <time>
            <intervalStart>0.2</intervalStart>
            <intervalEnd>0.3</intervalEnd>
         </time>
         <set>
            <point>
               <element dimension="1">3.4893</element>
               <element dimension="2">-1.0468</element>
            </point>
            <point>
               <element dimension="1">3.6021</element>
               <element dimension="2">0.90461</element>
            </point>
            <point>
               <element dimension="1">3.6034</element>
               <element dimension="2">0.91896</element>
            </point>
            <point>
               <element dimension="1">7.9367</element>
               <element dimension="2">0.66843</element>
            </point>
            <point>
               <element dimension="1">8.3392</element>
               <element dimension="2">0.63915</element>
            </point>
            <point>
               <element dimension="1">10.8097</element>
               <element dimension="2">0.42242</element>
            </point>
            <point>
               <element dimension="1">10.7942</element>
               <element dimension="2">0.15313</element>
            </point>
            <point>
               <element dimension="1">10.6413</element>
               <element dimension="2">-1.5894</element>
            </point>
            <point>
               <element dimension="1">10.495</element>
               <element dimension="2">-1.581</element>
            </point>
            <point>
               <element dimension="1">5.1214</element>
               <element dimension="2">-1.19</element>
            </point>
         </set>
      </occupancy>
      <occupancy>
         <time>
            <intervalStart>0.3</intervalStart>
            <intervalEnd>0.4</intervalEnd>
         </time>
         <set>
            <point>
               <element dimension="1">5.9274</element>
               <element dimension="2">-1.1763</element>
            </point>
            <point>
               <element dimension="1">6.0956</element>
               <element dimension="2">0.74191</element>
            </point>
            <point>
               <element dimension="1">6.098</element>
               <element dimension="2">0.76204</element>
            </point>
            <point>
               <element dimension="1">10.43</element>
               <element dimension="2">0.38201</element>
            </point>
            <point>
               <element dimension="1">10.8001</element>
               <element dimension="2">0.34396</element>
            </point>
            <point>
               <element dimension="1">13.2741</element>
               <element dimension="2">0.05231</element>
            </point>
            <point>
               <element dimension="1">13.2529</element>
               <element dimension="2">-0.18867</element>
            </point>
            <point>
               <element dimension="1">13.0477</element>
               <element dimension="2">-1.9298</element>
            </point>
            <point>
               <element dimension="1">12.9227</element>
               <element dimension="2">-1.9188</element>
            </point>
            <point>
               <element dimension="1">7.4822</element>
               <element dimension="2">-1.3596</element>
            </point>
         </set>
      </occupancy>
      <occupancy>
         <time>
            <intervalStart>0.4</intervalStart>
            <intervalEnd>0.5</intervalEnd>
         </time>
         <set>
            <point>
               <element dimension="1">8.3684</element>
               <element dimension="2">-1.378</element>
            </point>
            <point>
               <element dimension="1">8.5911</element>
               <element dimension="2">0.51034</element>
            </point>
            <point>
               <element dimension="1">8.5938</element>
               <element dimension="2">0.52849</element>
            </point>
            <point>
               <element dimension="1">12.9225</element>
               <element dimension="2">0.01817</element>
            </point>
            <point>
               <element dimension="1">13.2609</element>
               <element dimension="2">-0.026872</element>
            </point>
            <point>
               <element dimension="1">15.7322</element>
               <element dimension="2">-0.39354</element>
            </point>
            <point>
               <element dimension="1">15.7069</element>
               <element dimension="2">-0.60825</element>
            </point>
            <point>
               <element dimension="1">15.4501</element>
               <element dimension="2">-2.3392</element>
            </point>
            <point>
               <element dimension="1">15.3475</element>
               <element dimension="2">-2.3272</element>
            </point>
            <point>
               <element dimension="1">9.6939</element>
               <element dimension="2">-1.5747</element>
            </point>
         </set>
      </occupancy>
      <occupancy>
         <time>
            <intervalStart>0.5</intervalStart>
            <intervalEnd>0.6</intervalEnd>
         </time>
         <set>
            <point>
               <element dimension="1">10.8126</element>
               <element dimension="2">-1.6504</element>
            </point>
            <point>
               <element dimension="1">11.0873</element>
               <element dimension="2">0.20114</element>
            </point>
            <point>
               <element dimension="1">11.0899</element>
               <element dimension="2">0.21601</element>
            </point>
            <point>
               <element dimension="1">15.3666</element>
               <element dimension="2">-0.41852</element>
            </point>
            <point>
               <element dimension="1">15.7149</element>
               <element dimension="2">-0.47556</element>
            </point>
            <point>
               <element dimension="1">18.1826</element>
               <element dimension="2">-0.91782</element>
            </point>
            <point>
               <element dimension="1">18.1553</element>
               <element dimension="2">-1.1023</element>
            </point>
            <point>
               <element dimension="1">17.8471</element>
               <element dimension="2">-2.8219</element>
            </point>
            <point>
               <element dimension="1">17.7667</element>
               <element dimension="2">-2.81</element>
            </point>
            <point>
               <element dimension="1">12.158</element>
               <element dimension="2">-1.8915</element>
            </point>
         </set>
      </occupancy>
      <occupancy>
         <time>
            <intervalStart>0.6</intervalStart>
            <intervalEnd>0.7</intervalEnd>
         </time>
         <set>
            <point>
               <element dimension="1">13.256</element>
               <element dimension="2">-1.9976</element>
            </point>
            <point>
               <element dimension="1">13.5809</element>
               <element dimension="2">-0.18466</element>
            </point>
            <point>
               <element dimension="1">13.5834</element>
               <element dimension="2">-0.17283</element>
            </point>
            <point>
               <element dimension="1">17.8159</element>
               <element dimension="2">-0.93138</element>
            </point>
            <point>
               <element dimension="1">18.1624</element>
               <element dimension="2">-0.99889</element>
            </point>
            <point>
               <element dimension="1">20.6233</element>
               <element dimension="2">-1.5169</element>
            </point>
            <point>
               <element dimension="1">20.5956</element>
               <element dimension="2">-1.6711</element>
            </point>
            <point>
               <element dimension="1">20.2363</element>
               <element dimension="2">-3.3778</element>
            </point>
            <point>
               <element dimension="1">20.178</element>
               <element dimension="2">-3.3674</element>
            </point>
            <point>
               <element dimension="1">14.6075</element>
               <element dimension="2">-2.2822</element>
            </point>
         </set>
      </occupancy>
      <occupancy>
         <time>
            <intervalStart>0.7</intervalStart>
            <intervalEnd>0.8</intervalEnd>
         </time>
         <set>
            <point>
               <element dimension="1">15.6965</element>
               <element dimension="2">-2.4201</element>
            </point>
            <point>
               <element dimension="1">16.0697</element>
               <element dimension="2">-0.6472</element>
            </point>
            <point>
               <element dimension="1">16.0718</element>
               <element dimension="2">-0.6384</element>
            </point>
            <point>
               <element dimension="1">20.2565</element>
               <element dimension="2">-1.5193</element>
            </point>
            <point>
               <element dimension="1">20.6009</element>
               <element dimension="2">-1.5973</element>
            </point>
            <point>
               <element dimension="1">23.0517</element>
               <element dimension="2">-2.1911</element>
            </point>
            <point>
               <element dimension="1">23.0256</element>
               <element dimension="2">-2.315</element>
            </point>
            <point>
               <element dimension="1">22.6156</element>
               <element dimension="2">-4.0073</element>
            </point>
            <point>
               <element dimension="1">22.5789</element>
               <element dimension="2">-3.9996</element>
            </point>
            <point>
               <element dimension="1">17.0518</element>
               <element dimension="2">-2.7485</element>
            </point>
         </set>
      </occupancy>
      <occupancy>
         <time>
            <intervalStart>0.8</intervalStart>
            <intervalEnd>0.9</intervalEnd>
         </time>
         <set>
            <point>
               <element dimension="1">18.1316</element>
               <element dimension="2">-2.9182</element>
            </point>
            <point>
               <element dimension="1">18.5511</element>
               <element dimension="2">-1.1868</element>
            </point>
            <point>
               <element dimension="1">18.5527</element>
               <element dimension="2">-1.1809</element>
            </point>
            <point>
               <element dimension="1">22.6845</element>
               <element dimension="2">-2.1821</element>
            </point>
            <point>
               <element dimension="1">23.028</element>
               <element dimension="2">-2.2708</element>
            </point>
            <point>
               <element dimension="1">25.4657</element>
               <element dimension="2">-2.9403</element>
            </point>
            <point>
               <element dimension="1">25.4429</element>
               <element dimension="2">-3.0341</element>
            </point>
            <point>
               <element dimension="1">24.9825</element>
               <element dimension="2">-4.7106</element>
            </point>
            <point>
               <element dimension="1">24.9776</element>
               <element dimension="2">-4.7094</element>
            </point>
            <point>
               <element dimension="1">19.494</element>
               <element dimension="2">-3.2924</element>
            </point>
         </set>
      </occupancy>
      <occupancy>
         <time>
            <intervalStart>0.9</intervalStart>
            <intervalEnd>1</intervalEnd>
         </time>
         <set>
            <point>
               <element dimension="1">20.559</element>
               <element dimension="2">-3.4922</element>
            </point>
            <point>
               <element dimension="1">21.0227</element>
               <element dimension="2">-1.8036</element>
            </point>
            <point>
               <element dimension="1">21.024</element>
               <element dimension="2">-1.7995</element>
            </point>
            <point>
               <element dimension="1">25.0207</element>
               <element dimension="2">-2.8972</element>
            </point>
            <point>
               <element dimension="1">25.4415</element>
               <element dimension="2">-3.0197</element>
            </point>
            <point>
               <element dimension="1">27.8624</element>
               <element dimension="2">-3.7646</element>
            </point>
            <point>
               <element dimension="1">27.8384</element>
               <element dimension="2">-3.852</element>
            </point>
            <point>
               <element dimension="1">27.3346</element>
               <element dimension="2">-5.4894</element>
            </point>
            <point>
               <element dimension="1">27.3317</element>
               <element dimension="2">-5.4886</element>
            </point>
            <point>
               <element dimension="1">22.0598</element>
               <element dimension="2">-3.954</element>
            </point>
         </set>
      </occupancy>
   </occupancySet>
   <reachableSet>
      <reachability>
         <time>0</time>
         <x>
            <intervalStart>-0.1</intervalStart>
            <intervalEnd>0.1</intervalEnd>
         </x>
         <y>
            <intervalStart>-0.1</intervalStart>
            <intervalEnd>0.1</intervalEnd>
         </y>
         <velocity>
            <intervalStart>24.2</intervalStart>
            <intervalEnd>24.6</intervalEnd>
         </velocity>
         <orientation>
            <intervalStart>-0.02</intervalStart>
            <intervalEnd>0.02</intervalEnd>
         </orientation>
      </reachability>
      <reachability>
         <time>1</time>
         <x>
            <intervalStart>24.4279</intervalStart>
            <intervalEnd>24.431</intervalEnd>
         </x>
         <y>
            <intervalStart>-3.6975</intervalStart>
            <intervalEnd>-3.6871</intervalEnd>
         </y>
         <velocity>
            <intervalStart>25.2</intervalStart>
            <intervalEnd>25.2</intervalEnd>
         </velocity>
         <orientation>
            <intervalStart>-0.30022</intervalStart>
            <intervalEnd>-0.29979</intervalEnd>
         </orientation>
      </reachability>
   </reachableSet>
</motionPrimitive>