<?xml version="1.0" encoding="utf-8"?>
<motionPrimitive ID="10278">
   <controller type="generator space control">controller10278.mat</controller>
   <successors>
      <id>6324</id>
      <id>6325</id>
      <id>6326</id>
      <id>6327</id>
      <id>6328</id>
      <id>6329</id>
      <id>6330</id>
      <id>6331</id>
      <id>6332</id>
      <id>6333</id>
      <id>6334</id>
      <id>6335</id>
      <id>6336</id>
      <id>6337</id>
      <id>6338</id>
      <id>6339</id>
      <id>6340</id>
      <id>6341</id>
      <id>6342</id>
      <id>6343</id>
      <id>6344</id>
      <id>6345</id>
      <id>6346</id>
      <id>6347</id>
      <id>6348</id>
      <id>6349</id>
      <id>6350</id>
      <id>6351</id>
      <id>6352</id>
      <id>6353</id>
      <id>6354</id>
      <id>6355</id>
      <id>6356</id>
      <id>6357</id>
      <id>6358</id>
      <id>6359</id>
      <id>6360</id>
      <id>6361</id>
      <id>6362</id>
      <id>6363</id>
      <id>6364</id>
      <id>6365</id>
      <id>6366</id>
      <id>6367</id>
      <id>6368</id>
      <id>6369</id>
      <id>6370</id>
      <id>6371</id>
      <id>6372</id>
      <id>6373</id>
      <id>6374</id>
      <id>6375</id>
      <id>6376</id>
      <id>6377</id>
      <id>6378</id>
      <id>6379</id>
      <id>6380</id>
      <id>6381</id>
      <id>6382</id>
      <id>6383</id>
      <id>6384</id>
      <id>6385</id>
      <id>6386</id>
      <id>6387</id>
      <id>6388</id>
      <id>6389</id>
      <id>6390</id>
      <id>6391</id>
      <id>6392</id>
      <id>6393</id>
      <id>6394</id>
      <id>6395</id>
      <id>6396</id>
      <id>6397</id>
      <id>6398</id>
      <id>6399</id>
      <id>6400</id>
      <id>6401</id>
      <id>6402</id>
      <id>6403</id>
      <id>6404</id>
      <id>6405</id>
      <id>6406</id>
      <id>6407</id>
      <id>6408</id>
      <id>6409</id>
      <id>6410</id>
      <id>6411</id>
      <id>6412</id>
      <id>6413</id>
      <id>6414</id>
      <id>6415</id>
      <id>6416</id>
      <id>6417</id>
      <id>6418</id>
      <id>6419</id>
      <id>6420</id>
      <id>6421</id>
      <id>6422</id>
      <id>6423</id>
      <id>6424</id>
      <id>6425</id>
      <id>6426</id>
      <id>6427</id>
      <id>6428</id>
      <id>6429</id>
      <id>6430</id>
      <id>6431</id>
      <id>6432</id>
      <id>6433</id>
      <id>6434</id>
      <id>6435</id>
      <id>6436</id>
      <id>6437</id>
      <id>6438</id>
      <id>6439</id>
      <id>6440</id>
      <id>6441</id>
      <id>6442</id>
      <id>6443</id>
      <id>6444</id>
      <id>6445</id>
      <id>6446</id>
      <id>6447</id>
      <id>6448</id>
      <id>6449</id>
      <id>6450</id>
      <id>6451</id>
      <id>6452</id>
      <id>6453</id>
      <id>6454</id>
      <id>6455</id>
      <id>6456</id>
      <id>6457</id>
      <id>6458</id>
      <id>6459</id>
      <id>6460</id>
      <id>6461</id>
      <id>6462</id>
      <id>6463</id>
      <id>6464</id>
      <id>6465</id>
      <id>6466</id>
      <id>6467</id>
      <id>6468</id>
      <id>6469</id>
      <id>6470</id>
      <id>6471</id>
      <id>6472</id>
      <id>6473</id>
      <id>6474</id>
      <id>6475</id>
      <id>6476</id>
      <id>6477</id>
      <id>6478</id>
      <id>6479</id>
      <id>6480</id>
      <id>6481</id>
      <id>6482</id>
      <id>6483</id>
      <id>6484</id>
      <id>6485</id>
      <id>6486</id>
      <id>6487</id>
      <id>6488</id>
      <id>6489</id>
      <id>6490</id>
      <id>6491</id>
      <id>6492</id>
      <id>6493</id>
      <id>6494</id>
      <id>6495</id>
      <id>6496</id>
      <id>6497</id>
      <id>6498</id>
      <id>6499</id>
      <id>6500</id>
      <id>6501</id>
      <id>6502</id>
      <id>6503</id>
      <id>6504</id>
      <id>6505</id>
      <id>6506</id>
      <id>6507</id>
      <id>6508</id>
      <id>6509</id>
      <id>6510</id>
      <id>6511</id>
      <id>6512</id>
      <id>6513</id>
      <id>6514</id>
      <id>6515</id>
      <id>6516</id>
      <id>6517</id>
      <id>6518</id>
   </successors>
   <trajectory>
      <states>
         <state>
            <time>0</time>
            <x>0</x>
            <y>0</y>
            <velocity>24.8</velocity>
            <orientation>0</orientation>
         </state>
         <state>
            <time>0.1</time>
            <x>2.438</x>
            <y>0.085834</y>
            <velocity>24</velocity>
            <orientation>0.070385</orientation>
         </state>
         <state>
            <time>0.2</time>
            <x>4.7847</x>
            <y>0.33178</y>
            <velocity>23.2</velocity>
            <orientation>0.13846</orientation>
         </state>
         <state>
            <time>0.3</time>
            <x>7.0309</x>
            <y>0.72047</y>
            <velocity>22.4</velocity>
            <orientation>0.20423</orientation>
         </state>
         <state>
            <time>0.4</time>
            <x>9.1696</x>
            <y>1.2347</y>
            <velocity>21.6</velocity>
            <orientation>0.26769</orientation>
         </state>
         <state>
            <time>0.5</time>
            <x>11.1956</x>
            <y>1.8576</y>
            <velocity>20.8</velocity>
            <orientation>0.32885</orientation>
         </state>
         <state>
            <time>0.6</time>
            <x>13.1058</x>
            <y>2.5728</y>
            <velocity>20</velocity>
            <orientation>0.38769</orientation>
         </state>
         <state>
            <time>0.7</time>
            <x>14.8985</x>
            <y>3.3647</y>
            <velocity>19.2</velocity>
            <orientation>0.44423</orientation>
         </state>
         <state>
            <time>0.8</time>
            <x>16.5733</x>
            <y>4.2183</y>
            <velocity>18.4</velocity>
            <orientation>0.49846</orientation>
         </state>
         <state>
            <time>0.9</time>
            <x>18.1312</x>
            <y>5.1195</y>
            <velocity>17.6</velocity>
            <orientation>0.55038</orientation>
         </state>
         <state>
            <time>1</time>
            <x>19.5743</x>
            <y>6.055</y>
            <velocity>16.8</velocity>
            <orientation>0.6</orientation>
         </state>
      </states>
      <inputs>
         <input>
            <acceleration>-8</acceleration>
            <steer>0.066249</steer>
         </input>
         <input>
            <acceleration>-8</acceleration>
            <steer>0.066249</steer>
         </input>
         <input>
            <acceleration>-8</acceleration>
            <steer>0.066249</steer>
         </input>
         <input>
            <acceleration>-8</acceleration>
            <steer>0.066249</steer>
         </input>
         <input>
            <acceleration>-8</acceleration>
            <steer>0.066249</steer>
         </input>
         <input>
            <acceleration>-8</acceleration>
            <steer>0.066249</steer>
         </input>
         <input>
            <acceleration>-8</acceleration>
            <steer>0.066249</steer>
         </input>
         <input>
            <acceleration>-8</acceleration>
            <steer>0.066249</steer>
         </input>
         <input>
            <acceleration>-8</acceleration>
            <steer>0.066249</steer>
         </input>
         <input>
            <acceleration>-8</acceleration>
            <steer>0.066249</steer>
         </input>
      </inputs>
   </trajectory>
   <occupancySet>
      <occupancy>
         <time>
            <intervalStart>0</intervalStart>
            <intervalEnd>0.1</intervalEnd>
         </time>
         <set>
            <point>
               <element dimension="1">-1.1271</element>
               <element dimension="2">1.0186</element>
            </point>
            <point>
               <element dimension="1">0.15498</element>
               <element dimension="2">1.1045</element>
            </point>
            <point>
               <element dimension="1">5.5912</element>
               <element dimension="2">1.2962</element>
            </point>
            <point>
               <element dimension="1">5.7918</element>
               <element dimension="2">1.297</element>
            </point>
            <point>
               <element dimension="1">5.9072</element>
               <element dimension="2">-0.42535</element>
            </point>
            <point>
               <element dimension="1">5.9082</element>
               <element dimension="2">-0.45171</element>
            </point>
            <point>
               <element dimension="1">5.9096</element>
               <element dimension="2">-0.85989</element>
            </point>
            <point>
               <element dimension="1">3.6616</element>
               <element dimension="2">-1.0106</element>
            </point>
            <point>
               <element dimension="1">3.21</element>
               <element dimension="2">-1.0265</element>
            </point>
            <point>
               <element dimension="1">-1.1192</element>
               <element dimension="2">-1.042</element>
            </point>
            <point>
               <element dimension="1">-1.1197</element>
               <element dimension="2">-1.0345</element>
            </point>
         </set>
      </occupancy>
      <occupancy>
         <time>
            <intervalStart>0.1</intervalStart>
            <intervalEnd>0.2</intervalEnd>
         </time>
         <set>
            <point>
               <element dimension="1">1.0073</element>
               <element dimension="2">0.9789</element>
            </point>
            <point>
               <element dimension="1">3.5013</element>
               <element dimension="2">1.318</element>
            </point>
            <point>
               <element dimension="1">7.8683</element>
               <element dimension="2">1.7607</element>
            </point>
            <point>
               <element dimension="1">8.0662</element>
               <element dimension="2">1.7739</element>
            </point>
            <point>
               <element dimension="1">8.3035</element>
               <element dimension="2">0.028574</element>
            </point>
            <point>
               <element dimension="1">8.3284</element>
               <element dimension="2">-0.34271</element>
            </point>
            <point>
               <element dimension="1">5.9072</element>
               <element dimension="2">-0.67189</element>
            </point>
            <point>
               <element dimension="1">5.1277</element>
               <element dimension="2">-0.75091</element>
            </point>
            <point>
               <element dimension="1">1.1433</element>
               <element dimension="2">-1.018</element>
            </point>
            <point>
               <element dimension="1">1.1391</element>
               <element dimension="2">-0.98699</element>
            </point>
         </set>
      </occupancy>
      <occupancy>
         <time>
            <intervalStart>0.2</intervalStart>
            <intervalEnd>0.3</intervalEnd>
         </time>
         <set>
            <point>
               <element dimension="1">3.2856</element>
               <element dimension="2">1.1265</element>
            </point>
            <point>
               <element dimension="1">5.4094</element>
               <element dimension="2">1.5593</element>
            </point>
            <point>
               <element dimension="1">10.0244</element>
               <element dimension="2">2.3423</element>
            </point>
            <point>
               <element dimension="1">10.2135</element>
               <element dimension="2">2.368</element>
            </point>
            <point>
               <element dimension="1">10.5683</element>
               <element dimension="2">0.62683</element>
            </point>
            <point>
               <element dimension="1">10.6153</element>
               <element dimension="2">0.28069</element>
            </point>
            <point>
               <element dimension="1">8.3052</element>
               <element dimension="2">-0.19003</element>
            </point>
            <point>
               <element dimension="1">7.6725</element>
               <element dimension="2">-0.29738</element>
            </point>
            <point>
               <element dimension="1">3.5578</element>
               <element dimension="2">-0.85681</element>
            </point>
            <point>
               <element dimension="1">3.55</element>
               <element dimension="2">-0.81826</element>
            </point>
         </set>
      </occupancy>
      <occupancy>
         <time>
            <intervalStart>0.3</intervalStart>
            <intervalEnd>0.4</intervalEnd>
         </time>
         <set>
            <point>
               <element dimension="1">5.4908</element>
               <element dimension="2">1.4073</element>
            </point>
            <point>
               <element dimension="1">7.5865</element>
               <element dimension="2">1.9752</element>
            </point>
            <point>
               <element dimension="1">12.0594</element>
               <element dimension="2">3.0357</element>
            </point>
            <point>
               <element dimension="1">12.2381</element>
               <element dimension="2">3.0721</element>
            </point>
            <point>
               <element dimension="1">12.7066</element>
               <element dimension="2">1.3426</element>
            </point>
            <point>
               <element dimension="1">12.7694</element>
               <element dimension="2">1.0346</element>
            </point>
            <point>
               <element dimension="1">10.5705</element>
               <element dimension="2">0.43883</element>
            </point>
            <point>
               <element dimension="1">9.8926</element>
               <element dimension="2">0.27808</element>
            </point>
            <point>
               <element dimension="1">5.8905</element>
               <element dimension="2">-0.53739</element>
            </point>
            <point>
               <element dimension="1">5.8764</element>
               <element dimension="2">-0.48519</element>
            </point>
         </set>
      </occupancy>
      <occupancy>
         <time>
            <intervalStart>0.4</intervalStart>
            <intervalEnd>0.5</intervalEnd>
         </time>
         <set>
            <point>
               <element dimension="1">7.6038</element>
               <element dimension="2">1.8179</element>
            </point>
            <point>
               <element dimension="1">9.2896</element>
               <element dimension="2">2.3875</element>
            </point>
            <point>
               <element dimension="1">13.976</element>
               <element dimension="2">3.8127</element>
            </point>
            <point>
               <element dimension="1">14.1326</element>
               <element dimension="2">3.8551</element>
            </point>
            <point>
               <element dimension="1">14.7036</element>
               <element dimension="2">2.1653</element>
            </point>
            <point>
               <element dimension="1">14.7799</element>
               <element dimension="2">1.8837</element>
            </point>
            <point>
               <element dimension="1">12.7069</element>
               <element dimension="2">1.1832</element>
            </point>
            <point>
               <element dimension="1">12.2409</element>
               <element dimension="2">1.0415</element>
            </point>
            <point>
               <element dimension="1">8.1194</element>
               <element dimension="2">-0.075142</element>
            </point>
            <point>
               <element dimension="1">8.1057</element>
               <element dimension="2">-0.034763</element>
            </point>
         </set>
      </occupancy>
      <occupancy>
         <time>
            <intervalStart>0.5</intervalStart>
            <intervalEnd>0.6</intervalEnd>
         </time>
         <set>
            <point>
               <element dimension="1">9.6301</element>
               <element dimension="2">2.3346</element>
            </point>
            <point>
               <element dimension="1">11.2762</element>
               <element dimension="2">3.0013</element>
            </point>
            <point>
               <element dimension="1">15.7791</element>
               <element dimension="2">4.6722</element>
            </point>
            <point>
               <element dimension="1">15.8997</element>
               <element dimension="2">4.7129</element>
            </point>
            <point>
               <element dimension="1">16.5683</element>
               <element dimension="2">3.062</element>
            </point>
            <point>
               <element dimension="1">16.5719</element>
               <element dimension="2">3.0524</element>
            </point>
            <point>
               <element dimension="1">16.6495</element>
               <element dimension="2">2.8227</element>
            </point>
            <point>
               <element dimension="1">14.7015</element>
               <element dimension="2">2.0338</element>
            </point>
            <point>
               <element dimension="1">14.2606</element>
               <element dimension="2">1.8702</element>
            </point>
            <point>
               <element dimension="1">10.2474</element>
               <element dimension="2">0.5141</element>
            </point>
            <point>
               <element dimension="1">10.2345</element>
               <element dimension="2">0.54603</element>
            </point>
         </set>
      </occupancy>
      <occupancy>
         <time>
            <intervalStart>0.6</intervalStart>
            <intervalEnd>0.7</intervalEnd>
         </time>
         <set>
            <point>
               <element dimension="1">11.5561</element>
               <element dimension="2">2.9534</element>
            </point>
            <point>
               <element dimension="1">13.1549</element>
               <element dimension="2">3.7089</element>
            </point>
            <point>
               <element dimension="1">17.4649</element>
               <element dimension="2">5.5983</element>
            </point>
            <point>
               <element dimension="1">17.5466</element>
               <element dimension="2">5.6313</element>
            </point>
            <point>
               <element dimension="1">18.3121</element>
               <element dimension="2">4.0115</element>
            </point>
            <point>
               <element dimension="1">18.3249</element>
               <element dimension="2">3.9825</element>
            </point>
            <point>
               <element dimension="1">18.3885</element>
               <element dimension="2">3.8253</element>
            </point>
            <point>
               <element dimension="1">16.5607</element>
               <element dimension="2">2.9615</element>
            </point>
            <point>
               <element dimension="1">16.1528</element>
               <element dimension="2">2.7827</element>
            </point>
            <point>
               <element dimension="1">12.2647</element>
               <element dimension="2">1.208</element>
            </point>
            <point>
               <element dimension="1">12.2529</element>
               <element dimension="2">1.233</element>
            </point>
         </set>
      </occupancy>
      <occupancy>
         <time>
            <intervalStart>0.7</intervalStart>
            <intervalEnd>0.8</intervalEnd>
         </time>
         <set>
            <point>
               <element dimension="1">13.372</element>
               <element dimension="2">3.6565</element>
            </point>
            <point>
               <element dimension="1">14.9541</element>
               <element dimension="2">4.5122</element>
            </point>
            <point>
               <element dimension="1">19.0368</element>
               <element dimension="2">6.5791</element>
            </point>
            <point>
               <element dimension="1">19.0807</element>
               <element dimension="2">6.5998</element>
            </point>
            <point>
               <element dimension="1">19.9293</element>
               <element dimension="2">5.0309</element>
            </point>
            <point>
               <element dimension="1">19.9296</element>
               <element dimension="2">5.0304</element>
            </point>
            <point>
               <element dimension="1">20.0017</element>
               <element dimension="2">4.8778</element>
            </point>
            <point>
               <element dimension="1">18.2877</element>
               <element dimension="2">3.9507</element>
            </point>
            <point>
               <element dimension="1">17.904</element>
               <element dimension="2">3.7565</element>
            </point>
            <point>
               <element dimension="1">14.1621</element>
               <element dimension="2">1.9881</element>
            </point>
            <point>
               <element dimension="1">14.1506</element>
               <element dimension="2">2.0094</element>
            </point>
            <point>
               <element dimension="1">14.1475</element>
               <element dimension="2">2.0155</element>
            </point>
         </set>
      </occupancy>
      <occupancy>
         <time>
            <intervalStart>0.8</intervalStart>
            <intervalEnd>0.9</intervalEnd>
         </time>
         <set>
            <point>
               <element dimension="1">15.0701</element>
               <element dimension="2">4.4262</element>
            </point>
            <point>
               <element dimension="1">16.7774</element>
               <element dimension="2">5.468</element>
            </point>
            <point>
               <element dimension="1">20.4983</element>
               <element dimension="2">7.6074</element>
            </point>
            <point>
               <element dimension="1">20.5039</element>
               <element dimension="2">7.6105</element>
            </point>
            <point>
               <element dimension="1">21.4207</element>
               <element dimension="2">6.1079</element>
            </point>
            <point>
               <element dimension="1">21.4208</element>
               <element dimension="2">6.1078</element>
            </point>
            <point>
               <element dimension="1">21.4961</element>
               <element dimension="2">5.9685</element>
            </point>
            <point>
               <element dimension="1">19.8883</element>
               <element dimension="2">4.9874</element>
            </point>
            <point>
               <element dimension="1">19.5269</element>
               <element dimension="2">4.7796</element>
            </point>
            <point>
               <element dimension="1">15.9323</element>
               <element dimension="2">2.8354</element>
            </point>
            <point>
               <element dimension="1">15.9219</element>
               <element dimension="2">2.8523</element>
            </point>
            <point>
               <element dimension="1">15.9138</element>
               <element dimension="2">2.8664</element>
            </point>
         </set>
      </occupancy>
      <occupancy>
         <time>
            <intervalStart>0.9</intervalStart>
            <intervalEnd>1</intervalEnd>
         </time>
         <set>
            <point>
               <element dimension="1">16.6466</element>
               <element dimension="2">5.2494</element>
            </point>
            <point>
               <element dimension="1">18.0535</element>
               <element dimension="2">6.2069</element>
            </point>
            <point>
               <element dimension="1">21.8164</element>
               <element dimension="2">8.6332</element>
            </point>
            <point>
               <element dimension="1">21.8208</element>
               <element dimension="2">8.636</element>
            </point>
            <point>
               <element dimension="1">22.7896</element>
               <element dimension="2">7.2126</element>
            </point>
            <point>
               <element dimension="1">22.8715</element>
               <element dimension="2">7.0783</element>
            </point>
            <point>
               <element dimension="1">21.3645</element>
               <element dimension="2">6.0526</element>
            </point>
            <point>
               <element dimension="1">20.9485</element>
               <element dimension="2">5.7843</element>
            </point>
            <point>
               <element dimension="1">17.5764</element>
               <element dimension="2">3.7268</element>
            </point>
            <point>
               <element dimension="1">17.5687</element>
               <element dimension="2">3.7381</element>
            </point>
         </set>
      </occupancy>
   </occupancySet>
   <reachableSet>
      <reachability>
         <time>0</time>
         <x>
            <intervalStart>-0.1</intervalStart>
            <intervalEnd>0.1</intervalEnd>
         </x>
         <y>
            <intervalStart>-0.1</intervalStart>
            <intervalEnd>0.1</intervalEnd>
         </y>
         <velocity>
            <intervalStart>24.6</intervalStart>
            <intervalEnd>25</intervalEnd>
         </velocity>
         <orientation>
            <intervalStart>-0.02</intervalStart>
            <intervalEnd>0.02</intervalEnd>
         </orientation>
      </reachability>
      <reachability>
         <time>1</time>
         <x>
            <intervalStart>19.5708</intervalStart>
            <intervalEnd>19.5771</intervalEnd>
         </x>
         <y>
            <intervalStart>6.0485</intervalStart>
            <intervalEnd>6.0619</intervalEnd>
         </y>
         <velocity>
            <intervalStart>16.8</intervalStart>
            <intervalEnd>16.8</intervalEnd>
         </velocity>
         <orientation>
            <intervalStart>0.5997</intervalStart>
            <intervalEnd>0.60034</intervalEnd>
         </orientation>
      </reachability>
   </reachableSet>
</motionPrimitive>