<?xml version="1.0" encoding="utf-8"?>
<motionPrimitive ID="10396">
   <controller type="generator space control">controller10396.mat</controller>
   <successors>
      <id>11121</id>
      <id>11122</id>
      <id>11123</id>
      <id>11124</id>
      <id>11125</id>
      <id>11126</id>
      <id>11127</id>
      <id>11128</id>
      <id>11129</id>
      <id>11130</id>
      <id>11131</id>
      <id>11132</id>
      <id>11133</id>
      <id>11134</id>
      <id>11135</id>
      <id>11136</id>
      <id>11137</id>
      <id>11138</id>
      <id>11139</id>
      <id>11140</id>
      <id>11141</id>
      <id>11142</id>
      <id>11143</id>
      <id>11144</id>
      <id>11145</id>
      <id>11146</id>
      <id>11147</id>
      <id>11148</id>
      <id>11149</id>
      <id>11150</id>
      <id>11151</id>
      <id>11152</id>
      <id>11153</id>
      <id>11154</id>
      <id>11155</id>
      <id>11156</id>
      <id>11157</id>
      <id>11158</id>
      <id>11159</id>
      <id>11160</id>
      <id>11161</id>
      <id>11162</id>
      <id>11163</id>
      <id>11164</id>
      <id>11165</id>
      <id>11166</id>
      <id>11167</id>
      <id>11168</id>
      <id>11169</id>
      <id>11170</id>
      <id>11171</id>
      <id>11172</id>
      <id>11173</id>
      <id>11174</id>
      <id>11175</id>
      <id>11176</id>
      <id>11177</id>
      <id>11178</id>
      <id>11179</id>
      <id>11180</id>
      <id>11181</id>
      <id>11182</id>
      <id>11183</id>
      <id>11184</id>
      <id>11185</id>
      <id>11186</id>
      <id>11187</id>
      <id>11188</id>
      <id>11189</id>
      <id>11190</id>
      <id>11191</id>
      <id>11192</id>
      <id>11193</id>
      <id>11194</id>
      <id>11195</id>
      <id>11196</id>
      <id>11197</id>
      <id>11198</id>
      <id>11199</id>
      <id>11200</id>
      <id>11201</id>
      <id>11202</id>
      <id>11203</id>
      <id>11204</id>
      <id>11205</id>
      <id>11206</id>
      <id>11207</id>
      <id>11208</id>
      <id>11209</id>
      <id>11210</id>
      <id>11211</id>
      <id>11212</id>
      <id>11213</id>
      <id>11214</id>
      <id>11215</id>
      <id>11216</id>
      <id>11217</id>
      <id>11218</id>
      <id>11219</id>
      <id>11220</id>
      <id>11221</id>
      <id>11222</id>
      <id>11223</id>
      <id>11224</id>
      <id>11225</id>
      <id>11226</id>
      <id>11227</id>
      <id>11228</id>
      <id>11229</id>
      <id>11230</id>
      <id>11231</id>
      <id>11232</id>
      <id>11233</id>
      <id>11234</id>
      <id>11235</id>
      <id>11236</id>
      <id>11237</id>
      <id>11238</id>
      <id>11239</id>
      <id>11240</id>
      <id>11241</id>
      <id>11242</id>
      <id>11243</id>
      <id>11244</id>
      <id>11245</id>
      <id>11246</id>
      <id>11247</id>
      <id>11248</id>
      <id>11249</id>
      <id>11250</id>
      <id>11251</id>
      <id>11252</id>
      <id>11253</id>
      <id>11254</id>
      <id>11255</id>
      <id>11256</id>
      <id>11257</id>
      <id>11258</id>
      <id>11259</id>
      <id>11260</id>
      <id>11261</id>
      <id>11262</id>
      <id>11263</id>
      <id>11264</id>
      <id>11265</id>
      <id>11266</id>
      <id>11267</id>
      <id>11268</id>
      <id>11269</id>
      <id>11270</id>
      <id>11271</id>
      <id>11272</id>
      <id>11273</id>
      <id>11274</id>
      <id>11275</id>
      <id>11276</id>
      <id>11277</id>
      <id>11278</id>
      <id>11279</id>
      <id>11280</id>
      <id>11281</id>
      <id>11282</id>
      <id>11283</id>
      <id>11284</id>
      <id>11285</id>
   </successors>
   <trajectory>
      <states>
         <state>
            <time>0</time>
            <x>0</x>
            <y>0</y>
            <velocity>24.8</velocity>
            <orientation>0</orientation>
         </state>
         <state>
            <time>0.1</time>
            <x>2.4897</x>
            <y>0.036045</y>
            <velocity>25</velocity>
            <orientation>0.028953</orientation>
         </state>
         <state>
            <time>0.2</time>
            <x>4.9972</x>
            <y>0.14531</y>
            <velocity>25.2</velocity>
            <orientation>0.05814</orientation>
         </state>
         <state>
            <time>0.3</time>
            <x>7.5204</x>
            <y>0.32945</y>
            <velocity>25.4</velocity>
            <orientation>0.087558</orientation>
         </state>
         <state>
            <time>0.4</time>
            <x>10.0569</x>
            <y>0.59006</y>
            <velocity>25.6</velocity>
            <orientation>0.11721</orientation>
         </state>
         <state>
            <time>0.5</time>
            <x>12.6044</x>
            <y>0.92869</y>
            <velocity>25.8</velocity>
            <orientation>0.14709</orientation>
         </state>
         <state>
            <time>0.6</time>
            <x>15.1604</x>
            <y>1.3468</y>
            <velocity>26</velocity>
            <orientation>0.17721</orientation>
         </state>
         <state>
            <time>0.7</time>
            <x>17.7221</x>
            <y>1.8458</y>
            <velocity>26.2</velocity>
            <orientation>0.20756</orientation>
         </state>
         <state>
            <time>0.8</time>
            <x>20.287</x>
            <y>2.427</y>
            <velocity>26.4</velocity>
            <orientation>0.23814</orientation>
         </state>
         <state>
            <time>0.9</time>
            <x>22.8522</x>
            <y>3.0917</y>
            <velocity>26.6</velocity>
            <orientation>0.26895</orientation>
         </state>
         <state>
            <time>1</time>
            <x>25.4147</x>
            <y>3.8411</y>
            <velocity>26.8</velocity>
            <orientation>0.3</orientation>
         </state>
      </states>
      <inputs>
         <input>
            <acceleration>2</acceleration>
            <steer>0.026738</steer>
         </input>
         <input>
            <acceleration>2</acceleration>
            <steer>0.026738</steer>
         </input>
         <input>
            <acceleration>2</acceleration>
            <steer>0.026738</steer>
         </input>
         <input>
            <acceleration>2</acceleration>
            <steer>0.026738</steer>
         </input>
         <input>
            <acceleration>2</acceleration>
            <steer>0.026738</steer>
         </input>
         <input>
            <acceleration>2</acceleration>
            <steer>0.026738</steer>
         </input>
         <input>
            <acceleration>2</acceleration>
            <steer>0.026738</steer>
         </input>
         <input>
            <acceleration>2</acceleration>
            <steer>0.026738</steer>
         </input>
         <input>
            <acceleration>2</acceleration>
            <steer>0.026738</steer>
         </input>
         <input>
            <acceleration>2</acceleration>
            <steer>0.026738</steer>
         </input>
      </inputs>
   </trajectory>
   <occupancySet>
      <occupancy>
         <time>
            <intervalStart>0</intervalStart>
            <intervalEnd>0.1</intervalEnd>
         </time>
         <set>
            <point>
               <element dimension="1">-1.1227</element>
               <element dimension="2">1.0187</element>
            </point>
            <point>
               <element dimension="1">-1.1154</element>
               <element dimension="2">1.0189</element>
            </point>
            <point>
               <element dimension="1">5.1372</element>
               <element dimension="2">1.1094</element>
            </point>
            <point>
               <element dimension="1">5.8712</element>
               <element dimension="2">1.1104</element>
            </point>
            <point>
               <element dimension="1">5.9185</element>
               <element dimension="2">-0.60923</element>
            </point>
            <point>
               <element dimension="1">5.9207</element>
               <element dimension="2">-0.75635</element>
            </point>
            <point>
               <element dimension="1">5.9209</element>
               <element dimension="2">-0.95316</element>
            </point>
            <point>
               <element dimension="1">3.6633</element>
               <element dimension="2">-1.0153</element>
            </point>
            <point>
               <element dimension="1">3.3915</element>
               <element dimension="2">-1.0192</element>
            </point>
            <point>
               <element dimension="1">-1.1197</element>
               <element dimension="2">-1.0257</element>
            </point>
            <point>
               <element dimension="1">-1.1197</element>
               <element dimension="2">-1.0251</element>
            </point>
            <point>
               <element dimension="1">-1.1197</element>
               <element dimension="2">-1.0248</element>
            </point>
         </set>
      </occupancy>
      <occupancy>
         <time>
            <intervalStart>0.1</intervalStart>
            <intervalEnd>0.2</intervalEnd>
         </time>
         <set>
            <point>
               <element dimension="1">1.1032</element>
               <element dimension="2">0.98048</element>
            </point>
            <point>
               <element dimension="1">3.4422</element>
               <element dimension="2">1.1132</element>
            </point>
            <point>
               <element dimension="1">8.1709</element>
               <element dimension="2">1.3124</element>
            </point>
            <point>
               <element dimension="1">8.3395</element>
               <element dimension="2">1.317</element>
            </point>
            <point>
               <element dimension="1">8.4381</element>
               <element dimension="2">-0.42063</element>
            </point>
            <point>
               <element dimension="1">8.4384</element>
               <element dimension="2">-0.42593</element>
            </point>
            <point>
               <element dimension="1">8.4461</element>
               <element dimension="2">-0.70904</element>
            </point>
            <point>
               <element dimension="1">5.9199</element>
               <element dimension="2">-0.85238</element>
            </point>
            <point>
               <element dimension="1">5.2345</element>
               <element dimension="2">-0.88125</element>
            </point>
            <point>
               <element dimension="1">1.1579</element>
               <element dimension="2">-0.99342</element>
            </point>
            <point>
               <element dimension="1">1.1572</element>
               <element dimension="2">-0.98133</element>
            </point>
         </set>
      </occupancy>
      <occupancy>
         <time>
            <intervalStart>0.2</intervalStart>
            <intervalEnd>0.3</intervalEnd>
         </time>
         <set>
            <point>
               <element dimension="1">3.5883</element>
               <element dimension="2">1.0485</element>
            </point>
            <point>
               <element dimension="1">5.2222</element>
               <element dimension="2">1.1895</element>
            </point>
            <point>
               <element dimension="1">10.6705</element>
               <element dimension="2">1.5791</element>
            </point>
            <point>
               <element dimension="1">10.8168</element>
               <element dimension="2">1.5874</element>
            </point>
            <point>
               <element dimension="1">10.9671</element>
               <element dimension="2">-0.15399</element>
            </point>
            <point>
               <element dimension="1">10.9824</element>
               <element dimension="2">-0.42342</element>
            </point>
            <point>
               <element dimension="1">8.4423</element>
               <element dimension="2">-0.64263</element>
            </point>
            <point>
               <element dimension="1">8.0436</element>
               <element dimension="2">-0.67114</element>
            </point>
            <point>
               <element dimension="1">3.7003</element>
               <element dimension="2">-0.9176</element>
            </point>
            <point>
               <element dimension="1">3.699</element>
               <element dimension="2">-0.90355</element>
            </point>
         </set>
      </occupancy>
      <occupancy>
         <time>
            <intervalStart>0.3</intervalStart>
            <intervalEnd>0.4</intervalEnd>
         </time>
         <set>
            <point>
               <element dimension="1">6.0954</element>
               <element dimension="2">1.1804</element>
            </point>
            <point>
               <element dimension="1">7.6503</element>
               <element dimension="2">1.3612</element>
            </point>
            <point>
               <element dimension="1">13.1805</element>
               <element dimension="2">1.9211</element>
            </point>
            <point>
               <element dimension="1">13.3055</element>
               <element dimension="2">1.9319</element>
            </point>
            <point>
               <element dimension="1">13.5077</element>
               <element dimension="2">0.19183</element>
            </point>
            <point>
               <element dimension="1">13.5286</element>
               <element dimension="2">-0.049739</element>
            </point>
            <point>
               <element dimension="1">10.9732</element>
               <element dimension="2">-0.34679</element>
            </point>
            <point>
               <element dimension="1">10.6049</element>
               <element dimension="2">-0.38408</element>
            </point>
            <point>
               <element dimension="1">6.2634</element>
               <element dimension="2">-0.75877</element>
            </point>
            <point>
               <element dimension="1">6.2611</element>
               <element dimension="2">-0.73898</element>
            </point>
         </set>
      </occupancy>
      <occupancy>
         <time>
            <intervalStart>0.4</intervalStart>
            <intervalEnd>0.5</intervalEnd>
         </time>
         <set>
            <point>
               <element dimension="1">8.6174</element>
               <element dimension="2">1.3868</element>
            </point>
            <point>
               <element dimension="1">9.9475</element>
               <element dimension="2">1.5818</element>
            </point>
            <point>
               <element dimension="1">15.6993</element>
               <element dimension="2">2.3377</element>
            </point>
            <point>
               <element dimension="1">15.8018</element>
               <element dimension="2">2.3496</element>
            </point>
            <point>
               <element dimension="1">16.0555</element>
               <element dimension="2">0.61942</element>
            </point>
            <point>
               <element dimension="1">16.0806</element>
               <element dimension="2">0.40392</element>
            </point>
            <point>
               <element dimension="1">13.516</element>
               <element dimension="2">0.027849</element>
            </point>
            <point>
               <element dimension="1">13.179</element>
               <element dimension="2">-0.016433</element>
            </point>
            <point>
               <element dimension="1">8.8397</element>
               <element dimension="2">-0.52085</element>
            </point>
            <point>
               <element dimension="1">8.8371</element>
               <element dimension="2">-0.50285</element>
            </point>
         </set>
      </occupancy>
      <occupancy>
         <time>
            <intervalStart>0.5</intervalStart>
            <intervalEnd>0.6</intervalEnd>
         </time>
         <set>
            <point>
               <element dimension="1">11.154</element>
               <element dimension="2">1.6672</element>
            </point>
            <point>
               <element dimension="1">12.5037</element>
               <element dimension="2">1.9069</element>
            </point>
            <point>
               <element dimension="1">18.2238</element>
               <element dimension="2">2.8338</element>
            </point>
            <point>
               <element dimension="1">18.3042</element>
               <element dimension="2">2.8456</element>
            </point>
            <point>
               <element dimension="1">18.6093</element>
               <element dimension="2">1.1266</element>
            </point>
            <point>
               <element dimension="1">18.6365</element>
               <element dimension="2">0.94121</element>
            </point>
            <point>
               <element dimension="1">16.0639</element>
               <element dimension="2">0.48448</element>
            </point>
            <point>
               <element dimension="1">15.7177</element>
               <element dimension="2">0.42838</element>
            </point>
            <point>
               <element dimension="1">11.4284</element>
               <element dimension="2">-0.20059</element>
            </point>
            <point>
               <element dimension="1">11.4257</element>
               <element dimension="2">-0.18577</element>
            </point>
         </set>
      </occupancy>
      <occupancy>
         <time>
            <intervalStart>0.6</intervalStart>
            <intervalEnd>0.7</intervalEnd>
         </time>
         <set>
            <point>
               <element dimension="1">13.7014</element>
               <element dimension="2">2.027</element>
            </point>
            <point>
               <element dimension="1">15.0574</element>
               <element dimension="2">2.3104</element>
            </point>
            <point>
               <element dimension="1">20.7514</element>
               <element dimension="2">3.4106</element>
            </point>
            <point>
               <element dimension="1">20.8098</element>
               <element dimension="2">3.421</element>
            </point>
            <point>
               <element dimension="1">21.1664</element>
               <element dimension="2">1.7148</element>
            </point>
            <point>
               <element dimension="1">21.194</element>
               <element dimension="2">1.5597</element>
            </point>
            <point>
               <element dimension="1">18.6168</element>
               <element dimension="2">1.021</element>
            </point>
            <point>
               <element dimension="1">18.2725</element>
               <element dimension="2">0.95451</element>
            </point>
            <point>
               <element dimension="1">14.026</element>
               <element dimension="2">0.20061</element>
            </point>
            <point>
               <element dimension="1">14.0235</element>
               <element dimension="2">0.21244</element>
            </point>
         </set>
      </occupancy>
      <occupancy>
         <time>
            <intervalStart>0.7</intervalStart>
            <intervalEnd>0.8</intervalEnd>
         </time>
         <set>
            <point>
               <element dimension="1">16.257</element>
               <element dimension="2">2.4674</element>
            </point>
            <point>
               <element dimension="1">17.617</element>
               <element dimension="2">2.7953</element>
            </point>
            <point>
               <element dimension="1">23.2795</element>
               <element dimension="2">4.0694</element>
            </point>
            <point>
               <element dimension="1">23.3162</element>
               <element dimension="2">4.0771</element>
            </point>
            <point>
               <element dimension="1">23.7241</element>
               <element dimension="2">2.3854</element>
            </point>
            <point>
               <element dimension="1">23.7502</element>
               <element dimension="2">2.2606</element>
            </point>
            <point>
               <element dimension="1">21.1721</element>
               <element dimension="2">1.639</element>
            </point>
            <point>
               <element dimension="1">20.83</element>
               <element dimension="2">1.562</element>
            </point>
            <point>
               <element dimension="1">16.63</element>
               <element dimension="2">0.68417</element>
            </point>
            <point>
               <element dimension="1">16.6279</element>
               <element dimension="2">0.69302</element>
            </point>
         </set>
      </occupancy>
      <occupancy>
         <time>
            <intervalStart>0.8</intervalStart>
            <intervalEnd>0.9</intervalEnd>
         </time>
         <set>
            <point>
               <element dimension="1">18.8182</element>
               <element dimension="2">2.9898</element>
            </point>
            <point>
               <element dimension="1">20.1834</element>
               <element dimension="2">3.3638</element>
            </point>
            <point>
               <element dimension="1">25.8114</element>
               <element dimension="2">4.813</element>
            </point>
            <point>
               <element dimension="1">25.8204</element>
               <element dimension="2">4.8152</element>
            </point>
            <point>
               <element dimension="1">26.2795</element>
               <element dimension="2">3.1394</element>
            </point>
            <point>
               <element dimension="1">26.3023</element>
               <element dimension="2">3.0451</element>
            </point>
            <point>
               <element dimension="1">23.7268</element>
               <element dimension="2">2.3395</element>
            </point>
            <point>
               <element dimension="1">23.3859</element>
               <element dimension="2">2.2517</element>
            </point>
            <point>
               <element dimension="1">19.2376</element>
               <element dimension="2">1.2514</element>
            </point>
            <point>
               <element dimension="1">19.236</element>
               <element dimension="2">1.2574</element>
            </point>
         </set>
      </occupancy>
      <occupancy>
         <time>
            <intervalStart>0.9</intervalStart>
            <intervalEnd>1</intervalEnd>
         </time>
         <set>
            <point>
               <element dimension="1">21.3823</element>
               <element dimension="2">3.5958</element>
            </point>
            <point>
               <element dimension="1">22.9045</element>
               <element dimension="2">4.0641</element>
            </point>
            <point>
               <element dimension="1">28.3168</element>
               <element dimension="2">5.6376</element>
            </point>
            <point>
               <element dimension="1">28.3197</element>
               <element dimension="2">5.6384</element>
            </point>
            <point>
               <element dimension="1">28.8234</element>
               <element dimension="2">4.001</element>
            </point>
            <point>
               <element dimension="1">28.8473</element>
               <element dimension="2">3.914</element>
            </point>
            <point>
               <element dimension="1">26.2783</element>
               <element dimension="2">3.1237</element>
            </point>
            <point>
               <element dimension="1">25.9047</element>
               <element dimension="2">3.0151</element>
            </point>
            <point>
               <element dimension="1">21.8461</element>
               <element dimension="2">1.9032</element>
            </point>
            <point>
               <element dimension="1">21.845</element>
               <element dimension="2">1.9067</element>
            </point>
         </set>
      </occupancy>
   </occupancySet>
   <reachableSet>
      <reachability>
         <time>0</time>
         <x>
            <intervalStart>-0.1</intervalStart>
            <intervalEnd>0.1</intervalEnd>
         </x>
         <y>
            <intervalStart>-0.1</intervalStart>
            <intervalEnd>0.1</intervalEnd>
         </y>
         <velocity>
            <intervalStart>24.6</intervalStart>
            <intervalEnd>25</intervalEnd>
         </velocity>
         <orientation>
            <intervalStart>-0.02</intervalStart>
            <intervalEnd>0.02</intervalEnd>
         </orientation>
      </reachability>
      <reachability>
         <time>1</time>
         <x>
            <intervalStart>25.413</intervalStart>
            <intervalEnd>25.416</intervalEnd>
         </x>
         <y>
            <intervalStart>3.8358</intervalStart>
            <intervalEnd>3.8466</intervalEnd>
         </y>
         <velocity>
            <intervalStart>26.8</intervalStart>
            <intervalEnd>26.8</intervalEnd>
         </velocity>
         <orientation>
            <intervalStart>0.29979</intervalStart>
            <intervalEnd>0.30022</intervalEnd>
         </orientation>
      </reachability>
   </reachableSet>
</motionPrimitive>