<?xml version="1.0" encoding="utf-8"?>
<motionPrimitive ID="10285">
   <controller type="generator space control">controller10285.mat</controller>
   <successors>
      <id>10236</id>
      <id>10237</id>
      <id>10238</id>
      <id>10239</id>
      <id>10240</id>
      <id>10241</id>
      <id>10242</id>
      <id>10243</id>
      <id>10244</id>
      <id>10245</id>
      <id>10246</id>
      <id>10247</id>
      <id>10248</id>
      <id>10249</id>
      <id>10250</id>
      <id>10251</id>
      <id>10252</id>
      <id>10253</id>
      <id>10254</id>
      <id>10255</id>
      <id>10256</id>
      <id>10257</id>
      <id>10258</id>
      <id>10259</id>
      <id>10260</id>
      <id>10261</id>
      <id>10262</id>
      <id>10263</id>
      <id>10264</id>
      <id>10265</id>
      <id>10266</id>
      <id>10267</id>
      <id>10268</id>
      <id>10269</id>
      <id>10270</id>
      <id>10271</id>
      <id>10272</id>
      <id>10273</id>
      <id>10274</id>
      <id>10275</id>
      <id>10276</id>
      <id>10277</id>
      <id>10278</id>
      <id>10279</id>
      <id>10280</id>
      <id>10281</id>
      <id>10282</id>
      <id>10283</id>
      <id>10284</id>
      <id>10285</id>
      <id>10286</id>
      <id>10287</id>
      <id>10288</id>
      <id>10289</id>
      <id>10290</id>
      <id>10291</id>
      <id>10292</id>
      <id>10293</id>
      <id>10294</id>
      <id>10295</id>
      <id>10296</id>
      <id>10297</id>
      <id>10298</id>
      <id>10299</id>
      <id>10300</id>
      <id>10301</id>
      <id>10302</id>
      <id>10303</id>
      <id>10304</id>
      <id>10305</id>
      <id>10306</id>
      <id>10307</id>
      <id>10308</id>
      <id>10309</id>
      <id>10310</id>
      <id>10311</id>
      <id>10312</id>
      <id>10313</id>
      <id>10314</id>
      <id>10315</id>
      <id>10316</id>
      <id>10317</id>
      <id>10318</id>
      <id>10319</id>
      <id>10320</id>
      <id>10321</id>
      <id>10322</id>
      <id>10323</id>
      <id>10324</id>
      <id>10325</id>
      <id>10326</id>
      <id>10327</id>
      <id>10328</id>
      <id>10329</id>
      <id>10330</id>
      <id>10331</id>
      <id>10332</id>
      <id>10333</id>
      <id>10334</id>
      <id>10335</id>
      <id>10336</id>
      <id>10337</id>
      <id>10338</id>
      <id>10339</id>
      <id>10340</id>
      <id>10341</id>
      <id>10342</id>
      <id>10343</id>
      <id>10344</id>
      <id>10345</id>
      <id>10346</id>
      <id>10347</id>
      <id>10348</id>
      <id>10349</id>
      <id>10350</id>
      <id>10351</id>
      <id>10352</id>
      <id>10353</id>
      <id>10354</id>
      <id>10355</id>
      <id>10356</id>
      <id>10357</id>
      <id>10358</id>
      <id>10359</id>
      <id>10360</id>
      <id>10361</id>
      <id>10362</id>
      <id>10363</id>
      <id>10364</id>
      <id>10365</id>
      <id>10366</id>
      <id>10367</id>
      <id>10368</id>
      <id>10369</id>
      <id>10370</id>
      <id>10371</id>
      <id>10372</id>
      <id>10373</id>
      <id>10374</id>
      <id>10375</id>
      <id>10376</id>
      <id>10377</id>
      <id>10378</id>
      <id>10379</id>
      <id>10380</id>
      <id>10381</id>
      <id>10382</id>
      <id>10383</id>
      <id>10384</id>
      <id>10385</id>
      <id>10386</id>
      <id>10387</id>
      <id>10388</id>
      <id>10389</id>
      <id>10390</id>
      <id>10391</id>
      <id>10392</id>
      <id>10393</id>
      <id>10394</id>
      <id>10395</id>
      <id>10396</id>
      <id>10397</id>
      <id>10398</id>
      <id>10399</id>
      <id>10400</id>
      <id>10401</id>
      <id>10402</id>
      <id>10403</id>
      <id>10404</id>
      <id>10405</id>
      <id>10406</id>
      <id>10407</id>
      <id>10408</id>
      <id>10409</id>
      <id>10410</id>
      <id>10411</id>
      <id>10412</id>
      <id>10413</id>
      <id>10414</id>
      <id>10415</id>
   </successors>
   <trajectory>
      <states>
         <state>
            <time>0</time>
            <x>0</x>
            <y>0</y>
            <velocity>24.8</velocity>
            <orientation>0</orientation>
         </state>
         <state>
            <time>0.1</time>
            <x>2.4793</x>
            <y>-0.049593</y>
            <velocity>24.8</velocity>
            <orientation>-0.04</orientation>
         </state>
         <state>
            <time>0.2</time>
            <x>4.9547</x>
            <y>-0.19829</y>
            <velocity>24.8</velocity>
            <orientation>-0.08</orientation>
         </state>
         <state>
            <time>0.3</time>
            <x>7.4222</x>
            <y>-0.44586</y>
            <velocity>24.8</velocity>
            <orientation>-0.12</orientation>
         </state>
         <state>
            <time>0.4</time>
            <x>9.8777</x>
            <y>-0.79191</y>
            <velocity>24.8</velocity>
            <orientation>-0.16</orientation>
         </state>
         <state>
            <time>0.5</time>
            <x>12.3175</x>
            <y>-1.2359</y>
            <velocity>24.8</velocity>
            <orientation>-0.2</orientation>
         </state>
         <state>
            <time>0.6</time>
            <x>14.7376</x>
            <y>-1.777</y>
            <velocity>24.8</velocity>
            <orientation>-0.24</orientation>
         </state>
         <state>
            <time>0.7</time>
            <x>17.1341</x>
            <y>-2.4146</y>
            <velocity>24.8</velocity>
            <orientation>-0.28</orientation>
         </state>
         <state>
            <time>0.8</time>
            <x>19.5031</x>
            <y>-3.1474</y>
            <velocity>24.8</velocity>
            <orientation>-0.32</orientation>
         </state>
         <state>
            <time>0.9</time>
            <x>21.841</x>
            <y>-3.9744</y>
            <velocity>24.8</velocity>
            <orientation>-0.36</orientation>
         </state>
         <state>
            <time>1</time>
            <x>24.1439</x>
            <y>-4.8942</y>
            <velocity>24.8</velocity>
            <orientation>-0.4</orientation>
         </state>
      </states>
      <inputs>
         <input>
            <acceleration>0</acceleration>
            <steer>-0.03708</steer>
         </input>
         <input>
            <acceleration>0</acceleration>
            <steer>-0.03708</steer>
         </input>
         <input>
            <acceleration>0</acceleration>
            <steer>-0.03708</steer>
         </input>
         <input>
            <acceleration>0</acceleration>
            <steer>-0.03708</steer>
         </input>
         <input>
            <acceleration>0</acceleration>
            <steer>-0.03708</steer>
         </input>
         <input>
            <acceleration>0</acceleration>
            <steer>-0.03708</steer>
         </input>
         <input>
            <acceleration>0</acceleration>
            <steer>-0.03708</steer>
         </input>
         <input>
            <acceleration>0</acceleration>
            <steer>-0.03708</steer>
         </input>
         <input>
            <acceleration>0</acceleration>
            <steer>-0.03708</steer>
         </input>
         <input>
            <acceleration>0</acceleration>
            <steer>-0.03708</steer>
         </input>
      </inputs>
   </trajectory>
   <occupancySet>
      <occupancy>
         <time>
            <intervalStart>0</intervalStart>
            <intervalEnd>0.1</intervalEnd>
         </time>
         <set>
            <point>
               <element dimension="1">-1.1238</element>
               <element dimension="2">-1.0187</element>
            </point>
            <point>
               <element dimension="1">-1.1197</element>
               <element dimension="2">1.0273</element>
            </point>
            <point>
               <element dimension="1">-1.1197</element>
               <element dimension="2">1.0276</element>
            </point>
            <point>
               <element dimension="1">-1.1196</element>
               <element dimension="2">1.0294</element>
            </point>
            <point>
               <element dimension="1">3.3377</element>
               <element dimension="2">1.0205</element>
            </point>
            <point>
               <element dimension="1">3.6632</element>
               <element dimension="2">1.014</element>
            </point>
            <point>
               <element dimension="1">5.9197</element>
               <element dimension="2">0.92819</element>
            </point>
            <point>
               <element dimension="1">5.9193</element>
               <element dimension="2">0.70498</element>
            </point>
            <point>
               <element dimension="1">5.9164</element>
               <element dimension="2">0.563</element>
            </point>
            <point>
               <element dimension="1">5.8509</element>
               <element dimension="2">-1.1605</element>
            </point>
            <point>
               <element dimension="1">5.6602</element>
               <element dimension="2">-1.1601</element>
            </point>
            <point>
               <element dimension="1">-0.80387</element>
               <element dimension="2">-1.0308</element>
            </point>
         </set>
      </occupancy>
      <occupancy>
         <time>
            <intervalStart>0.1</intervalStart>
            <intervalEnd>0.2</intervalEnd>
         </time>
         <set>
            <point>
               <element dimension="1">1.0835</element>
               <element dimension="2">-0.98087</element>
            </point>
            <point>
               <element dimension="1">1.1581</element>
               <element dimension="2">0.9825</element>
            </point>
            <point>
               <element dimension="1">1.1595</element>
               <element dimension="2">0.99966</element>
            </point>
            <point>
               <element dimension="1">5.2044</element>
               <element dimension="2">0.84584</element>
            </point>
            <point>
               <element dimension="1">5.9184</element>
               <element dimension="2">0.80438</element>
            </point>
            <point>
               <element dimension="1">8.4213</element>
               <element dimension="2">0.60872</element>
            </point>
            <point>
               <element dimension="1">8.4096</element>
               <element dimension="2">0.30052</element>
            </point>
            <point>
               <element dimension="1">8.4095</element>
               <element dimension="2">0.29759</element>
            </point>
            <point>
               <element dimension="1">8.2734</element>
               <element dimension="2">-1.4435</element>
            </point>
            <point>
               <element dimension="1">8.1046</element>
               <element dimension="2">-1.437</element>
            </point>
            <point>
               <element dimension="1">3.4928</element>
               <element dimension="2">-1.1692</element>
            </point>
         </set>
      </occupancy>
      <occupancy>
         <time>
            <intervalStart>0.2</intervalStart>
            <intervalEnd>0.3</intervalEnd>
         </time>
         <set>
            <point>
               <element dimension="1">3.5284</element>
               <element dimension="2">-1.074</element>
            </point>
            <point>
               <element dimension="1">3.6809</element>
               <element dimension="2">0.87756</element>
            </point>
            <point>
               <element dimension="1">3.6834</element>
               <element dimension="2">0.89849</element>
            </point>
            <point>
               <element dimension="1">7.932</element>
               <element dimension="2">0.56637</element>
            </point>
            <point>
               <element dimension="1">8.4154</element>
               <element dimension="2">0.51884</element>
            </point>
            <point>
               <element dimension="1">10.9085</element>
               <element dimension="2">0.22325</element>
            </point>
            <point>
               <element dimension="1">10.8858</element>
               <element dimension="2">-0.067913</element>
            </point>
            <point>
               <element dimension="1">10.6789</element>
               <element dimension="2">-1.8123</element>
            </point>
            <point>
               <element dimension="1">10.5326</element>
               <element dimension="2">-1.8008</element>
            </point>
            <point>
               <element dimension="1">5.4124</element>
               <element dimension="2">-1.2973</element>
            </point>
         </set>
      </occupancy>
      <occupancy>
         <time>
            <intervalStart>0.3</intervalStart>
            <intervalEnd>0.4</intervalEnd>
         </time>
         <set>
            <point>
               <element dimension="1">5.9736</element>
               <element dimension="2">-1.2548</element>
            </point>
            <point>
               <element dimension="1">6.2007</element>
               <element dimension="2">0.66025</element>
            </point>
            <point>
               <element dimension="1">6.2052</element>
               <element dimension="2">0.68866</element>
            </point>
            <point>
               <element dimension="1">10.4521</element>
               <element dimension="2">0.18514</element>
            </point>
            <point>
               <element dimension="1">10.8942</element>
               <element dimension="2">0.12374</element>
            </point>
            <point>
               <element dimension="1">13.3775</element>
               <element dimension="2">-0.27194</element>
            </point>
            <point>
               <element dimension="1">13.3464</element>
               <element dimension="2">-0.53453</element>
            </point>
            <point>
               <element dimension="1">13.0691</element>
               <element dimension="2">-2.2745</element>
            </point>
            <point>
               <element dimension="1">12.9445</element>
               <element dimension="2">-2.2597</element>
            </point>
            <point>
               <element dimension="1">7.7669</element>
               <element dimension="2">-1.5406</element>
            </point>
         </set>
      </occupancy>
      <occupancy>
         <time>
            <intervalStart>0.4</intervalStart>
            <intervalEnd>0.5</intervalEnd>
         </time>
         <set>
            <point>
               <element dimension="1">8.4099</element>
               <element dimension="2">-1.5317</element>
            </point>
            <point>
               <element dimension="1">8.7097</element>
               <element dimension="2">0.35033</element>
            </point>
            <point>
               <element dimension="1">8.7148</element>
               <element dimension="2">0.37565</element>
            </point>
            <point>
               <element dimension="1">12.9661</element>
               <element dimension="2">-0.30173</element>
            </point>
            <point>
               <element dimension="1">13.3571</element>
               <element dimension="2">-0.37207</element>
            </point>
            <point>
               <element dimension="1">15.822</element>
               <element dimension="2">-0.8666</element>
            </point>
            <point>
               <element dimension="1">15.7843</element>
               <element dimension="2">-1.1032</element>
            </point>
            <point>
               <element dimension="1">15.4385</element>
               <element dimension="2">-2.8264</element>
            </point>
            <point>
               <element dimension="1">15.3366</element>
               <element dimension="2">-2.8102</element>
            </point>
            <point>
               <element dimension="1">9.9667</element>
               <element dimension="2">-1.8441</element>
            </point>
         </set>
      </occupancy>
      <occupancy>
         <time>
            <intervalStart>0.5</intervalStart>
            <intervalEnd>0.6</intervalEnd>
         </time>
         <set>
            <point>
               <element dimension="1">10.8364</element>
               <element dimension="2">-1.9018</element>
            </point>
            <point>
               <element dimension="1">11.2054</element>
               <element dimension="2">-0.062651</element>
            </point>
            <point>
               <element dimension="1">11.2104</element>
               <element dimension="2">-0.041756</element>
            </point>
            <point>
               <element dimension="1">15.3947</element>
               <element dimension="2">-0.88127</element>
            </point>
            <point>
               <element dimension="1">15.795</element>
               <element dimension="2">-0.96995</element>
            </point>
            <point>
               <element dimension="1">18.2388</element>
               <element dimension="2">-1.5628</element>
            </point>
            <point>
               <element dimension="1">18.1977</element>
               <element dimension="2">-1.768</element>
            </point>
            <point>
               <element dimension="1">17.7842</element>
               <element dimension="2">-3.4723</element>
            </point>
            <point>
               <element dimension="1">17.7046</element>
               <element dimension="2">-3.4564</element>
            </point>
            <point>
               <element dimension="1">12.4041</element>
               <element dimension="2">-2.2822</element>
            </point>
         </set>
      </occupancy>
      <occupancy>
         <time>
            <intervalStart>0.6</intervalStart>
            <intervalEnd>0.7</intervalEnd>
         </time>
         <set>
            <point>
               <element dimension="1">13.2471</element>
               <element dimension="2">-2.3695</element>
            </point>
            <point>
               <element dimension="1">13.6823</element>
               <element dimension="2">-0.57597</element>
            </point>
            <point>
               <element dimension="1">13.687</element>
               <element dimension="2">-0.55918</element>
            </point>
            <point>
               <element dimension="1">17.8096</element>
               <element dimension="2">-1.5593</element>
            </point>
            <point>
               <element dimension="1">18.2072</element>
               <element dimension="2">-1.6642</element>
            </point>
            <point>
               <element dimension="1">20.625</element>
               <element dimension="2">-2.3543</element>
            </point>
            <point>
               <element dimension="1">20.5827</element>
               <element dimension="2">-2.5283</element>
            </point>
            <point>
               <element dimension="1">20.1025</element>
               <element dimension="2">-4.211</element>
            </point>
            <point>
               <element dimension="1">20.0448</element>
               <element dimension="2">-4.197</element>
            </point>
            <point>
               <element dimension="1">14.8104</element>
               <element dimension="2">-2.8157</element>
            </point>
         </set>
      </occupancy>
      <occupancy>
         <time>
            <intervalStart>0.7</intervalStart>
            <intervalEnd>0.8</intervalEnd>
         </time>
         <set>
            <point>
               <element dimension="1">15.6383</element>
               <element dimension="2">-2.934</element>
            </point>
            <point>
               <element dimension="1">16.1364</element>
               <element dimension="2">-1.1885</element>
            </point>
            <point>
               <element dimension="1">16.1406</element>
               <element dimension="2">-1.1758</element>
            </point>
            <point>
               <element dimension="1">20.1955</element>
               <element dimension="2">-2.333</element>
            </point>
            <point>
               <element dimension="1">20.5897</element>
               <element dimension="2">-2.4541</element>
            </point>
            <point>
               <element dimension="1">22.9765</element>
               <element dimension="2">-3.2398</element>
            </point>
            <point>
               <element dimension="1">22.9357</element>
               <element dimension="2">-3.3827</element>
            </point>
            <point>
               <element dimension="1">22.3898</element>
               <element dimension="2">-5.0412</element>
            </point>
            <point>
               <element dimension="1">22.3535</element>
               <element dimension="2">-5.0309</element>
            </point>
            <point>
               <element dimension="1">17.1932</element>
               <element dimension="2">-3.4459</element>
            </point>
         </set>
      </occupancy>
      <occupancy>
         <time>
            <intervalStart>0.8</intervalStart>
            <intervalEnd>0.9</intervalEnd>
         </time>
         <set>
            <point>
               <element dimension="1">18.0059</element>
               <element dimension="2">-3.5945</element>
            </point>
            <point>
               <element dimension="1">18.5639</element>
               <element dimension="2">-1.8993</element>
            </point>
            <point>
               <element dimension="1">18.5672</element>
               <element dimension="2">-1.8904</element>
            </point>
            <point>
               <element dimension="1">22.5473</element>
               <element dimension="2">-3.2006</element>
            </point>
            <point>
               <element dimension="1">22.9389</element>
               <element dimension="2">-3.3382</element>
            </point>
            <point>
               <element dimension="1">25.2898</element>
               <element dimension="2">-4.2178</element>
            </point>
            <point>
               <element dimension="1">25.2529</element>
               <element dimension="2">-4.33</element>
            </point>
            <point>
               <element dimension="1">24.6423</element>
               <element dimension="2">-5.9621</element>
            </point>
            <point>
               <element dimension="1">24.637</element>
               <element dimension="2">-5.9603</element>
            </point>
            <point>
               <element dimension="1">19.555</element>
               <element dimension="2">-4.174</element>
            </point>
         </set>
      </occupancy>
      <occupancy>
         <time>
            <intervalStart>0.9</intervalStart>
            <intervalEnd>1</intervalEnd>
         </time>
         <set>
            <point>
               <element dimension="1">20.3461</element>
               <element dimension="2">-4.35</element>
            </point>
            <point>
               <element dimension="1">20.9607</element>
               <element dimension="2">-2.7072</element>
            </point>
            <point>
               <element dimension="1">20.9635</element>
               <element dimension="2">-2.7005</element>
            </point>
            <point>
               <element dimension="1">24.7839</element>
               <element dimension="2">-4.1298</element>
            </point>
            <point>
               <element dimension="1">25.2509</element>
               <element dimension="2">-4.3153</element>
            </point>
            <point>
               <element dimension="1">27.5608</element>
               <element dimension="2">-5.2865</element>
            </point>
            <point>
               <element dimension="1">27.5214</element>
               <element dimension="2">-5.3916</element>
            </point>
            <point>
               <element dimension="1">26.8564</element>
               <element dimension="2">-6.9733</element>
            </point>
            <point>
               <element dimension="1">26.8529</element>
               <element dimension="2">-6.972</element>
            </point>
            <point>
               <element dimension="1">21.9807</element>
               <element dimension="2">-5.0372</element>
            </point>
         </set>
      </occupancy>
   </occupancySet>
   <reachableSet>
      <reachability>
         <time>0</time>
         <x>
            <intervalStart>-0.1</intervalStart>
            <intervalEnd>0.1</intervalEnd>
         </x>
         <y>
            <intervalStart>-0.1</intervalStart>
            <intervalEnd>0.1</intervalEnd>
         </y>
         <velocity>
            <intervalStart>24.6</intervalStart>
            <intervalEnd>25</intervalEnd>
         </velocity>
         <orientation>
            <intervalStart>-0.02</intervalStart>
            <intervalEnd>0.02</intervalEnd>
         </orientation>
      </reachability>
      <reachability>
         <time>1</time>
         <x>
            <intervalStart>24.1417</intervalStart>
            <intervalEnd>24.1456</intervalEnd>
         </x>
         <y>
            <intervalStart>-4.8995</intervalStart>
            <intervalEnd>-4.8892</intervalEnd>
         </y>
         <velocity>
            <intervalStart>24.8</intervalStart>
            <intervalEnd>24.8</intervalEnd>
         </velocity>
         <orientation>
            <intervalStart>-0.40022</intervalStart>
            <intervalEnd>-0.39979</intervalEnd>
         </orientation>
      </reachability>
   </reachableSet>
</motionPrimitive>