<?xml version="1.0" encoding="utf-8"?>
<motionPrimitive ID="10091">
   <controller type="generator space control">controller10091.mat</controller>
   <successors>
      <id>6129</id>
      <id>6130</id>
      <id>6131</id>
      <id>6132</id>
      <id>6133</id>
      <id>6134</id>
      <id>6135</id>
      <id>6136</id>
      <id>6137</id>
      <id>6138</id>
      <id>6139</id>
      <id>6140</id>
      <id>6141</id>
      <id>6142</id>
      <id>6143</id>
      <id>6144</id>
      <id>6145</id>
      <id>6146</id>
      <id>6147</id>
      <id>6148</id>
      <id>6149</id>
      <id>6150</id>
      <id>6151</id>
      <id>6152</id>
      <id>6153</id>
      <id>6154</id>
      <id>6155</id>
      <id>6156</id>
      <id>6157</id>
      <id>6158</id>
      <id>6159</id>
      <id>6160</id>
      <id>6161</id>
      <id>6162</id>
      <id>6163</id>
      <id>6164</id>
      <id>6165</id>
      <id>6166</id>
      <id>6167</id>
      <id>6168</id>
      <id>6169</id>
      <id>6170</id>
      <id>6171</id>
      <id>6172</id>
      <id>6173</id>
      <id>6174</id>
      <id>6175</id>
      <id>6176</id>
      <id>6177</id>
      <id>6178</id>
      <id>6179</id>
      <id>6180</id>
      <id>6181</id>
      <id>6182</id>
      <id>6183</id>
      <id>6184</id>
      <id>6185</id>
      <id>6186</id>
      <id>6187</id>
      <id>6188</id>
      <id>6189</id>
      <id>6190</id>
      <id>6191</id>
      <id>6192</id>
      <id>6193</id>
      <id>6194</id>
      <id>6195</id>
      <id>6196</id>
      <id>6197</id>
      <id>6198</id>
      <id>6199</id>
      <id>6200</id>
      <id>6201</id>
      <id>6202</id>
      <id>6203</id>
      <id>6204</id>
      <id>6205</id>
      <id>6206</id>
      <id>6207</id>
      <id>6208</id>
      <id>6209</id>
      <id>6210</id>
      <id>6211</id>
      <id>6212</id>
      <id>6213</id>
      <id>6214</id>
      <id>6215</id>
      <id>6216</id>
      <id>6217</id>
      <id>6218</id>
      <id>6219</id>
      <id>6220</id>
      <id>6221</id>
      <id>6222</id>
      <id>6223</id>
      <id>6224</id>
      <id>6225</id>
      <id>6226</id>
      <id>6227</id>
      <id>6228</id>
      <id>6229</id>
      <id>6230</id>
      <id>6231</id>
      <id>6232</id>
      <id>6233</id>
      <id>6234</id>
      <id>6235</id>
      <id>6236</id>
      <id>6237</id>
      <id>6238</id>
      <id>6239</id>
      <id>6240</id>
      <id>6241</id>
      <id>6242</id>
      <id>6243</id>
      <id>6244</id>
      <id>6245</id>
      <id>6246</id>
      <id>6247</id>
      <id>6248</id>
      <id>6249</id>
      <id>6250</id>
      <id>6251</id>
      <id>6252</id>
      <id>6253</id>
      <id>6254</id>
      <id>6255</id>
      <id>6256</id>
      <id>6257</id>
      <id>6258</id>
      <id>6259</id>
      <id>6260</id>
      <id>6261</id>
      <id>6262</id>
      <id>6263</id>
      <id>6264</id>
      <id>6265</id>
      <id>6266</id>
      <id>6267</id>
      <id>6268</id>
      <id>6269</id>
      <id>6270</id>
      <id>6271</id>
      <id>6272</id>
      <id>6273</id>
      <id>6274</id>
      <id>6275</id>
      <id>6276</id>
      <id>6277</id>
      <id>6278</id>
      <id>6279</id>
      <id>6280</id>
      <id>6281</id>
      <id>6282</id>
      <id>6283</id>
      <id>6284</id>
      <id>6285</id>
      <id>6286</id>
      <id>6287</id>
      <id>6288</id>
      <id>6289</id>
      <id>6290</id>
      <id>6291</id>
      <id>6292</id>
      <id>6293</id>
      <id>6294</id>
      <id>6295</id>
      <id>6296</id>
      <id>6297</id>
      <id>6298</id>
      <id>6299</id>
      <id>6300</id>
      <id>6301</id>
      <id>6302</id>
      <id>6303</id>
      <id>6304</id>
      <id>6305</id>
      <id>6306</id>
      <id>6307</id>
      <id>6308</id>
      <id>6309</id>
      <id>6310</id>
      <id>6311</id>
      <id>6312</id>
      <id>6313</id>
      <id>6314</id>
      <id>6315</id>
      <id>6316</id>
      <id>6317</id>
      <id>6318</id>
      <id>6319</id>
      <id>6320</id>
      <id>6321</id>
      <id>6322</id>
      <id>6323</id>
   </successors>
   <trajectory>
      <states>
         <state>
            <time>0</time>
            <x>0</x>
            <y>0</y>
            <velocity>24.4</velocity>
            <orientation>0</orientation>
         </state>
         <state>
            <time>0.1</time>
            <x>2.398</x>
            <y>-0.084671</y>
            <velocity>23.6</velocity>
            <orientation>-0.070588</orientation>
         </state>
         <state>
            <time>0.2</time>
            <x>4.7049</x>
            <y>-0.3271</y>
            <velocity>22.8</velocity>
            <orientation>-0.13882</orientation>
         </state>
         <state>
            <time>0.3</time>
            <x>6.9115</x>
            <y>-0.70989</y>
            <velocity>22</velocity>
            <orientation>-0.20471</orientation>
         </state>
         <state>
            <time>0.4</time>
            <x>9.011</x>
            <y>-1.2158</y>
            <velocity>21.2</velocity>
            <orientation>-0.26824</orientation>
         </state>
         <state>
            <time>0.5</time>
            <x>10.9985</x>
            <y>-1.8281</y>
            <velocity>20.4</velocity>
            <orientation>-0.32941</orientation>
         </state>
         <state>
            <time>0.6</time>
            <x>12.8709</x>
            <y>-2.5303</y>
            <velocity>19.6</velocity>
            <orientation>-0.38824</orientation>
         </state>
         <state>
            <time>0.7</time>
            <x>14.6265</x>
            <y>-3.3069</y>
            <velocity>18.8</velocity>
            <orientation>-0.44471</orientation>
         </state>
         <state>
            <time>0.8</time>
            <x>16.2654</x>
            <y>-4.143</y>
            <velocity>18</velocity>
            <orientation>-0.49882</orientation>
         </state>
         <state>
            <time>0.9</time>
            <x>17.7884</x>
            <y>-5.0246</y>
            <velocity>17.2</velocity>
            <orientation>-0.55059</orientation>
         </state>
         <state>
            <time>1</time>
            <x>19.1978</x>
            <y>-5.9386</y>
            <velocity>16.4</velocity>
            <orientation>-0.6</orientation>
         </state>
      </states>
      <inputs>
         <input>
            <acceleration>-8</acceleration>
            <steer>-0.067544</steer>
         </input>
         <input>
            <acceleration>-8</acceleration>
            <steer>-0.067544</steer>
         </input>
         <input>
            <acceleration>-8</acceleration>
            <steer>-0.067544</steer>
         </input>
         <input>
            <acceleration>-8</acceleration>
            <steer>-0.067544</steer>
         </input>
         <input>
            <acceleration>-8</acceleration>
            <steer>-0.067544</steer>
         </input>
         <input>
            <acceleration>-8</acceleration>
            <steer>-0.067544</steer>
         </input>
         <input>
            <acceleration>-8</acceleration>
            <steer>-0.067544</steer>
         </input>
         <input>
            <acceleration>-8</acceleration>
            <steer>-0.067544</steer>
         </input>
         <input>
            <acceleration>-8</acceleration>
            <steer>-0.067544</steer>
         </input>
         <input>
            <acceleration>-8</acceleration>
            <steer>-0.067544</steer>
         </input>
      </inputs>
   </trajectory>
   <occupancySet>
      <occupancy>
         <time>
            <intervalStart>0</intervalStart>
            <intervalEnd>0.1</intervalEnd>
         </time>
         <set>
            <point>
               <element dimension="1">-1.1271</element>
               <element dimension="2">-1.0185</element>
            </point>
            <point>
               <element dimension="1">-1.1197</element>
               <element dimension="2">1.0342</element>
            </point>
            <point>
               <element dimension="1">-1.1197</element>
               <element dimension="2">1.0345</element>
            </point>
            <point>
               <element dimension="1">-1.1192</element>
               <element dimension="2">1.0419</element>
            </point>
            <point>
               <element dimension="1">3.2123</element>
               <element dimension="2">1.0264</element>
            </point>
            <point>
               <element dimension="1">3.6535</element>
               <element dimension="2">1.0108</element>
            </point>
            <point>
               <element dimension="1">5.8707</element>
               <element dimension="2">0.8617</element>
            </point>
            <point>
               <element dimension="1">5.8693</element>
               <element dimension="2">0.47073</element>
            </point>
            <point>
               <element dimension="1">5.8679</element>
               <element dimension="2">0.43184</element>
            </point>
            <point>
               <element dimension="1">5.7517</element>
               <element dimension="2">-1.2962</element>
            </point>
            <point>
               <element dimension="1">5.5511</element>
               <element dimension="2">-1.2955</element>
            </point>
            <point>
               <element dimension="1">0.1533</element>
               <element dimension="2">-1.1046</element>
            </point>
         </set>
      </occupancy>
      <occupancy>
         <time>
            <intervalStart>0.1</intervalStart>
            <intervalEnd>0.2</intervalEnd>
         </time>
         <set>
            <point>
               <element dimension="1">0.97102</element>
               <element dimension="2">-0.97749</element>
            </point>
            <point>
               <element dimension="1">1.1032</element>
               <element dimension="2">0.98791</element>
            </point>
            <point>
               <element dimension="1">1.1074</element>
               <element dimension="2">1.0194</element>
            </point>
            <point>
               <element dimension="1">5.0753</element>
               <element dimension="2">0.75264</element>
            </point>
            <point>
               <element dimension="1">5.8681</element>
               <element dimension="2">0.67204</element>
            </point>
            <point>
               <element dimension="1">8.2495</element>
               <element dimension="2">0.34741</element>
            </point>
            <point>
               <element dimension="1">8.2252</element>
               <element dimension="2">-0.014585</element>
            </point>
            <point>
               <element dimension="1">8.2242</element>
               <element dimension="2">-0.024285</element>
            </point>
            <point>
               <element dimension="1">7.9861</element>
               <element dimension="2">-1.7707</element>
            </point>
            <point>
               <element dimension="1">7.7902</element>
               <element dimension="2">-1.7575</element>
            </point>
            <point>
               <element dimension="1">3.4746</element>
               <element dimension="2">-1.3188</element>
            </point>
         </set>
      </occupancy>
      <occupancy>
         <time>
            <intervalStart>0.2</intervalStart>
            <intervalEnd>0.3</intervalEnd>
         </time>
         <set>
            <point>
               <element dimension="1">3.2091</element>
               <element dimension="2">-1.1218</element>
            </point>
            <point>
               <element dimension="1">3.4742</element>
               <element dimension="2">0.82295</element>
            </point>
            <point>
               <element dimension="1">3.4822</element>
               <element dimension="2">0.86193</element>
            </point>
            <point>
               <element dimension="1">7.5814</element>
               <element dimension="2">0.30312</element>
            </point>
            <point>
               <element dimension="1">8.2224</element>
               <element dimension="2">0.19407</element>
            </point>
            <point>
               <element dimension="1">10.4967</element>
               <element dimension="2">-0.27047</element>
            </point>
            <point>
               <element dimension="1">10.4495</element>
               <element dimension="2">-0.61698</element>
            </point>
            <point>
               <element dimension="1">10.0935</element>
               <element dimension="2">-2.3597</element>
            </point>
            <point>
               <element dimension="1">9.9079</element>
               <element dimension="2">-2.3344</element>
            </point>
            <point>
               <element dimension="1">5.3518</element>
               <element dimension="2">-1.5594</element>
            </point>
         </set>
      </occupancy>
      <occupancy>
         <time>
            <intervalStart>0.3</intervalStart>
            <intervalEnd>0.4</intervalEnd>
         </time>
         <set>
            <point>
               <element dimension="1">5.3745</element>
               <element dimension="2">-1.3971</element>
            </point>
            <point>
               <element dimension="1">5.7612</element>
               <element dimension="2">0.49581</element>
            </point>
            <point>
               <element dimension="1">5.7754</element>
               <element dimension="2">0.54833</element>
            </point>
            <point>
               <element dimension="1">9.7719</element>
               <element dimension="2">-0.26798</element>
            </point>
            <point>
               <element dimension="1">10.4473</element>
               <element dimension="2">-0.42848</element>
            </point>
            <point>
               <element dimension="1">12.6116</element>
               <element dimension="2">-1.0161</element>
            </point>
            <point>
               <element dimension="1">12.5485</element>
               <element dimension="2">-1.3249</element>
            </point>
            <point>
               <element dimension="1">12.0786</element>
               <element dimension="2">-3.0556</element>
            </point>
            <point>
               <element dimension="1">11.9043</element>
               <element dimension="2">-3.02</element>
            </point>
            <point>
               <element dimension="1">7.4746</element>
               <element dimension="2">-1.9673</element>
            </point>
         </set>
      </occupancy>
      <occupancy>
         <time>
            <intervalStart>0.4</intervalStart>
            <intervalEnd>0.5</intervalEnd>
         </time>
         <set>
            <point>
               <element dimension="1">7.4485</element>
               <element dimension="2">-1.7994</element>
            </point>
            <point>
               <element dimension="1">7.9516</element>
               <element dimension="2">0.053494</element>
            </point>
            <point>
               <element dimension="1">7.9653</element>
               <element dimension="2">0.094054</element>
            </point>
            <point>
               <element dimension="1">12.0778</element>
               <element dimension="2">-1.0226</element>
            </point>
            <point>
               <element dimension="1">12.5437</element>
               <element dimension="2">-1.1646</element>
            </point>
            <point>
               <element dimension="1">14.5834</element>
               <element dimension="2">-1.855</element>
            </point>
            <point>
               <element dimension="1">14.5068</element>
               <element dimension="2">-2.1372</element>
            </point>
            <point>
               <element dimension="1">13.9344</element>
               <element dimension="2">-3.8279</element>
            </point>
            <point>
               <element dimension="1">13.7814</element>
               <element dimension="2">-3.7863</element>
            </point>
            <point>
               <element dimension="1">9.1419</element>
               <element dimension="2">-2.3726</element>
            </point>
         </set>
      </occupancy>
      <occupancy>
         <time>
            <intervalStart>0.5</intervalStart>
            <intervalEnd>0.6</intervalEnd>
         </time>
         <set>
            <point>
               <element dimension="1">9.4362</element>
               <element dimension="2">-2.3056</element>
            </point>
            <point>
               <element dimension="1">10.0418</element>
               <element dimension="2">-0.51691</element>
            </point>
            <point>
               <element dimension="1">10.0548</element>
               <element dimension="2">-0.48486</element>
            </point>
            <point>
               <element dimension="1">14.0599</element>
               <element dimension="2">-1.8408</element>
            </point>
            <point>
               <element dimension="1">14.4994</element>
               <element dimension="2">-2.0041</element>
            </point>
            <point>
               <element dimension="1">16.4146</element>
               <element dimension="2">-2.781</element>
            </point>
            <point>
               <element dimension="1">16.332</element>
               <element dimension="2">-3.025</element>
            </point>
            <point>
               <element dimension="1">15.6636</element>
               <element dimension="2">-4.6725</element>
            </point>
            <point>
               <element dimension="1">15.5456</element>
               <element dimension="2">-4.6326</element>
            </point>
            <point>
               <element dimension="1">11.0885</element>
               <element dimension="2">-2.9758</element>
            </point>
         </set>
      </occupancy>
      <occupancy>
         <time>
            <intervalStart>0.6</intervalStart>
            <intervalEnd>0.7</intervalEnd>
         </time>
         <set>
            <point>
               <element dimension="1">11.3243</element>
               <element dimension="2">-2.9116</element>
            </point>
            <point>
               <element dimension="1">12.0222</element>
               <element dimension="2">-1.1912</element>
            </point>
            <point>
               <element dimension="1">12.0341</element>
               <element dimension="2">-1.166</element>
            </point>
            <point>
               <element dimension="1">15.912</element>
               <element dimension="2">-2.7391</element>
            </point>
            <point>
               <element dimension="1">16.3216</element>
               <element dimension="2">-2.9189</element>
            </point>
            <point>
               <element dimension="1">18.1164</element>
               <element dimension="2">-3.7681</element>
            </point>
            <point>
               <element dimension="1">18.0488</element>
               <element dimension="2">-3.9347</element>
            </point>
            <point>
               <element dimension="1">18.0378</element>
               <element dimension="2">-3.9597</element>
            </point>
            <point>
               <element dimension="1">17.2734</element>
               <element dimension="2">-5.5752</element>
            </point>
            <point>
               <element dimension="1">17.1935</element>
               <element dimension="2">-5.5428</element>
            </point>
            <point>
               <element dimension="1">12.9276</element>
               <element dimension="2">-3.6702</element>
            </point>
         </set>
      </occupancy>
      <occupancy>
         <time>
            <intervalStart>0.7</intervalStart>
            <intervalEnd>0.8</intervalEnd>
         </time>
         <set>
            <point>
               <element dimension="1">13.1035</element>
               <element dimension="2">-3.6</element>
            </point>
            <point>
               <element dimension="1">13.8841</element>
               <element dimension="2">-1.9504</element>
            </point>
            <point>
               <element dimension="1">13.8942</element>
               <element dimension="2">-1.9316</element>
            </point>
            <point>
               <element dimension="1">17.6426</element>
               <element dimension="2">-3.7052</element>
            </point>
            <point>
               <element dimension="1">18.0113</element>
               <element dimension="2">-3.8921</element>
            </point>
            <point>
               <element dimension="1">19.694</element>
               <element dimension="2">-4.8031</element>
            </point>
            <point>
               <element dimension="1">19.6213</element>
               <element dimension="2">-4.9567</element>
            </point>
            <point>
               <element dimension="1">19.6213</element>
               <element dimension="2">-4.9568</element>
            </point>
            <point>
               <element dimension="1">18.7721</element>
               <element dimension="2">-6.5255</element>
            </point>
            <point>
               <element dimension="1">18.7286</element>
               <element dimension="2">-6.5049</element>
            </point>
            <point>
               <element dimension="1">14.6713</element>
               <element dimension="2">-4.4487</element>
            </point>
         </set>
      </occupancy>
      <occupancy>
         <time>
            <intervalStart>0.8</intervalStart>
            <intervalEnd>0.9</intervalEnd>
         </time>
         <set>
            <point>
               <element dimension="1">14.7656</element>
               <element dimension="2">-4.3522</element>
            </point>
            <point>
               <element dimension="1">15.6189</element>
               <element dimension="2">-2.7761</element>
            </point>
            <point>
               <element dimension="1">15.6195</element>
               <element dimension="2">-2.7749</element>
            </point>
            <point>
               <element dimension="1">15.628</element>
               <element dimension="2">-2.7611</element>
            </point>
            <point>
               <element dimension="1">19.2</element>
               <element dimension="2">-4.6949</element>
            </point>
            <point>
               <element dimension="1">19.5762</element>
               <element dimension="2">-4.9113</element>
            </point>
            <point>
               <element dimension="1">21.1537</element>
               <element dimension="2">-5.8743</element>
            </point>
            <point>
               <element dimension="1">21.0783</element>
               <element dimension="2">-6.0136</element>
            </point>
            <point>
               <element dimension="1">21.078</element>
               <element dimension="2">-6.0141</element>
            </point>
            <point>
               <element dimension="1">20.1604</element>
               <element dimension="2">-7.5171</element>
            </point>
            <point>
               <element dimension="1">20.1547</element>
               <element dimension="2">-7.514</element>
            </point>
            <point>
               <element dimension="1">16.5085</element>
               <element dimension="2">-5.4161</element>
            </point>
         </set>
      </occupancy>
      <occupancy>
         <time>
            <intervalStart>0.9</intervalStart>
            <intervalEnd>1</intervalEnd>
         </time>
         <set>
            <point>
               <element dimension="1">16.3064</element>
               <element dimension="2">-5.157</element>
            </point>
            <point>
               <element dimension="1">17.2298</element>
               <element dimension="2">-3.6444</element>
            </point>
            <point>
               <element dimension="1">17.2374</element>
               <element dimension="2">-3.6332</element>
            </point>
            <point>
               <element dimension="1">20.6129</element>
               <element dimension="2">-5.6937</element>
            </point>
            <point>
               <element dimension="1">21.0187</element>
               <element dimension="2">-5.9554</element>
            </point>
            <point>
               <element dimension="1">22.496</element>
               <element dimension="2">-6.961</element>
            </point>
            <point>
               <element dimension="1">22.4133</element>
               <element dimension="2">-7.0964</element>
            </point>
            <point>
               <element dimension="1">21.4444</element>
               <element dimension="2">-8.52</element>
            </point>
            <point>
               <element dimension="1">21.4398</element>
               <element dimension="2">-8.5172</element>
            </point>
            <point>
               <element dimension="1">17.6916</element>
               <element dimension="2">-6.0998</element>
            </point>
         </set>
      </occupancy>
   </occupancySet>
   <reachableSet>
      <reachability>
         <time>0</time>
         <x>
            <intervalStart>-0.1</intervalStart>
            <intervalEnd>0.1</intervalEnd>
         </x>
         <y>
            <intervalStart>-0.1</intervalStart>
            <intervalEnd>0.1</intervalEnd>
         </y>
         <velocity>
            <intervalStart>24.2</intervalStart>
            <intervalEnd>24.6</intervalEnd>
         </velocity>
         <orientation>
            <intervalStart>-0.02</intervalStart>
            <intervalEnd>0.02</intervalEnd>
         </orientation>
      </reachability>
      <reachability>
         <time>1</time>
         <x>
            <intervalStart>19.1942</intervalStart>
            <intervalEnd>19.2008</intervalEnd>
         </x>
         <y>
            <intervalStart>-5.9458</intervalStart>
            <intervalEnd>-5.9318</intervalEnd>
         </y>
         <velocity>
            <intervalStart>16.4</intervalStart>
            <intervalEnd>16.4</intervalEnd>
         </velocity>
         <orientation>
            <intervalStart>-0.60036</intervalStart>
            <intervalEnd>-0.59968</intervalEnd>
         </orientation>
      </reachability>
   </reachableSet>
</motionPrimitive>