<?xml version="1.0" encoding="utf-8"?>
<motionPrimitive ID="10229">
   <controller type="generator space control">controller10229.mat</controller>
   <successors>
      <id>9096</id>
      <id>9097</id>
      <id>9098</id>
      <id>9099</id>
      <id>9100</id>
      <id>9101</id>
      <id>9102</id>
      <id>9103</id>
      <id>9104</id>
      <id>9105</id>
      <id>9106</id>
      <id>9107</id>
      <id>9108</id>
      <id>9109</id>
      <id>9110</id>
      <id>9111</id>
      <id>9112</id>
      <id>9113</id>
      <id>9114</id>
      <id>9115</id>
      <id>9116</id>
      <id>9117</id>
      <id>9118</id>
      <id>9119</id>
      <id>9120</id>
      <id>9121</id>
      <id>9122</id>
      <id>9123</id>
      <id>9124</id>
      <id>9125</id>
      <id>9126</id>
      <id>9127</id>
      <id>9128</id>
      <id>9129</id>
      <id>9130</id>
      <id>9131</id>
      <id>9132</id>
      <id>9133</id>
      <id>9134</id>
      <id>9135</id>
      <id>9136</id>
      <id>9137</id>
      <id>9138</id>
      <id>9139</id>
      <id>9140</id>
      <id>9141</id>
      <id>9142</id>
      <id>9143</id>
      <id>9144</id>
      <id>9145</id>
      <id>9146</id>
      <id>9147</id>
      <id>9148</id>
      <id>9149</id>
      <id>9150</id>
      <id>9151</id>
      <id>9152</id>
      <id>9153</id>
      <id>9154</id>
      <id>9155</id>
      <id>9156</id>
      <id>9157</id>
      <id>9158</id>
      <id>9159</id>
      <id>9160</id>
      <id>9161</id>
      <id>9162</id>
      <id>9163</id>
      <id>9164</id>
      <id>9165</id>
      <id>9166</id>
      <id>9167</id>
      <id>9168</id>
      <id>9169</id>
      <id>9170</id>
      <id>9171</id>
      <id>9172</id>
      <id>9173</id>
      <id>9174</id>
      <id>9175</id>
      <id>9176</id>
      <id>9177</id>
      <id>9178</id>
      <id>9179</id>
      <id>9180</id>
      <id>9181</id>
      <id>9182</id>
      <id>9183</id>
      <id>9184</id>
      <id>9185</id>
      <id>9186</id>
      <id>9187</id>
      <id>9188</id>
      <id>9189</id>
      <id>9190</id>
      <id>9191</id>
      <id>9192</id>
      <id>9193</id>
      <id>9194</id>
      <id>9195</id>
      <id>9196</id>
      <id>9197</id>
      <id>9198</id>
      <id>9199</id>
      <id>9200</id>
      <id>9201</id>
      <id>9202</id>
      <id>9203</id>
      <id>9204</id>
      <id>9205</id>
      <id>9206</id>
      <id>9207</id>
      <id>9208</id>
      <id>9209</id>
      <id>9210</id>
      <id>9211</id>
      <id>9212</id>
      <id>9213</id>
      <id>9214</id>
      <id>9215</id>
      <id>9216</id>
      <id>9217</id>
      <id>9218</id>
      <id>9219</id>
      <id>9220</id>
      <id>9221</id>
      <id>9222</id>
      <id>9223</id>
      <id>9224</id>
      <id>9225</id>
      <id>9226</id>
      <id>9227</id>
      <id>9228</id>
      <id>9229</id>
      <id>9230</id>
      <id>9231</id>
      <id>9232</id>
      <id>9233</id>
      <id>9234</id>
      <id>9235</id>
      <id>9236</id>
      <id>9237</id>
      <id>9238</id>
      <id>9239</id>
      <id>9240</id>
      <id>9241</id>
      <id>9242</id>
      <id>9243</id>
      <id>9244</id>
      <id>9245</id>
      <id>9246</id>
      <id>9247</id>
      <id>9248</id>
      <id>9249</id>
      <id>9250</id>
      <id>9251</id>
      <id>9252</id>
      <id>9253</id>
      <id>9254</id>
      <id>9255</id>
      <id>9256</id>
      <id>9257</id>
      <id>9258</id>
      <id>9259</id>
      <id>9260</id>
      <id>9261</id>
      <id>9262</id>
      <id>9263</id>
      <id>9264</id>
      <id>9265</id>
      <id>9266</id>
      <id>9267</id>
      <id>9268</id>
      <id>9269</id>
      <id>9270</id>
      <id>9271</id>
      <id>9272</id>
      <id>9273</id>
      <id>9274</id>
      <id>9275</id>
   </successors>
   <trajectory>
      <states>
         <state>
            <time>0</time>
            <x>0</x>
            <y>0</y>
            <velocity>24.4</velocity>
            <orientation>0</orientation>
         </state>
         <state>
            <time>0.1</time>
            <x>2.43</x>
            <y>0.012617</y>
            <velocity>24.2</velocity>
            <orientation>0.010385</orientation>
         </state>
         <state>
            <time>0.2</time>
            <x>4.8397</x>
            <y>0.050053</y>
            <velocity>24</velocity>
            <orientation>0.020684</orientation>
         </state>
         <state>
            <time>0.3</time>
            <x>7.2288</x>
            <y>0.11169</y>
            <velocity>23.8</velocity>
            <orientation>0.030897</orientation>
         </state>
         <state>
            <time>0.4</time>
            <x>9.5973</x>
            <y>0.1969</y>
            <velocity>23.6</velocity>
            <orientation>0.041026</orientation>
         </state>
         <state>
            <time>0.5</time>
            <x>11.9448</x>
            <y>0.30507</y>
            <velocity>23.4</velocity>
            <orientation>0.051068</orientation>
         </state>
         <state>
            <time>0.6</time>
            <x>14.2711</x>
            <y>0.43559</y>
            <velocity>23.2</velocity>
            <orientation>0.061026</orientation>
         </state>
         <state>
            <time>0.7</time>
            <x>16.5761</x>
            <y>0.58785</y>
            <velocity>23</velocity>
            <orientation>0.070897</orientation>
         </state>
         <state>
            <time>0.8</time>
            <x>18.8595</x>
            <y>0.76124</y>
            <velocity>22.8</velocity>
            <orientation>0.080684</orientation>
         </state>
         <state>
            <time>0.9</time>
            <x>21.1212</x>
            <y>0.95517</y>
            <velocity>22.6</velocity>
            <orientation>0.090385</orientation>
         </state>
         <state>
            <time>1</time>
            <x>23.361</x>
            <y>1.169</y>
            <velocity>22.4</velocity>
            <orientation>0.1</orientation>
         </state>
      </states>
      <inputs>
         <input>
            <acceleration>-2</acceleration>
            <steer>0.0098287</steer>
         </input>
         <input>
            <acceleration>-2</acceleration>
            <steer>0.0098287</steer>
         </input>
         <input>
            <acceleration>-2</acceleration>
            <steer>0.0098287</steer>
         </input>
         <input>
            <acceleration>-2</acceleration>
            <steer>0.0098287</steer>
         </input>
         <input>
            <acceleration>-2</acceleration>
            <steer>0.0098287</steer>
         </input>
         <input>
            <acceleration>-2</acceleration>
            <steer>0.0098287</steer>
         </input>
         <input>
            <acceleration>-2</acceleration>
            <steer>0.0098287</steer>
         </input>
         <input>
            <acceleration>-2</acceleration>
            <steer>0.0098287</steer>
         </input>
         <input>
            <acceleration>-2</acceleration>
            <steer>0.0098287</steer>
         </input>
         <input>
            <acceleration>-2</acceleration>
            <steer>0.0098287</steer>
         </input>
      </inputs>
   </trajectory>
   <occupancySet>
      <occupancy>
         <time>
            <intervalStart>0</intervalStart>
            <intervalEnd>0.1</intervalEnd>
         </time>
         <set>
            <point>
               <element dimension="1">-1.1207</element>
               <element dimension="2">1.0185</element>
            </point>
            <point>
               <element dimension="1">-1.1075</element>
               <element dimension="2">1.0187</element>
            </point>
            <point>
               <element dimension="1">-0.40357</element>
               <element dimension="2">1.0223</element>
            </point>
            <point>
               <element dimension="1">5.8276</element>
               <element dimension="2">1.0256</element>
            </point>
            <point>
               <element dimension="1">5.8446</element>
               <element dimension="2">-0.68863</element>
            </point>
            <point>
               <element dimension="1">5.8453</element>
               <element dimension="2">-0.82897</element>
            </point>
            <point>
               <element dimension="1">5.8454</element>
               <element dimension="2">-0.99573</element>
            </point>
            <point>
               <element dimension="1">3.6512</element>
               <element dimension="2">-1.0174</element>
            </point>
            <point>
               <element dimension="1">3.4166</element>
               <element dimension="2">-1.0186</element>
            </point>
            <point>
               <element dimension="1">-1.1197</element>
               <element dimension="2">-1.021</element>
            </point>
            <point>
               <element dimension="1">-1.1197</element>
               <element dimension="2">-1.0209</element>
            </point>
            <point>
               <element dimension="1">-1.1197</element>
               <element dimension="2">-1.0206</element>
            </point>
         </set>
      </occupancy>
      <occupancy>
         <time>
            <intervalStart>0.1</intervalStart>
            <intervalEnd>0.2</intervalEnd>
         </time>
         <set>
            <point>
               <element dimension="1">1.0706</element>
               <element dimension="2">0.97803</element>
            </point>
            <point>
               <element dimension="1">2.9559</element>
               <element dimension="2">1.0161</element>
            </point>
            <point>
               <element dimension="1">8.0516</element>
               <element dimension="2">1.0926</element>
            </point>
            <point>
               <element dimension="1">8.2199</element>
               <element dimension="2">1.0943</element>
            </point>
            <point>
               <element dimension="1">8.2549</element>
               <element dimension="2">-0.6397</element>
            </point>
            <point>
               <element dimension="1">8.2573</element>
               <element dimension="2">-0.88388</element>
            </point>
            <point>
               <element dimension="1">5.8444</element>
               <element dimension="2">-0.93256</element>
            </point>
            <point>
               <element dimension="1">5.2454</element>
               <element dimension="2">-0.94156</element>
            </point>
            <point>
               <element dimension="1">1.09</element>
               <element dimension="2">-0.98257</element>
            </point>
            <point>
               <element dimension="1">1.0899</element>
               <element dimension="2">-0.97873</element>
            </point>
         </set>
      </occupancy>
      <occupancy>
         <time>
            <intervalStart>0.2</intervalStart>
            <intervalEnd>0.3</intervalEnd>
         </time>
         <set>
            <point>
               <element dimension="1">3.4793</element>
               <element dimension="2">0.99907</element>
            </point>
            <point>
               <element dimension="1">3.4832</element>
               <element dimension="2">0.99919</element>
            </point>
            <point>
               <element dimension="1">10.0068</element>
               <element dimension="2">1.1642</element>
            </point>
            <point>
               <element dimension="1">10.5869</element>
               <element dimension="2">1.1759</element>
            </point>
            <point>
               <element dimension="1">10.6397</element>
               <element dimension="2">-0.56024</element>
            </point>
            <point>
               <element dimension="1">10.6442</element>
               <element dimension="2">-0.78492</element>
            </point>
            <point>
               <element dimension="1">8.2555</element>
               <element dimension="2">-0.85754</element>
            </point>
            <point>
               <element dimension="1">8.0099</element>
               <element dimension="2">-0.86375</element>
            </point>
            <point>
               <element dimension="1">3.5188</element>
               <element dimension="2">-0.95437</element>
            </point>
            <point>
               <element dimension="1">3.5187</element>
               <element dimension="2">-0.95016</element>
            </point>
         </set>
      </occupancy>
      <occupancy>
         <time>
            <intervalStart>0.3</intervalStart>
            <intervalEnd>0.4</intervalEnd>
         </time>
         <set>
            <point>
               <element dimension="1">5.8731</element>
               <element dimension="2">1.0328</element>
            </point>
            <point>
               <element dimension="1">5.8777</element>
               <element dimension="2">1.033</element>
            </point>
            <point>
               <element dimension="1">12.3772</element>
               <element dimension="2">1.2635</element>
            </point>
            <point>
               <element dimension="1">12.9334</element>
               <element dimension="2">1.2804</element>
            </point>
            <point>
               <element dimension="1">13.0038</element>
               <element dimension="2">-0.45637</element>
            </point>
            <point>
               <element dimension="1">13.0097</element>
               <element dimension="2">-0.65089</element>
            </point>
            <point>
               <element dimension="1">10.6408</element>
               <element dimension="2">-0.74693</element>
            </point>
            <point>
               <element dimension="1">10.3981</element>
               <element dimension="2">-0.75554</element>
            </point>
            <point>
               <element dimension="1">5.9317</element>
               <element dimension="2">-0.89133</element>
            </point>
            <point>
               <element dimension="1">5.9314</element>
               <element dimension="2">-0.88497</element>
            </point>
         </set>
      </occupancy>
      <occupancy>
         <time>
            <intervalStart>0.4</intervalStart>
            <intervalEnd>0.5</intervalEnd>
         </time>
         <set>
            <point>
               <element dimension="1">8.2464</element>
               <element dimension="2">1.0904</element>
            </point>
            <point>
               <element dimension="1">8.2503</element>
               <element dimension="2">1.0906</element>
            </point>
            <point>
               <element dimension="1">14.4932</element>
               <element dimension="2">1.3752</element>
            </point>
            <point>
               <element dimension="1">15.2585</element>
               <element dimension="2">1.4062</element>
            </point>
            <point>
               <element dimension="1">15.3463</element>
               <element dimension="2">-0.3286</element>
            </point>
            <point>
               <element dimension="1">15.353</element>
               <element dimension="2">-0.49442</element>
            </point>
            <point>
               <element dimension="1">13.0063</element>
               <element dimension="2">-0.6132</element>
            </point>
            <point>
               <element dimension="1">12.7664</element>
               <element dimension="2">-0.62413</element>
            </point>
            <point>
               <element dimension="1">8.3233</element>
               <element dimension="2">-0.80427</element>
            </point>
            <point>
               <element dimension="1">8.323</element>
               <element dimension="2">-0.79855</element>
            </point>
         </set>
      </occupancy>
      <occupancy>
         <time>
            <intervalStart>0.5</intervalStart>
            <intervalEnd>0.6</intervalEnd>
         </time>
         <set>
            <point>
               <element dimension="1">10.5999</element>
               <element dimension="2">1.1702</element>
            </point>
            <point>
               <element dimension="1">10.604</element>
               <element dimension="2">1.1705</element>
            </point>
            <point>
               <element dimension="1">16.8498</element>
               <element dimension="2">1.5178</element>
            </point>
            <point>
               <element dimension="1">17.5623</element>
               <element dimension="2">1.5538</element>
            </point>
            <point>
               <element dimension="1">17.6673</element>
               <element dimension="2">-0.1789</element>
            </point>
            <point>
               <element dimension="1">17.6742</element>
               <element dimension="2">-0.31493</element>
            </point>
            <point>
               <element dimension="1">15.3487</element>
               <element dimension="2">-0.45587</element>
            </point>
            <point>
               <element dimension="1">15.1119</element>
               <element dimension="2">-0.46904</element>
            </point>
            <point>
               <element dimension="1">10.6942</element>
               <element dimension="2">-0.69263</element>
            </point>
            <point>
               <element dimension="1">10.694</element>
               <element dimension="2">-0.68815</element>
            </point>
         </set>
      </occupancy>
      <occupancy>
         <time>
            <intervalStart>0.6</intervalStart>
            <intervalEnd>0.7</intervalEnd>
         </time>
         <set>
            <point>
               <element dimension="1">12.9329</element>
               <element dimension="2">1.2729</element>
            </point>
            <point>
               <element dimension="1">12.9367</element>
               <element dimension="2">1.2731</element>
            </point>
            <point>
               <element dimension="1">19.1723</element>
               <element dimension="2">1.682</element>
            </point>
            <point>
               <element dimension="1">19.8447</element>
               <element dimension="2">1.7227</element>
            </point>
            <point>
               <element dimension="1">19.9667</element>
               <element dimension="2">-0.0078043</element>
            </point>
            <point>
               <element dimension="1">19.9732</element>
               <element dimension="2">-0.11437</element>
            </point>
            <point>
               <element dimension="1">17.6693</element>
               <element dimension="2">-0.27685</element>
            </point>
            <point>
               <element dimension="1">17.4356</element>
               <element dimension="2">-0.29217</element>
            </point>
            <point>
               <element dimension="1">13.0439</element>
               <element dimension="2">-0.55834</element>
            </point>
            <point>
               <element dimension="1">13.0436</element>
               <element dimension="2">-0.55496</element>
            </point>
         </set>
      </occupancy>
      <occupancy>
         <time>
            <intervalStart>0.7</intervalStart>
            <intervalEnd>0.8</intervalEnd>
         </time>
         <set>
            <point>
               <element dimension="1">15.2451</element>
               <element dimension="2">1.3978</element>
            </point>
            <point>
               <element dimension="1">15.2494</element>
               <element dimension="2">1.3981</element>
            </point>
            <point>
               <element dimension="1">21.4722</element>
               <element dimension="2">1.8676</element>
            </point>
            <point>
               <element dimension="1">22.1055</element>
               <element dimension="2">1.9122</element>
            </point>
            <point>
               <element dimension="1">22.2444</element>
               <element dimension="2">0.18407</element>
            </point>
            <point>
               <element dimension="1">22.2499</element>
               <element dimension="2">0.1067</element>
            </point>
            <point>
               <element dimension="1">19.9672</element>
               <element dimension="2">-0.076755</element>
            </point>
            <point>
               <element dimension="1">19.7385</element>
               <element dimension="2">-0.094015</element>
            </point>
            <point>
               <element dimension="1">15.372</element>
               <element dimension="2">-0.40196</element>
            </point>
            <point>
               <element dimension="1">15.3718</element>
               <element dimension="2">-0.39966</element>
            </point>
         </set>
      </occupancy>
      <occupancy>
         <time>
            <intervalStart>0.8</intervalStart>
            <intervalEnd>0.9</intervalEnd>
         </time>
         <set>
            <point>
               <element dimension="1">17.5363</element>
               <element dimension="2">1.5442</element>
            </point>
            <point>
               <element dimension="1">17.5419</element>
               <element dimension="2">1.5447</element>
            </point>
            <point>
               <element dimension="1">23.7794</element>
               <element dimension="2">2.0765</element>
            </point>
            <point>
               <element dimension="1">24.3446</element>
               <element dimension="2">2.1219</element>
            </point>
            <point>
               <element dimension="1">24.5001</element>
               <element dimension="2">0.39612</element>
            </point>
            <point>
               <element dimension="1">24.504</element>
               <element dimension="2">0.34767</element>
            </point>
            <point>
               <element dimension="1">22.242</element>
               <element dimension="2">0.14376</element>
            </point>
            <point>
               <element dimension="1">22.0176</element>
               <element dimension="2">0.12463</element>
            </point>
            <point>
               <element dimension="1">17.6784</element>
               <element dimension="2">-0.22411</element>
            </point>
            <point>
               <element dimension="1">17.6783</element>
               <element dimension="2">-0.22286</element>
            </point>
         </set>
      </occupancy>
      <occupancy>
         <time>
            <intervalStart>0.9</intervalStart>
            <intervalEnd>1</intervalEnd>
         </time>
         <set>
            <point>
               <element dimension="1">19.8064</element>
               <element dimension="2">1.7117</element>
            </point>
            <point>
               <element dimension="1">19.813</element>
               <element dimension="2">1.7124</element>
            </point>
            <point>
               <element dimension="1">26.3093</element>
               <element dimension="2">2.3295</element>
            </point>
            <point>
               <element dimension="1">26.5616</element>
               <element dimension="2">2.3523</element>
            </point>
            <point>
               <element dimension="1">26.7313</element>
               <element dimension="2">0.65279</element>
            </point>
            <point>
               <element dimension="1">26.7353</element>
               <element dimension="2">0.60792</element>
            </point>
            <point>
               <element dimension="1">24.4945</element>
               <element dimension="2">0.38417</element>
            </point>
            <point>
               <element dimension="1">24.1274</element>
               <element dimension="2">0.34929</element>
            </point>
            <point>
               <element dimension="1">19.9631</element>
               <element dimension="2">-0.026108</element>
            </point>
            <point>
               <element dimension="1">19.963</element>
               <element dimension="2">-0.025188</element>
            </point>
         </set>
      </occupancy>
   </occupancySet>
   <reachableSet>
      <reachability>
         <time>0</time>
         <x>
            <intervalStart>-0.1</intervalStart>
            <intervalEnd>0.1</intervalEnd>
         </x>
         <y>
            <intervalStart>-0.1</intervalStart>
            <intervalEnd>0.1</intervalEnd>
         </y>
         <velocity>
            <intervalStart>24.2</intervalStart>
            <intervalEnd>24.6</intervalEnd>
         </velocity>
         <orientation>
            <intervalStart>-0.02</intervalStart>
            <intervalEnd>0.02</intervalEnd>
         </orientation>
      </reachability>
      <reachability>
         <time>1</time>
         <x>
            <intervalStart>23.3601</intervalStart>
            <intervalEnd>23.3615</intervalEnd>
         </x>
         <y>
            <intervalStart>1.1643</intervalStart>
            <intervalEnd>1.1739</intervalEnd>
         </y>
         <velocity>
            <intervalStart>22.4</intervalStart>
            <intervalEnd>22.4</intervalEnd>
         </velocity>
         <orientation>
            <intervalStart>0.099787</intervalStart>
            <intervalEnd>0.10022</intervalEnd>
         </orientation>
      </reachability>
   </reachableSet>
</motionPrimitive>