<?xml version="1.0" encoding="utf-8"?>
<motionPrimitive ID="10209">
   <controller type="generator space control">controller10209.mat</controller>
   <successors>
      <id>10956</id>
      <id>10957</id>
      <id>10958</id>
      <id>10959</id>
      <id>10960</id>
      <id>10961</id>
      <id>10962</id>
      <id>10963</id>
      <id>10964</id>
      <id>10965</id>
      <id>10966</id>
      <id>10967</id>
      <id>10968</id>
      <id>10969</id>
      <id>10970</id>
      <id>10971</id>
      <id>10972</id>
      <id>10973</id>
      <id>10974</id>
      <id>10975</id>
      <id>10976</id>
      <id>10977</id>
      <id>10978</id>
      <id>10979</id>
      <id>10980</id>
      <id>10981</id>
      <id>10982</id>
      <id>10983</id>
      <id>10984</id>
      <id>10985</id>
      <id>10986</id>
      <id>10987</id>
      <id>10988</id>
      <id>10989</id>
      <id>10990</id>
      <id>10991</id>
      <id>10992</id>
      <id>10993</id>
      <id>10994</id>
      <id>10995</id>
      <id>10996</id>
      <id>10997</id>
      <id>10998</id>
      <id>10999</id>
      <id>11000</id>
      <id>11001</id>
      <id>11002</id>
      <id>11003</id>
      <id>11004</id>
      <id>11005</id>
      <id>11006</id>
      <id>11007</id>
      <id>11008</id>
      <id>11009</id>
      <id>11010</id>
      <id>11011</id>
      <id>11012</id>
      <id>11013</id>
      <id>11014</id>
      <id>11015</id>
      <id>11016</id>
      <id>11017</id>
      <id>11018</id>
      <id>11019</id>
      <id>11020</id>
      <id>11021</id>
      <id>11022</id>
      <id>11023</id>
      <id>11024</id>
      <id>11025</id>
      <id>11026</id>
      <id>11027</id>
      <id>11028</id>
      <id>11029</id>
      <id>11030</id>
      <id>11031</id>
      <id>11032</id>
      <id>11033</id>
      <id>11034</id>
      <id>11035</id>
      <id>11036</id>
      <id>11037</id>
      <id>11038</id>
      <id>11039</id>
      <id>11040</id>
      <id>11041</id>
      <id>11042</id>
      <id>11043</id>
      <id>11044</id>
      <id>11045</id>
      <id>11046</id>
      <id>11047</id>
      <id>11048</id>
      <id>11049</id>
      <id>11050</id>
      <id>11051</id>
      <id>11052</id>
      <id>11053</id>
      <id>11054</id>
      <id>11055</id>
      <id>11056</id>
      <id>11057</id>
      <id>11058</id>
      <id>11059</id>
      <id>11060</id>
      <id>11061</id>
      <id>11062</id>
      <id>11063</id>
      <id>11064</id>
      <id>11065</id>
      <id>11066</id>
      <id>11067</id>
      <id>11068</id>
      <id>11069</id>
      <id>11070</id>
      <id>11071</id>
      <id>11072</id>
      <id>11073</id>
      <id>11074</id>
      <id>11075</id>
      <id>11076</id>
      <id>11077</id>
      <id>11078</id>
      <id>11079</id>
      <id>11080</id>
      <id>11081</id>
      <id>11082</id>
      <id>11083</id>
      <id>11084</id>
      <id>11085</id>
      <id>11086</id>
      <id>11087</id>
      <id>11088</id>
      <id>11089</id>
      <id>11090</id>
      <id>11091</id>
      <id>11092</id>
      <id>11093</id>
      <id>11094</id>
      <id>11095</id>
      <id>11096</id>
      <id>11097</id>
      <id>11098</id>
      <id>11099</id>
      <id>11100</id>
      <id>11101</id>
      <id>11102</id>
      <id>11103</id>
      <id>11104</id>
      <id>11105</id>
      <id>11106</id>
      <id>11107</id>
      <id>11108</id>
      <id>11109</id>
      <id>11110</id>
      <id>11111</id>
      <id>11112</id>
      <id>11113</id>
      <id>11114</id>
      <id>11115</id>
      <id>11116</id>
      <id>11117</id>
      <id>11118</id>
      <id>11119</id>
      <id>11120</id>
   </successors>
   <trajectory>
      <states>
         <state>
            <time>0</time>
            <x>0</x>
            <y>0</y>
            <velocity>24.4</velocity>
            <orientation>0</orientation>
         </state>
         <state>
            <time>0.1</time>
            <x>2.4497</x>
            <y>-0.035445</y>
            <velocity>24.6</velocity>
            <orientation>-0.028937</orientation>
         </state>
         <state>
            <time>0.2</time>
            <x>4.9172</x>
            <y>-0.14291</y>
            <velocity>24.8</velocity>
            <orientation>-0.05811</orientation>
         </state>
         <state>
            <time>0.3</time>
            <x>7.4005</x>
            <y>-0.32405</y>
            <velocity>25</velocity>
            <orientation>-0.08752</orientation>
         </state>
         <state>
            <time>0.4</time>
            <x>9.8973</x>
            <y>-0.58048</y>
            <velocity>25.2</velocity>
            <orientation>-0.11717</orientation>
         </state>
         <state>
            <time>0.5</time>
            <x>12.4052</x>
            <y>-0.91372</y>
            <velocity>25.4</velocity>
            <orientation>-0.14705</orientation>
         </state>
         <state>
            <time>0.6</time>
            <x>14.9217</x>
            <y>-1.3253</y>
            <velocity>25.6</velocity>
            <orientation>-0.17717</orientation>
         </state>
         <state>
            <time>0.7</time>
            <x>17.4442</x>
            <y>-1.8165</y>
            <velocity>25.8</velocity>
            <orientation>-0.20752</orientation>
         </state>
         <state>
            <time>0.8</time>
            <x>19.97</x>
            <y>-2.3888</y>
            <velocity>26</velocity>
            <orientation>-0.23811</orientation>
         </state>
         <state>
            <time>0.9</time>
            <x>22.4965</x>
            <y>-3.0434</y>
            <velocity>26.2</velocity>
            <orientation>-0.26894</orientation>
         </state>
         <state>
            <time>1</time>
            <x>25.0207</x>
            <y>-3.7815</y>
            <velocity>26.4</velocity>
            <orientation>-0.3</orientation>
         </state>
      </states>
      <inputs>
         <input>
            <acceleration>2</acceleration>
            <steer>-0.027159</steer>
         </input>
         <input>
            <acceleration>2</acceleration>
            <steer>-0.027159</steer>
         </input>
         <input>
            <acceleration>2</acceleration>
            <steer>-0.027159</steer>
         </input>
         <input>
            <acceleration>2</acceleration>
            <steer>-0.027159</steer>
         </input>
         <input>
            <acceleration>2</acceleration>
            <steer>-0.027159</steer>
         </input>
         <input>
            <acceleration>2</acceleration>
            <steer>-0.027159</steer>
         </input>
         <input>
            <acceleration>2</acceleration>
            <steer>-0.027159</steer>
         </input>
         <input>
            <acceleration>2</acceleration>
            <steer>-0.027159</steer>
         </input>
         <input>
            <acceleration>2</acceleration>
            <steer>-0.027159</steer>
         </input>
         <input>
            <acceleration>2</acceleration>
            <steer>-0.027159</steer>
         </input>
      </inputs>
   </trajectory>
   <occupancySet>
      <occupancy>
         <time>
            <intervalStart>0</intervalStart>
            <intervalEnd>0.1</intervalEnd>
         </time>
         <set>
            <point>
               <element dimension="1">-1.1227</element>
               <element dimension="2">-1.0186</element>
            </point>
            <point>
               <element dimension="1">-1.1197</element>
               <element dimension="2">1.0247</element>
            </point>
            <point>
               <element dimension="1">-1.1197</element>
               <element dimension="2">1.025</element>
            </point>
            <point>
               <element dimension="1">-1.1197</element>
               <element dimension="2">1.0256</element>
            </point>
            <point>
               <element dimension="1">3.3966</element>
               <element dimension="2">1.0191</element>
            </point>
            <point>
               <element dimension="1">3.6552</element>
               <element dimension="2">1.0153</element>
            </point>
            <point>
               <element dimension="1">5.8809</element>
               <element dimension="2">0.95412</element>
            </point>
            <point>
               <element dimension="1">5.8807</element>
               <element dimension="2">0.75674</element>
            </point>
            <point>
               <element dimension="1">5.8785</element>
               <element dimension="2">0.61018</element>
            </point>
            <point>
               <element dimension="1">5.8312</element>
               <element dimension="2">-1.1094</element>
            </point>
            <point>
               <element dimension="1">5.0697</element>
               <element dimension="2">-1.1083</element>
            </point>
            <point>
               <element dimension="1">-1.1114</element>
               <element dimension="2">-1.0189</element>
            </point>
         </set>
      </occupancy>
      <occupancy>
         <time>
            <intervalStart>0.1</intervalStart>
            <intervalEnd>0.2</intervalEnd>
         </time>
         <set>
            <point>
               <element dimension="1">1.0673</element>
               <element dimension="2">-0.97965</element>
            </point>
            <point>
               <element dimension="1">1.1212</element>
               <element dimension="2">0.98144</element>
            </point>
            <point>
               <element dimension="1">1.1219</element>
               <element dimension="2">0.99365</element>
            </point>
            <point>
               <element dimension="1">5.1853</element>
               <element dimension="2">0.88191</element>
            </point>
            <point>
               <element dimension="1">5.8799</element>
               <element dimension="2">0.85267</element>
            </point>
            <point>
               <element dimension="1">8.3663</element>
               <element dimension="2">0.71166</element>
            </point>
            <point>
               <element dimension="1">8.3585</element>
               <element dimension="2">0.42889</element>
            </point>
            <point>
               <element dimension="1">8.3583</element>
               <element dimension="2">0.4237</element>
            </point>
            <point>
               <element dimension="1">8.2597</element>
               <element dimension="2">-1.3143</element>
            </point>
            <point>
               <element dimension="1">8.0911</element>
               <element dimension="2">-1.3097</element>
            </point>
            <point>
               <element dimension="1">3.4157</element>
               <element dimension="2">-1.1128</element>
            </point>
         </set>
      </occupancy>
      <occupancy>
         <time>
            <intervalStart>0.2</intervalStart>
            <intervalEnd>0.3</intervalEnd>
         </time>
         <set>
            <point>
               <element dimension="1">3.5123</element>
               <element dimension="2">-1.0462</element>
            </point>
            <point>
               <element dimension="1">3.623</element>
               <element dimension="2">0.90545</element>
            </point>
            <point>
               <element dimension="1">3.6242</element>
               <element dimension="2">0.91955</element>
            </point>
            <point>
               <element dimension="1">7.9606</element>
               <element dimension="2">0.67361</element>
            </point>
            <point>
               <element dimension="1">8.3624</element>
               <element dimension="2">0.64489</element>
            </point>
            <point>
               <element dimension="1">10.8626</element>
               <element dimension="2">0.42921</element>
            </point>
            <point>
               <element dimension="1">10.8473</element>
               <element dimension="2">0.16005</element>
            </point>
            <point>
               <element dimension="1">10.6971</element>
               <element dimension="2">-1.5818</element>
            </point>
            <point>
               <element dimension="1">10.5507</element>
               <element dimension="2">-1.5735</element>
            </point>
            <point>
               <element dimension="1">5.1494</element>
               <element dimension="2">-1.1874</element>
            </point>
         </set>
      </occupancy>
      <occupancy>
         <time>
            <intervalStart>0.3</intervalStart>
            <intervalEnd>0.4</intervalEnd>
         </time>
         <set>
            <point>
               <element dimension="1">5.9796</element>
               <element dimension="2">-1.1752</element>
            </point>
            <point>
               <element dimension="1">6.1451</element>
               <element dimension="2">0.74379</element>
            </point>
            <point>
               <element dimension="1">6.1474</element>
               <element dimension="2">0.7636</element>
            </point>
            <point>
               <element dimension="1">10.484</element>
               <element dimension="2">0.3895</element>
            </point>
            <point>
               <element dimension="1">10.8534</element>
               <element dimension="2">0.35212</element>
            </point>
            <point>
               <element dimension="1">13.369</element>
               <element dimension="2">0.0598</element>
            </point>
            <point>
               <element dimension="1">13.3482</element>
               <element dimension="2">-0.18159</element>
            </point>
            <point>
               <element dimension="1">13.146</element>
               <element dimension="2">-1.9221</element>
            </point>
            <point>
               <element dimension="1">13.021</element>
               <element dimension="2">-1.9113</element>
            </point>
            <point>
               <element dimension="1">7.5383</element>
               <element dimension="2">-1.3564</element>
            </point>
         </set>
      </occupancy>
      <occupancy>
         <time>
            <intervalStart>0.4</intervalStart>
            <intervalEnd>0.5</intervalEnd>
         </time>
         <set>
            <point>
               <element dimension="1">8.4618</element>
               <element dimension="2">-1.3776</element>
            </point>
            <point>
               <element dimension="1">8.6813</element>
               <element dimension="2">0.51185</element>
            </point>
            <point>
               <element dimension="1">8.6839</element>
               <element dimension="2">0.52982</element>
            </point>
            <point>
               <element dimension="1">13.018</element>
               <element dimension="2">0.026199</element>
            </point>
            <point>
               <element dimension="1">13.3564</element>
               <element dimension="2">-0.018253</element>
            </point>
            <point>
               <element dimension="1">15.8815</element>
               <element dimension="2">-0.3884</element>
            </point>
            <point>
               <element dimension="1">15.8564</element>
               <element dimension="2">-0.60385</element>
            </point>
            <point>
               <element dimension="1">15.6027</element>
               <element dimension="2">-2.3344</element>
            </point>
            <point>
               <element dimension="1">15.5001</element>
               <element dimension="2">-2.3225</element>
            </point>
            <point>
               <element dimension="1">9.7948</element>
               <element dimension="2">-1.573</element>
            </point>
         </set>
      </occupancy>
      <occupancy>
         <time>
            <intervalStart>0.5</intervalStart>
            <intervalEnd>0.6</intervalEnd>
         </time>
         <set>
            <point>
               <element dimension="1">10.9587</element>
               <element dimension="2">-1.6528</element>
            </point>
            <point>
               <element dimension="1">11.2303</element>
               <element dimension="2">0.20008</element>
            </point>
            <point>
               <element dimension="1">11.2329</element>
               <element dimension="2">0.21487</element>
            </point>
            <point>
               <element dimension="1">15.5169</element>
               <element dimension="2">-0.41311</element>
            </point>
            <point>
               <element dimension="1">15.8647</element>
               <element dimension="2">-0.46945</element>
            </point>
            <point>
               <element dimension="1">18.3979</element>
               <element dimension="2">-0.91907</element>
            </point>
            <point>
               <element dimension="1">18.3708</element>
               <element dimension="2">-1.1045</element>
            </point>
            <point>
               <element dimension="1">18.0656</element>
               <element dimension="2">-2.8239</element>
            </point>
            <point>
               <element dimension="1">17.9852</element>
               <element dimension="2">-2.8121</element>
            </point>
            <point>
               <element dimension="1">12.3116</element>
               <element dimension="2">-1.893</element>
            </point>
         </set>
      </occupancy>
      <occupancy>
         <time>
            <intervalStart>0.6</intervalStart>
            <intervalEnd>0.7</intervalEnd>
         </time>
         <set>
            <point>
               <element dimension="1">13.4666</element>
               <element dimension="2">-2.0062</element>
            </point>
            <point>
               <element dimension="1">13.7887</element>
               <element dimension="2">-0.19163</element>
            </point>
            <point>
               <element dimension="1">13.7911</element>
               <element dimension="2">-0.17982</element>
            </point>
            <point>
               <element dimension="1">18.0324</element>
               <element dimension="2">-0.93259</element>
            </point>
            <point>
               <element dimension="1">18.3782</element>
               <element dimension="2">-0.99939</element>
            </point>
            <point>
               <element dimension="1">20.9162</element>
               <element dimension="2">-1.5298</element>
            </point>
            <point>
               <element dimension="1">20.8886</element>
               <element dimension="2">-1.6851</element>
            </point>
            <point>
               <element dimension="1">20.532</element>
               <element dimension="2">-3.3916</element>
            </point>
            <point>
               <element dimension="1">20.4736</element>
               <element dimension="2">-3.3812</element>
            </point>
            <point>
               <element dimension="1">14.8257</element>
               <element dimension="2">-2.2902</element>
            </point>
         </set>
      </occupancy>
      <occupancy>
         <time>
            <intervalStart>0.7</intervalStart>
            <intervalEnd>0.8</intervalEnd>
         </time>
         <set>
            <point>
               <element dimension="1">15.983</element>
               <element dimension="2">-2.4389</element>
            </point>
            <point>
               <element dimension="1">16.3537</element>
               <element dimension="2">-0.66453</element>
            </point>
            <point>
               <element dimension="1">16.3559</element>
               <element dimension="2">-0.6557</element>
            </point>
            <point>
               <element dimension="1">20.5507</element>
               <element dimension="2">-1.5323</element>
            </point>
            <point>
               <element dimension="1">20.8942</element>
               <element dimension="2">-1.6095</element>
            </point>
            <point>
               <element dimension="1">23.4335</element>
               <element dimension="2">-2.2217</element>
            </point>
            <point>
               <element dimension="1">23.4073</element>
               <element dimension="2">-2.3468</element>
            </point>
            <point>
               <element dimension="1">22.9994</element>
               <element dimension="2">-4.0389</element>
            </point>
            <point>
               <element dimension="1">22.9626</element>
               <element dimension="2">-4.0312</element>
            </point>
            <point>
               <element dimension="1">17.346</element>
               <element dimension="2">-2.7676</element>
            </point>
         </set>
      </occupancy>
      <occupancy>
         <time>
            <intervalStart>0.8</intervalStart>
            <intervalEnd>0.9</intervalEnd>
         </time>
         <set>
            <point>
               <element dimension="1">18.5051</element>
               <element dimension="2">-2.9526</element>
            </point>
            <point>
               <element dimension="1">18.9229</element>
               <element dimension="2">-1.22</element>
            </point>
            <point>
               <element dimension="1">18.9245</element>
               <element dimension="2">-1.2141</element>
            </point>
            <point>
               <element dimension="1">23.0676</element>
               <element dimension="2">-2.213</element>
            </point>
            <point>
               <element dimension="1">23.41</element>
               <element dimension="2">-2.3011</element>
            </point>
            <point>
               <element dimension="1">25.9469</element>
               <element dimension="2">-2.9961</element>
            </point>
            <point>
               <element dimension="1">25.9241</element>
               <element dimension="2">-3.0908</element>
            </point>
            <point>
               <element dimension="1">25.4649</element>
               <element dimension="2">-4.7669</element>
            </point>
            <point>
               <element dimension="1">25.4574</element>
               <element dimension="2">-4.7651</element>
            </point>
            <point>
               <element dimension="1">19.8733</element>
               <element dimension="2">-3.3275</element>
            </point>
         </set>
      </occupancy>
      <occupancy>
         <time>
            <intervalStart>0.9</intervalStart>
            <intervalEnd>1</intervalEnd>
         </time>
         <set>
            <point>
               <element dimension="1">21.0304</element>
               <element dimension="2">-3.5486</element>
            </point>
            <point>
               <element dimension="1">21.4932</element>
               <element dimension="2">-1.8594</element>
            </point>
            <point>
               <element dimension="1">21.4943</element>
               <element dimension="2">-1.8556</element>
            </point>
            <point>
               <element dimension="1">25.5365</element>
               <element dimension="2">-2.963</element>
            </point>
            <point>
               <element dimension="1">25.9228</element>
               <element dimension="2">-3.0753</element>
            </point>
            <point>
               <element dimension="1">28.4534</element>
               <element dimension="2">-3.8538</element>
            </point>
            <point>
               <element dimension="1">28.4294</element>
               <element dimension="2">-3.9415</element>
            </point>
            <point>
               <element dimension="1">27.9257</element>
               <element dimension="2">-5.5789</element>
            </point>
            <point>
               <element dimension="1">27.9228</element>
               <element dimension="2">-5.5781</element>
            </point>
            <point>
               <element dimension="1">22.551</element>
               <element dimension="2">-4.0164</element>
            </point>
         </set>
      </occupancy>
   </occupancySet>
   <reachableSet>
      <reachability>
         <time>0</time>
         <x>
            <intervalStart>-0.1</intervalStart>
            <intervalEnd>0.1</intervalEnd>
         </x>
         <y>
            <intervalStart>-0.1</intervalStart>
            <intervalEnd>0.1</intervalEnd>
         </y>
         <velocity>
            <intervalStart>24.2</intervalStart>
            <intervalEnd>24.6</intervalEnd>
         </velocity>
         <orientation>
            <intervalStart>-0.02</intervalStart>
            <intervalEnd>0.02</intervalEnd>
         </orientation>
      </reachability>
      <reachability>
         <time>1</time>
         <x>
            <intervalStart>25.019</intervalStart>
            <intervalEnd>25.022</intervalEnd>
         </x>
         <y>
            <intervalStart>-3.787</intervalStart>
            <intervalEnd>-3.7762</intervalEnd>
         </y>
         <velocity>
            <intervalStart>26.4</intervalStart>
            <intervalEnd>26.4</intervalEnd>
         </velocity>
         <orientation>
            <intervalStart>-0.30023</intervalStart>
            <intervalEnd>-0.29978</intervalEnd>
         </orientation>
      </reachability>
   </reachableSet>
</motionPrimitive>