<?xml version="1.0" encoding="utf-8"?>
<motionPrimitive ID="10318">
   <controller type="generator space control">controller10318.mat</controller>
   <successors>
      <id>10056</id>
      <id>10057</id>
      <id>10058</id>
      <id>10059</id>
      <id>10060</id>
      <id>10061</id>
      <id>10062</id>
      <id>10063</id>
      <id>10064</id>
      <id>10065</id>
      <id>10066</id>
      <id>10067</id>
      <id>10068</id>
      <id>10069</id>
      <id>10070</id>
      <id>10071</id>
      <id>10072</id>
      <id>10073</id>
      <id>10074</id>
      <id>10075</id>
      <id>10076</id>
      <id>10077</id>
      <id>10078</id>
      <id>10079</id>
      <id>10080</id>
      <id>10081</id>
      <id>10082</id>
      <id>10083</id>
      <id>10084</id>
      <id>10085</id>
      <id>10086</id>
      <id>10087</id>
      <id>10088</id>
      <id>10089</id>
      <id>10090</id>
      <id>10091</id>
      <id>10092</id>
      <id>10093</id>
      <id>10094</id>
      <id>10095</id>
      <id>10096</id>
      <id>10097</id>
      <id>10098</id>
      <id>10099</id>
      <id>10100</id>
      <id>10101</id>
      <id>10102</id>
      <id>10103</id>
      <id>10104</id>
      <id>10105</id>
      <id>10106</id>
      <id>10107</id>
      <id>10108</id>
      <id>10109</id>
      <id>10110</id>
      <id>10111</id>
      <id>10112</id>
      <id>10113</id>
      <id>10114</id>
      <id>10115</id>
      <id>10116</id>
      <id>10117</id>
      <id>10118</id>
      <id>10119</id>
      <id>10120</id>
      <id>10121</id>
      <id>10122</id>
      <id>10123</id>
      <id>10124</id>
      <id>10125</id>
      <id>10126</id>
      <id>10127</id>
      <id>10128</id>
      <id>10129</id>
      <id>10130</id>
      <id>10131</id>
      <id>10132</id>
      <id>10133</id>
      <id>10134</id>
      <id>10135</id>
      <id>10136</id>
      <id>10137</id>
      <id>10138</id>
      <id>10139</id>
      <id>10140</id>
      <id>10141</id>
      <id>10142</id>
      <id>10143</id>
      <id>10144</id>
      <id>10145</id>
      <id>10146</id>
      <id>10147</id>
      <id>10148</id>
      <id>10149</id>
      <id>10150</id>
      <id>10151</id>
      <id>10152</id>
      <id>10153</id>
      <id>10154</id>
      <id>10155</id>
      <id>10156</id>
      <id>10157</id>
      <id>10158</id>
      <id>10159</id>
      <id>10160</id>
      <id>10161</id>
      <id>10162</id>
      <id>10163</id>
      <id>10164</id>
      <id>10165</id>
      <id>10166</id>
      <id>10167</id>
      <id>10168</id>
      <id>10169</id>
      <id>10170</id>
      <id>10171</id>
      <id>10172</id>
      <id>10173</id>
      <id>10174</id>
      <id>10175</id>
      <id>10176</id>
      <id>10177</id>
      <id>10178</id>
      <id>10179</id>
      <id>10180</id>
      <id>10181</id>
      <id>10182</id>
      <id>10183</id>
      <id>10184</id>
      <id>10185</id>
      <id>10186</id>
      <id>10187</id>
      <id>10188</id>
      <id>10189</id>
      <id>10190</id>
      <id>10191</id>
      <id>10192</id>
      <id>10193</id>
      <id>10194</id>
      <id>10195</id>
      <id>10196</id>
      <id>10197</id>
      <id>10198</id>
      <id>10199</id>
      <id>10200</id>
      <id>10201</id>
      <id>10202</id>
      <id>10203</id>
      <id>10204</id>
      <id>10205</id>
      <id>10206</id>
      <id>10207</id>
      <id>10208</id>
      <id>10209</id>
      <id>10210</id>
      <id>10211</id>
      <id>10212</id>
      <id>10213</id>
      <id>10214</id>
      <id>10215</id>
      <id>10216</id>
      <id>10217</id>
      <id>10218</id>
      <id>10219</id>
      <id>10220</id>
      <id>10221</id>
      <id>10222</id>
      <id>10223</id>
      <id>10224</id>
      <id>10225</id>
      <id>10226</id>
      <id>10227</id>
      <id>10228</id>
      <id>10229</id>
      <id>10230</id>
      <id>10231</id>
      <id>10232</id>
      <id>10233</id>
      <id>10234</id>
      <id>10235</id>
   </successors>
   <trajectory>
      <states>
         <state>
            <time>0</time>
            <x>0</x>
            <y>0</y>
            <velocity>24.8</velocity>
            <orientation>0</orientation>
         </state>
         <state>
            <time>0.1</time>
            <x>2.4738</x>
            <y>-0.1247</y>
            <velocity>24.76</velocity>
            <orientation>-0.10073</orientation>
         </state>
         <state>
            <time>0.2</time>
            <x>4.9186</x>
            <y>-0.49674</y>
            <velocity>24.72</velocity>
            <orientation>-0.2013</orientation>
         </state>
         <state>
            <time>0.3</time>
            <x>7.3099</x>
            <y>-1.1112</y>
            <velocity>24.68</velocity>
            <orientation>-0.30171</orientation>
         </state>
         <state>
            <time>0.4</time>
            <x>9.6239</x>
            <y>-1.9606</y>
            <velocity>24.64</velocity>
            <orientation>-0.40195</orientation>
         </state>
         <state>
            <time>0.5</time>
            <x>11.8377</x>
            <y>-3.0355</y>
            <velocity>24.6</velocity>
            <orientation>-0.50203</orientation>
         </state>
         <state>
            <time>0.6</time>
            <x>13.9298</x>
            <y>-4.3239</y>
            <velocity>24.56</velocity>
            <orientation>-0.60195</orientation>
         </state>
         <state>
            <time>0.7</time>
            <x>15.8799</x>
            <y>-5.812</y>
            <velocity>24.52</velocity>
            <orientation>-0.70171</orientation>
         </state>
         <state>
            <time>0.8</time>
            <x>17.6692</x>
            <y>-7.484</y>
            <velocity>24.48</velocity>
            <orientation>-0.8013</orientation>
         </state>
         <state>
            <time>0.9</time>
            <x>19.281</x>
            <y>-9.3225</y>
            <velocity>24.44</velocity>
            <orientation>-0.90073</orientation>
         </state>
         <state>
            <time>1</time>
            <x>20.7002</x>
            <y>-11.3086</y>
            <velocity>24.4</velocity>
            <orientation>-1</orientation>
         </state>
      </states>
      <inputs>
         <input>
            <acceleration>-0.4</acceleration>
            <steer>-0.093225</steer>
         </input>
         <input>
            <acceleration>-0.4</acceleration>
            <steer>-0.093225</steer>
         </input>
         <input>
            <acceleration>-0.4</acceleration>
            <steer>-0.093225</steer>
         </input>
         <input>
            <acceleration>-0.4</acceleration>
            <steer>-0.093225</steer>
         </input>
         <input>
            <acceleration>-0.4</acceleration>
            <steer>-0.093225</steer>
         </input>
         <input>
            <acceleration>-0.4</acceleration>
            <steer>-0.093225</steer>
         </input>
         <input>
            <acceleration>-0.4</acceleration>
            <steer>-0.093225</steer>
         </input>
         <input>
            <acceleration>-0.4</acceleration>
            <steer>-0.093225</steer>
         </input>
         <input>
            <acceleration>-0.4</acceleration>
            <steer>-0.093225</steer>
         </input>
         <input>
            <acceleration>-0.4</acceleration>
            <steer>-0.093225</steer>
         </input>
      </inputs>
   </trajectory>
   <occupancySet>
      <occupancy>
         <time>
            <intervalStart>0</intervalStart>
            <intervalEnd>0.1</intervalEnd>
         </time>
         <set>
            <point>
               <element dimension="1">-1.1302</element>
               <element dimension="2">-1.0212</element>
            </point>
            <point>
               <element dimension="1">-1.1198</element>
               <element dimension="2">1.0417</element>
            </point>
            <point>
               <element dimension="1">-1.1197</element>
               <element dimension="2">1.0437</element>
            </point>
            <point>
               <element dimension="1">-1.1143</element>
               <element dimension="2">1.099</element>
            </point>
            <point>
               <element dimension="1">2.2277</element>
               <element dimension="2">1.0821</element>
            </point>
            <point>
               <element dimension="1">3.6686</element>
               <element dimension="2">1.0095</element>
            </point>
            <point>
               <element dimension="1">5.9867</element>
               <element dimension="2">0.787</element>
            </point>
            <point>
               <element dimension="1">5.9855</element>
               <element dimension="2">0.54078</element>
            </point>
            <point>
               <element dimension="1">5.9796</element>
               <element dimension="2">0.42344</element>
            </point>
            <point>
               <element dimension="1">5.7926</element>
               <element dimension="2">-1.5241</element>
            </point>
            <point>
               <element dimension="1">5.5931</element>
               <element dimension="2">-1.5231</element>
            </point>
            <point>
               <element dimension="1">2.447</element>
               <element dimension="2">-1.3646</element>
            </point>
         </set>
      </occupancy>
      <occupancy>
         <time>
            <intervalStart>0.1</intervalStart>
            <intervalEnd>0.2</intervalEnd>
         </time>
         <set>
            <point>
               <element dimension="1">0.99122</element>
               <element dimension="2">-1.0674</element>
            </point>
            <point>
               <element dimension="1">1.1895</element>
               <element dimension="2">0.99814</element>
            </point>
            <point>
               <element dimension="1">1.2004</element>
               <element dimension="2">1.072</element>
            </point>
            <point>
               <element dimension="1">1.2156</element>
               <element dimension="2">1.1486</element>
            </point>
            <point>
               <element dimension="1">4.6963</element>
               <element dimension="2">0.81451</element>
            </point>
            <point>
               <element dimension="1">5.9852</element>
               <element dimension="2">0.62505</element>
            </point>
            <point>
               <element dimension="1">8.504</element>
               <element dimension="2">0.12422</element>
            </point>
            <point>
               <element dimension="1">8.4709</element>
               <element dimension="2">-0.2202</element>
            </point>
            <point>
               <element dimension="1">8.4676</element>
               <element dimension="2">-0.24271</element>
            </point>
            <point>
               <element dimension="1">8.0629</element>
               <element dimension="2">-2.2781</element>
            </point>
            <point>
               <element dimension="1">7.8811</element>
               <element dimension="2">-2.2607</element>
            </point>
            <point>
               <element dimension="1">4.4726</element>
               <element dimension="2">-1.7596</element>
            </point>
         </set>
      </occupancy>
      <occupancy>
         <time>
            <intervalStart>0.2</intervalStart>
            <intervalEnd>0.3</intervalEnd>
         </time>
         <set>
            <point>
               <element dimension="1">3.3435</element>
               <element dimension="2">-1.3437</element>
            </point>
            <point>
               <element dimension="1">3.752</element>
               <element dimension="2">0.71124</element>
            </point>
            <point>
               <element dimension="1">3.7886</element>
               <element dimension="2">0.85662</element>
            </point>
            <point>
               <element dimension="1">3.8175</element>
               <element dimension="2">0.95119</element>
            </point>
            <point>
               <element dimension="1">7.2306</element>
               <element dimension="2">0.27256</element>
            </point>
            <point>
               <element dimension="1">8.4859</element>
               <element dimension="2">-0.04325</element>
            </point>
            <point>
               <element dimension="1">10.9438</element>
               <element dimension="2">-0.79465</element>
            </point>
            <point>
               <element dimension="1">10.8726</element>
               <element dimension="2">-1.1527</element>
            </point>
            <point>
               <element dimension="1">10.2308</element>
               <element dimension="2">-3.2519</element>
            </point>
            <point>
               <element dimension="1">10.0794</element>
               <element dimension="2">-3.2218</element>
            </point>
            <point>
               <element dimension="1">6.7327</element>
               <element dimension="2">-2.3799</element>
            </point>
         </set>
      </occupancy>
      <occupancy>
         <time>
            <intervalStart>0.3</intervalStart>
            <intervalEnd>0.4</intervalEnd>
         </time>
         <set>
            <point>
               <element dimension="1">5.653</element>
               <element dimension="2">-1.8529</element>
            </point>
            <point>
               <element dimension="1">6.3265</element>
               <element dimension="2">0.35018</element>
            </point>
            <point>
               <element dimension="1">6.3375</element>
               <element dimension="2">0.38067</element>
            </point>
            <point>
               <element dimension="1">6.3683</element>
               <element dimension="2">0.45416</element>
            </point>
            <point>
               <element dimension="1">10.4411</element>
               <element dimension="2">-0.79096</element>
            </point>
            <point>
               <element dimension="1">10.9038</element>
               <element dimension="2">-0.95818</element>
            </point>
            <point>
               <element dimension="1">13.2697</element>
               <element dimension="2">-1.9502</element>
            </point>
            <point>
               <element dimension="1">13.143</element>
               <element dimension="2">-2.3648</element>
            </point>
            <point>
               <element dimension="1">13.0638</element>
               <element dimension="2">-2.5837</element>
            </point>
            <point>
               <element dimension="1">12.3216</element>
               <element dimension="2">-4.3539</element>
            </point>
            <point>
               <element dimension="1">12.1988</element>
               <element dimension="2">-4.3163</element>
            </point>
            <point>
               <element dimension="1">7.3367</element>
               <element dimension="2">-2.5589</element>
            </point>
         </set>
      </occupancy>
      <occupancy>
         <time>
            <intervalStart>0.4</intervalStart>
            <intervalEnd>0.5</intervalEnd>
         </time>
         <set>
            <point>
               <element dimension="1">7.9197</element>
               <element dimension="2">-2.5042</element>
            </point>
            <point>
               <element dimension="1">8.8008</element>
               <element dimension="2">-0.40275</element>
            </point>
            <point>
               <element dimension="1">8.8311</element>
               <element dimension="2">-0.34693</element>
            </point>
            <point>
               <element dimension="1">12.8803</element>
               <element dimension="2">-2.0447</element>
            </point>
            <point>
               <element dimension="1">13.1814</element>
               <element dimension="2">-2.1891</element>
            </point>
            <point>
               <element dimension="1">15.4374</element>
               <element dimension="2">-3.4131</element>
            </point>
            <point>
               <element dimension="1">15.1953</element>
               <element dimension="2">-3.9906</element>
            </point>
            <point>
               <element dimension="1">15.1823</element>
               <element dimension="2">-4.0176</element>
            </point>
            <point>
               <element dimension="1">14.3002</element>
               <element dimension="2">-5.6434</element>
            </point>
            <point>
               <element dimension="1">14.2029</element>
               <element dimension="2">-5.6026</element>
            </point>
            <point>
               <element dimension="1">9.2777</element>
               <element dimension="2">-3.2411</element>
            </point>
         </set>
      </occupancy>
      <occupancy>
         <time>
            <intervalStart>0.5</intervalStart>
            <intervalEnd>0.6</intervalEnd>
         </time>
         <set>
            <point>
               <element dimension="1">10.1161</element>
               <element dimension="2">-3.365</element>
            </point>
            <point>
               <element dimension="1">11.1606</element>
               <element dimension="2">-1.44</element>
            </point>
            <point>
               <element dimension="1">11.1928</element>
               <element dimension="2">-1.3926</element>
            </point>
            <point>
               <element dimension="1">14.9653</element>
               <element dimension="2">-3.4395</element>
            </point>
            <point>
               <element dimension="1">15.314</element>
               <element dimension="2">-3.6519</element>
            </point>
            <point>
               <element dimension="1">17.4444</element>
               <element dimension="2">-5.1002</element>
            </point>
            <point>
               <element dimension="1">17.1746</element>
               <element dimension="2">-5.5974</element>
            </point>
            <point>
               <element dimension="1">16.1376</element>
               <element dimension="2">-7.1229</element>
            </point>
            <point>
               <element dimension="1">16.0641</element>
               <element dimension="2">-7.083</element>
            </point>
            <point>
               <element dimension="1">11.4595</element>
               <element dimension="2">-4.2782</element>
            </point>
         </set>
      </occupancy>
      <occupancy>
         <time>
            <intervalStart>0.6</intervalStart>
            <intervalEnd>0.7</intervalEnd>
         </time>
         <set>
            <point>
               <element dimension="1">12.2178</element>
               <element dimension="2">-4.4462</element>
            </point>
            <point>
               <element dimension="1">13.4007</element>
               <element dimension="2">-2.7062</element>
            </point>
            <point>
               <element dimension="1">13.432</element>
               <element dimension="2">-2.6688</element>
            </point>
            <point>
               <element dimension="1">16.9681</element>
               <element dimension="2">-5.0726</element>
            </point>
            <point>
               <element dimension="1">17.2883</element>
               <element dimension="2">-5.3145</element>
            </point>
            <point>
               <element dimension="1">19.2658</element>
               <element dimension="2">-6.9694</element>
            </point>
            <point>
               <element dimension="1">18.9983</element>
               <element dimension="2">-7.3628</element>
            </point>
            <point>
               <element dimension="1">17.8178</element>
               <element dimension="2">-8.7734</element>
            </point>
            <point>
               <element dimension="1">17.7662</element>
               <element dimension="2">-8.7383</element>
            </point>
            <point>
               <element dimension="1">13.4561</element>
               <element dimension="2">-5.4825</element>
            </point>
         </set>
      </occupancy>
      <occupancy>
         <time>
            <intervalStart>0.7</intervalStart>
            <intervalEnd>0.8</intervalEnd>
         </time>
         <set>
            <point>
               <element dimension="1">14.2049</element>
               <element dimension="2">-5.7347</element>
            </point>
            <point>
               <element dimension="1">15.4984</element>
               <element dimension="2">-4.1891</element>
            </point>
            <point>
               <element dimension="1">15.5271</element>
               <element dimension="2">-4.161</element>
            </point>
            <point>
               <element dimension="1">18.7943</element>
               <element dimension="2">-6.8952</element>
            </point>
            <point>
               <element dimension="1">19.0837</element>
               <element dimension="2">-7.163</element>
            </point>
            <point>
               <element dimension="1">20.8826</element>
               <element dimension="2">-9.002</element>
            </point>
            <point>
               <element dimension="1">20.6366</element>
               <element dimension="2">-9.2959</element>
            </point>
            <point>
               <element dimension="1">19.3255</element>
               <element dimension="2">-10.5785</element>
            </point>
            <point>
               <element dimension="1">19.2932</element>
               <element dimension="2">-10.5515</element>
            </point>
            <point>
               <element dimension="1">15.3227</element>
               <element dimension="2">-6.8774</element>
            </point>
         </set>
      </occupancy>
      <occupancy>
         <time>
            <intervalStart>0.8</intervalStart>
            <intervalEnd>0.9</intervalEnd>
         </time>
         <set>
            <point>
               <element dimension="1">16.0566</element>
               <element dimension="2">-7.219</element>
            </point>
            <point>
               <element dimension="1">17.4329</element>
               <element dimension="2">-5.8727</element>
            </point>
            <point>
               <element dimension="1">17.4576</element>
               <element dimension="2">-5.8529</element>
            </point>
            <point>
               <element dimension="1">20.426</element>
               <element dimension="2">-8.8874</element>
            </point>
            <point>
               <element dimension="1">20.6832</element>
               <element dimension="2">-9.1779</element>
            </point>
            <point>
               <element dimension="1">22.2814</element>
               <element dimension="2">-11.1748</element>
            </point>
            <point>
               <element dimension="1">22.0746</element>
               <element dimension="2">-11.3771</element>
            </point>
            <point>
               <element dimension="1">20.6462</element>
               <element dimension="2">-12.5203</element>
            </point>
            <point>
               <element dimension="1">20.6371</element>
               <element dimension="2">-12.511</element>
            </point>
            <point>
               <element dimension="1">17.0412</element>
               <element dimension="2">-8.4493</element>
            </point>
         </set>
      </occupancy>
      <occupancy>
         <time>
            <intervalStart>0.9</intervalStart>
            <intervalEnd>1</intervalEnd>
         </time>
         <set>
            <point>
               <element dimension="1">17.7533</element>
               <element dimension="2">-8.8851</element>
            </point>
            <point>
               <element dimension="1">19.1856</element>
               <element dimension="2">-7.7389</element>
            </point>
            <point>
               <element dimension="1">19.2086</element>
               <element dimension="2">-7.7239</element>
            </point>
            <point>
               <element dimension="1">21.7992</element>
               <element dimension="2">-10.9609</element>
            </point>
            <point>
               <element dimension="1">22.0718</element>
               <element dimension="2">-11.3385</element>
            </point>
            <point>
               <element dimension="1">23.4433</element>
               <element dimension="2">-13.4517</element>
            </point>
            <point>
               <element dimension="1">23.2314</element>
               <element dimension="2">-13.6213</element>
            </point>
            <point>
               <element dimension="1">23.231</element>
               <element dimension="2">-13.6216</element>
            </point>
            <point>
               <element dimension="1">21.7616</element>
               <element dimension="2">-14.5752</element>
            </point>
            <point>
               <element dimension="1">21.7551</element>
               <element dimension="2">-14.5671</element>
            </point>
            <point>
               <element dimension="1">18.6462</element>
               <element dimension="2">-10.2609</element>
            </point>
         </set>
      </occupancy>
   </occupancySet>
   <reachableSet>
      <reachability>
         <time>0</time>
         <x>
            <intervalStart>-0.1</intervalStart>
            <intervalEnd>0.1</intervalEnd>
         </x>
         <y>
            <intervalStart>-0.1</intervalStart>
            <intervalEnd>0.1</intervalEnd>
         </y>
         <velocity>
            <intervalStart>24.6</intervalStart>
            <intervalEnd>25</intervalEnd>
         </velocity>
         <orientation>
            <intervalStart>-0.02</intervalStart>
            <intervalEnd>0.02</intervalEnd>
         </orientation>
      </reachability>
      <reachability>
         <time>1</time>
         <x>
            <intervalStart>20.6888</intervalStart>
            <intervalEnd>20.7072</intervalEnd>
         </x>
         <y>
            <intervalStart>-11.3174</intervalStart>
            <intervalEnd>-11.3008</intervalEnd>
         </y>
         <velocity>
            <intervalStart>24.4</intervalStart>
            <intervalEnd>24.4</intervalEnd>
         </velocity>
         <orientation>
            <intervalStart>-1.0005</intervalStart>
            <intervalEnd>-0.99969</intervalEnd>
         </orientation>
      </reachability>
   </reachableSet>
</motionPrimitive>