<?xml version="1.0" encoding="utf-8"?>
<motionPrimitive ID="10137">
   <controller type="generator space control">controller10137.mat</controller>
   <successors>
      <id>9876</id>
      <id>9877</id>
      <id>9878</id>
      <id>9879</id>
      <id>9880</id>
      <id>9881</id>
      <id>9882</id>
      <id>9883</id>
      <id>9884</id>
      <id>9885</id>
      <id>9886</id>
      <id>9887</id>
      <id>9888</id>
      <id>9889</id>
      <id>9890</id>
      <id>9891</id>
      <id>9892</id>
      <id>9893</id>
      <id>9894</id>
      <id>9895</id>
      <id>9896</id>
      <id>9897</id>
      <id>9898</id>
      <id>9899</id>
      <id>9900</id>
      <id>9901</id>
      <id>9902</id>
      <id>9903</id>
      <id>9904</id>
      <id>9905</id>
      <id>9906</id>
      <id>9907</id>
      <id>9908</id>
      <id>9909</id>
      <id>9910</id>
      <id>9911</id>
      <id>9912</id>
      <id>9913</id>
      <id>9914</id>
      <id>9915</id>
      <id>9916</id>
      <id>9917</id>
      <id>9918</id>
      <id>9919</id>
      <id>9920</id>
      <id>9921</id>
      <id>9922</id>
      <id>9923</id>
      <id>9924</id>
      <id>9925</id>
      <id>9926</id>
      <id>9927</id>
      <id>9928</id>
      <id>9929</id>
      <id>9930</id>
      <id>9931</id>
      <id>9932</id>
      <id>9933</id>
      <id>9934</id>
      <id>9935</id>
      <id>9936</id>
      <id>9937</id>
      <id>9938</id>
      <id>9939</id>
      <id>9940</id>
      <id>9941</id>
      <id>9942</id>
      <id>9943</id>
      <id>9944</id>
      <id>9945</id>
      <id>9946</id>
      <id>9947</id>
      <id>9948</id>
      <id>9949</id>
      <id>9950</id>
      <id>9951</id>
      <id>9952</id>
      <id>9953</id>
      <id>9954</id>
      <id>9955</id>
      <id>9956</id>
      <id>9957</id>
      <id>9958</id>
      <id>9959</id>
      <id>9960</id>
      <id>9961</id>
      <id>9962</id>
      <id>9963</id>
      <id>9964</id>
      <id>9965</id>
      <id>9966</id>
      <id>9967</id>
      <id>9968</id>
      <id>9969</id>
      <id>9970</id>
      <id>9971</id>
      <id>9972</id>
      <id>9973</id>
      <id>9974</id>
      <id>9975</id>
      <id>9976</id>
      <id>9977</id>
      <id>9978</id>
      <id>9979</id>
      <id>9980</id>
      <id>9981</id>
      <id>9982</id>
      <id>9983</id>
      <id>9984</id>
      <id>9985</id>
      <id>9986</id>
      <id>9987</id>
      <id>9988</id>
      <id>9989</id>
      <id>9990</id>
      <id>9991</id>
      <id>9992</id>
      <id>9993</id>
      <id>9994</id>
      <id>9995</id>
      <id>9996</id>
      <id>9997</id>
      <id>9998</id>
      <id>9999</id>
      <id>10000</id>
      <id>10001</id>
      <id>10002</id>
      <id>10003</id>
      <id>10004</id>
      <id>10005</id>
      <id>10006</id>
      <id>10007</id>
      <id>10008</id>
      <id>10009</id>
      <id>10010</id>
      <id>10011</id>
      <id>10012</id>
      <id>10013</id>
      <id>10014</id>
      <id>10015</id>
      <id>10016</id>
      <id>10017</id>
      <id>10018</id>
      <id>10019</id>
      <id>10020</id>
      <id>10021</id>
      <id>10022</id>
      <id>10023</id>
      <id>10024</id>
      <id>10025</id>
      <id>10026</id>
      <id>10027</id>
      <id>10028</id>
      <id>10029</id>
      <id>10030</id>
      <id>10031</id>
      <id>10032</id>
      <id>10033</id>
      <id>10034</id>
      <id>10035</id>
      <id>10036</id>
      <id>10037</id>
      <id>10038</id>
      <id>10039</id>
      <id>10040</id>
      <id>10041</id>
      <id>10042</id>
      <id>10043</id>
      <id>10044</id>
      <id>10045</id>
      <id>10046</id>
      <id>10047</id>
      <id>10048</id>
      <id>10049</id>
      <id>10050</id>
      <id>10051</id>
      <id>10052</id>
      <id>10053</id>
      <id>10054</id>
      <id>10055</id>
   </successors>
   <trajectory>
      <states>
         <state>
            <time>0</time>
            <x>0</x>
            <y>0</y>
            <velocity>24.4</velocity>
            <orientation>0</orientation>
         </state>
         <state>
            <time>0.1</time>
            <x>2.4354</x>
            <y>-0.098192</y>
            <velocity>24.36</velocity>
            <orientation>-0.080595</orientation>
         </state>
         <state>
            <time>0.2</time>
            <x>4.851</x>
            <y>-0.39149</y>
            <velocity>24.32</velocity>
            <orientation>-0.16106</orientation>
         </state>
         <state>
            <time>0.3</time>
            <x>7.2313</x>
            <y>-0.87704</y>
            <velocity>24.28</velocity>
            <orientation>-0.24139</orientation>
         </state>
         <state>
            <time>0.4</time>
            <x>9.5612</x>
            <y>-1.5508</y>
            <velocity>24.24</velocity>
            <orientation>-0.32159</orientation>
         </state>
         <state>
            <time>0.5</time>
            <x>11.8259</x>
            <y>-2.4074</y>
            <velocity>24.2</velocity>
            <orientation>-0.40165</orientation>
         </state>
         <state>
            <time>0.6</time>
            <x>14.0114</x>
            <y>-3.4406</y>
            <velocity>24.16</velocity>
            <orientation>-0.48159</orientation>
         </state>
         <state>
            <time>0.7</time>
            <x>16.104</x>
            <y>-4.6429</y>
            <velocity>24.12</velocity>
            <orientation>-0.56139</orientation>
         </state>
         <state>
            <time>0.8</time>
            <x>18.0908</x>
            <y>-6.0057</y>
            <velocity>24.08</velocity>
            <orientation>-0.64106</orientation>
         </state>
         <state>
            <time>0.9</time>
            <x>19.9599</x>
            <y>-7.5197</y>
            <velocity>24.04</velocity>
            <orientation>-0.7206</orientation>
         </state>
         <state>
            <time>1</time>
            <x>21.7</x>
            <y>-9.1746</y>
            <velocity>24</velocity>
            <orientation>-0.8</orientation>
         </state>
      </states>
      <inputs>
         <input>
            <acceleration>-0.4</acceleration>
            <steer>-0.075887</steer>
         </input>
         <input>
            <acceleration>-0.4</acceleration>
            <steer>-0.075887</steer>
         </input>
         <input>
            <acceleration>-0.4</acceleration>
            <steer>-0.075887</steer>
         </input>
         <input>
            <acceleration>-0.4</acceleration>
            <steer>-0.075887</steer>
         </input>
         <input>
            <acceleration>-0.4</acceleration>
            <steer>-0.075887</steer>
         </input>
         <input>
            <acceleration>-0.4</acceleration>
            <steer>-0.075887</steer>
         </input>
         <input>
            <acceleration>-0.4</acceleration>
            <steer>-0.075887</steer>
         </input>
         <input>
            <acceleration>-0.4</acceleration>
            <steer>-0.075887</steer>
         </input>
         <input>
            <acceleration>-0.4</acceleration>
            <steer>-0.075887</steer>
         </input>
         <input>
            <acceleration>-0.4</acceleration>
            <steer>-0.075887</steer>
         </input>
      </inputs>
   </trajectory>
   <occupancySet>
      <occupancy>
         <time>
            <intervalStart>0</intervalStart>
            <intervalEnd>0.1</intervalEnd>
         </time>
         <set>
            <point>
               <element dimension="1">-1.128</element>
               <element dimension="2">-1.0186</element>
            </point>
            <point>
               <element dimension="1">-1.1197</element>
               <element dimension="2">1.0363</element>
            </point>
            <point>
               <element dimension="1">-1.1197</element>
               <element dimension="2">1.0366</element>
            </point>
            <point>
               <element dimension="1">-1.1187</element>
               <element dimension="2">1.0492</element>
            </point>
            <point>
               <element dimension="1">3.097</element>
               <element dimension="2">1.0322</element>
            </point>
            <point>
               <element dimension="1">3.6588</element>
               <element dimension="2">1.0096</element>
            </point>
            <point>
               <element dimension="1">5.9066</element>
               <element dimension="2">0.83707</element>
            </point>
            <point>
               <element dimension="1">5.9053</element>
               <element dimension="2">0.53019</element>
            </point>
            <point>
               <element dimension="1">5.8996</element>
               <element dimension="2">0.38887</element>
            </point>
            <point>
               <element dimension="1">5.7667</element>
               <element dimension="2">-1.3432</element>
            </point>
            <point>
               <element dimension="1">5.575</element>
               <element dimension="2">-1.3424</element>
            </point>
            <point>
               <element dimension="1">0.34066</element>
               <element dimension="2">-1.1313</element>
            </point>
         </set>
      </occupancy>
      <occupancy>
         <time>
            <intervalStart>0.1</intervalStart>
            <intervalEnd>0.2</intervalEnd>
         </time>
         <set>
            <point>
               <element dimension="1">1.003</element>
               <element dimension="2">-0.98046</element>
            </point>
            <point>
               <element dimension="1">1.154</element>
               <element dimension="2">0.98777</element>
            </point>
            <point>
               <element dimension="1">1.1596</element>
               <element dimension="2">1.0227</element>
            </point>
            <point>
               <element dimension="1">5.1768</element>
               <element dimension="2">0.71448</element>
            </point>
            <point>
               <element dimension="1">5.9045</element>
               <element dimension="2">0.62907</element>
            </point>
            <point>
               <element dimension="1">8.3734</element>
               <element dimension="2">0.23808</element>
            </point>
            <point>
               <element dimension="1">8.3431</element>
               <element dimension="2">-0.15698</element>
            </point>
            <point>
               <element dimension="1">8.3424</element>
               <element dimension="2">-0.16254</element>
            </point>
            <point>
               <element dimension="1">8.0666</element>
               <element dimension="2">-1.9041</element>
            </point>
            <point>
               <element dimension="1">7.8966</element>
               <element dimension="2">-1.8911</element>
            </point>
            <point>
               <element dimension="1">3.481</element>
               <element dimension="2">-1.3729</element>
            </point>
         </set>
      </occupancy>
      <occupancy>
         <time>
            <intervalStart>0.2</intervalStart>
            <intervalEnd>0.3</intervalEnd>
         </time>
         <set>
            <point>
               <element dimension="1">3.3562</element>
               <element dimension="2">-1.1604</element>
            </point>
            <point>
               <element dimension="1">3.6636</element>
               <element dimension="2">0.78092</element>
            </point>
            <point>
               <element dimension="1">3.6752</element>
               <element dimension="2">0.82855</element>
            </point>
            <point>
               <element dimension="1">7.7185</element>
               <element dimension="2">0.18823</element>
            </point>
            <point>
               <element dimension="1">8.3562</element>
               <element dimension="2">0.060804</element>
            </point>
            <point>
               <element dimension="1">10.7863</element>
               <element dimension="2">-0.52718</element>
            </point>
            <point>
               <element dimension="1">10.7265</element>
               <element dimension="2">-0.90433</element>
            </point>
            <point>
               <element dimension="1">10.307</element>
               <element dimension="2">-2.6382</element>
            </point>
            <point>
               <element dimension="1">10.1609</element>
               <element dimension="2">-2.6151</element>
            </point>
            <point>
               <element dimension="1">5.61</element>
               <element dimension="2">-1.7057</element>
            </point>
         </set>
      </occupancy>
      <occupancy>
         <time>
            <intervalStart>0.3</intervalStart>
            <intervalEnd>0.4</intervalEnd>
         </time>
         <set>
            <point>
               <element dimension="1">5.69</element>
               <element dimension="2">-1.5211</element>
            </point>
            <point>
               <element dimension="1">6.1461</element>
               <element dimension="2">0.36397</element>
            </point>
            <point>
               <element dimension="1">6.166</element>
               <element dimension="2">0.42473</element>
            </point>
            <point>
               <element dimension="1">10.1656</element>
               <element dimension="2">-0.54302</element>
            </point>
            <point>
               <element dimension="1">10.746</element>
               <element dimension="2">-0.70832</element>
            </point>
            <point>
               <element dimension="1">13.1252</element>
               <element dimension="2">-1.4904</element>
            </point>
            <point>
               <element dimension="1">13.0412</element>
               <element dimension="2">-1.8373</element>
            </point>
            <point>
               <element dimension="1">12.4805</element>
               <element dimension="2">-3.5431</element>
            </point>
            <point>
               <element dimension="1">12.3585</element>
               <element dimension="2">-3.5136</element>
            </point>
            <point>
               <element dimension="1">7.8104</element>
               <element dimension="2">-2.2181</element>
            </point>
         </set>
      </occupancy>
      <occupancy>
         <time>
            <intervalStart>0.4</intervalStart>
            <intervalEnd>0.5</intervalEnd>
         </time>
         <set>
            <point>
               <element dimension="1">7.9842</element>
               <element dimension="2">-2.0631</element>
            </point>
            <point>
               <element dimension="1">8.5852</element>
               <element dimension="2">-0.23479</element>
            </point>
            <point>
               <element dimension="1">8.6073</element>
               <element dimension="2">-0.18229</element>
            </point>
            <point>
               <element dimension="1">12.5778</element>
               <element dimension="2">-1.4875</element>
            </point>
            <point>
               <element dimension="1">13.0648</element>
               <element dimension="2">-1.6695</element>
            </point>
            <point>
               <element dimension="1">15.3699</element>
               <element dimension="2">-2.6377</element>
            </point>
            <point>
               <element dimension="1">15.2648</element>
               <element dimension="2">-2.9574</element>
            </point>
            <point>
               <element dimension="1">14.5723</element>
               <element dimension="2">-4.6061</element>
            </point>
            <point>
               <element dimension="1">14.475</element>
               <element dimension="2">-4.5741</element>
            </point>
            <point>
               <element dimension="1">9.828</element>
               <element dimension="2">-2.8375</element>
            </point>
         </set>
      </occupancy>
      <occupancy>
         <time>
            <intervalStart>0.5</intervalStart>
            <intervalEnd>0.6</intervalEnd>
         </time>
         <set>
            <point>
               <element dimension="1">10.232</element>
               <element dimension="2">-2.7788</element>
            </point>
            <point>
               <element dimension="1">10.9656</element>
               <element dimension="2">-1.0323</element>
            </point>
            <point>
               <element dimension="1">10.988</element>
               <element dimension="2">-0.98905</element>
            </point>
            <point>
               <element dimension="1">14.8082</element>
               <element dimension="2">-2.5937</element>
            </point>
            <point>
               <element dimension="1">15.2888</element>
               <element dimension="2">-2.8186</element>
            </point>
            <point>
               <element dimension="1">17.5071</element>
               <element dimension="2">-3.9667</element>
            </point>
            <point>
               <element dimension="1">17.3889</element>
               <element dimension="2">-4.2479</element>
            </point>
            <point>
               <element dimension="1">16.5701</element>
               <element dimension="2">-5.8299</element>
            </point>
            <point>
               <element dimension="1">16.4964</element>
               <element dimension="2">-5.799</element>
            </point>
            <point>
               <element dimension="1">12.0251</element>
               <element dimension="2">-3.7069</element>
            </point>
         </set>
      </occupancy>
      <occupancy>
         <time>
            <intervalStart>0.6</intervalStart>
            <intervalEnd>0.7</intervalEnd>
         </time>
         <set>
            <point>
               <element dimension="1">12.4134</element>
               <element dimension="2">-3.6724</element>
            </point>
            <point>
               <element dimension="1">13.2699</element>
               <element dimension="2">-2.0176</element>
            </point>
            <point>
               <element dimension="1">13.2915</element>
               <element dimension="2">-1.9829</element>
            </point>
            <point>
               <element dimension="1">16.9501</element>
               <element dimension="2">-3.8765</element>
            </point>
            <point>
               <element dimension="1">17.4107</element>
               <element dimension="2">-4.1387</element>
            </point>
            <point>
               <element dimension="1">19.5264</element>
               <element dimension="2">-5.4576</element>
            </point>
            <point>
               <element dimension="1">19.4008</element>
               <element dimension="2">-5.7002</element>
            </point>
            <point>
               <element dimension="1">18.4622</element>
               <element dimension="2">-7.206</element>
            </point>
            <point>
               <element dimension="1">18.4104</element>
               <element dimension="2">-7.1792</element>
            </point>
            <point>
               <element dimension="1">14.1317</element>
               <element dimension="2">-4.7435</element>
            </point>
         </set>
      </occupancy>
      <occupancy>
         <time>
            <intervalStart>0.7</intervalStart>
            <intervalEnd>0.8</intervalEnd>
         </time>
         <set>
            <point>
               <element dimension="1">14.5148</element>
               <element dimension="2">-4.7374</element>
            </point>
            <point>
               <element dimension="1">15.4838</element>
               <element dimension="2">-3.1829</element>
            </point>
            <point>
               <element dimension="1">15.5034</element>
               <element dimension="2">-3.1564</element>
            </point>
            <point>
               <element dimension="1">18.9797</element>
               <element dimension="2">-5.3234</element>
            </point>
            <point>
               <element dimension="1">19.4173</element>
               <element dimension="2">-5.621</element>
            </point>
            <point>
               <element dimension="1">21.4157</element>
               <element dimension="2">-7.0999</element>
            </point>
            <point>
               <element dimension="1">21.2884</element>
               <element dimension="2">-7.3041</element>
            </point>
            <point>
               <element dimension="1">20.2369</element>
               <element dimension="2">-8.7249</element>
            </point>
            <point>
               <element dimension="1">20.2053</element>
               <element dimension="2">-8.7052</element>
            </point>
            <point>
               <element dimension="1">16.1449</element>
               <element dimension="2">-5.9437</element>
            </point>
         </set>
      </occupancy>
      <occupancy>
         <time>
            <intervalStart>0.8</intervalStart>
            <intervalEnd>0.9</intervalEnd>
         </time>
         <set>
            <point>
               <element dimension="1">16.5228</element>
               <element dimension="2">-5.9665</element>
            </point>
            <point>
               <element dimension="1">17.5934</element>
               <element dimension="2">-4.5199</element>
            </point>
            <point>
               <element dimension="1">17.61</element>
               <element dimension="2">-4.5009</element>
            </point>
            <point>
               <element dimension="1">20.883</element>
               <element dimension="2">-6.923</element>
            </point>
            <point>
               <element dimension="1">21.2966</element>
               <element dimension="2">-7.2553</element>
            </point>
            <point>
               <element dimension="1">23.164</element>
               <element dimension="2">-8.8821</element>
            </point>
            <point>
               <element dimension="1">23.0404</element>
               <element dimension="2">-9.0491</element>
            </point>
            <point>
               <element dimension="1">21.8834</element>
               <element dimension="2">-10.3772</element>
            </point>
            <point>
               <element dimension="1">21.8779</element>
               <element dimension="2">-10.3731</element>
            </point>
            <point>
               <element dimension="1">18.0582</element>
               <element dimension="2">-7.3041</element>
            </point>
         </set>
      </occupancy>
      <occupancy>
         <time>
            <intervalStart>0.9</intervalStart>
            <intervalEnd>1</intervalEnd>
         </time>
         <set>
            <point>
               <element dimension="1">18.4247</element>
               <element dimension="2">-7.3517</element>
            </point>
            <point>
               <element dimension="1">19.5857</element>
               <element dimension="2">-6.019</element>
            </point>
            <point>
               <element dimension="1">19.6003</element>
               <element dimension="2">-6.0047</element>
            </point>
            <point>
               <element dimension="1">22.5975</element>
               <element dimension="2">-8.6156</element>
            </point>
            <point>
               <element dimension="1">23.0384</element>
               <element dimension="2">-9.0316</element>
            </point>
            <point>
               <element dimension="1">24.7601</element>
               <element dimension="2">-10.7904</element>
            </point>
            <point>
               <element dimension="1">24.6279</element>
               <element dimension="2">-10.9422</element>
            </point>
            <point>
               <element dimension="1">24.6276</element>
               <element dimension="2">-10.9425</element>
            </point>
            <point>
               <element dimension="1">23.3921</element>
               <element dimension="2">-12.1519</element>
            </point>
            <point>
               <element dimension="1">23.3879</element>
               <element dimension="2">-12.1483</element>
            </point>
            <point>
               <element dimension="1">19.8822</element>
               <element dimension="2">-8.8406</element>
            </point>
         </set>
      </occupancy>
   </occupancySet>
   <reachableSet>
      <reachability>
         <time>0</time>
         <x>
            <intervalStart>-0.1</intervalStart>
            <intervalEnd>0.1</intervalEnd>
         </x>
         <y>
            <intervalStart>-0.1</intervalStart>
            <intervalEnd>0.1</intervalEnd>
         </y>
         <velocity>
            <intervalStart>24.2</intervalStart>
            <intervalEnd>24.6</intervalEnd>
         </velocity>
         <orientation>
            <intervalStart>-0.02</intervalStart>
            <intervalEnd>0.02</intervalEnd>
         </orientation>
      </reachability>
      <reachability>
         <time>1</time>
         <x>
            <intervalStart>21.6958</intervalStart>
            <intervalEnd>21.7035</intervalEnd>
         </x>
         <y>
            <intervalStart>-9.1806</intervalStart>
            <intervalEnd>-9.1691</intervalEnd>
         </y>
         <velocity>
            <intervalStart>24</intervalStart>
            <intervalEnd>24</intervalEnd>
         </velocity>
         <orientation>
            <intervalStart>-0.80027</intervalStart>
            <intervalEnd>-0.79976</intervalEnd>
         </orientation>
      </reachability>
   </reachableSet>
</motionPrimitive>