<?xml version="1.0" encoding="utf-8"?>
<motionPrimitive ID="10199">
   <controller type="generator space control">controller10199.mat</controller>
   <successors>
      <id>9456</id>
      <id>9457</id>
      <id>9458</id>
      <id>9459</id>
      <id>9460</id>
      <id>9461</id>
      <id>9462</id>
      <id>9463</id>
      <id>9464</id>
      <id>9465</id>
      <id>9466</id>
      <id>9467</id>
      <id>9468</id>
      <id>9469</id>
      <id>9470</id>
      <id>9471</id>
      <id>9472</id>
      <id>9473</id>
      <id>9474</id>
      <id>9475</id>
      <id>9476</id>
      <id>9477</id>
      <id>9478</id>
      <id>9479</id>
      <id>9480</id>
      <id>9481</id>
      <id>9482</id>
      <id>9483</id>
      <id>9484</id>
      <id>9485</id>
      <id>9486</id>
      <id>9487</id>
      <id>9488</id>
      <id>9489</id>
      <id>9490</id>
      <id>9491</id>
      <id>9492</id>
      <id>9493</id>
      <id>9494</id>
      <id>9495</id>
      <id>9496</id>
      <id>9497</id>
      <id>9498</id>
      <id>9499</id>
      <id>9500</id>
      <id>9501</id>
      <id>9502</id>
      <id>9503</id>
      <id>9504</id>
      <id>9505</id>
      <id>9506</id>
      <id>9507</id>
      <id>9508</id>
      <id>9509</id>
      <id>9510</id>
      <id>9511</id>
      <id>9512</id>
      <id>9513</id>
      <id>9514</id>
      <id>9515</id>
      <id>9516</id>
      <id>9517</id>
      <id>9518</id>
      <id>9519</id>
      <id>9520</id>
      <id>9521</id>
      <id>9522</id>
      <id>9523</id>
      <id>9524</id>
      <id>9525</id>
      <id>9526</id>
      <id>9527</id>
      <id>9528</id>
      <id>9529</id>
      <id>9530</id>
      <id>9531</id>
      <id>9532</id>
      <id>9533</id>
      <id>9534</id>
      <id>9535</id>
      <id>9536</id>
      <id>9537</id>
      <id>9538</id>
      <id>9539</id>
      <id>9540</id>
      <id>9541</id>
      <id>9542</id>
      <id>9543</id>
      <id>9544</id>
      <id>9545</id>
      <id>9546</id>
      <id>9547</id>
      <id>9548</id>
      <id>9549</id>
      <id>9550</id>
      <id>9551</id>
      <id>9552</id>
      <id>9553</id>
      <id>9554</id>
      <id>9555</id>
      <id>9556</id>
      <id>9557</id>
      <id>9558</id>
      <id>9559</id>
      <id>9560</id>
      <id>9561</id>
      <id>9562</id>
      <id>9563</id>
      <id>9564</id>
      <id>9565</id>
      <id>9566</id>
      <id>9567</id>
      <id>9568</id>
      <id>9569</id>
      <id>9570</id>
      <id>9571</id>
      <id>9572</id>
      <id>9573</id>
      <id>9574</id>
      <id>9575</id>
      <id>9576</id>
      <id>9577</id>
      <id>9578</id>
      <id>9579</id>
      <id>9580</id>
      <id>9581</id>
      <id>9582</id>
      <id>9583</id>
      <id>9584</id>
      <id>9585</id>
      <id>9586</id>
      <id>9587</id>
      <id>9588</id>
      <id>9589</id>
      <id>9590</id>
      <id>9591</id>
      <id>9592</id>
      <id>9593</id>
      <id>9594</id>
      <id>9595</id>
      <id>9596</id>
      <id>9597</id>
      <id>9598</id>
      <id>9599</id>
      <id>9600</id>
      <id>9601</id>
      <id>9602</id>
      <id>9603</id>
      <id>9604</id>
      <id>9605</id>
      <id>9606</id>
      <id>9607</id>
      <id>9608</id>
      <id>9609</id>
      <id>9610</id>
      <id>9611</id>
      <id>9612</id>
      <id>9613</id>
      <id>9614</id>
      <id>9615</id>
      <id>9616</id>
      <id>9617</id>
      <id>9618</id>
      <id>9619</id>
      <id>9620</id>
      <id>9621</id>
      <id>9622</id>
      <id>9623</id>
      <id>9624</id>
      <id>9625</id>
      <id>9626</id>
      <id>9627</id>
      <id>9628</id>
      <id>9629</id>
      <id>9630</id>
      <id>9631</id>
      <id>9632</id>
      <id>9633</id>
      <id>9634</id>
      <id>9635</id>
   </successors>
   <trajectory>
      <states>
         <state>
            <time>0</time>
            <x>0</x>
            <y>0</y>
            <velocity>24.4</velocity>
            <orientation>0</orientation>
         </state>
         <state>
            <time>0.1</time>
            <x>2.434</x>
            <y>0.012446</y>
            <velocity>24.28</velocity>
            <orientation>0.010227</orientation>
         </state>
         <state>
            <time>0.2</time>
            <x>4.8557</x>
            <y>0.049538</y>
            <velocity>24.16</velocity>
            <orientation>0.020403</orientation>
         </state>
         <state>
            <time>0.3</time>
            <x>7.2649</x>
            <y>0.1109</y>
            <velocity>24.04</velocity>
            <orientation>0.030529</orientation>
         </state>
         <state>
            <time>0.4</time>
            <x>9.6613</x>
            <y>0.19618</y>
            <velocity>23.92</velocity>
            <orientation>0.040605</orientation>
         </state>
         <state>
            <time>0.5</time>
            <x>12.0449</x>
            <y>0.30498</y>
            <velocity>23.8</velocity>
            <orientation>0.05063</orientation>
         </state>
         <state>
            <time>0.6</time>
            <x>14.4152</x>
            <y>0.43695</y>
            <velocity>23.68</velocity>
            <orientation>0.060605</orientation>
         </state>
         <state>
            <time>0.7</time>
            <x>16.7721</x>
            <y>0.59171</y>
            <velocity>23.56</velocity>
            <orientation>0.070529</orientation>
         </state>
         <state>
            <time>0.8</time>
            <x>19.1154</x>
            <y>0.76889</y>
            <velocity>23.44</velocity>
            <orientation>0.080403</orientation>
         </state>
         <state>
            <time>0.9</time>
            <x>21.4449</x>
            <y>0.96811</y>
            <velocity>23.32</velocity>
            <orientation>0.090227</orientation>
         </state>
         <state>
            <time>1</time>
            <x>23.7604</x>
            <y>1.189</y>
            <velocity>23.2</velocity>
            <orientation>0.1</orientation>
         </state>
      </states>
      <inputs>
         <input>
            <acceleration>-1.2</acceleration>
            <steer>0.0096636</steer>
         </input>
         <input>
            <acceleration>-1.2</acceleration>
            <steer>0.0096636</steer>
         </input>
         <input>
            <acceleration>-1.2</acceleration>
            <steer>0.0096636</steer>
         </input>
         <input>
            <acceleration>-1.2</acceleration>
            <steer>0.0096636</steer>
         </input>
         <input>
            <acceleration>-1.2</acceleration>
            <steer>0.0096636</steer>
         </input>
         <input>
            <acceleration>-1.2</acceleration>
            <steer>0.0096636</steer>
         </input>
         <input>
            <acceleration>-1.2</acceleration>
            <steer>0.0096636</steer>
         </input>
         <input>
            <acceleration>-1.2</acceleration>
            <steer>0.0096636</steer>
         </input>
         <input>
            <acceleration>-1.2</acceleration>
            <steer>0.0096636</steer>
         </input>
         <input>
            <acceleration>-1.2</acceleration>
            <steer>0.0096636</steer>
         </input>
      </inputs>
   </trajectory>
   <occupancySet>
      <occupancy>
         <time>
            <intervalStart>0</intervalStart>
            <intervalEnd>0.1</intervalEnd>
         </time>
         <set>
            <point>
               <element dimension="1">-1.1207</element>
               <element dimension="2">1.0186</element>
            </point>
            <point>
               <element dimension="1">-1.1079</element>
               <element dimension="2">1.0187</element>
            </point>
            <point>
               <element dimension="1">-0.46228</element>
               <element dimension="2">1.022</element>
            </point>
            <point>
               <element dimension="1">5.8317</element>
               <element dimension="2">1.0252</element>
            </point>
            <point>
               <element dimension="1">5.8484</element>
               <element dimension="2">-0.68961</element>
            </point>
            <point>
               <element dimension="1">5.8491</element>
               <element dimension="2">-0.83118</element>
            </point>
            <point>
               <element dimension="1">5.8492</element>
               <element dimension="2">-0.99604</element>
            </point>
            <point>
               <element dimension="1">3.6516</element>
               <element dimension="2">-1.0174</element>
            </point>
            <point>
               <element dimension="1">3.4165</element>
               <element dimension="2">-1.0186</element>
            </point>
            <point>
               <element dimension="1">-1.1197</element>
               <element dimension="2">-1.0209</element>
            </point>
            <point>
               <element dimension="1">-1.1197</element>
               <element dimension="2">-1.0208</element>
            </point>
            <point>
               <element dimension="1">-1.1197</element>
               <element dimension="2">-1.0206</element>
            </point>
         </set>
      </occupancy>
      <occupancy>
         <time>
            <intervalStart>0.1</intervalStart>
            <intervalEnd>0.2</intervalEnd>
         </time>
         <set>
            <point>
               <element dimension="1">1.074</element>
               <element dimension="2">0.97806</element>
            </point>
            <point>
               <element dimension="1">2.9462</element>
               <element dimension="2">1.0153</element>
            </point>
            <point>
               <element dimension="1">8.0677</element>
               <element dimension="2">1.0912</element>
            </point>
            <point>
               <element dimension="1">8.236</element>
               <element dimension="2">1.0928</element>
            </point>
            <point>
               <element dimension="1">8.2705</element>
               <element dimension="2">-0.64059</element>
            </point>
            <point>
               <element dimension="1">8.2705</element>
               <element dimension="2">-0.64065</element>
            </point>
            <point>
               <element dimension="1">8.2729</element>
               <element dimension="2">-0.88499</element>
            </point>
            <point>
               <element dimension="1">5.8482</element>
               <element dimension="2">-0.93325</element>
            </point>
            <point>
               <element dimension="1">5.2608</element>
               <element dimension="2">-0.94195</element>
            </point>
            <point>
               <element dimension="1">1.0931</element>
               <element dimension="2">-0.98245</element>
            </point>
            <point>
               <element dimension="1">1.0931</element>
               <element dimension="2">-0.97872</element>
            </point>
         </set>
      </occupancy>
      <occupancy>
         <time>
            <intervalStart>0.2</intervalStart>
            <intervalEnd>0.3</intervalEnd>
         </time>
         <set>
            <point>
               <element dimension="1">3.4942</element>
               <element dimension="2">0.99887</element>
            </point>
            <point>
               <element dimension="1">3.498</element>
               <element dimension="2">0.99898</element>
            </point>
            <point>
               <element dimension="1">10.0471</element>
               <element dimension="2">1.1625</element>
            </point>
            <point>
               <element dimension="1">10.6232</element>
               <element dimension="2">1.174</element>
            </point>
            <point>
               <element dimension="1">10.6753</element>
               <element dimension="2">-0.56154</element>
            </point>
            <point>
               <element dimension="1">10.6798</element>
               <element dimension="2">-0.78661</element>
            </point>
            <point>
               <element dimension="1">8.2711</element>
               <element dimension="2">-0.85896</element>
            </point>
            <point>
               <element dimension="1">8.0261</element>
               <element dimension="2">-0.86508</element>
            </point>
            <point>
               <element dimension="1">3.5331</element>
               <element dimension="2">-0.95449</element>
            </point>
            <point>
               <element dimension="1">3.533</element>
               <element dimension="2">-0.95035</element>
            </point>
         </set>
      </occupancy>
      <occupancy>
         <time>
            <intervalStart>0.3</intervalStart>
            <intervalEnd>0.4</intervalEnd>
         </time>
         <set>
            <point>
               <element dimension="1">5.9072</element>
               <element dimension="2">1.0325</element>
            </point>
            <point>
               <element dimension="1">5.9117</element>
               <element dimension="2">1.0327</element>
            </point>
            <point>
               <element dimension="1">12.4439</element>
               <element dimension="2">1.2619</element>
            </point>
            <point>
               <element dimension="1">12.9977</element>
               <element dimension="2">1.2785</element>
            </point>
            <point>
               <element dimension="1">13.0674</element>
               <element dimension="2">-0.45769</element>
            </point>
            <point>
               <element dimension="1">13.0732</element>
               <element dimension="2">-0.65289</element>
            </point>
            <point>
               <element dimension="1">10.6764</element>
               <element dimension="2">-0.74906</element>
            </point>
            <point>
               <element dimension="1">10.4342</element>
               <element dimension="2">-0.75756</element>
            </point>
            <point>
               <element dimension="1">5.9651</element>
               <element dimension="2">-0.8918</element>
            </point>
            <point>
               <element dimension="1">5.9648</element>
               <element dimension="2">-0.88552</element>
            </point>
         </set>
      </occupancy>
      <occupancy>
         <time>
            <intervalStart>0.4</intervalStart>
            <intervalEnd>0.5</intervalEnd>
         </time>
         <set>
            <point>
               <element dimension="1">8.3079</element>
               <element dimension="2">1.0903</element>
            </point>
            <point>
               <element dimension="1">8.3117</element>
               <element dimension="2">1.0905</element>
            </point>
            <point>
               <element dimension="1">14.5989</element>
               <element dimension="2">1.3744</element>
            </point>
            <point>
               <element dimension="1">15.3588</element>
               <element dimension="2">1.4049</element>
            </point>
            <point>
               <element dimension="1">15.4458</element>
               <element dimension="2">-0.32933</element>
            </point>
            <point>
               <element dimension="1">15.4525</element>
               <element dimension="2">-0.49599</element>
            </point>
            <point>
               <element dimension="1">13.0699</element>
               <element dimension="2">-0.61554</element>
            </point>
            <point>
               <element dimension="1">12.8306</element>
               <element dimension="2">-0.62634</element>
            </point>
            <point>
               <element dimension="1">8.384</element>
               <element dimension="2">-0.80476</element>
            </point>
            <point>
               <element dimension="1">8.3837</element>
               <element dimension="2">-0.79909</element>
            </point>
         </set>
      </occupancy>
      <occupancy>
         <time>
            <intervalStart>0.5</intervalStart>
            <intervalEnd>0.6</intervalEnd>
         </time>
         <set>
            <point>
               <element dimension="1">10.6965</element>
               <element dimension="2">1.1708</element>
            </point>
            <point>
               <element dimension="1">10.7005</element>
               <element dimension="2">1.171</element>
            </point>
            <point>
               <element dimension="1">16.9993</element>
               <element dimension="2">1.5185</element>
            </point>
            <point>
               <element dimension="1">17.7066</element>
               <element dimension="2">1.554</element>
            </point>
            <point>
               <element dimension="1">17.8109</element>
               <element dimension="2">-0.17815</element>
            </point>
            <point>
               <element dimension="1">17.8177</element>
               <element dimension="2">-0.3151</element>
            </point>
            <point>
               <element dimension="1">15.4483</element>
               <element dimension="2">-0.45769</element>
            </point>
            <point>
               <element dimension="1">15.212</element>
               <element dimension="2">-0.47073</element>
            </point>
            <point>
               <element dimension="1">10.7901</element>
               <element dimension="2">-0.6926</element>
            </point>
            <point>
               <element dimension="1">10.7898</element>
               <element dimension="2">-0.68814</element>
            </point>
         </set>
      </occupancy>
      <occupancy>
         <time>
            <intervalStart>0.6</intervalStart>
            <intervalEnd>0.7</intervalEnd>
         </time>
         <set>
            <point>
               <element dimension="1">13.0726</element>
               <element dimension="2">1.2748</element>
            </point>
            <point>
               <element dimension="1">13.0765</element>
               <element dimension="2">1.275</element>
            </point>
            <point>
               <element dimension="1">19.3737</element>
               <element dimension="2">1.6854</element>
            </point>
            <point>
               <element dimension="1">20.0409</element>
               <element dimension="2">1.7255</element>
            </point>
            <point>
               <element dimension="1">20.1623</element>
               <element dimension="2">-0.004459</element>
            </point>
            <point>
               <element dimension="1">20.1688</element>
               <element dimension="2">-0.11191</element>
            </point>
            <point>
               <element dimension="1">17.813</element>
               <element dimension="2">-0.27717</element>
            </point>
            <point>
               <element dimension="1">17.5797</element>
               <element dimension="2">-0.29237</element>
            </point>
            <point>
               <element dimension="1">13.1829</element>
               <element dimension="2">-0.55698</element>
            </point>
            <point>
               <element dimension="1">13.1827</element>
               <element dimension="2">-0.5536</element>
            </point>
         </set>
      </occupancy>
      <occupancy>
         <time>
            <intervalStart>0.7</intervalStart>
            <intervalEnd>0.8</intervalEnd>
         </time>
         <set>
            <point>
               <element dimension="1">15.4359</element>
               <element dimension="2">1.4019</element>
            </point>
            <point>
               <element dimension="1">15.4393</element>
               <element dimension="2">1.4022</element>
            </point>
            <point>
               <element dimension="1">21.7344</element>
               <element dimension="2">1.875</element>
            </point>
            <point>
               <element dimension="1">22.3616</element>
               <element dimension="2">1.919</element>
            </point>
            <point>
               <element dimension="1">22.4999</element>
               <element dimension="2">0.19136</element>
            </point>
            <point>
               <element dimension="1">22.5054</element>
               <element dimension="2">0.11325</element>
            </point>
            <point>
               <element dimension="1">20.1638</element>
               <element dimension="2">-0.074274</element>
            </point>
            <point>
               <element dimension="1">19.9336</element>
               <element dimension="2">-0.091566</element>
            </point>
            <point>
               <element dimension="1">15.5622</element>
               <element dimension="2">-0.39822</element>
            </point>
            <point>
               <element dimension="1">15.562</element>
               <element dimension="2">-0.39591</element>
            </point>
         </set>
      </occupancy>
      <occupancy>
         <time>
            <intervalStart>0.8</intervalStart>
            <intervalEnd>0.9</intervalEnd>
         </time>
         <set>
            <point>
               <element dimension="1">17.7862</element>
               <element dimension="2">1.5518</element>
            </point>
            <point>
               <element dimension="1">17.7889</element>
               <element dimension="2">1.5521</element>
            </point>
            <point>
               <element dimension="1">24.1071</element>
               <element dimension="2">2.0893</element>
            </point>
            <point>
               <element dimension="1">24.6683</element>
               <element dimension="2">2.1343</element>
            </point>
            <point>
               <element dimension="1">24.8235</element>
               <element dimension="2">0.40895</element>
            </point>
            <point>
               <element dimension="1">24.8275</element>
               <element dimension="2">0.35999</element>
            </point>
            <point>
               <element dimension="1">22.5005</element>
               <element dimension="2">0.15061</element>
            </point>
            <point>
               <element dimension="1">22.2707</element>
               <element dimension="2">0.13108</element>
            </point>
            <point>
               <element dimension="1">17.9278</element>
               <element dimension="2">-0.21671</element>
            </point>
            <point>
               <element dimension="1">17.9277</element>
               <element dimension="2">-0.21545</element>
            </point>
         </set>
      </occupancy>
      <occupancy>
         <time>
            <intervalStart>0.9</intervalStart>
            <intervalEnd>1</intervalEnd>
         </time>
         <set>
            <point>
               <element dimension="1">20.1232</element>
               <element dimension="2">1.7242</element>
            </point>
            <point>
               <element dimension="1">20.1249</element>
               <element dimension="2">1.7244</element>
            </point>
            <point>
               <element dimension="1">26.7487</element>
               <element dimension="2">2.353</element>
            </point>
            <point>
               <element dimension="1">26.9609</element>
               <element dimension="2">2.3721</element>
            </point>
            <point>
               <element dimension="1">27.1306</element>
               <element dimension="2">0.67272</element>
            </point>
            <point>
               <element dimension="1">27.1346</element>
               <element dimension="2">0.62793</element>
            </point>
            <point>
               <element dimension="1">24.8229</element>
               <element dimension="2">0.39712</element>
            </point>
            <point>
               <element dimension="1">24.5477</element>
               <element dimension="2">0.37101</element>
            </point>
            <point>
               <element dimension="1">20.2795</element>
               <element dimension="2">-0.013048</element>
            </point>
            <point>
               <element dimension="1">20.2795</element>
               <element dimension="2">-0.012595</element>
            </point>
         </set>
      </occupancy>
   </occupancySet>
   <reachableSet>
      <reachability>
         <time>0</time>
         <x>
            <intervalStart>-0.1</intervalStart>
            <intervalEnd>0.1</intervalEnd>
         </x>
         <y>
            <intervalStart>-0.1</intervalStart>
            <intervalEnd>0.1</intervalEnd>
         </y>
         <velocity>
            <intervalStart>24.2</intervalStart>
            <intervalEnd>24.6</intervalEnd>
         </velocity>
         <orientation>
            <intervalStart>-0.02</intervalStart>
            <intervalEnd>0.02</intervalEnd>
         </orientation>
      </reachability>
      <reachability>
         <time>1</time>
         <x>
            <intervalStart>23.7594</intervalStart>
            <intervalEnd>23.7609</intervalEnd>
         </x>
         <y>
            <intervalStart>1.1843</intervalStart>
            <intervalEnd>1.1938</intervalEnd>
         </y>
         <velocity>
            <intervalStart>23.2</intervalStart>
            <intervalEnd>23.2</intervalEnd>
         </velocity>
         <orientation>
            <intervalStart>0.099795</intervalStart>
            <intervalEnd>0.10021</intervalEnd>
         </orientation>
      </reachability>
   </reachableSet>
</motionPrimitive>