<?xml version="1.0" encoding="utf-8"?>
<motionPrimitive ID="10434">
   <controller type="generator space control">controller10434.mat</controller>
   <successors>
      <id>8511</id>
      <id>8512</id>
      <id>8513</id>
      <id>8514</id>
      <id>8515</id>
      <id>8516</id>
      <id>8517</id>
      <id>8518</id>
      <id>8519</id>
      <id>8520</id>
      <id>8521</id>
      <id>8522</id>
      <id>8523</id>
      <id>8524</id>
      <id>8525</id>
      <id>8526</id>
      <id>8527</id>
      <id>8528</id>
      <id>8529</id>
      <id>8530</id>
      <id>8531</id>
      <id>8532</id>
      <id>8533</id>
      <id>8534</id>
      <id>8535</id>
      <id>8536</id>
      <id>8537</id>
      <id>8538</id>
      <id>8539</id>
      <id>8540</id>
      <id>8541</id>
      <id>8542</id>
      <id>8543</id>
      <id>8544</id>
      <id>8545</id>
      <id>8546</id>
      <id>8547</id>
      <id>8548</id>
      <id>8549</id>
      <id>8550</id>
      <id>8551</id>
      <id>8552</id>
      <id>8553</id>
      <id>8554</id>
      <id>8555</id>
      <id>8556</id>
      <id>8557</id>
      <id>8558</id>
      <id>8559</id>
      <id>8560</id>
      <id>8561</id>
      <id>8562</id>
      <id>8563</id>
      <id>8564</id>
      <id>8565</id>
      <id>8566</id>
      <id>8567</id>
      <id>8568</id>
      <id>8569</id>
      <id>8570</id>
      <id>8571</id>
      <id>8572</id>
      <id>8573</id>
      <id>8574</id>
      <id>8575</id>
      <id>8576</id>
      <id>8577</id>
      <id>8578</id>
      <id>8579</id>
      <id>8580</id>
      <id>8581</id>
      <id>8582</id>
      <id>8583</id>
      <id>8584</id>
      <id>8585</id>
      <id>8586</id>
      <id>8587</id>
      <id>8588</id>
      <id>8589</id>
      <id>8590</id>
      <id>8591</id>
      <id>8592</id>
      <id>8593</id>
      <id>8594</id>
      <id>8595</id>
      <id>8596</id>
      <id>8597</id>
      <id>8598</id>
      <id>8599</id>
      <id>8600</id>
      <id>8601</id>
      <id>8602</id>
      <id>8603</id>
      <id>8604</id>
      <id>8605</id>
      <id>8606</id>
      <id>8607</id>
      <id>8608</id>
      <id>8609</id>
      <id>8610</id>
      <id>8611</id>
      <id>8612</id>
      <id>8613</id>
      <id>8614</id>
      <id>8615</id>
      <id>8616</id>
      <id>8617</id>
      <id>8618</id>
      <id>8619</id>
      <id>8620</id>
      <id>8621</id>
      <id>8622</id>
      <id>8623</id>
      <id>8624</id>
      <id>8625</id>
      <id>8626</id>
      <id>8627</id>
      <id>8628</id>
      <id>8629</id>
      <id>8630</id>
      <id>8631</id>
      <id>8632</id>
      <id>8633</id>
      <id>8634</id>
      <id>8635</id>
      <id>8636</id>
      <id>8637</id>
      <id>8638</id>
      <id>8639</id>
      <id>8640</id>
      <id>8641</id>
      <id>8642</id>
      <id>8643</id>
      <id>8644</id>
      <id>8645</id>
      <id>8646</id>
      <id>8647</id>
      <id>8648</id>
      <id>8649</id>
      <id>8650</id>
      <id>8651</id>
      <id>8652</id>
      <id>8653</id>
      <id>8654</id>
      <id>8655</id>
      <id>8656</id>
      <id>8657</id>
      <id>8658</id>
      <id>8659</id>
      <id>8660</id>
      <id>8661</id>
      <id>8662</id>
      <id>8663</id>
      <id>8664</id>
      <id>8665</id>
      <id>8666</id>
      <id>8667</id>
      <id>8668</id>
      <id>8669</id>
      <id>8670</id>
      <id>8671</id>
      <id>8672</id>
      <id>8673</id>
      <id>8674</id>
      <id>8675</id>
      <id>8676</id>
      <id>8677</id>
      <id>8678</id>
      <id>8679</id>
      <id>8680</id>
      <id>8681</id>
      <id>8682</id>
      <id>8683</id>
      <id>8684</id>
      <id>8685</id>
      <id>8686</id>
      <id>8687</id>
      <id>8688</id>
      <id>8689</id>
      <id>8690</id>
      <id>8691</id>
      <id>8692</id>
      <id>8693</id>
      <id>8694</id>
      <id>8695</id>
      <id>8696</id>
      <id>8697</id>
      <id>8698</id>
      <id>8699</id>
      <id>8700</id>
      <id>8701</id>
      <id>8702</id>
      <id>8703</id>
      <id>8704</id>
      <id>8705</id>
   </successors>
   <trajectory>
      <states>
         <state>
            <time>0</time>
            <x>0</x>
            <y>0</y>
            <velocity>25.2</velocity>
            <orientation>0</orientation>
         </state>
         <state>
            <time>0.1</time>
            <x>2.4996</x>
            <y>-0.040406</y>
            <velocity>24.8</velocity>
            <orientation>-0.032328</orientation>
         </state>
         <state>
            <time>0.2</time>
            <x>4.9566</x>
            <y>-0.15901</y>
            <velocity>24.4</velocity>
            <orientation>-0.064138</orientation>
         </state>
         <state>
            <time>0.3</time>
            <x>7.3688</x>
            <y>-0.35187</y>
            <velocity>24</velocity>
            <orientation>-0.095431</orientation>
         </state>
         <state>
            <time>0.4</time>
            <x>9.7341</x>
            <y>-0.61507</y>
            <velocity>23.6</velocity>
            <orientation>-0.12621</orientation>
         </state>
         <state>
            <time>0.5</time>
            <x>12.0507</x>
            <y>-0.94469</y>
            <velocity>23.2</velocity>
            <orientation>-0.15647</orientation>
         </state>
         <state>
            <time>0.6</time>
            <x>14.3169</x>
            <y>-1.3368</y>
            <velocity>22.8</velocity>
            <orientation>-0.18621</orientation>
         </state>
         <state>
            <time>0.7</time>
            <x>16.5314</x>
            <y>-1.7876</y>
            <velocity>22.4</velocity>
            <orientation>-0.21543</orientation>
         </state>
         <state>
            <time>0.8</time>
            <x>18.693</x>
            <y>-2.2932</y>
            <velocity>22</velocity>
            <orientation>-0.24414</orientation>
         </state>
         <state>
            <time>0.9</time>
            <x>20.8007</x>
            <y>-2.8499</y>
            <velocity>21.6</velocity>
            <orientation>-0.27233</orientation>
         </state>
         <state>
            <time>1</time>
            <x>22.8536</x>
            <y>-3.454</y>
            <velocity>21.2</velocity>
            <orientation>-0.3</orientation>
         </state>
      </states>
      <inputs>
         <input>
            <acceleration>-4</acceleration>
            <steer>-0.029733</steer>
         </input>
         <input>
            <acceleration>-4</acceleration>
            <steer>-0.029733</steer>
         </input>
         <input>
            <acceleration>-4</acceleration>
            <steer>-0.029733</steer>
         </input>
         <input>
            <acceleration>-4</acceleration>
            <steer>-0.029733</steer>
         </input>
         <input>
            <acceleration>-4</acceleration>
            <steer>-0.029733</steer>
         </input>
         <input>
            <acceleration>-4</acceleration>
            <steer>-0.029733</steer>
         </input>
         <input>
            <acceleration>-4</acceleration>
            <steer>-0.029733</steer>
         </input>
         <input>
            <acceleration>-4</acceleration>
            <steer>-0.029733</steer>
         </input>
         <input>
            <acceleration>-4</acceleration>
            <steer>-0.029733</steer>
         </input>
         <input>
            <acceleration>-4</acceleration>
            <steer>-0.029733</steer>
         </input>
      </inputs>
   </trajectory>
   <occupancySet>
      <occupancy>
         <time>
            <intervalStart>0</intervalStart>
            <intervalEnd>0.1</intervalEnd>
         </time>
         <set>
            <point>
               <element dimension="1">-1.123</element>
               <element dimension="2">-1.0187</element>
            </point>
            <point>
               <element dimension="1">-1.1197</element>
               <element dimension="2">1.0257</element>
            </point>
            <point>
               <element dimension="1">-1.1197</element>
               <element dimension="2">1.0259</element>
            </point>
            <point>
               <element dimension="1">-1.1197</element>
               <element dimension="2">1.0269</element>
            </point>
            <point>
               <element dimension="1">3.3738</element>
               <element dimension="2">1.0196</element>
            </point>
            <point>
               <element dimension="1">3.6683</element>
               <element dimension="2">1.0148</element>
            </point>
            <point>
               <element dimension="1">5.9337</element>
               <element dimension="2">0.9452</element>
            </point>
            <point>
               <element dimension="1">5.9333</element>
               <element dimension="2">0.73034</element>
            </point>
            <point>
               <element dimension="1">5.9311</element>
               <element dimension="2">0.59159</element>
            </point>
            <point>
               <element dimension="1">5.8783</element>
               <element dimension="2">-1.1261</element>
            </point>
            <point>
               <element dimension="1">5.4682</element>
               <element dimension="2">-1.1254</element>
            </point>
            <point>
               <element dimension="1">-1.1167</element>
               <element dimension="2">-1.0189</element>
            </point>
         </set>
      </occupancy>
      <occupancy>
         <time>
            <intervalStart>0.1</intervalStart>
            <intervalEnd>0.2</intervalEnd>
         </time>
         <set>
            <point>
               <element dimension="1">1.1112</element>
               <element dimension="2">-0.98096</element>
            </point>
            <point>
               <element dimension="1">1.1715</element>
               <element dimension="2">0.98154</element>
            </point>
            <point>
               <element dimension="1">1.1724</element>
               <element dimension="2">0.99525</element>
            </point>
            <point>
               <element dimension="1">5.2205</element>
               <element dimension="2">0.87081</element>
            </point>
            <point>
               <element dimension="1">5.9326</element>
               <element dimension="2">0.83757</element>
            </point>
            <point>
               <element dimension="1">8.4115</element>
               <element dimension="2">0.68227</element>
            </point>
            <point>
               <element dimension="1">8.4025</element>
               <element dimension="2">0.39047</element>
            </point>
            <point>
               <element dimension="1">8.2934</element>
               <element dimension="2">-1.3511</element>
            </point>
            <point>
               <element dimension="1">8.1247</element>
               <element dimension="2">-1.346</element>
            </point>
            <point>
               <element dimension="1">3.4645</element>
               <element dimension="2">-1.1284</element>
            </point>
         </set>
      </occupancy>
      <occupancy>
         <time>
            <intervalStart>0.2</intervalStart>
            <intervalEnd>0.3</intervalEnd>
         </time>
         <set>
            <point>
               <element dimension="1">3.5487</element>
               <element dimension="2">-1.0551</element>
            </point>
            <point>
               <element dimension="1">3.671</element>
               <element dimension="2">0.89697</element>
            </point>
            <point>
               <element dimension="1">3.6724</element>
               <element dimension="2">0.91238</element>
            </point>
            <point>
               <element dimension="1">8.0053</element>
               <element dimension="2">0.64092</element>
            </point>
            <point>
               <element dimension="1">8.4065</element>
               <element dimension="2">0.60947</element>
            </point>
            <point>
               <element dimension="1">10.8382</element>
               <element dimension="2">0.3805</element>
            </point>
            <point>
               <element dimension="1">10.8212</element>
               <element dimension="2">0.1098</element>
            </point>
            <point>
               <element dimension="1">10.6569</element>
               <element dimension="2">-1.6355</element>
            </point>
            <point>
               <element dimension="1">10.5105</element>
               <element dimension="2">-1.6263</element>
            </point>
            <point>
               <element dimension="1">5.1625</element>
               <element dimension="2">-1.2071</element>
            </point>
         </set>
      </occupancy>
      <occupancy>
         <time>
            <intervalStart>0.3</intervalStart>
            <intervalEnd>0.4</intervalEnd>
         </time>
         <set>
            <point>
               <element dimension="1">5.9494</element>
               <element dimension="2">-1.1927</element>
            </point>
            <point>
               <element dimension="1">6.1299</element>
               <element dimension="2">0.72359</element>
            </point>
            <point>
               <element dimension="1">6.1326</element>
               <element dimension="2">0.7451</element>
            </point>
            <point>
               <element dimension="1">10.4539</element>
               <element dimension="2">0.33819</element>
            </point>
            <point>
               <element dimension="1">10.8268</element>
               <element dimension="2">0.29728</element>
            </point>
            <point>
               <element dimension="1">13.2134</element>
               <element dimension="2">-0.0018551</element>
            </point>
            <point>
               <element dimension="1">13.1908</element>
               <element dimension="2">-0.24188</element>
            </point>
            <point>
               <element dimension="1">12.9723</element>
               <element dimension="2">-1.9853</element>
            </point>
            <point>
               <element dimension="1">12.8474</element>
               <element dimension="2">-1.9735</element>
            </point>
            <point>
               <element dimension="1">7.489</element>
               <element dimension="2">-1.3856</element>
            </point>
         </set>
      </occupancy>
      <occupancy>
         <time>
            <intervalStart>0.4</intervalStart>
            <intervalEnd>0.5</intervalEnd>
         </time>
         <set>
            <point>
               <element dimension="1">8.3055</element>
               <element dimension="2">-1.4002</element>
            </point>
            <point>
               <element dimension="1">8.5418</element>
               <element dimension="2">0.48477</element>
            </point>
            <point>
               <element dimension="1">8.5447</element>
               <element dimension="2">0.50371</element>
            </point>
            <point>
               <element dimension="1">12.861</element>
               <element dimension="2">-0.037277</element>
            </point>
            <point>
               <element dimension="1">13.1981</element>
               <element dimension="2">-0.08471</element>
            </point>
            <point>
               <element dimension="1">15.5337</element>
               <element dimension="2">-0.44959</element>
            </point>
            <point>
               <element dimension="1">15.5071</element>
               <element dimension="2">-0.66185</element>
            </point>
            <point>
               <element dimension="1">15.2365</element>
               <element dimension="2">-2.3942</element>
            </point>
            <point>
               <element dimension="1">15.1339</element>
               <element dimension="2">-2.3813</element>
            </point>
            <point>
               <element dimension="1">9.6008</element>
               <element dimension="2">-1.6026</element>
            </point>
         </set>
      </occupancy>
      <occupancy>
         <time>
            <intervalStart>0.5</intervalStart>
            <intervalEnd>0.6</intervalEnd>
         </time>
         <set>
            <point>
               <element dimension="1">10.6175</element>
               <element dimension="2">-1.6718</element>
            </point>
            <point>
               <element dimension="1">10.906</element>
               <element dimension="2">0.17505</element>
            </point>
            <point>
               <element dimension="1">10.9089</element>
               <element dimension="2">0.19031</element>
            </point>
            <point>
               <element dimension="1">15.1653</element>
               <element dimension="2">-0.47463</element>
            </point>
            <point>
               <element dimension="1">15.5141</element>
               <element dimension="2">-0.53445</element>
            </point>
            <point>
               <element dimension="1">17.7985</element>
               <element dimension="2">-0.96133</element>
            </point>
            <point>
               <element dimension="1">17.7703</element>
               <element dimension="2">-1.1421</element>
            </point>
            <point>
               <element dimension="1">17.4488</element>
               <element dimension="2">-2.8624</element>
            </point>
            <point>
               <element dimension="1">17.3685</element>
               <element dimension="2">-2.8498</element>
            </point>
            <point>
               <element dimension="1">11.9333</element>
               <element dimension="2">-1.9177</element>
            </point>
         </set>
      </occupancy>
      <occupancy>
         <time>
            <intervalStart>0.6</intervalStart>
            <intervalEnd>0.7</intervalEnd>
         </time>
         <set>
            <point>
               <element dimension="1">12.882</element>
               <element dimension="2">-2.0076</element>
            </point>
            <point>
               <element dimension="1">13.2198</element>
               <element dimension="2">-0.19978</element>
            </point>
            <point>
               <element dimension="1">13.2224</element>
               <element dimension="2">-0.18787</element>
            </point>
            <point>
               <element dimension="1">17.4321</element>
               <element dimension="2">-0.97452</element>
            </point>
            <point>
               <element dimension="1">17.7724</element>
               <element dimension="2">-1.0433</element>
            </point>
            <point>
               <element dimension="1">20.0071</element>
               <element dimension="2">-1.5289</element>
            </point>
            <point>
               <element dimension="1">19.9791</element>
               <element dimension="2">-1.6789</element>
            </point>
            <point>
               <element dimension="1">19.6081</element>
               <element dimension="2">-3.3859</element>
            </point>
            <point>
               <element dimension="1">19.5497</element>
               <element dimension="2">-3.3749</element>
            </point>
            <point>
               <element dimension="1">14.2034</element>
               <element dimension="2">-2.2948</element>
            </point>
         </set>
      </occupancy>
      <occupancy>
         <time>
            <intervalStart>0.7</intervalStart>
            <intervalEnd>0.8</intervalEnd>
         </time>
         <set>
            <point>
               <element dimension="1">15.0975</element>
               <element dimension="2">-2.4037</element>
            </point>
            <point>
               <element dimension="1">15.4817</element>
               <element dimension="2">-0.63557</element>
            </point>
            <point>
               <element dimension="1">15.4839</element>
               <element dimension="2">-0.6269</element>
            </point>
            <point>
               <element dimension="1">19.6443</element>
               <element dimension="2">-1.531</element>
            </point>
            <point>
               <element dimension="1">19.9753</element>
               <element dimension="2">-1.6079</element>
            </point>
            <point>
               <element dimension="1">22.1585</element>
               <element dimension="2">-2.1485</element>
            </point>
            <point>
               <element dimension="1">22.1324</element>
               <element dimension="2">-2.2683</element>
            </point>
            <point>
               <element dimension="1">21.7134</element>
               <element dimension="2">-3.9608</element>
            </point>
            <point>
               <element dimension="1">21.6766</element>
               <element dimension="2">-3.9528</element>
            </point>
            <point>
               <element dimension="1">16.4223</element>
               <element dimension="2">-2.7317</element>
            </point>
         </set>
      </occupancy>
      <occupancy>
         <time>
            <intervalStart>0.8</intervalStart>
            <intervalEnd>0.9</intervalEnd>
         </time>
         <set>
            <point>
               <element dimension="1">17.2626</element>
               <element dimension="2">-2.8563</element>
            </point>
            <point>
               <element dimension="1">17.6904</element>
               <element dimension="2">-1.1284</element>
            </point>
            <point>
               <element dimension="1">17.692</element>
               <element dimension="2">-1.1228</element>
            </point>
            <point>
               <element dimension="1">21.7983</element>
               <element dimension="2">-2.1396</element>
            </point>
            <point>
               <element dimension="1">22.1222</element>
               <element dimension="2">-2.2246</element>
            </point>
            <point>
               <element dimension="1">24.252</element>
               <element dimension="2">-2.8162</element>
            </point>
            <point>
               <element dimension="1">24.2296</element>
               <element dimension="2">-2.9066</element>
            </point>
            <point>
               <element dimension="1">23.7636</element>
               <element dimension="2">-4.5841</element>
            </point>
            <point>
               <element dimension="1">23.7587</element>
               <element dimension="2">-4.5828</element>
            </point>
            <point>
               <element dimension="1">18.6138</element>
               <element dimension="2">-3.2317</element>
            </point>
         </set>
      </occupancy>
      <occupancy>
         <time>
            <intervalStart>0.9</intervalStart>
            <intervalEnd>1</intervalEnd>
         </time>
         <set>
            <point>
               <element dimension="1">19.3761</element>
               <element dimension="2">-3.3619</element>
            </point>
            <point>
               <element dimension="1">19.8448</element>
               <element dimension="2">-1.6745</element>
            </point>
            <point>
               <element dimension="1">19.8465</element>
               <element dimension="2">-1.6689</element>
            </point>
            <point>
               <element dimension="1">23.6831</element>
               <element dimension="2">-2.7346</element>
            </point>
            <point>
               <element dimension="1">24.2127</element>
               <element dimension="2">-2.8896</element>
            </point>
            <point>
               <element dimension="1">26.2863</element>
               <element dimension="2">-3.528</element>
            </point>
            <point>
               <element dimension="1">26.2623</element>
               <element dimension="2">-3.6145</element>
            </point>
            <point>
               <element dimension="1">25.7583</element>
               <element dimension="2">-5.2517</element>
            </point>
            <point>
               <element dimension="1">25.7553</element>
               <element dimension="2">-5.2508</element>
            </point>
            <point>
               <element dimension="1">20.7988</element>
               <element dimension="2">-3.7999</element>
            </point>
         </set>
      </occupancy>
   </occupancySet>
   <reachableSet>
      <reachability>
         <time>0</time>
         <x>
            <intervalStart>-0.1</intervalStart>
            <intervalEnd>0.1</intervalEnd>
         </x>
         <y>
            <intervalStart>-0.1</intervalStart>
            <intervalEnd>0.1</intervalEnd>
         </y>
         <velocity>
            <intervalStart>25</intervalStart>
            <intervalEnd>25.4</intervalEnd>
         </velocity>
         <orientation>
            <intervalStart>-0.02</intervalStart>
            <intervalEnd>0.02</intervalEnd>
         </orientation>
      </reachability>
      <reachability>
         <time>1</time>
         <x>
            <intervalStart>22.8517</intervalStart>
            <intervalEnd>22.8549</intervalEnd>
         </x>
         <y>
            <intervalStart>-3.4595</intervalStart>
            <intervalEnd>-3.4487</intervalEnd>
         </y>
         <velocity>
            <intervalStart>21.2</intervalStart>
            <intervalEnd>21.2</intervalEnd>
         </velocity>
         <orientation>
            <intervalStart>-0.30025</intervalStart>
            <intervalEnd>-0.29976</intervalEnd>
         </orientation>
      </reachability>
   </reachableSet>
</motionPrimitive>