<?xml version="1.0" encoding="utf-8"?>
<motionPrimitive ID="10182">
   <controller type="generator space control">controller10182.mat</controller>
   <successors>
      <id>10596</id>
      <id>10597</id>
      <id>10598</id>
      <id>10599</id>
      <id>10600</id>
      <id>10601</id>
      <id>10602</id>
      <id>10603</id>
      <id>10604</id>
      <id>10605</id>
      <id>10606</id>
      <id>10607</id>
      <id>10608</id>
      <id>10609</id>
      <id>10610</id>
      <id>10611</id>
      <id>10612</id>
      <id>10613</id>
      <id>10614</id>
      <id>10615</id>
      <id>10616</id>
      <id>10617</id>
      <id>10618</id>
      <id>10619</id>
      <id>10620</id>
      <id>10621</id>
      <id>10622</id>
      <id>10623</id>
      <id>10624</id>
      <id>10625</id>
      <id>10626</id>
      <id>10627</id>
      <id>10628</id>
      <id>10629</id>
      <id>10630</id>
      <id>10631</id>
      <id>10632</id>
      <id>10633</id>
      <id>10634</id>
      <id>10635</id>
      <id>10636</id>
      <id>10637</id>
      <id>10638</id>
      <id>10639</id>
      <id>10640</id>
      <id>10641</id>
      <id>10642</id>
      <id>10643</id>
      <id>10644</id>
      <id>10645</id>
      <id>10646</id>
      <id>10647</id>
      <id>10648</id>
      <id>10649</id>
      <id>10650</id>
      <id>10651</id>
      <id>10652</id>
      <id>10653</id>
      <id>10654</id>
      <id>10655</id>
      <id>10656</id>
      <id>10657</id>
      <id>10658</id>
      <id>10659</id>
      <id>10660</id>
      <id>10661</id>
      <id>10662</id>
      <id>10663</id>
      <id>10664</id>
      <id>10665</id>
      <id>10666</id>
      <id>10667</id>
      <id>10668</id>
      <id>10669</id>
      <id>10670</id>
      <id>10671</id>
      <id>10672</id>
      <id>10673</id>
      <id>10674</id>
      <id>10675</id>
      <id>10676</id>
      <id>10677</id>
      <id>10678</id>
      <id>10679</id>
      <id>10680</id>
      <id>10681</id>
      <id>10682</id>
      <id>10683</id>
      <id>10684</id>
      <id>10685</id>
      <id>10686</id>
      <id>10687</id>
      <id>10688</id>
      <id>10689</id>
      <id>10690</id>
      <id>10691</id>
      <id>10692</id>
      <id>10693</id>
      <id>10694</id>
      <id>10695</id>
      <id>10696</id>
      <id>10697</id>
      <id>10698</id>
      <id>10699</id>
      <id>10700</id>
      <id>10701</id>
      <id>10702</id>
      <id>10703</id>
      <id>10704</id>
      <id>10705</id>
      <id>10706</id>
      <id>10707</id>
      <id>10708</id>
      <id>10709</id>
      <id>10710</id>
      <id>10711</id>
      <id>10712</id>
      <id>10713</id>
      <id>10714</id>
      <id>10715</id>
      <id>10716</id>
      <id>10717</id>
      <id>10718</id>
      <id>10719</id>
      <id>10720</id>
      <id>10721</id>
      <id>10722</id>
      <id>10723</id>
      <id>10724</id>
      <id>10725</id>
      <id>10726</id>
      <id>10727</id>
      <id>10728</id>
      <id>10729</id>
      <id>10730</id>
      <id>10731</id>
      <id>10732</id>
      <id>10733</id>
      <id>10734</id>
      <id>10735</id>
      <id>10736</id>
      <id>10737</id>
      <id>10738</id>
      <id>10739</id>
      <id>10740</id>
      <id>10741</id>
      <id>10742</id>
      <id>10743</id>
      <id>10744</id>
      <id>10745</id>
      <id>10746</id>
      <id>10747</id>
      <id>10748</id>
      <id>10749</id>
      <id>10750</id>
      <id>10751</id>
      <id>10752</id>
      <id>10753</id>
      <id>10754</id>
      <id>10755</id>
      <id>10756</id>
      <id>10757</id>
      <id>10758</id>
      <id>10759</id>
      <id>10760</id>
      <id>10761</id>
      <id>10762</id>
      <id>10763</id>
      <id>10764</id>
      <id>10765</id>
      <id>10766</id>
      <id>10767</id>
      <id>10768</id>
      <id>10769</id>
      <id>10770</id>
      <id>10771</id>
      <id>10772</id>
      <id>10773</id>
      <id>10774</id>
      <id>10775</id>
   </successors>
   <trajectory>
      <states>
         <state>
            <time>0</time>
            <x>0</x>
            <y>0</y>
            <velocity>24.4</velocity>
            <orientation>0</orientation>
         </state>
         <state>
            <time>0.1</time>
            <x>2.4435</x>
            <y>-0.095678</y>
            <velocity>24.52</velocity>
            <orientation>-0.078272</orientation>
         </state>
         <state>
            <time>0.2</time>
            <x>4.8839</x>
            <y>-0.384</y>
            <velocity>24.64</velocity>
            <orientation>-0.15693</orientation>
         </state>
         <state>
            <time>0.3</time>
            <x>7.3058</x>
            <y>-0.86598</y>
            <velocity>24.76</velocity>
            <orientation>-0.23597</orientation>
         </state>
         <state>
            <time>0.4</time>
            <x>9.6934</x>
            <y>-1.5414</y>
            <velocity>24.88</velocity>
            <orientation>-0.31539</orientation>
         </state>
         <state>
            <time>0.5</time>
            <x>12.031</x>
            <y>-2.4088</y>
            <velocity>25</velocity>
            <orientation>-0.3952</orientation>
         </state>
         <state>
            <time>0.6</time>
            <x>14.3027</x>
            <y>-3.4652</y>
            <velocity>25.12</velocity>
            <orientation>-0.47539</orientation>
         </state>
         <state>
            <time>0.7</time>
            <x>16.4927</x>
            <y>-4.7066</y>
            <velocity>25.24</velocity>
            <orientation>-0.55597</orientation>
         </state>
         <state>
            <time>0.8</time>
            <x>18.5853</x>
            <y>-6.1273</y>
            <velocity>25.36</velocity>
            <orientation>-0.63693</orientation>
         </state>
         <state>
            <time>0.9</time>
            <x>20.5651</x>
            <y>-7.7205</y>
            <velocity>25.48</velocity>
            <orientation>-0.71827</orientation>
         </state>
         <state>
            <time>1</time>
            <x>22.4174</x>
            <y>-9.4779</y>
            <velocity>25.6</velocity>
            <orientation>-0.8</orientation>
         </state>
      </states>
      <inputs>
         <input>
            <acceleration>1.2</acceleration>
            <steer>-0.073468</steer>
         </input>
         <input>
            <acceleration>1.2</acceleration>
            <steer>-0.073468</steer>
         </input>
         <input>
            <acceleration>1.2</acceleration>
            <steer>-0.073468</steer>
         </input>
         <input>
            <acceleration>1.2</acceleration>
            <steer>-0.073468</steer>
         </input>
         <input>
            <acceleration>1.2</acceleration>
            <steer>-0.073468</steer>
         </input>
         <input>
            <acceleration>1.2</acceleration>
            <steer>-0.073468</steer>
         </input>
         <input>
            <acceleration>1.2</acceleration>
            <steer>-0.073468</steer>
         </input>
         <input>
            <acceleration>1.2</acceleration>
            <steer>-0.073468</steer>
         </input>
         <input>
            <acceleration>1.2</acceleration>
            <steer>-0.073468</steer>
         </input>
         <input>
            <acceleration>1.2</acceleration>
            <steer>-0.073468</steer>
         </input>
      </inputs>
   </trajectory>
   <occupancySet>
      <occupancy>
         <time>
            <intervalStart>0</intervalStart>
            <intervalEnd>0.1</intervalEnd>
         </time>
         <set>
            <point>
               <element dimension="1">-1.1278</element>
               <element dimension="2">-1.0186</element>
            </point>
            <point>
               <element dimension="1">-1.1197</element>
               <element dimension="2">1.0357</element>
            </point>
            <point>
               <element dimension="1">-1.1197</element>
               <element dimension="2">1.036</element>
            </point>
            <point>
               <element dimension="1">-1.1188</element>
               <element dimension="2">1.0482</element>
            </point>
            <point>
               <element dimension="1">3.1003</element>
               <element dimension="2">1.0317</element>
            </point>
            <point>
               <element dimension="1">3.6595</element>
               <element dimension="2">1.0098</element>
            </point>
            <point>
               <element dimension="1">5.9132</element>
               <element dimension="2">0.84188</element>
            </point>
            <point>
               <element dimension="1">5.912</element>
               <element dimension="2">0.54352</element>
            </point>
            <point>
               <element dimension="1">5.9064</element>
               <element dimension="2">0.39954</element>
            </point>
            <point>
               <element dimension="1">5.7773</element>
               <element dimension="2">-1.3332</element>
            </point>
            <point>
               <element dimension="1">5.5856</element>
               <element dimension="2">-1.3325</element>
            </point>
            <point>
               <element dimension="1">0.31569</element>
               <element dimension="2">-1.1261</element>
            </point>
         </set>
      </occupancy>
      <occupancy>
         <time>
            <intervalStart>0.1</intervalStart>
            <intervalEnd>0.2</intervalEnd>
         </time>
         <set>
            <point>
               <element dimension="1">1.0119</element>
               <element dimension="2">-0.98097</element>
            </point>
            <point>
               <element dimension="1">1.1586</element>
               <element dimension="2">0.98759</element>
            </point>
            <point>
               <element dimension="1">1.1638</element>
               <element dimension="2">1.0214</element>
            </point>
            <point>
               <element dimension="1">5.1926</element>
               <element dimension="2">0.72118</element>
            </point>
            <point>
               <element dimension="1">5.9112</element>
               <element dimension="2">0.63914</element>
            </point>
            <point>
               <element dimension="1">8.4034</element>
               <element dimension="2">0.2548</element>
            </point>
            <point>
               <element dimension="1">8.3745</element>
               <element dimension="2">-0.1343</element>
            </point>
            <point>
               <element dimension="1">8.3735</element>
               <element dimension="2">-0.14219</element>
            </point>
            <point>
               <element dimension="1">8.1051</element>
               <element dimension="2">-1.8832</element>
            </point>
            <point>
               <element dimension="1">7.935</element>
               <element dimension="2">-1.8706</element>
            </point>
            <point>
               <element dimension="1">3.4873</element>
               <element dimension="2">-1.3627</element>
            </point>
         </set>
      </occupancy>
      <occupancy>
         <time>
            <intervalStart>0.2</intervalStart>
            <intervalEnd>0.3</intervalEnd>
         </time>
         <set>
            <point>
               <element dimension="1">3.3899</element>
               <element dimension="2">-1.1582</element>
            </point>
            <point>
               <element dimension="1">3.6894</element>
               <element dimension="2">0.78421</element>
            </point>
            <point>
               <element dimension="1">3.7004</element>
               <element dimension="2">0.83069</element>
            </point>
            <point>
               <element dimension="1">7.7534</element>
               <element dimension="2">0.20565</element>
            </point>
            <point>
               <element dimension="1">8.3874</element>
               <element dimension="2">0.082071</element>
            </point>
            <point>
               <element dimension="1">10.8577</element>
               <element dimension="2">-0.50164</element>
            </point>
            <point>
               <element dimension="1">10.8</element>
               <element dimension="2">-0.87617</element>
            </point>
            <point>
               <element dimension="1">10.3902</element>
               <element dimension="2">-2.6103</element>
            </point>
            <point>
               <element dimension="1">10.244</element>
               <element dimension="2">-2.5878</element>
            </point>
            <point>
               <element dimension="1">5.6486</element>
               <element dimension="2">-1.6919</element>
            </point>
         </set>
      </occupancy>
      <occupancy>
         <time>
            <intervalStart>0.3</intervalStart>
            <intervalEnd>0.4</intervalEnd>
         </time>
         <set>
            <point>
               <element dimension="1">5.764</element>
               <element dimension="2">-1.5172</element>
            </point>
            <point>
               <element dimension="1">6.2101</element>
               <element dimension="2">0.37084</element>
            </point>
            <point>
               <element dimension="1">6.2293</element>
               <element dimension="2">0.43031</element>
            </point>
            <point>
               <element dimension="1">10.2449</element>
               <element dimension="2">-0.51852</element>
            </point>
            <point>
               <element dimension="1">10.8197</element>
               <element dimension="2">-0.67869</element>
            </point>
            <point>
               <element dimension="1">13.2554</element>
               <element dimension="2">-1.4627</element>
            </point>
            <point>
               <element dimension="1">13.1737</element>
               <element dimension="2">-1.8083</element>
            </point>
            <point>
               <element dimension="1">12.6242</element>
               <element dimension="2">-3.5154</element>
            </point>
            <point>
               <element dimension="1">12.5019</element>
               <element dimension="2">-3.4865</element>
            </point>
            <point>
               <element dimension="1">7.8891</element>
               <element dimension="2">-2.2013</element>
            </point>
         </set>
      </occupancy>
      <occupancy>
         <time>
            <intervalStart>0.4</intervalStart>
            <intervalEnd>0.5</intervalEnd>
         </time>
         <set>
            <point>
               <element dimension="1">8.1144</element>
               <element dimension="2">-2.0617</element>
            </point>
            <point>
               <element dimension="1">8.7042</element>
               <element dimension="2">-0.2293</element>
            </point>
            <point>
               <element dimension="1">8.7256</element>
               <element dimension="2">-0.17738</element>
            </point>
            <point>
               <element dimension="1">12.7129</element>
               <element dimension="2">-1.4609</element>
            </point>
            <point>
               <element dimension="1">13.1979</element>
               <element dimension="2">-1.6386</element>
            </point>
            <point>
               <element dimension="1">15.5747</element>
               <element dimension="2">-2.619</element>
            </point>
            <point>
               <element dimension="1">15.4719</element>
               <element dimension="2">-2.9383</element>
            </point>
            <point>
               <element dimension="1">14.7907</element>
               <element dimension="2">-4.5896</element>
            </point>
            <point>
               <element dimension="1">14.6931</element>
               <element dimension="2">-4.5582</element>
            </point>
            <point>
               <element dimension="1">9.9683</element>
               <element dimension="2">-2.8264</element>
            </point>
         </set>
      </occupancy>
      <occupancy>
         <time>
            <intervalStart>0.5</intervalStart>
            <intervalEnd>0.6</intervalEnd>
         </time>
         <set>
            <point>
               <element dimension="1">10.4327</element>
               <element dimension="2">-2.788</element>
            </point>
            <point>
               <element dimension="1">11.1554</element>
               <element dimension="2">-1.0359</element>
            </point>
            <point>
               <element dimension="1">11.1773</element>
               <element dimension="2">-0.99294</element>
            </point>
            <point>
               <element dimension="1">15.0191</element>
               <element dimension="2">-2.5776</element>
            </point>
            <point>
               <element dimension="1">15.4968</element>
               <element dimension="2">-2.7974</element>
            </point>
            <point>
               <element dimension="1">17.8</element>
               <element dimension="2">-3.9714</element>
            </point>
            <point>
               <element dimension="1">17.6838</element>
               <element dimension="2">-4.2531</element>
            </point>
            <point>
               <element dimension="1">16.8756</element>
               <element dimension="2">-5.8387</element>
            </point>
            <point>
               <element dimension="1">16.8015</element>
               <element dimension="2">-5.8082</element>
            </point>
            <point>
               <element dimension="1">12.2362</element>
               <element dimension="2">-3.7072</element>
            </point>
         </set>
      </occupancy>
      <occupancy>
         <time>
            <intervalStart>0.6</intervalStart>
            <intervalEnd>0.7</intervalEnd>
         </time>
         <set>
            <point>
               <element dimension="1">12.6981</element>
               <element dimension="2">-3.7033</element>
            </point>
            <point>
               <element dimension="1">13.5447</element>
               <element dimension="2">-2.0422</element>
            </point>
            <point>
               <element dimension="1">13.566</element>
               <element dimension="2">-2.0076</element>
            </point>
            <point>
               <element dimension="1">17.2494</element>
               <element dimension="2">-3.8851</element>
            </point>
            <point>
               <element dimension="1">17.7066</element>
               <element dimension="2">-4.1418</element>
            </point>
            <point>
               <element dimension="1">19.9181</element>
               <element dimension="2">-5.5036</element>
            </point>
            <point>
               <element dimension="1">19.794</element>
               <element dimension="2">-5.7472</element>
            </point>
            <point>
               <element dimension="1">18.8643</element>
               <element dimension="2">-7.257</element>
            </point>
            <point>
               <element dimension="1">18.8122</element>
               <element dimension="2">-7.2304</element>
            </point>
            <point>
               <element dimension="1">14.4269</element>
               <element dimension="2">-4.7679</element>
            </point>
         </set>
      </occupancy>
      <occupancy>
         <time>
            <intervalStart>0.7</intervalStart>
            <intervalEnd>0.8</intervalEnd>
         </time>
         <set>
            <point>
               <element dimension="1">14.8947</element>
               <element dimension="2">-4.8045</element>
            </point>
            <point>
               <element dimension="1">15.8557</element>
               <element dimension="2">-3.2439</element>
            </point>
            <point>
               <element dimension="1">15.8752</element>
               <element dimension="2">-3.2174</element>
            </point>
            <point>
               <element dimension="1">19.3781</element>
               <element dimension="2">-5.3744</element>
            </point>
            <point>
               <element dimension="1">19.8116</element>
               <element dimension="2">-5.6662</element>
            </point>
            <point>
               <element dimension="1">21.9135</element>
               <element dimension="2">-7.208</element>
            </point>
            <point>
               <element dimension="1">21.7871</element>
               <element dimension="2">-7.4133</element>
            </point>
            <point>
               <element dimension="1">20.7423</element>
               <element dimension="2">-8.8377</element>
            </point>
            <point>
               <element dimension="1">20.7104</element>
               <element dimension="2">-8.8181</element>
            </point>
            <point>
               <element dimension="1">16.5348</element>
               <element dimension="2">-6.0076</element>
            </point>
         </set>
      </occupancy>
      <occupancy>
         <time>
            <intervalStart>0.8</intervalStart>
            <intervalEnd>0.9</intervalEnd>
         </time>
         <set>
            <point>
               <element dimension="1">17.0069</element>
               <element dimension="2">-6.0876</element>
            </point>
            <point>
               <element dimension="1">18.0718</element>
               <element dimension="2">-4.6359</element>
            </point>
            <point>
               <element dimension="1">18.0884</element>
               <element dimension="2">-4.6167</element>
            </point>
            <point>
               <element dimension="1">21.3883</element>
               <element dimension="2">-7.0373</element>
            </point>
            <point>
               <element dimension="1">21.7964</element>
               <element dimension="2">-7.363</element>
            </point>
            <point>
               <element dimension="1">23.7716</element>
               <element dimension="2">-9.0753</element>
            </point>
            <point>
               <element dimension="1">23.6485</element>
               <element dimension="2">-9.2432</element>
            </point>
            <point>
               <element dimension="1">22.4954</element>
               <element dimension="2">-10.5732</element>
            </point>
            <point>
               <element dimension="1">22.4886</element>
               <element dimension="2">-10.5682</element>
            </point>
            <point>
               <element dimension="1">18.5466</element>
               <element dimension="2">-7.4223</element>
            </point>
         </set>
      </occupancy>
      <occupancy>
         <time>
            <intervalStart>0.9</intervalStart>
            <intervalEnd>1</intervalEnd>
         </time>
         <set>
            <point>
               <element dimension="1">19.0188</element>
               <element dimension="2">-7.5469</element>
            </point>
            <point>
               <element dimension="1">20.1767</element>
               <element dimension="2">-6.2113</element>
            </point>
            <point>
               <element dimension="1">20.1908</element>
               <element dimension="2">-6.1974</element>
            </point>
            <point>
               <element dimension="1">23.2294</element>
               <element dimension="2">-8.8314</element>
            </point>
            <point>
               <element dimension="1">23.6461</element>
               <element dimension="2">-9.2236</element>
            </point>
            <point>
               <element dimension="1">25.4771</element>
               <element dimension="2">-11.0936</element>
            </point>
            <point>
               <element dimension="1">25.3455</element>
               <element dimension="2">-11.2454</element>
            </point>
            <point>
               <element dimension="1">25.3451</element>
               <element dimension="2">-11.2458</element>
            </point>
            <point>
               <element dimension="1">24.1097</element>
               <element dimension="2">-12.4554</element>
            </point>
            <point>
               <element dimension="1">24.1055</element>
               <element dimension="2">-12.4518</element>
            </point>
            <point>
               <element dimension="1">20.4887</element>
               <element dimension="2">-9.048</element>
            </point>
         </set>
      </occupancy>
   </occupancySet>
   <reachableSet>
      <reachability>
         <time>0</time>
         <x>
            <intervalStart>-0.1</intervalStart>
            <intervalEnd>0.1</intervalEnd>
         </x>
         <y>
            <intervalStart>-0.1</intervalStart>
            <intervalEnd>0.1</intervalEnd>
         </y>
         <velocity>
            <intervalStart>24.2</intervalStart>
            <intervalEnd>24.6</intervalEnd>
         </velocity>
         <orientation>
            <intervalStart>-0.02</intervalStart>
            <intervalEnd>0.02</intervalEnd>
         </orientation>
      </reachability>
      <reachability>
         <time>1</time>
         <x>
            <intervalStart>22.4132</intervalStart>
            <intervalEnd>22.4208</intervalEnd>
         </x>
         <y>
            <intervalStart>-9.4841</intervalStart>
            <intervalEnd>-9.4723</intervalEnd>
         </y>
         <velocity>
            <intervalStart>25.6</intervalStart>
            <intervalEnd>25.6</intervalEnd>
         </velocity>
         <orientation>
            <intervalStart>-0.80027</intervalStart>
            <intervalEnd>-0.79976</intervalEnd>
         </orientation>
      </reachability>
   </reachableSet>
</motionPrimitive>