<?xml version="1.0" encoding="utf-8"?>
<motionPrimitive ID="10135">
   <controller type="generator space control">controller10135.mat</controller>
   <successors>
      <id>9876</id>
      <id>9877</id>
      <id>9878</id>
      <id>9879</id>
      <id>9880</id>
      <id>9881</id>
      <id>9882</id>
      <id>9883</id>
      <id>9884</id>
      <id>9885</id>
      <id>9886</id>
      <id>9887</id>
      <id>9888</id>
      <id>9889</id>
      <id>9890</id>
      <id>9891</id>
      <id>9892</id>
      <id>9893</id>
      <id>9894</id>
      <id>9895</id>
      <id>9896</id>
      <id>9897</id>
      <id>9898</id>
      <id>9899</id>
      <id>9900</id>
      <id>9901</id>
      <id>9902</id>
      <id>9903</id>
      <id>9904</id>
      <id>9905</id>
      <id>9906</id>
      <id>9907</id>
      <id>9908</id>
      <id>9909</id>
      <id>9910</id>
      <id>9911</id>
      <id>9912</id>
      <id>9913</id>
      <id>9914</id>
      <id>9915</id>
      <id>9916</id>
      <id>9917</id>
      <id>9918</id>
      <id>9919</id>
      <id>9920</id>
      <id>9921</id>
      <id>9922</id>
      <id>9923</id>
      <id>9924</id>
      <id>9925</id>
      <id>9926</id>
      <id>9927</id>
      <id>9928</id>
      <id>9929</id>
      <id>9930</id>
      <id>9931</id>
      <id>9932</id>
      <id>9933</id>
      <id>9934</id>
      <id>9935</id>
      <id>9936</id>
      <id>9937</id>
      <id>9938</id>
      <id>9939</id>
      <id>9940</id>
      <id>9941</id>
      <id>9942</id>
      <id>9943</id>
      <id>9944</id>
      <id>9945</id>
      <id>9946</id>
      <id>9947</id>
      <id>9948</id>
      <id>9949</id>
      <id>9950</id>
      <id>9951</id>
      <id>9952</id>
      <id>9953</id>
      <id>9954</id>
      <id>9955</id>
      <id>9956</id>
      <id>9957</id>
      <id>9958</id>
      <id>9959</id>
      <id>9960</id>
      <id>9961</id>
      <id>9962</id>
      <id>9963</id>
      <id>9964</id>
      <id>9965</id>
      <id>9966</id>
      <id>9967</id>
      <id>9968</id>
      <id>9969</id>
      <id>9970</id>
      <id>9971</id>
      <id>9972</id>
      <id>9973</id>
      <id>9974</id>
      <id>9975</id>
      <id>9976</id>
      <id>9977</id>
      <id>9978</id>
      <id>9979</id>
      <id>9980</id>
      <id>9981</id>
      <id>9982</id>
      <id>9983</id>
      <id>9984</id>
      <id>9985</id>
      <id>9986</id>
      <id>9987</id>
      <id>9988</id>
      <id>9989</id>
      <id>9990</id>
      <id>9991</id>
      <id>9992</id>
      <id>9993</id>
      <id>9994</id>
      <id>9995</id>
      <id>9996</id>
      <id>9997</id>
      <id>9998</id>
      <id>9999</id>
      <id>10000</id>
      <id>10001</id>
      <id>10002</id>
      <id>10003</id>
      <id>10004</id>
      <id>10005</id>
      <id>10006</id>
      <id>10007</id>
      <id>10008</id>
      <id>10009</id>
      <id>10010</id>
      <id>10011</id>
      <id>10012</id>
      <id>10013</id>
      <id>10014</id>
      <id>10015</id>
      <id>10016</id>
      <id>10017</id>
      <id>10018</id>
      <id>10019</id>
      <id>10020</id>
      <id>10021</id>
      <id>10022</id>
      <id>10023</id>
      <id>10024</id>
      <id>10025</id>
      <id>10026</id>
      <id>10027</id>
      <id>10028</id>
      <id>10029</id>
      <id>10030</id>
      <id>10031</id>
      <id>10032</id>
      <id>10033</id>
      <id>10034</id>
      <id>10035</id>
      <id>10036</id>
      <id>10037</id>
      <id>10038</id>
      <id>10039</id>
      <id>10040</id>
      <id>10041</id>
      <id>10042</id>
      <id>10043</id>
      <id>10044</id>
      <id>10045</id>
      <id>10046</id>
      <id>10047</id>
      <id>10048</id>
      <id>10049</id>
      <id>10050</id>
      <id>10051</id>
      <id>10052</id>
      <id>10053</id>
      <id>10054</id>
      <id>10055</id>
   </successors>
   <trajectory>
      <states>
         <state>
            <time>0</time>
            <x>0</x>
            <y>0</y>
            <velocity>24.4</velocity>
            <orientation>0</orientation>
         </state>
         <state>
            <time>0.1</time>
            <x>2.4373</x>
            <y>-0.049116</y>
            <velocity>24.36</velocity>
            <orientation>-0.040298</orientation>
         </state>
         <state>
            <time>0.2</time>
            <x>4.8667</x>
            <y>-0.19606</y>
            <velocity>24.32</velocity>
            <orientation>-0.080529</orientation>
         </state>
         <state>
            <time>0.3</time>
            <x>7.2843</x>
            <y>-0.44012</y>
            <velocity>24.28</velocity>
            <orientation>-0.12069</orientation>
         </state>
         <state>
            <time>0.4</time>
            <x>9.6861</x>
            <y>-0.78042</y>
            <velocity>24.24</velocity>
            <orientation>-0.16079</orientation>
         </state>
         <state>
            <time>0.5</time>
            <x>12.0685</x>
            <y>-1.2159</y>
            <velocity>24.2</velocity>
            <orientation>-0.20083</orientation>
         </state>
         <state>
            <time>0.6</time>
            <x>14.4276</x>
            <y>-1.7455</y>
            <velocity>24.16</velocity>
            <orientation>-0.24079</orientation>
         </state>
         <state>
            <time>0.7</time>
            <x>16.7599</x>
            <y>-2.3678</y>
            <velocity>24.12</velocity>
            <orientation>-0.28069</orientation>
         </state>
         <state>
            <time>0.8</time>
            <x>19.0616</x>
            <y>-3.0813</y>
            <velocity>24.08</velocity>
            <orientation>-0.32053</orientation>
         </state>
         <state>
            <time>0.9</time>
            <x>21.3294</x>
            <y>-3.8846</y>
            <velocity>24.04</velocity>
            <orientation>-0.3603</orientation>
         </state>
         <state>
            <time>1</time>
            <x>23.5598</x>
            <y>-4.7758</y>
            <velocity>24</velocity>
            <orientation>-0.4</orientation>
         </state>
      </states>
      <inputs>
         <input>
            <acceleration>-0.4</acceleration>
            <steer>-0.037998</steer>
         </input>
         <input>
            <acceleration>-0.4</acceleration>
            <steer>-0.037998</steer>
         </input>
         <input>
            <acceleration>-0.4</acceleration>
            <steer>-0.037998</steer>
         </input>
         <input>
            <acceleration>-0.4</acceleration>
            <steer>-0.037998</steer>
         </input>
         <input>
            <acceleration>-0.4</acceleration>
            <steer>-0.037998</steer>
         </input>
         <input>
            <acceleration>-0.4</acceleration>
            <steer>-0.037998</steer>
         </input>
         <input>
            <acceleration>-0.4</acceleration>
            <steer>-0.037998</steer>
         </input>
         <input>
            <acceleration>-0.4</acceleration>
            <steer>-0.037998</steer>
         </input>
         <input>
            <acceleration>-0.4</acceleration>
            <steer>-0.037998</steer>
         </input>
         <input>
            <acceleration>-0.4</acceleration>
            <steer>-0.037998</steer>
         </input>
      </inputs>
   </trajectory>
   <occupancySet>
      <occupancy>
         <time>
            <intervalStart>0</intervalStart>
            <intervalEnd>0.1</intervalEnd>
         </time>
         <set>
            <point>
               <element dimension="1">-1.1238</element>
               <element dimension="2">-1.0186</element>
            </point>
            <point>
               <element dimension="1">-1.1197</element>
               <element dimension="2">1.0273</element>
            </point>
            <point>
               <element dimension="1">-1.1197</element>
               <element dimension="2">1.0275</element>
            </point>
            <point>
               <element dimension="1">-1.1196</element>
               <element dimension="2">1.0294</element>
            </point>
            <point>
               <element dimension="1">3.3406</element>
               <element dimension="2">1.0204</element>
            </point>
            <point>
               <element dimension="1">3.6549</element>
               <element dimension="2">1.0141</element>
            </point>
            <point>
               <element dimension="1">5.8779</element>
               <element dimension="2">0.92888</element>
            </point>
            <point>
               <element dimension="1">5.8775</element>
               <element dimension="2">0.70335</element>
            </point>
            <point>
               <element dimension="1">5.8747</element>
               <element dimension="2">0.56269</element>
            </point>
            <point>
               <element dimension="1">5.8086</element>
               <element dimension="2">-1.1607</element>
            </point>
            <point>
               <element dimension="1">5.6179</element>
               <element dimension="2">-1.1603</element>
            </point>
            <point>
               <element dimension="1">-0.80365</element>
               <element dimension="2">-1.0308</element>
            </point>
         </set>
      </occupancy>
      <occupancy>
         <time>
            <intervalStart>0.1</intervalStart>
            <intervalEnd>0.2</intervalEnd>
         </time>
         <set>
            <point>
               <element dimension="1">1.0455</element>
               <element dimension="2">-0.97983</element>
            </point>
            <point>
               <element dimension="1">1.1207</element>
               <element dimension="2">0.98283</element>
            </point>
            <point>
               <element dimension="1">1.1221</element>
               <element dimension="2">1.0004</element>
            </point>
            <point>
               <element dimension="1">5.1487</element>
               <element dimension="2">0.84611</element>
            </point>
            <point>
               <element dimension="1">5.8766</element>
               <element dimension="2">0.80355</element>
            </point>
            <point>
               <element dimension="1">8.334</element>
               <element dimension="2">0.61017</element>
            </point>
            <point>
               <element dimension="1">8.3221</element>
               <element dimension="2">0.30117</element>
            </point>
            <point>
               <element dimension="1">8.322</element>
               <element dimension="2">0.29895</element>
            </point>
            <point>
               <element dimension="1">8.1849</element>
               <element dimension="2">-1.4428</element>
            </point>
            <point>
               <element dimension="1">8.0161</element>
               <element dimension="2">-1.4363</element>
            </point>
            <point>
               <element dimension="1">3.4632</element>
               <element dimension="2">-1.1701</element>
            </point>
         </set>
      </occupancy>
      <occupancy>
         <time>
            <intervalStart>0.2</intervalStart>
            <intervalEnd>0.3</intervalEnd>
         </time>
         <set>
            <point>
               <element dimension="1">3.4445</element>
               <element dimension="2">-1.0712</element>
            </point>
            <point>
               <element dimension="1">3.5981</element>
               <element dimension="2">0.87984</element>
            </point>
            <point>
               <element dimension="1">3.6006</element>
               <element dimension="2">0.90097</element>
            </point>
            <point>
               <element dimension="1">7.8409</element>
               <element dimension="2">0.56729</element>
            </point>
            <point>
               <element dimension="1">8.3279</element>
               <element dimension="2">0.51911</element>
            </point>
            <point>
               <element dimension="1">10.7714</element>
               <element dimension="2">0.2277</element>
            </point>
            <point>
               <element dimension="1">10.7485</element>
               <element dimension="2">-0.063576</element>
            </point>
            <point>
               <element dimension="1">10.5403</element>
               <element dimension="2">-1.8086</element>
            </point>
            <point>
               <element dimension="1">10.394</element>
               <element dimension="2">-1.7971</element>
            </point>
            <point>
               <element dimension="1">5.3301</element>
               <element dimension="2">-1.2961</element>
            </point>
         </set>
      </occupancy>
      <occupancy>
         <time>
            <intervalStart>0.3</intervalStart>
            <intervalEnd>0.4</intervalEnd>
         </time>
         <set>
            <point>
               <element dimension="1">5.8402</element>
               <element dimension="2">-1.2485</element>
            </point>
            <point>
               <element dimension="1">6.0685</element>
               <element dimension="2">0.66593</element>
            </point>
            <point>
               <element dimension="1">6.0731</element>
               <element dimension="2">0.69457</element>
            </point>
            <point>
               <element dimension="1">10.3114</element>
               <element dimension="2">0.18911</element>
            </point>
            <point>
               <element dimension="1">10.7568</element>
               <element dimension="2">0.12692</element>
            </point>
            <point>
               <element dimension="1">13.1867</element>
               <element dimension="2">-0.26222</element>
            </point>
            <point>
               <element dimension="1">13.1554</element>
               <element dimension="2">-0.5248</element>
            </point>
            <point>
               <element dimension="1">12.8766</element>
               <element dimension="2">-2.2654</element>
            </point>
            <point>
               <element dimension="1">12.752</element>
               <element dimension="2">-2.2505</element>
            </point>
            <point>
               <element dimension="1">7.636</element>
               <element dimension="2">-1.5361</element>
            </point>
         </set>
      </occupancy>
      <occupancy>
         <time>
            <intervalStart>0.4</intervalStart>
            <intervalEnd>0.5</intervalEnd>
         </time>
         <set>
            <point>
               <element dimension="1">8.223</element>
               <element dimension="2">-1.5198</element>
            </point>
            <point>
               <element dimension="1">8.5243</element>
               <element dimension="2">0.36174</element>
            </point>
            <point>
               <element dimension="1">8.5294</element>
               <element dimension="2">0.38715</element>
            </point>
            <point>
               <element dimension="1">12.7713</element>
               <element dimension="2">-0.29216</element>
            </point>
            <point>
               <element dimension="1">13.166</element>
               <element dimension="2">-0.36349</element>
            </point>
            <point>
               <element dimension="1">15.5737</element>
               <element dimension="2">-0.84863</element>
            </point>
            <point>
               <element dimension="1">15.5358</element>
               <element dimension="2">-1.0852</element>
            </point>
            <point>
               <element dimension="1">15.1884</element>
               <element dimension="2">-2.809</element>
            </point>
            <point>
               <element dimension="1">15.0865</element>
               <element dimension="2">-2.7926</element>
            </point>
            <point>
               <element dimension="1">9.7801</element>
               <element dimension="2">-1.8335</element>
            </point>
         </set>
      </occupancy>
      <occupancy>
         <time>
            <intervalStart>0.5</intervalStart>
            <intervalEnd>0.6</intervalEnd>
         </time>
         <set>
            <point>
               <element dimension="1">10.5925</element>
               <element dimension="2">-1.8817</element>
            </point>
            <point>
               <element dimension="1">10.963</element>
               <element dimension="2">-0.043049</element>
            </point>
            <point>
               <element dimension="1">10.9681</element>
               <element dimension="2">-0.022106</element>
            </point>
            <point>
               <element dimension="1">15.1419</element>
               <element dimension="2">-0.86311</element>
            </point>
            <point>
               <element dimension="1">15.5463</element>
               <element dimension="2">-0.95305</element>
            </point>
            <point>
               <element dimension="1">17.9295</element>
               <element dimension="2">-1.5332</element>
            </point>
            <point>
               <element dimension="1">17.8881</element>
               <element dimension="2">-1.7384</element>
            </point>
            <point>
               <element dimension="1">17.4731</element>
               <element dimension="2">-3.4431</element>
            </point>
            <point>
               <element dimension="1">17.3935</element>
               <element dimension="2">-3.4271</element>
            </point>
            <point>
               <element dimension="1">12.1608</element>
               <element dimension="2">-2.2635</element>
            </point>
         </set>
      </occupancy>
      <occupancy>
         <time>
            <intervalStart>0.6</intervalStart>
            <intervalEnd>0.7</intervalEnd>
         </time>
         <set>
            <point>
               <element dimension="1">12.9427</element>
               <element dimension="2">-2.3381</element>
            </point>
            <point>
               <element dimension="1">13.3793</element>
               <element dimension="2">-0.54511</element>
            </point>
            <point>
               <element dimension="1">13.3841</element>
               <element dimension="2">-0.52829</element>
            </point>
            <point>
               <element dimension="1">17.4955</element>
               <element dimension="2">-1.5292</element>
            </point>
            <point>
               <element dimension="1">17.8974</element>
               <element dimension="2">-1.6356</element>
            </point>
            <point>
               <element dimension="1">20.2513</element>
               <element dimension="2">-2.3092</element>
            </point>
            <point>
               <element dimension="1">20.2089</element>
               <element dimension="2">-2.4832</element>
            </point>
            <point>
               <element dimension="1">19.7273</element>
               <element dimension="2">-4.1663</element>
            </point>
            <point>
               <element dimension="1">19.6696</element>
               <element dimension="2">-4.1522</element>
            </point>
            <point>
               <element dimension="1">14.5064</element>
               <element dimension="2">-2.7856</element>
            </point>
         </set>
      </occupancy>
      <occupancy>
         <time>
            <intervalStart>0.7</intervalStart>
            <intervalEnd>0.8</intervalEnd>
         </time>
         <set>
            <point>
               <element dimension="1">15.2701</element>
               <element dimension="2">-2.8879</element>
            </point>
            <point>
               <element dimension="1">15.7694</element>
               <element dimension="2">-1.1429</element>
            </point>
            <point>
               <element dimension="1">15.7736</element>
               <element dimension="2">-1.1301</element>
            </point>
            <point>
               <element dimension="1">19.817</element>
               <element dimension="2">-2.2871</element>
            </point>
            <point>
               <element dimension="1">20.2156</element>
               <element dimension="2">-2.4098</element>
            </point>
            <point>
               <element dimension="1">22.5354</element>
               <element dimension="2">-3.1748</element>
            </point>
            <point>
               <element dimension="1">22.4945</element>
               <element dimension="2">-3.3179</element>
            </point>
            <point>
               <element dimension="1">21.9474</element>
               <element dimension="2">-4.9768</element>
            </point>
            <point>
               <element dimension="1">21.9112</element>
               <element dimension="2">-4.9664</element>
            </point>
            <point>
               <element dimension="1">16.8254</element>
               <element dimension="2">-3.4008</element>
            </point>
         </set>
      </occupancy>
      <occupancy>
         <time>
            <intervalStart>0.8</intervalStart>
            <intervalEnd>0.9</intervalEnd>
         </time>
         <set>
            <point>
               <element dimension="1">17.5708</element>
               <element dimension="2">-3.5298</element>
            </point>
            <point>
               <element dimension="1">18.1298</element>
               <element dimension="2">-1.8348</element>
            </point>
            <point>
               <element dimension="1">18.1331</element>
               <element dimension="2">-1.826</element>
            </point>
            <point>
               <element dimension="1">22.1013</element>
               <element dimension="2">-3.1346</element>
            </point>
            <point>
               <element dimension="1">22.4974</element>
               <element dimension="2">-3.274</element>
            </point>
            <point>
               <element dimension="1">24.7786</element>
               <element dimension="2">-4.1283</element>
            </point>
            <point>
               <element dimension="1">24.7416</element>
               <element dimension="2">-4.2408</element>
            </point>
            <point>
               <element dimension="1">24.1302</element>
               <element dimension="2">-5.8734</element>
            </point>
            <point>
               <element dimension="1">24.1249</element>
               <element dimension="2">-5.8716</element>
            </point>
            <point>
               <element dimension="1">19.1238</element>
               <element dimension="2">-4.1114</element>
            </point>
         </set>
      </occupancy>
      <occupancy>
         <time>
            <intervalStart>0.9</intervalStart>
            <intervalEnd>1</intervalEnd>
         </time>
         <set>
            <point>
               <element dimension="1">19.8413</element>
               <element dimension="2">-4.2624</element>
            </point>
            <point>
               <element dimension="1">20.4566</element>
               <element dimension="2">-2.6195</element>
            </point>
            <point>
               <element dimension="1">20.4595</element>
               <element dimension="2">-2.6125</element>
            </point>
            <point>
               <element dimension="1">24.2509</element>
               <element dimension="2">-4.0324</element>
            </point>
            <point>
               <element dimension="1">24.7394</element>
               <element dimension="2">-4.2264</element>
            </point>
            <point>
               <element dimension="1">26.977</element>
               <element dimension="2">-5.1673</element>
            </point>
            <point>
               <element dimension="1">26.9373</element>
               <element dimension="2">-5.2732</element>
            </point>
            <point>
               <element dimension="1">26.2722</element>
               <element dimension="2">-6.8551</element>
            </point>
            <point>
               <element dimension="1">26.2688</element>
               <element dimension="2">-6.8537</element>
            </point>
            <point>
               <element dimension="1">21.4691</element>
               <element dimension="2">-4.9469</element>
            </point>
         </set>
      </occupancy>
   </occupancySet>
   <reachableSet>
      <reachability>
         <time>0</time>
         <x>
            <intervalStart>-0.1</intervalStart>
            <intervalEnd>0.1</intervalEnd>
         </x>
         <y>
            <intervalStart>-0.1</intervalStart>
            <intervalEnd>0.1</intervalEnd>
         </y>
         <velocity>
            <intervalStart>24.2</intervalStart>
            <intervalEnd>24.6</intervalEnd>
         </velocity>
         <orientation>
            <intervalStart>-0.02</intervalStart>
            <intervalEnd>0.02</intervalEnd>
         </orientation>
      </reachability>
      <reachability>
         <time>1</time>
         <x>
            <intervalStart>23.5576</intervalStart>
            <intervalEnd>23.5615</intervalEnd>
         </x>
         <y>
            <intervalStart>-4.7812</intervalStart>
            <intervalEnd>-4.7707</intervalEnd>
         </y>
         <velocity>
            <intervalStart>24</intervalStart>
            <intervalEnd>24</intervalEnd>
         </velocity>
         <orientation>
            <intervalStart>-0.40023</intervalStart>
            <intervalEnd>-0.39978</intervalEnd>
         </orientation>
      </reachability>
   </reachableSet>
</motionPrimitive>