<?xml version="1.0" encoding="utf-8"?>
<motionPrimitive ID="10172">
   <controller type="generator space control">controller10172.mat</controller>
   <successors>
      <id>9696</id>
      <id>9697</id>
      <id>9698</id>
      <id>9699</id>
      <id>9700</id>
      <id>9701</id>
      <id>9702</id>
      <id>9703</id>
      <id>9704</id>
      <id>9705</id>
      <id>9706</id>
      <id>9707</id>
      <id>9708</id>
      <id>9709</id>
      <id>9710</id>
      <id>9711</id>
      <id>9712</id>
      <id>9713</id>
      <id>9714</id>
      <id>9715</id>
      <id>9716</id>
      <id>9717</id>
      <id>9718</id>
      <id>9719</id>
      <id>9720</id>
      <id>9721</id>
      <id>9722</id>
      <id>9723</id>
      <id>9724</id>
      <id>9725</id>
      <id>9726</id>
      <id>9727</id>
      <id>9728</id>
      <id>9729</id>
      <id>9730</id>
      <id>9731</id>
      <id>9732</id>
      <id>9733</id>
      <id>9734</id>
      <id>9735</id>
      <id>9736</id>
      <id>9737</id>
      <id>9738</id>
      <id>9739</id>
      <id>9740</id>
      <id>9741</id>
      <id>9742</id>
      <id>9743</id>
      <id>9744</id>
      <id>9745</id>
      <id>9746</id>
      <id>9747</id>
      <id>9748</id>
      <id>9749</id>
      <id>9750</id>
      <id>9751</id>
      <id>9752</id>
      <id>9753</id>
      <id>9754</id>
      <id>9755</id>
      <id>9756</id>
      <id>9757</id>
      <id>9758</id>
      <id>9759</id>
      <id>9760</id>
      <id>9761</id>
      <id>9762</id>
      <id>9763</id>
      <id>9764</id>
      <id>9765</id>
      <id>9766</id>
      <id>9767</id>
      <id>9768</id>
      <id>9769</id>
      <id>9770</id>
      <id>9771</id>
      <id>9772</id>
      <id>9773</id>
      <id>9774</id>
      <id>9775</id>
      <id>9776</id>
      <id>9777</id>
      <id>9778</id>
      <id>9779</id>
      <id>9780</id>
      <id>9781</id>
      <id>9782</id>
      <id>9783</id>
      <id>9784</id>
      <id>9785</id>
      <id>9786</id>
      <id>9787</id>
      <id>9788</id>
      <id>9789</id>
      <id>9790</id>
      <id>9791</id>
      <id>9792</id>
      <id>9793</id>
      <id>9794</id>
      <id>9795</id>
      <id>9796</id>
      <id>9797</id>
      <id>9798</id>
      <id>9799</id>
      <id>9800</id>
      <id>9801</id>
      <id>9802</id>
      <id>9803</id>
      <id>9804</id>
      <id>9805</id>
      <id>9806</id>
      <id>9807</id>
      <id>9808</id>
      <id>9809</id>
      <id>9810</id>
      <id>9811</id>
      <id>9812</id>
      <id>9813</id>
      <id>9814</id>
      <id>9815</id>
      <id>9816</id>
      <id>9817</id>
      <id>9818</id>
      <id>9819</id>
      <id>9820</id>
      <id>9821</id>
      <id>9822</id>
      <id>9823</id>
      <id>9824</id>
      <id>9825</id>
      <id>9826</id>
      <id>9827</id>
      <id>9828</id>
      <id>9829</id>
      <id>9830</id>
      <id>9831</id>
      <id>9832</id>
      <id>9833</id>
      <id>9834</id>
      <id>9835</id>
      <id>9836</id>
      <id>9837</id>
      <id>9838</id>
      <id>9839</id>
      <id>9840</id>
      <id>9841</id>
      <id>9842</id>
      <id>9843</id>
      <id>9844</id>
      <id>9845</id>
      <id>9846</id>
      <id>9847</id>
      <id>9848</id>
      <id>9849</id>
      <id>9850</id>
      <id>9851</id>
      <id>9852</id>
      <id>9853</id>
      <id>9854</id>
      <id>9855</id>
      <id>9856</id>
      <id>9857</id>
      <id>9858</id>
      <id>9859</id>
      <id>9860</id>
      <id>9861</id>
      <id>9862</id>
      <id>9863</id>
      <id>9864</id>
      <id>9865</id>
      <id>9866</id>
      <id>9867</id>
      <id>9868</id>
      <id>9869</id>
      <id>9870</id>
      <id>9871</id>
      <id>9872</id>
      <id>9873</id>
      <id>9874</id>
      <id>9875</id>
   </successors>
   <trajectory>
      <states>
         <state>
            <time>0</time>
            <x>0</x>
            <y>0</y>
            <velocity>24.4</velocity>
            <orientation>0</orientation>
         </state>
         <state>
            <time>0.1</time>
            <x>2.4353</x>
            <y>0.049444</y>
            <velocity>24.32</velocity>
            <orientation>0.0406</orientation>
         </state>
         <state>
            <time>0.2</time>
            <x>4.8587</x>
            <y>0.19705</y>
            <velocity>24.24</velocity>
            <orientation>0.081067</orientation>
         </state>
         <state>
            <time>0.3</time>
            <x>7.2661</x>
            <y>0.4416</y>
            <velocity>24.16</velocity>
            <orientation>0.1214</orientation>
         </state>
         <state>
            <time>0.4</time>
            <x>9.6539</x>
            <y>0.78173</y>
            <velocity>24.08</velocity>
            <orientation>0.1616</orientation>
         </state>
         <state>
            <time>0.5</time>
            <x>12.0181</x>
            <y>1.216</y>
            <velocity>24</velocity>
            <orientation>0.20167</orientation>
         </state>
         <state>
            <time>0.6</time>
            <x>14.3554</x>
            <y>1.7426</y>
            <velocity>23.92</velocity>
            <orientation>0.2416</orientation>
         </state>
         <state>
            <time>0.7</time>
            <x>16.6621</x>
            <y>2.3599</y>
            <velocity>23.84</velocity>
            <orientation>0.2814</orientation>
         </state>
         <state>
            <time>0.8</time>
            <x>18.9347</x>
            <y>3.066</y>
            <velocity>23.76</velocity>
            <orientation>0.32107</orientation>
         </state>
         <state>
            <time>0.9</time>
            <x>21.1701</x>
            <y>3.8589</y>
            <velocity>23.68</velocity>
            <orientation>0.3606</orientation>
         </state>
         <state>
            <time>1</time>
            <x>23.3651</x>
            <y>4.7363</y>
            <velocity>23.6</velocity>
            <orientation>0.4</orientation>
         </state>
      </states>
      <inputs>
         <input>
            <acceleration>-0.8</acceleration>
            <steer>0.038315</steer>
         </input>
         <input>
            <acceleration>-0.8</acceleration>
            <steer>0.038315</steer>
         </input>
         <input>
            <acceleration>-0.8</acceleration>
            <steer>0.038315</steer>
         </input>
         <input>
            <acceleration>-0.8</acceleration>
            <steer>0.038315</steer>
         </input>
         <input>
            <acceleration>-0.8</acceleration>
            <steer>0.038315</steer>
         </input>
         <input>
            <acceleration>-0.8</acceleration>
            <steer>0.038315</steer>
         </input>
         <input>
            <acceleration>-0.8</acceleration>
            <steer>0.038315</steer>
         </input>
         <input>
            <acceleration>-0.8</acceleration>
            <steer>0.038315</steer>
         </input>
         <input>
            <acceleration>-0.8</acceleration>
            <steer>0.038315</steer>
         </input>
         <input>
            <acceleration>-0.8</acceleration>
            <steer>0.038315</steer>
         </input>
      </inputs>
   </trajectory>
   <occupancySet>
      <occupancy>
         <time>
            <intervalStart>0</intervalStart>
            <intervalEnd>0.1</intervalEnd>
         </time>
         <set>
            <point>
               <element dimension="1">-1.1239</element>
               <element dimension="2">1.0186</element>
            </point>
            <point>
               <element dimension="1">-0.78775</element>
               <element dimension="2">1.0315</element>
            </point>
            <point>
               <element dimension="1">5.6157</element>
               <element dimension="2">1.1616</element>
            </point>
            <point>
               <element dimension="1">5.8064</element>
               <element dimension="2">1.162</element>
            </point>
            <point>
               <element dimension="1">5.8729</element>
               <element dimension="2">-0.56125</element>
            </point>
            <point>
               <element dimension="1">5.8757</element>
               <element dimension="2">-0.70127</element>
            </point>
            <point>
               <element dimension="1">5.8762</element>
               <element dimension="2">-0.92827</element>
            </point>
            <point>
               <element dimension="1">3.6547</element>
               <element dimension="2">-1.014</element>
            </point>
            <point>
               <element dimension="1">3.3398</element>
               <element dimension="2">-1.0204</element>
            </point>
            <point>
               <element dimension="1">-1.1196</element>
               <element dimension="2">-1.0295</element>
            </point>
            <point>
               <element dimension="1">-1.1197</element>
               <element dimension="2">-1.0276</element>
            </point>
            <point>
               <element dimension="1">-1.1197</element>
               <element dimension="2">-1.0274</element>
            </point>
         </set>
      </occupancy>
      <occupancy>
         <time>
            <intervalStart>0.1</intervalStart>
            <intervalEnd>0.2</intervalEnd>
         </time>
         <set>
            <point>
               <element dimension="1">1.0436</element>
               <element dimension="2">0.9798</element>
            </point>
            <point>
               <element dimension="1">3.4624</element>
               <element dimension="2">1.1714</element>
            </point>
            <point>
               <element dimension="1">8.0075</element>
               <element dimension="2">1.4391</element>
            </point>
            <point>
               <element dimension="1">8.1763</element>
               <element dimension="2">1.4456</element>
            </point>
            <point>
               <element dimension="1">8.3143</element>
               <element dimension="2">-0.29645</element>
            </point>
            <point>
               <element dimension="1">8.3144</element>
               <element dimension="2">-0.29809</element>
            </point>
            <point>
               <element dimension="1">8.3264</element>
               <element dimension="2">-0.60803</element>
            </point>
            <point>
               <element dimension="1">5.8748</element>
               <element dimension="2">-0.80226</element>
            </point>
            <point>
               <element dimension="1">5.1446</element>
               <element dimension="2">-0.84526</element>
            </point>
            <point>
               <element dimension="1">1.1208</element>
               <element dimension="2">-1.0006</element>
            </point>
            <point>
               <element dimension="1">1.1193</element>
               <element dimension="2">-0.98288</element>
            </point>
         </set>
      </occupancy>
      <occupancy>
         <time>
            <intervalStart>0.2</intervalStart>
            <intervalEnd>0.3</intervalEnd>
         </time>
         <set>
            <point>
               <element dimension="1">3.4367</element>
               <element dimension="2">1.0715</element>
            </point>
            <point>
               <element dimension="1">5.3213</element>
               <element dimension="2">1.2976</element>
            </point>
            <point>
               <element dimension="1">10.375</element>
               <element dimension="2">1.8008</element>
            </point>
            <point>
               <element dimension="1">10.5214</element>
               <element dimension="2">1.8124</element>
            </point>
            <point>
               <element dimension="1">10.7307</element>
               <element dimension="2">0.067073</element>
            </point>
            <point>
               <element dimension="1">10.7538</element>
               <element dimension="2">-0.22441</element>
            </point>
            <point>
               <element dimension="1">8.3202</element>
               <element dimension="2">-0.51637</element>
            </point>
            <point>
               <element dimension="1">7.8328</element>
               <element dimension="2">-0.5649</element>
            </point>
            <point>
               <element dimension="1">3.5938</element>
               <element dimension="2">-0.90072</element>
            </point>
            <point>
               <element dimension="1">3.5912</element>
               <element dimension="2">-0.87946</element>
            </point>
         </set>
      </occupancy>
      <occupancy>
         <time>
            <intervalStart>0.3</intervalStart>
            <intervalEnd>0.4</intervalEnd>
         </time>
         <set>
            <point>
               <element dimension="1">5.8225</element>
               <element dimension="2">1.2491</element>
            </point>
            <point>
               <element dimension="1">7.6179</element>
               <element dimension="2">1.5381</element>
            </point>
            <point>
               <element dimension="1">12.7187</element>
               <element dimension="2">2.2543</element>
            </point>
            <point>
               <element dimension="1">12.8433</element>
               <element dimension="2">2.2693</element>
            </point>
            <point>
               <element dimension="1">13.1235</element>
               <element dimension="2">0.52846</element>
            </point>
            <point>
               <element dimension="1">13.155</element>
               <element dimension="2">0.26588</element>
            </point>
            <point>
               <element dimension="1">10.739</element>
               <element dimension="2">-0.12302</element>
            </point>
            <point>
               <element dimension="1">10.2928</element>
               <element dimension="2">-0.18567</element>
            </point>
            <point>
               <element dimension="1">6.0568</element>
               <element dimension="2">-0.69387</element>
            </point>
            <point>
               <element dimension="1">6.0521</element>
               <element dimension="2">-0.66506</element>
            </point>
         </set>
      </occupancy>
      <occupancy>
         <time>
            <intervalStart>0.4</intervalStart>
            <intervalEnd>0.5</intervalEnd>
         </time>
         <set>
            <point>
               <element dimension="1">8.1915</element>
               <element dimension="2">1.5201</element>
            </point>
            <point>
               <element dimension="1">9.7468</element>
               <element dimension="2">1.8349</element>
            </point>
            <point>
               <element dimension="1">15.035</element>
               <element dimension="2">2.7952</element>
            </point>
            <point>
               <element dimension="1">15.1369</element>
               <element dimension="2">2.8116</element>
            </point>
            <point>
               <element dimension="1">15.4858</element>
               <element dimension="2">1.0877</element>
            </point>
            <point>
               <element dimension="1">15.5238</element>
               <element dimension="2">0.85125</element>
            </point>
            <point>
               <element dimension="1">13.134</element>
               <element dimension="2">0.36763</element>
            </point>
            <point>
               <element dimension="1">12.7387</element>
               <element dimension="2">0.29584</element>
            </point>
            <point>
               <element dimension="1">8.4995</element>
               <element dimension="2">-0.38653</element>
            </point>
            <point>
               <element dimension="1">8.4943</element>
               <element dimension="2">-0.36103</element>
            </point>
         </set>
      </occupancy>
      <occupancy>
         <time>
            <intervalStart>0.5</intervalStart>
            <intervalEnd>0.6</intervalEnd>
         </time>
         <set>
            <point>
               <element dimension="1">10.5434</element>
               <element dimension="2">1.8807</element>
            </point>
            <point>
               <element dimension="1">12.1099</element>
               <element dimension="2">2.2634</element>
            </point>
            <point>
               <element dimension="1">17.3201</element>
               <element dimension="2">3.4266</element>
            </point>
            <point>
               <element dimension="1">17.3997</element>
               <element dimension="2">3.4427</element>
            </point>
            <point>
               <element dimension="1">17.8161</element>
               <element dimension="2">1.7379</element>
            </point>
            <point>
               <element dimension="1">17.8576</element>
               <element dimension="2">1.533</element>
            </point>
            <point>
               <element dimension="1">15.4962</element>
               <element dimension="2">0.95607</element>
            </point>
            <point>
               <element dimension="1">15.0908</element>
               <element dimension="2">0.86556</element>
            </point>
            <point>
               <element dimension="1">10.9205</element>
               <element dimension="2">0.02163</element>
            </point>
            <point>
               <element dimension="1">10.9154</element>
               <element dimension="2">0.042624</element>
            </point>
         </set>
      </occupancy>
      <occupancy>
         <time>
            <intervalStart>0.6</intervalStart>
            <intervalEnd>0.7</intervalEnd>
         </time>
         <set>
            <point>
               <element dimension="1">12.8722</element>
               <element dimension="2">2.3345</element>
            </point>
            <point>
               <element dimension="1">14.4341</element>
               <element dimension="2">2.7827</element>
            </point>
            <point>
               <element dimension="1">19.5706</element>
               <element dimension="2">4.1464</element>
            </point>
            <point>
               <element dimension="1">19.6283</element>
               <element dimension="2">4.1605</element>
            </point>
            <point>
               <element dimension="1">20.1112</element>
               <element dimension="2">2.4775</element>
            </point>
            <point>
               <element dimension="1">20.1536</element>
               <element dimension="2">2.3037</element>
            </point>
            <point>
               <element dimension="1">17.8253</element>
               <element dimension="2">1.6356</element>
            </point>
            <point>
               <element dimension="1">17.4222</element>
               <element dimension="2">1.5286</element>
            </point>
            <point>
               <element dimension="1">13.315</element>
               <element dimension="2">0.5252</element>
            </point>
            <point>
               <element dimension="1">13.3102</element>
               <element dimension="2">0.54203</element>
            </point>
         </set>
      </occupancy>
      <occupancy>
         <time>
            <intervalStart>0.7</intervalStart>
            <intervalEnd>0.8</intervalEnd>
         </time>
         <set>
            <point>
               <element dimension="1">15.1745</element>
               <element dimension="2">2.8797</element>
            </point>
            <point>
               <element dimension="1">16.7279</element>
               <element dimension="2">3.393</element>
            </point>
            <point>
               <element dimension="1">21.7833</element>
               <element dimension="2">4.9526</element>
            </point>
            <point>
               <element dimension="1">21.8196</element>
               <element dimension="2">4.9631</element>
            </point>
            <point>
               <element dimension="1">22.3676</element>
               <element dimension="2">3.3042</element>
            </point>
            <point>
               <element dimension="1">22.4086</element>
               <element dimension="2">3.1614</element>
            </point>
            <point>
               <element dimension="1">20.1178</element>
               <element dimension="2">2.4045</element>
            </point>
            <point>
               <element dimension="1">19.7178</element>
               <element dimension="2">2.2811</element>
            </point>
            <point>
               <element dimension="1">15.6793</element>
               <element dimension="2">1.1224</element>
            </point>
            <point>
               <element dimension="1">15.675</element>
               <element dimension="2">1.1351</element>
            </point>
         </set>
      </occupancy>
      <occupancy>
         <time>
            <intervalStart>0.8</intervalStart>
            <intervalEnd>0.9</intervalEnd>
         </time>
         <set>
            <point>
               <element dimension="1">17.4466</element>
               <element dimension="2">3.5147</element>
            </point>
            <point>
               <element dimension="1">18.9995</element>
               <element dimension="2">4.0968</element>
            </point>
            <point>
               <element dimension="1">23.965</element>
               <element dimension="2">5.8469</element>
            </point>
            <point>
               <element dimension="1">23.9703</element>
               <element dimension="2">5.8486</element>
            </point>
            <point>
               <element dimension="1">24.5823</element>
               <element dimension="2">4.216</element>
            </point>
            <point>
               <element dimension="1">24.6194</element>
               <element dimension="2">4.1037</element>
            </point>
            <point>
               <element dimension="1">22.3704</element>
               <element dimension="2">3.2607</element>
            </point>
            <point>
               <element dimension="1">21.9727</element>
               <element dimension="2">3.1205</element>
            </point>
            <point>
               <element dimension="1">18.0098</element>
               <element dimension="2">1.8112</element>
            </point>
            <point>
               <element dimension="1">18.0065</element>
               <element dimension="2">1.82</element>
            </point>
         </set>
      </occupancy>
      <occupancy>
         <time>
            <intervalStart>0.9</intervalStart>
            <intervalEnd>1</intervalEnd>
         </time>
         <set>
            <point>
               <element dimension="1">19.6851</element>
               <element dimension="2">4.2375</element>
            </point>
            <point>
               <element dimension="1">21.3078</element>
               <element dimension="2">4.9199</element>
            </point>
            <point>
               <element dimension="1">26.074</element>
               <element dimension="2">6.8143</element>
            </point>
            <point>
               <element dimension="1">26.0775</element>
               <element dimension="2">6.8157</element>
            </point>
            <point>
               <element dimension="1">26.7426</element>
               <element dimension="2">5.2338</element>
            </point>
            <point>
               <element dimension="1">26.7824</element>
               <element dimension="2">5.1278</element>
            </point>
            <point>
               <element dimension="1">24.5801</element>
               <element dimension="2">4.2018</element>
            </point>
            <point>
               <element dimension="1">24.0808</element>
               <element dimension="2">4.0034</element>
            </point>
            <point>
               <element dimension="1">20.3039</element>
               <element dimension="2">2.5876</element>
            </point>
            <point>
               <element dimension="1">20.301</element>
               <element dimension="2">2.5947</element>
            </point>
         </set>
      </occupancy>
   </occupancySet>
   <reachableSet>
      <reachability>
         <time>0</time>
         <x>
            <intervalStart>-0.1</intervalStart>
            <intervalEnd>0.1</intervalEnd>
         </x>
         <y>
            <intervalStart>-0.1</intervalStart>
            <intervalEnd>0.1</intervalEnd>
         </y>
         <velocity>
            <intervalStart>24.2</intervalStart>
            <intervalEnd>24.6</intervalEnd>
         </velocity>
         <orientation>
            <intervalStart>-0.02</intervalStart>
            <intervalEnd>0.02</intervalEnd>
         </orientation>
      </reachability>
      <reachability>
         <time>1</time>
         <x>
            <intervalStart>23.3629</intervalStart>
            <intervalEnd>23.3668</intervalEnd>
         </x>
         <y>
            <intervalStart>4.7312</intervalStart>
            <intervalEnd>4.7418</intervalEnd>
         </y>
         <velocity>
            <intervalStart>23.6</intervalStart>
            <intervalEnd>23.6</intervalEnd>
         </velocity>
         <orientation>
            <intervalStart>0.39978</intervalStart>
            <intervalEnd>0.40024</intervalEnd>
         </orientation>
      </reachability>
   </reachableSet>
</motionPrimitive>