<?xml version="1.0" encoding="utf-8"?>
<motionPrimitive ID="10324">
   <controller type="generator space control">controller10324.mat</controller>
   <successors>
      <id>10056</id>
      <id>10057</id>
      <id>10058</id>
      <id>10059</id>
      <id>10060</id>
      <id>10061</id>
      <id>10062</id>
      <id>10063</id>
      <id>10064</id>
      <id>10065</id>
      <id>10066</id>
      <id>10067</id>
      <id>10068</id>
      <id>10069</id>
      <id>10070</id>
      <id>10071</id>
      <id>10072</id>
      <id>10073</id>
      <id>10074</id>
      <id>10075</id>
      <id>10076</id>
      <id>10077</id>
      <id>10078</id>
      <id>10079</id>
      <id>10080</id>
      <id>10081</id>
      <id>10082</id>
      <id>10083</id>
      <id>10084</id>
      <id>10085</id>
      <id>10086</id>
      <id>10087</id>
      <id>10088</id>
      <id>10089</id>
      <id>10090</id>
      <id>10091</id>
      <id>10092</id>
      <id>10093</id>
      <id>10094</id>
      <id>10095</id>
      <id>10096</id>
      <id>10097</id>
      <id>10098</id>
      <id>10099</id>
      <id>10100</id>
      <id>10101</id>
      <id>10102</id>
      <id>10103</id>
      <id>10104</id>
      <id>10105</id>
      <id>10106</id>
      <id>10107</id>
      <id>10108</id>
      <id>10109</id>
      <id>10110</id>
      <id>10111</id>
      <id>10112</id>
      <id>10113</id>
      <id>10114</id>
      <id>10115</id>
      <id>10116</id>
      <id>10117</id>
      <id>10118</id>
      <id>10119</id>
      <id>10120</id>
      <id>10121</id>
      <id>10122</id>
      <id>10123</id>
      <id>10124</id>
      <id>10125</id>
      <id>10126</id>
      <id>10127</id>
      <id>10128</id>
      <id>10129</id>
      <id>10130</id>
      <id>10131</id>
      <id>10132</id>
      <id>10133</id>
      <id>10134</id>
      <id>10135</id>
      <id>10136</id>
      <id>10137</id>
      <id>10138</id>
      <id>10139</id>
      <id>10140</id>
      <id>10141</id>
      <id>10142</id>
      <id>10143</id>
      <id>10144</id>
      <id>10145</id>
      <id>10146</id>
      <id>10147</id>
      <id>10148</id>
      <id>10149</id>
      <id>10150</id>
      <id>10151</id>
      <id>10152</id>
      <id>10153</id>
      <id>10154</id>
      <id>10155</id>
      <id>10156</id>
      <id>10157</id>
      <id>10158</id>
      <id>10159</id>
      <id>10160</id>
      <id>10161</id>
      <id>10162</id>
      <id>10163</id>
      <id>10164</id>
      <id>10165</id>
      <id>10166</id>
      <id>10167</id>
      <id>10168</id>
      <id>10169</id>
      <id>10170</id>
      <id>10171</id>
      <id>10172</id>
      <id>10173</id>
      <id>10174</id>
      <id>10175</id>
      <id>10176</id>
      <id>10177</id>
      <id>10178</id>
      <id>10179</id>
      <id>10180</id>
      <id>10181</id>
      <id>10182</id>
      <id>10183</id>
      <id>10184</id>
      <id>10185</id>
      <id>10186</id>
      <id>10187</id>
      <id>10188</id>
      <id>10189</id>
      <id>10190</id>
      <id>10191</id>
      <id>10192</id>
      <id>10193</id>
      <id>10194</id>
      <id>10195</id>
      <id>10196</id>
      <id>10197</id>
      <id>10198</id>
      <id>10199</id>
      <id>10200</id>
      <id>10201</id>
      <id>10202</id>
      <id>10203</id>
      <id>10204</id>
      <id>10205</id>
      <id>10206</id>
      <id>10207</id>
      <id>10208</id>
      <id>10209</id>
      <id>10210</id>
      <id>10211</id>
      <id>10212</id>
      <id>10213</id>
      <id>10214</id>
      <id>10215</id>
      <id>10216</id>
      <id>10217</id>
      <id>10218</id>
      <id>10219</id>
      <id>10220</id>
      <id>10221</id>
      <id>10222</id>
      <id>10223</id>
      <id>10224</id>
      <id>10225</id>
      <id>10226</id>
      <id>10227</id>
      <id>10228</id>
      <id>10229</id>
      <id>10230</id>
      <id>10231</id>
      <id>10232</id>
      <id>10233</id>
      <id>10234</id>
      <id>10235</id>
   </successors>
   <trajectory>
      <states>
         <state>
            <time>0</time>
            <x>0</x>
            <y>0</y>
            <velocity>24.8</velocity>
            <orientation>0</orientation>
         </state>
         <state>
            <time>0.1</time>
            <x>2.4753</x>
            <y>0.099791</y>
            <velocity>24.76</velocity>
            <orientation>0.080585</orientation>
         </state>
         <state>
            <time>0.2</time>
            <x>4.9306</x>
            <y>0.39788</y>
            <velocity>24.72</velocity>
            <orientation>0.16104</orientation>
         </state>
         <state>
            <time>0.3</time>
            <x>7.3501</x>
            <y>0.89137</y>
            <velocity>24.68</velocity>
            <orientation>0.24137</orientation>
         </state>
         <state>
            <time>0.4</time>
            <x>9.7185</x>
            <y>1.5761</y>
            <velocity>24.64</velocity>
            <orientation>0.32156</orientation>
         </state>
         <state>
            <time>0.5</time>
            <x>12.0207</x>
            <y>2.4469</y>
            <velocity>24.6</velocity>
            <orientation>0.40163</orientation>
         </state>
         <state>
            <time>0.6</time>
            <x>14.2423</x>
            <y>3.4971</y>
            <velocity>24.56</velocity>
            <orientation>0.48156</orientation>
         </state>
         <state>
            <time>0.7</time>
            <x>16.3695</x>
            <y>4.7192</y>
            <velocity>24.52</velocity>
            <orientation>0.56137</orientation>
         </state>
         <state>
            <time>0.8</time>
            <x>18.3894</x>
            <y>6.1047</y>
            <velocity>24.48</velocity>
            <orientation>0.64104</orientation>
         </state>
         <state>
            <time>0.9</time>
            <x>20.2896</x>
            <y>7.6438</y>
            <velocity>24.44</velocity>
            <orientation>0.72059</orientation>
         </state>
         <state>
            <time>1</time>
            <x>22.0587</x>
            <y>9.3263</y>
            <velocity>24.4</velocity>
            <orientation>0.8</orientation>
         </state>
      </states>
      <inputs>
         <input>
            <acceleration>-0.4</acceleration>
            <steer>0.074658</steer>
         </input>
         <input>
            <acceleration>-0.4</acceleration>
            <steer>0.074658</steer>
         </input>
         <input>
            <acceleration>-0.4</acceleration>
            <steer>0.074658</steer>
         </input>
         <input>
            <acceleration>-0.4</acceleration>
            <steer>0.074658</steer>
         </input>
         <input>
            <acceleration>-0.4</acceleration>
            <steer>0.074658</steer>
         </input>
         <input>
            <acceleration>-0.4</acceleration>
            <steer>0.074658</steer>
         </input>
         <input>
            <acceleration>-0.4</acceleration>
            <steer>0.074658</steer>
         </input>
         <input>
            <acceleration>-0.4</acceleration>
            <steer>0.074658</steer>
         </input>
         <input>
            <acceleration>-0.4</acceleration>
            <steer>0.074658</steer>
         </input>
         <input>
            <acceleration>-0.4</acceleration>
            <steer>0.074658</steer>
         </input>
      </inputs>
   </trajectory>
   <occupancySet>
      <occupancy>
         <time>
            <intervalStart>0</intervalStart>
            <intervalEnd>0.1</intervalEnd>
         </time>
         <set>
            <point>
               <element dimension="1">-1.128</element>
               <element dimension="2">1.0187</element>
            </point>
            <point>
               <element dimension="1">0.34796</element>
               <element dimension="2">1.1319</element>
            </point>
            <point>
               <element dimension="1">5.615</element>
               <element dimension="2">1.3443</element>
            </point>
            <point>
               <element dimension="1">5.8067</element>
               <element dimension="2">1.3451</element>
            </point>
            <point>
               <element dimension="1">5.9396</element>
               <element dimension="2">-0.38701</element>
            </point>
            <point>
               <element dimension="1">5.9453</element>
               <element dimension="2">-0.529</element>
            </point>
            <point>
               <element dimension="1">5.9465</element>
               <element dimension="2">-0.8344</element>
            </point>
            <point>
               <element dimension="1">3.6668</element>
               <element dimension="2">-1.0093</element>
            </point>
            <point>
               <element dimension="1">3.0952</element>
               <element dimension="2">-1.0324</element>
            </point>
            <point>
               <element dimension="1">-1.1187</element>
               <element dimension="2">-1.0494</element>
            </point>
            <point>
               <element dimension="1">-1.1197</element>
               <element dimension="2">-1.0366</element>
            </point>
            <point>
               <element dimension="1">-1.1197</element>
               <element dimension="2">-1.0364</element>
            </point>
         </set>
      </occupancy>
      <occupancy>
         <time>
            <intervalStart>0.1</intervalStart>
            <intervalEnd>0.2</intervalEnd>
         </time>
         <set>
            <point>
               <element dimension="1">1.039</element>
               <element dimension="2">0.98212</element>
            </point>
            <point>
               <element dimension="1">3.5134</element>
               <element dimension="2">1.3739</element>
            </point>
            <point>
               <element dimension="1">7.9762</element>
               <element dimension="2">1.8976</element>
            </point>
            <point>
               <element dimension="1">8.1462</element>
               <element dimension="2">1.9107</element>
            </point>
            <point>
               <element dimension="1">8.422</element>
               <element dimension="2">0.16945</element>
            </point>
            <point>
               <element dimension="1">8.4226</element>
               <element dimension="2">0.16373</element>
            </point>
            <point>
               <element dimension="1">8.4529</element>
               <element dimension="2">-0.23066</element>
            </point>
            <point>
               <element dimension="1">5.9445</element>
               <element dimension="2">-0.62786</element>
            </point>
            <point>
               <element dimension="1">5.2267</element>
               <element dimension="2">-0.71209</element>
            </point>
            <point>
               <element dimension="1">1.1955</element>
               <element dimension="2">-1.0214</element>
            </point>
            <point>
               <element dimension="1">1.19</element>
               <element dimension="2">-0.98682</element>
            </point>
         </set>
      </occupancy>
      <occupancy>
         <time>
            <intervalStart>0.2</intervalStart>
            <intervalEnd>0.3</intervalEnd>
         </time>
         <set>
            <point>
               <element dimension="1">3.4319</element>
               <element dimension="2">1.1664</element>
            </point>
            <point>
               <element dimension="1">5.6843</element>
               <element dimension="2">1.7113</element>
            </point>
            <point>
               <element dimension="1">10.2797</element>
               <element dimension="2">2.6295</element>
            </point>
            <point>
               <element dimension="1">10.4258</element>
               <element dimension="2">2.6526</element>
            </point>
            <point>
               <element dimension="1">10.8452</element>
               <element dimension="2">0.91915</element>
            </point>
            <point>
               <element dimension="1">10.9048</element>
               <element dimension="2">0.54264</element>
            </point>
            <point>
               <element dimension="1">8.4358</element>
               <element dimension="2">-0.054717</element>
            </point>
            <point>
               <element dimension="1">7.8035</element>
               <element dimension="2">-0.18105</element>
            </point>
            <point>
               <element dimension="1">3.7509</element>
               <element dimension="2">-0.82277</element>
            </point>
            <point>
               <element dimension="1">3.7394</element>
               <element dimension="2">-0.77537</element>
            </point>
         </set>
      </occupancy>
      <occupancy>
         <time>
            <intervalStart>0.3</intervalStart>
            <intervalEnd>0.4</intervalEnd>
         </time>
         <set>
            <point>
               <element dimension="1">5.8049</element>
               <element dimension="2">1.5346</element>
            </point>
            <point>
               <element dimension="1">7.9234</element>
               <element dimension="2">2.231</element>
            </point>
            <point>
               <element dimension="1">12.5157</element>
               <element dimension="2">3.539</element>
            </point>
            <point>
               <element dimension="1">12.6377</element>
               <element dimension="2">3.5685</element>
            </point>
            <point>
               <element dimension="1">13.1983</element>
               <element dimension="2">1.8631</element>
            </point>
            <point>
               <element dimension="1">13.282</element>
               <element dimension="2">1.5169</element>
            </point>
            <point>
               <element dimension="1">10.8647</element>
               <element dimension="2">0.72237</element>
            </point>
            <point>
               <element dimension="1">10.2893</element>
               <element dimension="2">0.55848</element>
            </point>
            <point>
               <element dimension="1">6.281</element>
               <element dimension="2">-0.41128</element>
            </point>
            <point>
               <element dimension="1">6.2611</element>
               <element dimension="2">-0.35073</element>
            </point>
         </set>
      </occupancy>
      <occupancy>
         <time>
            <intervalStart>0.4</intervalStart>
            <intervalEnd>0.5</intervalEnd>
         </time>
         <set>
            <point>
               <element dimension="1">8.1378</element>
               <element dimension="2">2.0873</element>
            </point>
            <point>
               <element dimension="1">9.9808</element>
               <element dimension="2">2.8614</element>
            </point>
            <point>
               <element dimension="1">14.6697</element>
               <element dimension="2">4.6135</element>
            </point>
            <point>
               <element dimension="1">14.7669</element>
               <element dimension="2">4.6455</element>
            </point>
            <point>
               <element dimension="1">15.4592</element>
               <element dimension="2">2.9973</element>
            </point>
            <point>
               <element dimension="1">15.564</element>
               <element dimension="2">2.6783</element>
            </point>
            <point>
               <element dimension="1">13.2219</element>
               <element dimension="2">1.6946</element>
            </point>
            <point>
               <element dimension="1">12.7376</element>
               <element dimension="2">1.5136</element>
            </point>
            <point>
               <element dimension="1">8.7608</element>
               <element dimension="2">0.20649</element>
            </point>
            <point>
               <element dimension="1">8.7387</element>
               <element dimension="2">0.25901</element>
            </point>
         </set>
      </occupancy>
      <occupancy>
         <time>
            <intervalStart>0.5</intervalStart>
            <intervalEnd>0.6</intervalEnd>
         </time>
         <set>
            <point>
               <element dimension="1">10.4231</element>
               <element dimension="2">2.8169</element>
            </point>
            <point>
               <element dimension="1">12.2152</element>
               <element dimension="2">3.7444</element>
            </point>
            <point>
               <element dimension="1">16.7273</element>
               <element dimension="2">5.8554</element>
            </point>
            <point>
               <element dimension="1">16.801</element>
               <element dimension="2">5.8863</element>
            </point>
            <point>
               <element dimension="1">17.6195</element>
               <element dimension="2">4.3048</element>
            </point>
            <point>
               <element dimension="1">17.7373</element>
               <element dimension="2">4.0243</element>
            </point>
            <point>
               <element dimension="1">15.4834</element>
               <element dimension="2">2.8578</element>
            </point>
            <point>
               <element dimension="1">15.0055</element>
               <element dimension="2">2.6342</element>
            </point>
            <point>
               <element dimension="1">11.179</element>
               <element dimension="2">1.0271</element>
            </point>
            <point>
               <element dimension="1">11.1567</element>
               <element dimension="2">1.0703</element>
            </point>
         </set>
      </occupancy>
      <occupancy>
         <time>
            <intervalStart>0.6</intervalStart>
            <intervalEnd>0.7</intervalEnd>
         </time>
         <set>
            <point>
               <element dimension="1">12.6409</element>
               <element dimension="2">3.7272</element>
            </point>
            <point>
               <element dimension="1">14.3582</element>
               <element dimension="2">4.7976</element>
            </point>
            <point>
               <element dimension="1">18.676</element>
               <element dimension="2">7.2554</element>
            </point>
            <point>
               <element dimension="1">18.7278</element>
               <element dimension="2">7.2822</element>
            </point>
            <point>
               <element dimension="1">19.6661</element>
               <element dimension="2">5.7768</element>
            </point>
            <point>
               <element dimension="1">19.7913</element>
               <element dimension="2">5.535</element>
            </point>
            <point>
               <element dimension="1">17.6415</element>
               <element dimension="2">4.195</element>
            </point>
            <point>
               <element dimension="1">17.1834</element>
               <element dimension="2">3.9343</element>
            </point>
            <point>
               <element dimension="1">13.5189</element>
               <element dimension="2">2.0378</element>
            </point>
            <point>
               <element dimension="1">13.4973</element>
               <element dimension="2">2.0724</element>
            </point>
         </set>
      </occupancy>
      <occupancy>
         <time>
            <intervalStart>0.7</intervalStart>
            <intervalEnd>0.8</intervalEnd>
         </time>
         <set>
            <point>
               <element dimension="1">14.7771</element>
               <element dimension="2">4.8117</element>
            </point>
            <point>
               <element dimension="1">16.4064</element>
               <element dimension="2">6.0173</element>
            </point>
            <point>
               <element dimension="1">20.5039</element>
               <element dimension="2">8.804</element>
            </point>
            <point>
               <element dimension="1">20.5355</element>
               <element dimension="2">8.8237</element>
            </point>
            <point>
               <element dimension="1">21.5867</element>
               <element dimension="2">7.4033</element>
            </point>
            <point>
               <element dimension="1">21.7134</element>
               <element dimension="2">7.1999</element>
            </point>
            <point>
               <element dimension="1">19.6828</element>
               <element dimension="2">5.6973</element>
            </point>
            <point>
               <element dimension="1">19.2477</element>
               <element dimension="2">5.4014</element>
            </point>
            <point>
               <element dimension="1">15.7656</element>
               <element dimension="2">3.2309</element>
            </point>
            <point>
               <element dimension="1">15.746</element>
               <element dimension="2">3.2573</element>
            </point>
         </set>
      </occupancy>
      <occupancy>
         <time>
            <intervalStart>0.8</intervalStart>
            <intervalEnd>0.9</intervalEnd>
         </time>
         <set>
            <point>
               <element dimension="1">16.8184</element>
               <element dimension="2">6.0631</element>
            </point>
            <point>
               <element dimension="1">18.3514</element>
               <element dimension="2">7.3986</element>
            </point>
            <point>
               <element dimension="1">22.2076</element>
               <element dimension="2">10.4969</element>
            </point>
            <point>
               <element dimension="1">22.2132</element>
               <element dimension="2">10.5011</element>
            </point>
            <point>
               <element dimension="1">23.3698</element>
               <element dimension="2">9.1734</element>
            </point>
            <point>
               <element dimension="1">23.4927</element>
               <element dimension="2">9.0073</element>
            </point>
            <point>
               <element dimension="1">21.5951</element>
               <element dimension="2">7.3542</element>
            </point>
            <point>
               <element dimension="1">21.1844</element>
               <element dimension="2">7.0242</element>
            </point>
            <point>
               <element dimension="1">17.9053</element>
               <element dimension="2">4.5977</element>
            </point>
            <point>
               <element dimension="1">17.8888</element>
               <element dimension="2">4.6166</element>
            </point>
         </set>
      </occupancy>
      <occupancy>
         <time>
            <intervalStart>0.9</intervalStart>
            <intervalEnd>1</intervalEnd>
         </time>
         <set>
            <point>
               <element dimension="1">18.7516</element>
               <element dimension="2">7.4731</element>
            </point>
            <point>
               <element dimension="1">20.2111</element>
               <element dimension="2">8.9641</element>
            </point>
            <point>
               <element dimension="1">23.7467</element>
               <element dimension="2">12.2999</element>
            </point>
            <point>
               <element dimension="1">23.7508</element>
               <element dimension="2">12.3035</element>
            </point>
            <point>
               <element dimension="1">24.9863</element>
               <element dimension="2">11.0941</element>
            </point>
            <point>
               <element dimension="1">24.9865</element>
               <element dimension="2">11.0938</element>
            </point>
            <point>
               <element dimension="1">25.1178</element>
               <element dimension="2">10.9432</element>
            </point>
            <point>
               <element dimension="1">23.3676</element>
               <element dimension="2">9.1554</element>
            </point>
            <point>
               <element dimension="1">22.9333</element>
               <element dimension="2">8.7456</element>
            </point>
            <point>
               <element dimension="1">19.9267</element>
               <element dimension="2">6.1266</element>
            </point>
            <point>
               <element dimension="1">19.9123</element>
               <element dimension="2">6.1407</element>
            </point>
         </set>
      </occupancy>
   </occupancySet>
   <reachableSet>
      <reachability>
         <time>0</time>
         <x>
            <intervalStart>-0.1</intervalStart>
            <intervalEnd>0.1</intervalEnd>
         </x>
         <y>
            <intervalStart>-0.1</intervalStart>
            <intervalEnd>0.1</intervalEnd>
         </y>
         <velocity>
            <intervalStart>24.6</intervalStart>
            <intervalEnd>25</intervalEnd>
         </velocity>
         <orientation>
            <intervalStart>-0.02</intervalStart>
            <intervalEnd>0.02</intervalEnd>
         </orientation>
      </reachability>
      <reachability>
         <time>1</time>
         <x>
            <intervalStart>22.0545</intervalStart>
            <intervalEnd>22.0621</intervalEnd>
         </x>
         <y>
            <intervalStart>9.3208</intervalStart>
            <intervalEnd>9.3323</intervalEnd>
         </y>
         <velocity>
            <intervalStart>24.4</intervalStart>
            <intervalEnd>24.4</intervalEnd>
         </velocity>
         <orientation>
            <intervalStart>0.79976</intervalStart>
            <intervalEnd>0.80026</intervalEnd>
         </orientation>
      </reachability>
   </reachableSet>
</motionPrimitive>