<?xml version="1.0" encoding="utf-8"?>
<motionPrimitive ID="10314">
   <controller type="generator space control">controller10314.mat</controller>
   <successors>
      <id>10056</id>
      <id>10057</id>
      <id>10058</id>
      <id>10059</id>
      <id>10060</id>
      <id>10061</id>
      <id>10062</id>
      <id>10063</id>
      <id>10064</id>
      <id>10065</id>
      <id>10066</id>
      <id>10067</id>
      <id>10068</id>
      <id>10069</id>
      <id>10070</id>
      <id>10071</id>
      <id>10072</id>
      <id>10073</id>
      <id>10074</id>
      <id>10075</id>
      <id>10076</id>
      <id>10077</id>
      <id>10078</id>
      <id>10079</id>
      <id>10080</id>
      <id>10081</id>
      <id>10082</id>
      <id>10083</id>
      <id>10084</id>
      <id>10085</id>
      <id>10086</id>
      <id>10087</id>
      <id>10088</id>
      <id>10089</id>
      <id>10090</id>
      <id>10091</id>
      <id>10092</id>
      <id>10093</id>
      <id>10094</id>
      <id>10095</id>
      <id>10096</id>
      <id>10097</id>
      <id>10098</id>
      <id>10099</id>
      <id>10100</id>
      <id>10101</id>
      <id>10102</id>
      <id>10103</id>
      <id>10104</id>
      <id>10105</id>
      <id>10106</id>
      <id>10107</id>
      <id>10108</id>
      <id>10109</id>
      <id>10110</id>
      <id>10111</id>
      <id>10112</id>
      <id>10113</id>
      <id>10114</id>
      <id>10115</id>
      <id>10116</id>
      <id>10117</id>
      <id>10118</id>
      <id>10119</id>
      <id>10120</id>
      <id>10121</id>
      <id>10122</id>
      <id>10123</id>
      <id>10124</id>
      <id>10125</id>
      <id>10126</id>
      <id>10127</id>
      <id>10128</id>
      <id>10129</id>
      <id>10130</id>
      <id>10131</id>
      <id>10132</id>
      <id>10133</id>
      <id>10134</id>
      <id>10135</id>
      <id>10136</id>
      <id>10137</id>
      <id>10138</id>
      <id>10139</id>
      <id>10140</id>
      <id>10141</id>
      <id>10142</id>
      <id>10143</id>
      <id>10144</id>
      <id>10145</id>
      <id>10146</id>
      <id>10147</id>
      <id>10148</id>
      <id>10149</id>
      <id>10150</id>
      <id>10151</id>
      <id>10152</id>
      <id>10153</id>
      <id>10154</id>
      <id>10155</id>
      <id>10156</id>
      <id>10157</id>
      <id>10158</id>
      <id>10159</id>
      <id>10160</id>
      <id>10161</id>
      <id>10162</id>
      <id>10163</id>
      <id>10164</id>
      <id>10165</id>
      <id>10166</id>
      <id>10167</id>
      <id>10168</id>
      <id>10169</id>
      <id>10170</id>
      <id>10171</id>
      <id>10172</id>
      <id>10173</id>
      <id>10174</id>
      <id>10175</id>
      <id>10176</id>
      <id>10177</id>
      <id>10178</id>
      <id>10179</id>
      <id>10180</id>
      <id>10181</id>
      <id>10182</id>
      <id>10183</id>
      <id>10184</id>
      <id>10185</id>
      <id>10186</id>
      <id>10187</id>
      <id>10188</id>
      <id>10189</id>
      <id>10190</id>
      <id>10191</id>
      <id>10192</id>
      <id>10193</id>
      <id>10194</id>
      <id>10195</id>
      <id>10196</id>
      <id>10197</id>
      <id>10198</id>
      <id>10199</id>
      <id>10200</id>
      <id>10201</id>
      <id>10202</id>
      <id>10203</id>
      <id>10204</id>
      <id>10205</id>
      <id>10206</id>
      <id>10207</id>
      <id>10208</id>
      <id>10209</id>
      <id>10210</id>
      <id>10211</id>
      <id>10212</id>
      <id>10213</id>
      <id>10214</id>
      <id>10215</id>
      <id>10216</id>
      <id>10217</id>
      <id>10218</id>
      <id>10219</id>
      <id>10220</id>
      <id>10221</id>
      <id>10222</id>
      <id>10223</id>
      <id>10224</id>
      <id>10225</id>
      <id>10226</id>
      <id>10227</id>
      <id>10228</id>
      <id>10229</id>
      <id>10230</id>
      <id>10231</id>
      <id>10232</id>
      <id>10233</id>
      <id>10234</id>
      <id>10235</id>
   </successors>
   <trajectory>
      <states>
         <state>
            <time>0</time>
            <x>0</x>
            <y>0</y>
            <velocity>24.8</velocity>
            <orientation>0</orientation>
         </state>
         <state>
            <time>0.1</time>
            <x>2.4776</x>
            <y>-0.037439</y>
            <velocity>24.76</velocity>
            <orientation>-0.03022</orientation>
         </state>
         <state>
            <time>0.2</time>
            <x>4.949</x>
            <y>-0.14948</y>
            <velocity>24.72</velocity>
            <orientation>-0.06039</orientation>
         </state>
         <state>
            <time>0.3</time>
            <x>7.4119</x>
            <y>-0.33566</y>
            <velocity>24.68</velocity>
            <orientation>-0.090512</orientation>
         </state>
         <state>
            <time>0.4</time>
            <x>9.8641</x>
            <y>-0.59545</y>
            <velocity>24.64</velocity>
            <orientation>-0.12059</orientation>
         </state>
         <state>
            <time>0.5</time>
            <x>12.3034</x>
            <y>-0.92826</y>
            <velocity>24.6</velocity>
            <orientation>-0.15061</orientation>
         </state>
         <state>
            <time>0.6</time>
            <x>14.7276</x>
            <y>-1.3334</y>
            <velocity>24.56</velocity>
            <orientation>-0.18059</orientation>
         </state>
         <state>
            <time>0.7</time>
            <x>17.1348</x>
            <y>-1.8102</y>
            <velocity>24.52</velocity>
            <orientation>-0.21051</orientation>
         </state>
         <state>
            <time>0.8</time>
            <x>19.5227</x>
            <y>-2.3579</y>
            <velocity>24.48</velocity>
            <orientation>-0.24039</orientation>
         </state>
         <state>
            <time>0.9</time>
            <x>21.8893</x>
            <y>-2.9756</y>
            <velocity>24.44</velocity>
            <orientation>-0.27022</orientation>
         </state>
         <state>
            <time>1</time>
            <x>24.2327</x>
            <y>-3.6624</y>
            <velocity>24.4</velocity>
            <orientation>-0.3</orientation>
         </state>
      </states>
      <inputs>
         <input>
            <acceleration>-0.4</acceleration>
            <steer>-0.028041</steer>
         </input>
         <input>
            <acceleration>-0.4</acceleration>
            <steer>-0.028041</steer>
         </input>
         <input>
            <acceleration>-0.4</acceleration>
            <steer>-0.028041</steer>
         </input>
         <input>
            <acceleration>-0.4</acceleration>
            <steer>-0.028041</steer>
         </input>
         <input>
            <acceleration>-0.4</acceleration>
            <steer>-0.028041</steer>
         </input>
         <input>
            <acceleration>-0.4</acceleration>
            <steer>-0.028041</steer>
         </input>
         <input>
            <acceleration>-0.4</acceleration>
            <steer>-0.028041</steer>
         </input>
         <input>
            <acceleration>-0.4</acceleration>
            <steer>-0.028041</steer>
         </input>
         <input>
            <acceleration>-0.4</acceleration>
            <steer>-0.028041</steer>
         </input>
         <input>
            <acceleration>-0.4</acceleration>
            <steer>-0.028041</steer>
         </input>
      </inputs>
   </trajectory>
   <occupancySet>
      <occupancy>
         <time>
            <intervalStart>0</intervalStart>
            <intervalEnd>0.1</intervalEnd>
         </time>
         <set>
            <point>
               <element dimension="1">-1.1228</element>
               <element dimension="2">-1.0186</element>
            </point>
            <point>
               <element dimension="1">-1.1197</element>
               <element dimension="2">1.0251</element>
            </point>
            <point>
               <element dimension="1">-1.1197</element>
               <element dimension="2">1.0254</element>
            </point>
            <point>
               <element dimension="1">-1.1197</element>
               <element dimension="2">1.0261</element>
            </point>
            <point>
               <element dimension="1">3.3867</element>
               <element dimension="2">1.0193</element>
            </point>
            <point>
               <element dimension="1">3.662</element>
               <element dimension="2">1.0151</element>
            </point>
            <point>
               <element dimension="1">5.91</element>
               <element dimension="2">0.95056</element>
            </point>
            <point>
               <element dimension="1">5.9096</element>
               <element dimension="2">0.74636</element>
            </point>
            <point>
               <element dimension="1">5.9075</element>
               <element dimension="2">0.60286</element>
            </point>
            <point>
               <element dimension="1">5.8581</element>
               <element dimension="2">-1.1159</element>
            </point>
            <point>
               <element dimension="1">5.2402</element>
               <element dimension="2">-1.1149</element>
            </point>
            <point>
               <element dimension="1">-1.1143</element>
               <element dimension="2">-1.0189</element>
            </point>
         </set>
      </occupancy>
      <occupancy>
         <time>
            <intervalStart>0.1</intervalStart>
            <intervalEnd>0.2</intervalEnd>
         </time>
         <set>
            <point>
               <element dimension="1">1.0922</element>
               <element dimension="2">-0.98026</element>
            </point>
            <point>
               <element dimension="1">1.1485</element>
               <element dimension="2">0.9814</element>
            </point>
            <point>
               <element dimension="1">1.1493</element>
               <element dimension="2">0.99416</element>
            </point>
            <point>
               <element dimension="1">5.2088</element>
               <element dimension="2">0.87755</element>
            </point>
            <point>
               <element dimension="1">5.9089</element>
               <element dimension="2">0.84686</element>
            </point>
            <point>
               <element dimension="1">8.4002</element>
               <element dimension="2">0.69998</element>
            </point>
            <point>
               <element dimension="1">8.3919</element>
               <element dimension="2">0.41239</element>
            </point>
            <point>
               <element dimension="1">8.3918</element>
               <element dimension="2">0.41051</element>
            </point>
            <point>
               <element dimension="1">8.2893</element>
               <element dimension="2">-1.3287</element>
            </point>
            <point>
               <element dimension="1">8.1207</element>
               <element dimension="2">-1.3238</element>
            </point>
            <point>
               <element dimension="1">3.4394</element>
               <element dimension="2">-1.1187</element>
            </point>
         </set>
      </occupancy>
      <occupancy>
         <time>
            <intervalStart>0.2</intervalStart>
            <intervalEnd>0.3</intervalEnd>
         </time>
         <set>
            <point>
               <element dimension="1">3.5422</element>
               <element dimension="2">-1.0499</element>
            </point>
            <point>
               <element dimension="1">3.6573</element>
               <element dimension="2">0.90179</element>
            </point>
            <point>
               <element dimension="1">3.6586</element>
               <element dimension="2">0.91636</element>
            </point>
            <point>
               <element dimension="1">7.9957</element>
               <element dimension="2">0.66064</element>
            </point>
            <point>
               <element dimension="1">8.3959</element>
               <element dimension="2">0.63099</element>
            </point>
            <point>
               <element dimension="1">10.8766</element>
               <element dimension="2">0.40958</element>
            </point>
            <point>
               <element dimension="1">10.8607</element>
               <element dimension="2">0.13987</element>
            </point>
            <point>
               <element dimension="1">10.7052</element>
               <element dimension="2">-1.6031</element>
            </point>
            <point>
               <element dimension="1">10.5589</element>
               <element dimension="2">-1.5945</element>
            </point>
            <point>
               <element dimension="1">5.1668</element>
               <element dimension="2">-1.1949</element>
            </point>
         </set>
      </occupancy>
      <occupancy>
         <time>
            <intervalStart>0.3</intervalStart>
            <intervalEnd>0.4</intervalEnd>
         </time>
         <set>
            <point>
               <element dimension="1">5.991</element>
               <element dimension="2">-1.1828</element>
            </point>
            <point>
               <element dimension="1">6.1621</element>
               <element dimension="2">0.73507</element>
            </point>
            <point>
               <element dimension="1">6.1646</element>
               <element dimension="2">0.75549</element>
            </point>
            <point>
               <element dimension="1">10.4978</element>
               <element dimension="2">0.36874</element>
            </point>
            <point>
               <element dimension="1">10.8666</element>
               <element dimension="2">0.33022</element>
            </point>
            <point>
               <element dimension="1">13.3386</element>
               <element dimension="2">0.034443</element>
            </point>
            <point>
               <element dimension="1">13.3171</element>
               <element dimension="2">-0.20633</element>
            </point>
            <point>
               <element dimension="1">13.1087</element>
               <element dimension="2">-1.9477</element>
            </point>
            <point>
               <element dimension="1">12.9838</element>
               <element dimension="2">-1.9366</element>
            </point>
            <point>
               <element dimension="1">7.5385</element>
               <element dimension="2">-1.3679</element>
            </point>
         </set>
      </occupancy>
      <occupancy>
         <time>
            <intervalStart>0.4</intervalStart>
            <intervalEnd>0.5</intervalEnd>
         </time>
         <set>
            <point>
               <element dimension="1">8.4307</element>
               <element dimension="2">-1.3878</element>
            </point>
            <point>
               <element dimension="1">8.6566</element>
               <element dimension="2">0.49966</element>
            </point>
            <point>
               <element dimension="1">8.6593</element>
               <element dimension="2">0.518</element>
            </point>
            <point>
               <element dimension="1">12.9878</element>
               <element dimension="2">8.3421e-05</element>
            </point>
            <point>
               <element dimension="1">13.325</element>
               <element dimension="2">-0.045403</element>
            </point>
            <point>
               <element dimension="1">15.7821</element>
               <element dimension="2">-0.41454</element>
            </point>
            <point>
               <element dimension="1">15.7565</element>
               <element dimension="2">-0.6286</element>
            </point>
            <point>
               <element dimension="1">15.4965</element>
               <element dimension="2">-2.3597</element>
            </point>
            <point>
               <element dimension="1">15.3939</element>
               <element dimension="2">-2.3474</element>
            </point>
            <point>
               <element dimension="1">9.7463</element>
               <element dimension="2">-1.5855</element>
            </point>
         </set>
      </occupancy>
      <occupancy>
         <time>
            <intervalStart>0.5</intervalStart>
            <intervalEnd>0.6</intervalEnd>
         </time>
         <set>
            <point>
               <element dimension="1">10.8617</element>
               <element dimension="2">-1.6626</element>
            </point>
            <point>
               <element dimension="1">11.1396</element>
               <element dimension="2">0.18769</element>
            </point>
            <point>
               <element dimension="1">11.1423</element>
               <element dimension="2">0.20266</element>
            </point>
            <point>
               <element dimension="1">15.4169</element>
               <element dimension="2">-0.4395</element>
            </point>
            <point>
               <element dimension="1">15.7643</element>
               <element dimension="2">-0.49703</element>
            </point>
            <point>
               <element dimension="1">18.2059</element>
               <element dimension="2">-0.93903</element>
            </point>
            <point>
               <element dimension="1">18.1783</element>
               <element dimension="2">-1.1225</element>
            </point>
            <point>
               <element dimension="1">17.867</element>
               <element dimension="2">-2.842</element>
            </point>
            <point>
               <element dimension="1">17.7867</element>
               <element dimension="2">-2.8299</element>
            </point>
            <point>
               <element dimension="1">12.1973</element>
               <element dimension="2">-1.9044</element>
            </point>
         </set>
      </occupancy>
      <occupancy>
         <time>
            <intervalStart>0.6</intervalStart>
            <intervalEnd>0.7</intervalEnd>
         </time>
         <set>
            <point>
               <element dimension="1">13.2801</element>
               <element dimension="2">-2.0102</element>
            </point>
            <point>
               <element dimension="1">13.6081</element>
               <element dimension="2">-0.19866</element>
            </point>
            <point>
               <element dimension="1">13.6106</element>
               <element dimension="2">-0.1868</element>
            </point>
            <point>
               <element dimension="1">17.8393</element>
               <element dimension="2">-0.95233</element>
            </point>
            <point>
               <element dimension="1">18.1852</element>
               <element dimension="2">-1.0203</element>
            </point>
            <point>
               <element dimension="1">20.6081</element>
               <element dimension="2">-1.5343</element>
            </point>
            <point>
               <element dimension="1">20.5804</element>
               <element dimension="2">-1.6873</element>
            </point>
            <point>
               <element dimension="1">20.2184</element>
               <element dimension="2">-3.3938</element>
            </point>
            <point>
               <element dimension="1">20.16</element>
               <element dimension="2">-3.3832</element>
            </point>
            <point>
               <element dimension="1">14.6218</element>
               <element dimension="2">-2.2948</element>
            </point>
         </set>
      </occupancy>
      <occupancy>
         <time>
            <intervalStart>0.7</intervalStart>
            <intervalEnd>0.8</intervalEnd>
         </time>
         <set>
            <point>
               <element dimension="1">15.684</element>
               <element dimension="2">-2.4299</element>
            </point>
            <point>
               <element dimension="1">16.0598</element>
               <element dimension="2">-0.65845</element>
            </point>
            <point>
               <element dimension="1">16.0619</element>
               <element dimension="2">-0.64966</element>
            </point>
            <point>
               <element dimension="1">20.2414</element>
               <element dimension="2">-1.5362</element>
            </point>
            <point>
               <element dimension="1">20.5854</element>
               <element dimension="2">-1.6146</element>
            </point>
            <point>
               <element dimension="1">22.9868</element>
               <element dimension="2">-2.1994</element>
            </point>
            <point>
               <element dimension="1">22.9607</element>
               <element dimension="2">-2.3222</element>
            </point>
            <point>
               <element dimension="1">22.5486</element>
               <element dimension="2">-4.0142</element>
            </point>
            <point>
               <element dimension="1">22.5119</element>
               <element dimension="2">-4.0064</element>
            </point>
            <point>
               <element dimension="1">17.0296</element>
               <element dimension="2">-2.7577</element>
            </point>
         </set>
      </occupancy>
      <occupancy>
         <time>
            <intervalStart>0.8</intervalStart>
            <intervalEnd>0.9</intervalEnd>
         </time>
         <set>
            <point>
               <element dimension="1">18.0711</element>
               <element dimension="2">-2.9211</element>
            </point>
            <point>
               <element dimension="1">18.4925</element>
               <element dimension="2">-1.1909</element>
            </point>
            <point>
               <element dimension="1">18.4941</element>
               <element dimension="2">-1.1851</element>
            </point>
            <point>
               <element dimension="1">22.6194</element>
               <element dimension="2">-2.1898</element>
            </point>
            <point>
               <element dimension="1">22.9629</element>
               <element dimension="2">-2.2789</element>
            </point>
            <point>
               <element dimension="1">25.3399</element>
               <element dimension="2">-2.9336</element>
            </point>
            <point>
               <element dimension="1">25.3173</element>
               <element dimension="2">-3.0262</element>
            </point>
            <point>
               <element dimension="1">24.8556</element>
               <element dimension="2">-4.7027</element>
            </point>
            <point>
               <element dimension="1">24.8508</element>
               <element dimension="2">-4.7015</element>
            </point>
            <point>
               <element dimension="1">19.4268</element>
               <element dimension="2">-3.2945</element>
            </point>
         </set>
      </occupancy>
      <occupancy>
         <time>
            <intervalStart>0.9</intervalStart>
            <intervalEnd>1</intervalEnd>
         </time>
         <set>
            <point>
               <element dimension="1">20.4394</element>
               <element dimension="2">-3.483</element>
            </point>
            <point>
               <element dimension="1">20.9042</element>
               <element dimension="2">-1.7952</element>
            </point>
            <point>
               <element dimension="1">20.9055</element>
               <element dimension="2">-1.7908</element>
            </point>
            <point>
               <element dimension="1">24.8715</element>
               <element dimension="2">-2.883</element>
            </point>
            <point>
               <element dimension="1">25.3157</element>
               <element dimension="2">-3.0125</element>
            </point>
            <point>
               <element dimension="1">27.6652</element>
               <element dimension="2">-3.7355</element>
            </point>
            <point>
               <element dimension="1">27.6413</element>
               <element dimension="2">-3.8223</element>
            </point>
            <point>
               <element dimension="1">27.1375</element>
               <element dimension="2">-5.4595</element>
            </point>
            <point>
               <element dimension="1">27.1346</element>
               <element dimension="2">-5.4587</element>
            </point>
            <point>
               <element dimension="1">21.9227</element>
               <element dimension="2">-3.9395</element>
            </point>
         </set>
      </occupancy>
   </occupancySet>
   <reachableSet>
      <reachability>
         <time>0</time>
         <x>
            <intervalStart>-0.1</intervalStart>
            <intervalEnd>0.1</intervalEnd>
         </x>
         <y>
            <intervalStart>-0.1</intervalStart>
            <intervalEnd>0.1</intervalEnd>
         </y>
         <velocity>
            <intervalStart>24.6</intervalStart>
            <intervalEnd>25</intervalEnd>
         </velocity>
         <orientation>
            <intervalStart>-0.02</intervalStart>
            <intervalEnd>0.02</intervalEnd>
         </orientation>
      </reachability>
      <reachability>
         <time>1</time>
         <x>
            <intervalStart>24.2309</intervalStart>
            <intervalEnd>24.2339</intervalEnd>
         </x>
         <y>
            <intervalStart>-3.6676</intervalStart>
            <intervalEnd>-3.6575</intervalEnd>
         </y>
         <velocity>
            <intervalStart>24.4</intervalStart>
            <intervalEnd>24.4</intervalEnd>
         </velocity>
         <orientation>
            <intervalStart>-0.30022</intervalStart>
            <intervalEnd>-0.29979</intervalEnd>
         </orientation>
      </reachability>
   </reachableSet>
</motionPrimitive>