<?xml version="1.0" encoding="utf-8"?>
<motionPrimitive ID="10348">
   <controller type="generator space control">controller10348.mat</controller>
   <successors>
      <id>9876</id>
      <id>9877</id>
      <id>9878</id>
      <id>9879</id>
      <id>9880</id>
      <id>9881</id>
      <id>9882</id>
      <id>9883</id>
      <id>9884</id>
      <id>9885</id>
      <id>9886</id>
      <id>9887</id>
      <id>9888</id>
      <id>9889</id>
      <id>9890</id>
      <id>9891</id>
      <id>9892</id>
      <id>9893</id>
      <id>9894</id>
      <id>9895</id>
      <id>9896</id>
      <id>9897</id>
      <id>9898</id>
      <id>9899</id>
      <id>9900</id>
      <id>9901</id>
      <id>9902</id>
      <id>9903</id>
      <id>9904</id>
      <id>9905</id>
      <id>9906</id>
      <id>9907</id>
      <id>9908</id>
      <id>9909</id>
      <id>9910</id>
      <id>9911</id>
      <id>9912</id>
      <id>9913</id>
      <id>9914</id>
      <id>9915</id>
      <id>9916</id>
      <id>9917</id>
      <id>9918</id>
      <id>9919</id>
      <id>9920</id>
      <id>9921</id>
      <id>9922</id>
      <id>9923</id>
      <id>9924</id>
      <id>9925</id>
      <id>9926</id>
      <id>9927</id>
      <id>9928</id>
      <id>9929</id>
      <id>9930</id>
      <id>9931</id>
      <id>9932</id>
      <id>9933</id>
      <id>9934</id>
      <id>9935</id>
      <id>9936</id>
      <id>9937</id>
      <id>9938</id>
      <id>9939</id>
      <id>9940</id>
      <id>9941</id>
      <id>9942</id>
      <id>9943</id>
      <id>9944</id>
      <id>9945</id>
      <id>9946</id>
      <id>9947</id>
      <id>9948</id>
      <id>9949</id>
      <id>9950</id>
      <id>9951</id>
      <id>9952</id>
      <id>9953</id>
      <id>9954</id>
      <id>9955</id>
      <id>9956</id>
      <id>9957</id>
      <id>9958</id>
      <id>9959</id>
      <id>9960</id>
      <id>9961</id>
      <id>9962</id>
      <id>9963</id>
      <id>9964</id>
      <id>9965</id>
      <id>9966</id>
      <id>9967</id>
      <id>9968</id>
      <id>9969</id>
      <id>9970</id>
      <id>9971</id>
      <id>9972</id>
      <id>9973</id>
      <id>9974</id>
      <id>9975</id>
      <id>9976</id>
      <id>9977</id>
      <id>9978</id>
      <id>9979</id>
      <id>9980</id>
      <id>9981</id>
      <id>9982</id>
      <id>9983</id>
      <id>9984</id>
      <id>9985</id>
      <id>9986</id>
      <id>9987</id>
      <id>9988</id>
      <id>9989</id>
      <id>9990</id>
      <id>9991</id>
      <id>9992</id>
      <id>9993</id>
      <id>9994</id>
      <id>9995</id>
      <id>9996</id>
      <id>9997</id>
      <id>9998</id>
      <id>9999</id>
      <id>10000</id>
      <id>10001</id>
      <id>10002</id>
      <id>10003</id>
      <id>10004</id>
      <id>10005</id>
      <id>10006</id>
      <id>10007</id>
      <id>10008</id>
      <id>10009</id>
      <id>10010</id>
      <id>10011</id>
      <id>10012</id>
      <id>10013</id>
      <id>10014</id>
      <id>10015</id>
      <id>10016</id>
      <id>10017</id>
      <id>10018</id>
      <id>10019</id>
      <id>10020</id>
      <id>10021</id>
      <id>10022</id>
      <id>10023</id>
      <id>10024</id>
      <id>10025</id>
      <id>10026</id>
      <id>10027</id>
      <id>10028</id>
      <id>10029</id>
      <id>10030</id>
      <id>10031</id>
      <id>10032</id>
      <id>10033</id>
      <id>10034</id>
      <id>10035</id>
      <id>10036</id>
      <id>10037</id>
      <id>10038</id>
      <id>10039</id>
      <id>10040</id>
      <id>10041</id>
      <id>10042</id>
      <id>10043</id>
      <id>10044</id>
      <id>10045</id>
      <id>10046</id>
      <id>10047</id>
      <id>10048</id>
      <id>10049</id>
      <id>10050</id>
      <id>10051</id>
      <id>10052</id>
      <id>10053</id>
      <id>10054</id>
      <id>10055</id>
   </successors>
   <trajectory>
      <states>
         <state>
            <time>0</time>
            <x>0</x>
            <y>0</y>
            <velocity>24.8</velocity>
            <orientation>0</orientation>
         </state>
         <state>
            <time>0.1</time>
            <x>2.4718</x>
            <y>-0.12552</y>
            <velocity>24.72</velocity>
            <orientation>-0.10148</orientation>
         </state>
         <state>
            <time>0.2</time>
            <x>4.9102</x>
            <y>-0.49917</y>
            <velocity>24.64</velocity>
            <orientation>-0.20262</orientation>
         </state>
         <state>
            <time>0.3</time>
            <x>7.2909</x>
            <y>-1.1148</y>
            <velocity>24.56</velocity>
            <orientation>-0.30344</orientation>
         </state>
         <state>
            <time>0.4</time>
            <x>9.5902</x>
            <y>-1.9637</y>
            <velocity>24.48</velocity>
            <orientation>-0.40393</orientation>
         </state>
         <state>
            <time>0.5</time>
            <x>11.7856</x>
            <y>-3.0351</y>
            <velocity>24.4</velocity>
            <orientation>-0.5041</orientation>
         </state>
         <state>
            <time>0.6</time>
            <x>13.8564</x>
            <y>-4.3162</y>
            <velocity>24.32</velocity>
            <orientation>-0.60393</orientation>
         </state>
         <state>
            <time>0.7</time>
            <x>15.7831</x>
            <y>-5.7921</y>
            <velocity>24.24</velocity>
            <orientation>-0.70344</orientation>
         </state>
         <state>
            <time>0.8</time>
            <x>17.548</x>
            <y>-7.4463</y>
            <velocity>24.16</velocity>
            <orientation>-0.80262</orientation>
         </state>
         <state>
            <time>0.9</time>
            <x>19.1355</x>
            <y>-9.2609</y>
            <velocity>24.08</velocity>
            <orientation>-0.90148</orientation>
         </state>
         <state>
            <time>1</time>
            <x>20.5319</x>
            <y>-11.2166</y>
            <velocity>24</velocity>
            <orientation>-1</orientation>
         </state>
      </states>
      <inputs>
         <input>
            <acceleration>-0.8</acceleration>
            <steer>-0.093985</steer>
         </input>
         <input>
            <acceleration>-0.8</acceleration>
            <steer>-0.093985</steer>
         </input>
         <input>
            <acceleration>-0.8</acceleration>
            <steer>-0.093985</steer>
         </input>
         <input>
            <acceleration>-0.8</acceleration>
            <steer>-0.093985</steer>
         </input>
         <input>
            <acceleration>-0.8</acceleration>
            <steer>-0.093985</steer>
         </input>
         <input>
            <acceleration>-0.8</acceleration>
            <steer>-0.093985</steer>
         </input>
         <input>
            <acceleration>-0.8</acceleration>
            <steer>-0.093985</steer>
         </input>
         <input>
            <acceleration>-0.8</acceleration>
            <steer>-0.093985</steer>
         </input>
         <input>
            <acceleration>-0.8</acceleration>
            <steer>-0.093985</steer>
         </input>
         <input>
            <acceleration>-0.8</acceleration>
            <steer>-0.093985</steer>
         </input>
      </inputs>
   </trajectory>
   <occupancySet>
      <occupancy>
         <time>
            <intervalStart>0</intervalStart>
            <intervalEnd>0.1</intervalEnd>
         </time>
         <set>
            <point>
               <element dimension="1">-1.1302</element>
               <element dimension="2">-1.0212</element>
            </point>
            <point>
               <element dimension="1">-1.1198</element>
               <element dimension="2">1.0419</element>
            </point>
            <point>
               <element dimension="1">-1.1197</element>
               <element dimension="2">1.0439</element>
            </point>
            <point>
               <element dimension="1">-1.1143</element>
               <element dimension="2">1.0993</element>
            </point>
            <point>
               <element dimension="1">2.2331</element>
               <element dimension="2">1.0823</element>
            </point>
            <point>
               <element dimension="1">3.6685</element>
               <element dimension="2">1.0095</element>
            </point>
            <point>
               <element dimension="1">5.9852</element>
               <element dimension="2">0.7854</element>
            </point>
            <point>
               <element dimension="1">5.9839</element>
               <element dimension="2">0.53664</element>
            </point>
            <point>
               <element dimension="1">5.978</element>
               <element dimension="2">0.4202</element>
            </point>
            <point>
               <element dimension="1">5.7897</element>
               <element dimension="2">-1.5273</element>
            </point>
            <point>
               <element dimension="1">5.5902</element>
               <element dimension="2">-1.5263</element>
            </point>
            <point>
               <element dimension="1">2.4382</element>
               <element dimension="2">-1.3663</element>
            </point>
         </set>
      </occupancy>
      <occupancy>
         <time>
            <intervalStart>0.1</intervalStart>
            <intervalEnd>0.2</intervalEnd>
         </time>
         <set>
            <point>
               <element dimension="1">0.98879</element>
               <element dimension="2">-1.0673</element>
            </point>
            <point>
               <element dimension="1">1.1887</element>
               <element dimension="2">0.99971</element>
            </point>
            <point>
               <element dimension="1">1.1994</element>
               <element dimension="2">1.0721</element>
            </point>
            <point>
               <element dimension="1">1.2148</element>
               <element dimension="2">1.149</element>
            </point>
            <point>
               <element dimension="1">4.6982</element>
               <element dimension="2">0.81209</element>
            </point>
            <point>
               <element dimension="1">5.9836</element>
               <element dimension="2">0.62182</element>
            </point>
            <point>
               <element dimension="1">8.4963</element>
               <element dimension="2">0.11881</element>
            </point>
            <point>
               <element dimension="1">8.4626</element>
               <element dimension="2">-0.22972</element>
            </point>
            <point>
               <element dimension="1">8.4596</element>
               <element dimension="2">-0.24973</element>
            </point>
            <point>
               <element dimension="1">8.0523</element>
               <element dimension="2">-2.2846</element>
            </point>
            <point>
               <element dimension="1">7.8707</element>
               <element dimension="2">-2.2671</element>
            </point>
            <point>
               <element dimension="1">4.461</element>
               <element dimension="2">-1.7624</element>
            </point>
         </set>
      </occupancy>
      <occupancy>
         <time>
            <intervalStart>0.2</intervalStart>
            <intervalEnd>0.3</intervalEnd>
         </time>
         <set>
            <point>
               <element dimension="1">3.3347</element>
               <element dimension="2">-1.3442</element>
            </point>
            <point>
               <element dimension="1">3.7467</element>
               <element dimension="2">0.7139</element>
            </point>
            <point>
               <element dimension="1">3.7825</element>
               <element dimension="2">0.85534</element>
            </point>
            <point>
               <element dimension="1">3.8117</element>
               <element dimension="2">0.95022</element>
            </point>
            <point>
               <element dimension="1">7.225</element>
               <element dimension="2">0.26692</element>
            </point>
            <point>
               <element dimension="1">8.478</element>
               <element dimension="2">-0.050286</element>
            </point>
            <point>
               <element dimension="1">10.9254</element>
               <element dimension="2">-0.80312</element>
            </point>
            <point>
               <element dimension="1">10.8535</element>
               <element dimension="2">-1.1625</element>
            </point>
            <point>
               <element dimension="1">10.2082</element>
               <element dimension="2">-3.2603</element>
            </point>
            <point>
               <element dimension="1">10.0572</element>
               <element dimension="2">-3.23</element>
            </point>
            <point>
               <element dimension="1">6.7143</element>
               <element dimension="2">-2.3838</element>
            </point>
         </set>
      </occupancy>
      <occupancy>
         <time>
            <intervalStart>0.3</intervalStart>
            <intervalEnd>0.4</intervalEnd>
         </time>
         <set>
            <point>
               <element dimension="1">5.6339</element>
               <element dimension="2">-1.8537</element>
            </point>
            <point>
               <element dimension="1">6.3126</element>
               <element dimension="2">0.35269</element>
            </point>
            <point>
               <element dimension="1">6.3218</element>
               <element dimension="2">0.37802</element>
            </point>
            <point>
               <element dimension="1">6.3528</element>
               <element dimension="2">0.45172</element>
            </point>
            <point>
               <element dimension="1">10.4233</element>
               <element dimension="2">-0.80031</element>
            </point>
            <point>
               <element dimension="1">10.8847</element>
               <element dimension="2">-0.96806</element>
            </point>
            <point>
               <element dimension="1">13.2363</element>
               <element dimension="2">-1.9596</element>
            </point>
            <point>
               <element dimension="1">13.1086</element>
               <element dimension="2">-2.3748</element>
            </point>
            <point>
               <element dimension="1">13.0272</element>
               <element dimension="2">-2.5988</element>
            </point>
            <point>
               <element dimension="1">12.2837</element>
               <element dimension="2">-4.3622</element>
            </point>
            <point>
               <element dimension="1">12.1609</element>
               <element dimension="2">-4.3245</element>
            </point>
            <point>
               <element dimension="1">7.3181</element>
               <element dimension="2">-2.5639</element>
            </point>
         </set>
      </occupancy>
      <occupancy>
         <time>
            <intervalStart>0.4</intervalStart>
            <intervalEnd>0.5</intervalEnd>
         </time>
         <set>
            <point>
               <element dimension="1">7.886</element>
               <element dimension="2">-2.5041</element>
            </point>
            <point>
               <element dimension="1">8.771</element>
               <element dimension="2">-0.40499</element>
            </point>
            <point>
               <element dimension="1">8.8016</element>
               <element dimension="2">-0.34901</element>
            </point>
            <point>
               <element dimension="1">12.8455</element>
               <element dimension="2">-2.054</element>
            </point>
            <point>
               <element dimension="1">13.1469</element>
               <element dimension="2">-2.1993</element>
            </point>
            <point>
               <element dimension="1">15.3849</element>
               <element dimension="2">-3.4196</element>
            </point>
            <point>
               <element dimension="1">15.1389</element>
               <element dimension="2">-4.0031</element>
            </point>
            <point>
               <element dimension="1">15.1292</element>
               <element dimension="2">-4.0232</element>
            </point>
            <point>
               <element dimension="1">14.2433</element>
               <element dimension="2">-5.648</element>
            </point>
            <point>
               <element dimension="1">14.1462</element>
               <element dimension="2">-5.607</element>
            </point>
            <point>
               <element dimension="1">9.2417</element>
               <element dimension="2">-3.2432</element>
            </point>
         </set>
      </occupancy>
      <occupancy>
         <time>
            <intervalStart>0.5</intervalStart>
            <intervalEnd>0.6</intervalEnd>
         </time>
         <set>
            <point>
               <element dimension="1">10.0649</element>
               <element dimension="2">-3.3614</element>
            </point>
            <point>
               <element dimension="1">11.1129</element>
               <element dimension="2">-1.4394</element>
            </point>
            <point>
               <element dimension="1">11.1453</element>
               <element dimension="2">-1.392</element>
            </point>
            <point>
               <element dimension="1">14.911</element>
               <element dimension="2">-3.4452</element>
            </point>
            <point>
               <element dimension="1">15.2603</element>
               <element dimension="2">-3.659</element>
            </point>
            <point>
               <element dimension="1">17.3701</element>
               <element dimension="2">-5.0994</element>
            </point>
            <point>
               <element dimension="1">17.0997</element>
               <element dimension="2">-5.5953</element>
            </point>
            <point>
               <element dimension="1">16.0591</element>
               <element dimension="2">-7.1194</element>
            </point>
            <point>
               <element dimension="1">15.9858</element>
               <element dimension="2">-7.0794</element>
            </point>
            <point>
               <element dimension="1">11.4059</element>
               <element dimension="2">-4.2769</element>
            </point>
         </set>
      </occupancy>
      <occupancy>
         <time>
            <intervalStart>0.6</intervalStart>
            <intervalEnd>0.7</intervalEnd>
         </time>
         <set>
            <point>
               <element dimension="1">12.1461</element>
               <element dimension="2">-4.4358</element>
            </point>
            <point>
               <element dimension="1">13.3319</element>
               <element dimension="2">-2.6989</element>
            </point>
            <point>
               <element dimension="1">13.3633</element>
               <element dimension="2">-2.6615</element>
            </point>
            <point>
               <element dimension="1">16.8917</element>
               <element dimension="2">-5.0704</element>
            </point>
            <point>
               <element dimension="1">17.2126</element>
               <element dimension="2">-5.3138</element>
            </point>
            <point>
               <element dimension="1">19.1675</element>
               <element dimension="2">-6.9555</element>
            </point>
            <point>
               <element dimension="1">18.8998</element>
               <element dimension="2">-7.3476</element>
            </point>
            <point>
               <element dimension="1">17.7163</element>
               <element dimension="2">-8.7568</element>
            </point>
            <point>
               <element dimension="1">17.6648</element>
               <element dimension="2">-8.7216</element>
            </point>
            <point>
               <element dimension="1">13.382</element>
               <element dimension="2">-5.4738</element>
            </point>
         </set>
      </occupancy>
      <occupancy>
         <time>
            <intervalStart>0.7</intervalStart>
            <intervalEnd>0.8</intervalEnd>
         </time>
         <set>
            <point>
               <element dimension="1">14.1104</element>
               <element dimension="2">-5.7132</element>
            </point>
            <point>
               <element dimension="1">15.406</element>
               <element dimension="2">-4.1705</element>
            </point>
            <point>
               <element dimension="1">15.4348</element>
               <element dimension="2">-4.1424</element>
            </point>
            <point>
               <element dimension="1">18.694</element>
               <element dimension="2">-6.8796</element>
            </point>
            <point>
               <element dimension="1">18.9843</element>
               <element dimension="2">-7.149</element>
            </point>
            <point>
               <element dimension="1">20.7597</element>
               <element dimension="2">-8.9689</element>
            </point>
            <point>
               <element dimension="1">20.5138</element>
               <element dimension="2">-9.2617</element>
            </point>
            <point>
               <element dimension="1">19.2004</element>
               <element dimension="2">-10.543</element>
            </point>
            <point>
               <element dimension="1">19.1683</element>
               <element dimension="2">-10.516</element>
            </point>
            <point>
               <element dimension="1">15.226</element>
               <element dimension="2">-6.8567</element>
            </point>
         </set>
      </occupancy>
      <occupancy>
         <time>
            <intervalStart>0.8</intervalStart>
            <intervalEnd>0.9</intervalEnd>
         </time>
         <set>
            <point>
               <element dimension="1">15.9379</element>
               <element dimension="2">-7.1811</element>
            </point>
            <point>
               <element dimension="1">17.3157</element>
               <element dimension="2">-5.837</element>
            </point>
            <point>
               <element dimension="1">17.3405</element>
               <element dimension="2">-5.8172</element>
            </point>
            <point>
               <element dimension="1">20.3014</element>
               <element dimension="2">-8.8523</element>
            </point>
            <point>
               <element dimension="1">20.5595</element>
               <element dimension="2">-9.1445</element>
            </point>
            <point>
               <element dimension="1">22.1348</element>
               <element dimension="2">-11.1159</element>
            </point>
            <point>
               <element dimension="1">21.9282</element>
               <element dimension="2">-11.3174</element>
            </point>
            <point>
               <element dimension="1">20.4983</element>
               <element dimension="2">-12.46</element>
            </point>
            <point>
               <element dimension="1">20.4892</element>
               <element dimension="2">-12.4506</element>
            </point>
            <point>
               <element dimension="1">16.9221</element>
               <element dimension="2">-8.4128</element>
            </point>
         </set>
      </occupancy>
      <occupancy>
         <time>
            <intervalStart>0.9</intervalStart>
            <intervalEnd>1</intervalEnd>
         </time>
         <set>
            <point>
               <element dimension="1">17.6103</element>
               <element dimension="2">-8.825</element>
            </point>
            <point>
               <element dimension="1">19.0434</element>
               <element dimension="2">-7.6799</element>
            </point>
            <point>
               <element dimension="1">19.0668</element>
               <element dimension="2">-7.6647</element>
            </point>
            <point>
               <element dimension="1">21.6449</element>
               <element dimension="2">-10.8911</element>
            </point>
            <point>
               <element dimension="1">21.9248</element>
               <element dimension="2">-11.2792</element>
            </point>
            <point>
               <element dimension="1">23.2752</element>
               <element dimension="2">-13.36</element>
            </point>
            <point>
               <element dimension="1">23.063</element>
               <element dimension="2">-13.5295</element>
            </point>
            <point>
               <element dimension="1">23.0628</element>
               <element dimension="2">-13.5297</element>
            </point>
            <point>
               <element dimension="1">21.5932</element>
               <element dimension="2">-14.4834</element>
            </point>
            <point>
               <element dimension="1">21.5866</element>
               <element dimension="2">-14.4752</element>
            </point>
            <point>
               <element dimension="1">18.4999</element>
               <element dimension="2">-10.1959</element>
            </point>
         </set>
      </occupancy>
   </occupancySet>
   <reachableSet>
      <reachability>
         <time>0</time>
         <x>
            <intervalStart>-0.1</intervalStart>
            <intervalEnd>0.1</intervalEnd>
         </x>
         <y>
            <intervalStart>-0.1</intervalStart>
            <intervalEnd>0.1</intervalEnd>
         </y>
         <velocity>
            <intervalStart>24.6</intervalStart>
            <intervalEnd>25</intervalEnd>
         </velocity>
         <orientation>
            <intervalStart>-0.02</intervalStart>
            <intervalEnd>0.02</intervalEnd>
         </orientation>
      </reachability>
      <reachability>
         <time>1</time>
         <x>
            <intervalStart>20.5204</intervalStart>
            <intervalEnd>20.5389</intervalEnd>
         </x>
         <y>
            <intervalStart>-11.2255</intervalStart>
            <intervalEnd>-11.2088</intervalEnd>
         </y>
         <velocity>
            <intervalStart>24</intervalStart>
            <intervalEnd>24</intervalEnd>
         </velocity>
         <orientation>
            <intervalStart>-1.0005</intervalStart>
            <intervalEnd>-0.99968</intervalEnd>
         </orientation>
      </reachability>
   </reachableSet>
</motionPrimitive>