<?xml version="1.0" encoding="utf-8"?>
<motionPrimitive ID="1034">
   <controller type="generator space control">controller1034.mat</controller>
   <successors>
      <id>2957</id>
      <id>2958</id>
      <id>2959</id>
      <id>2960</id>
      <id>2961</id>
      <id>2962</id>
      <id>2963</id>
      <id>2964</id>
      <id>2965</id>
      <id>2966</id>
      <id>2967</id>
      <id>2968</id>
      <id>2969</id>
      <id>2970</id>
      <id>2971</id>
      <id>2972</id>
      <id>2973</id>
      <id>2974</id>
      <id>2975</id>
      <id>2976</id>
      <id>2977</id>
      <id>2978</id>
      <id>2979</id>
      <id>2980</id>
      <id>2981</id>
      <id>2982</id>
      <id>2983</id>
      <id>2984</id>
      <id>2985</id>
      <id>2986</id>
      <id>2987</id>
      <id>2988</id>
      <id>2989</id>
      <id>2990</id>
      <id>2991</id>
      <id>2992</id>
      <id>2993</id>
      <id>2994</id>
      <id>2995</id>
      <id>2996</id>
      <id>2997</id>
      <id>2998</id>
      <id>2999</id>
      <id>3000</id>
      <id>3001</id>
      <id>3002</id>
      <id>3003</id>
      <id>3004</id>
      <id>3005</id>
      <id>3006</id>
      <id>3007</id>
      <id>3008</id>
      <id>3009</id>
      <id>3010</id>
      <id>3011</id>
      <id>3012</id>
      <id>3013</id>
      <id>3014</id>
      <id>3015</id>
      <id>3016</id>
      <id>3017</id>
      <id>3018</id>
      <id>3019</id>
      <id>3020</id>
      <id>3021</id>
      <id>3022</id>
      <id>3023</id>
      <id>3024</id>
      <id>3025</id>
      <id>3026</id>
      <id>3027</id>
      <id>3028</id>
      <id>3029</id>
      <id>3030</id>
      <id>3031</id>
      <id>3032</id>
      <id>3033</id>
      <id>3034</id>
      <id>3035</id>
      <id>3036</id>
      <id>3037</id>
      <id>3038</id>
      <id>3039</id>
      <id>3040</id>
      <id>3041</id>
      <id>3042</id>
      <id>3043</id>
      <id>3044</id>
      <id>3045</id>
      <id>3046</id>
      <id>3047</id>
      <id>3048</id>
      <id>3049</id>
      <id>3050</id>
      <id>3051</id>
      <id>3052</id>
      <id>3053</id>
      <id>3054</id>
      <id>3055</id>
      <id>3056</id>
      <id>3057</id>
      <id>3058</id>
      <id>3059</id>
      <id>3060</id>
      <id>3061</id>
      <id>3062</id>
      <id>3063</id>
      <id>3064</id>
      <id>3065</id>
      <id>3066</id>
      <id>3067</id>
      <id>3068</id>
      <id>3069</id>
      <id>3070</id>
      <id>3071</id>
      <id>3072</id>
      <id>3073</id>
      <id>3074</id>
      <id>3075</id>
      <id>3076</id>
      <id>3077</id>
      <id>3078</id>
      <id>3079</id>
      <id>3080</id>
      <id>3081</id>
      <id>3082</id>
      <id>3083</id>
      <id>3084</id>
      <id>3085</id>
      <id>3086</id>
      <id>3087</id>
      <id>3088</id>
      <id>3089</id>
      <id>3090</id>
      <id>3091</id>
      <id>3092</id>
      <id>3093</id>
      <id>3094</id>
      <id>3095</id>
      <id>3096</id>
      <id>3097</id>
      <id>3098</id>
      <id>3099</id>
      <id>3100</id>
      <id>3101</id>
      <id>3102</id>
      <id>3103</id>
      <id>3104</id>
      <id>3105</id>
      <id>3106</id>
      <id>3107</id>
      <id>3108</id>
      <id>3109</id>
      <id>3110</id>
      <id>3111</id>
      <id>3112</id>
      <id>3113</id>
      <id>3114</id>
      <id>3115</id>
      <id>3116</id>
      <id>3117</id>
      <id>3118</id>
      <id>3119</id>
      <id>3120</id>
      <id>3121</id>
      <id>3122</id>
      <id>3123</id>
      <id>3124</id>
      <id>3125</id>
      <id>3126</id>
      <id>3127</id>
      <id>3128</id>
      <id>3129</id>
      <id>3130</id>
      <id>3131</id>
      <id>3132</id>
      <id>3133</id>
      <id>3134</id>
      <id>3135</id>
      <id>3136</id>
      <id>3137</id>
      <id>3138</id>
      <id>3139</id>
      <id>3140</id>
      <id>3141</id>
      <id>3142</id>
      <id>3143</id>
      <id>3144</id>
      <id>3145</id>
      <id>3146</id>
      <id>3147</id>
      <id>3148</id>
      <id>3149</id>
      <id>3150</id>
      <id>3151</id>
   </successors>
   <trajectory>
      <states>
         <state>
            <time>0</time>
            <x>0</x>
            <y>0</y>
            <velocity>6</velocity>
            <orientation>0</orientation>
         </state>
         <state>
            <time>0.1</time>
            <x>0.61938</x>
            <y>-0.024013</y>
            <velocity>6.4</velocity>
            <orientation>-0.0775</orientation>
         </state>
         <state>
            <time>0.2</time>
            <x>1.2745</x>
            <y>-0.10218</y>
            <velocity>6.8</velocity>
            <orientation>-0.16</orientation>
         </state>
         <state>
            <time>0.3</time>
            <x>1.9598</x>
            <y>-0.24378</y>
            <velocity>7.2</velocity>
            <orientation>-0.2475</orientation>
         </state>
         <state>
            <time>0.4</time>
            <x>2.6679</x>
            <y>-0.45796</y>
            <velocity>7.6</velocity>
            <orientation>-0.34</orientation>
         </state>
         <state>
            <time>0.5</time>
            <x>3.3894</x>
            <y>-0.75349</y>
            <velocity>8</velocity>
            <orientation>-0.4375</orientation>
         </state>
         <state>
            <time>0.6</time>
            <x>4.1131</x>
            <y>-1.1383</y>
            <velocity>8.4</velocity>
            <orientation>-0.54</orientation>
         </state>
         <state>
            <time>0.7</time>
            <x>4.8256</x>
            <y>-1.6192</y>
            <velocity>8.8</velocity>
            <orientation>-0.6475</orientation>
         </state>
         <state>
            <time>0.8</time>
            <x>5.5114</x>
            <y>-2.2013</y>
            <velocity>9.2</velocity>
            <orientation>-0.76</orientation>
         </state>
         <state>
            <time>0.9</time>
            <x>6.1531</x>
            <y>-2.8874</y>
            <velocity>9.6</velocity>
            <orientation>-0.8775</orientation>
         </state>
         <state>
            <time>1</time>
            <x>6.7318</x>
            <y>-3.6776</y>
            <velocity>10</velocity>
            <orientation>-1</orientation>
         </state>
      </states>
      <inputs>
         <input>
            <acceleration>4</acceleration>
            <steer>-0.27995</steer>
         </input>
         <input>
            <acceleration>4</acceleration>
            <steer>-0.27995</steer>
         </input>
         <input>
            <acceleration>4</acceleration>
            <steer>-0.27995</steer>
         </input>
         <input>
            <acceleration>4</acceleration>
            <steer>-0.27995</steer>
         </input>
         <input>
            <acceleration>4</acceleration>
            <steer>-0.27995</steer>
         </input>
         <input>
            <acceleration>4</acceleration>
            <steer>-0.27995</steer>
         </input>
         <input>
            <acceleration>4</acceleration>
            <steer>-0.27995</steer>
         </input>
         <input>
            <acceleration>4</acceleration>
            <steer>-0.27995</steer>
         </input>
         <input>
            <acceleration>4</acceleration>
            <steer>-0.27995</steer>
         </input>
         <input>
            <acceleration>4</acceleration>
            <steer>-0.27995</steer>
         </input>
      </inputs>
   </trajectory>
   <occupancySet>
      <occupancy>
         <time>
            <intervalStart>0</intervalStart>
            <intervalEnd>0.1</intervalEnd>
         </time>
         <set>
            <point>
               <element dimension="1">-1.1276</element>
               <element dimension="2">-1.0224</element>
            </point>
            <point>
               <element dimension="1">-1.1199</element>
               <element dimension="2">1.0343</element>
            </point>
            <point>
               <element dimension="1">-1.1199</element>
               <element dimension="2">1.0347</element>
            </point>
            <point>
               <element dimension="1">-1.1147</element>
               <element dimension="2">1.1057</element>
            </point>
            <point>
               <element dimension="1">1.4099</element>
               <element dimension="2">1.0962</element>
            </point>
            <point>
               <element dimension="1">3.4227</element>
               <element dimension="2">1.0184</element>
            </point>
            <point>
               <element dimension="1">4.1129</element>
               <element dimension="2">0.96755</element>
            </point>
            <point>
               <element dimension="1">4.1119</element>
               <element dimension="2">0.71574</element>
            </point>
            <point>
               <element dimension="1">4.106</element>
               <element dimension="2">0.56337</element>
            </point>
            <point>
               <element dimension="1">3.9677</element>
               <element dimension="2">-1.3155</element>
            </point>
            <point>
               <element dimension="1">3.7727</element>
               <element dimension="2">-1.3148</element>
            </point>
            <point>
               <element dimension="1">1.8145</element>
               <element dimension="2">-1.2391</element>
            </point>
         </set>
      </occupancy>
      <occupancy>
         <time>
            <intervalStart>0.1</intervalStart>
            <intervalEnd>0.2</intervalEnd>
         </time>
         <set>
            <point>
               <element dimension="1">-0.65265</element>
               <element dimension="2">-0.98118</element>
            </point>
            <point>
               <element dimension="1">-0.50178</element>
               <element dimension="2">1.0674</element>
            </point>
            <point>
               <element dimension="1">-0.49796</element>
               <element dimension="2">1.1007</element>
            </point>
            <point>
               <element dimension="1">-0.48368</element>
               <element dimension="2">1.1916</element>
            </point>
            <point>
               <element dimension="1">2.2031</element>
               <element dimension="2">0.9937</element>
            </point>
            <point>
               <element dimension="1">4.029</element>
               <element dimension="2">0.7835</element>
            </point>
            <point>
               <element dimension="1">4.8315</element>
               <element dimension="2">0.65747</element>
            </point>
            <point>
               <element dimension="1">4.8081</element>
               <element dimension="2">0.33981</element>
            </point>
            <point>
               <element dimension="1">4.7951</element>
               <element dimension="2">0.22617</element>
            </point>
            <point>
               <element dimension="1">4.4946</element>
               <element dimension="2">-1.6873</element>
            </point>
            <point>
               <element dimension="1">4.3184</element>
               <element dimension="2">-1.6743</element>
            </point>
            <point>
               <element dimension="1">2.232</element>
               <element dimension="2">-1.4342</element>
            </point>
         </set>
      </occupancy>
      <occupancy>
         <time>
            <intervalStart>0.2</intervalStart>
            <intervalEnd>0.3</intervalEnd>
         </time>
         <set>
            <point>
               <element dimension="1">-0.072637</element>
               <element dimension="2">-0.97614</element>
            </point>
            <point>
               <element dimension="1">0.24401</element>
               <element dimension="2">1.0403</element>
            </point>
            <point>
               <element dimension="1">0.25898</element>
               <element dimension="2">1.1144</element>
            </point>
            <point>
               <element dimension="1">0.28673</element>
               <element dimension="2">1.2263</element>
            </point>
            <point>
               <element dimension="1">2.9741</element>
               <element dimension="2">0.80434</element>
            </point>
            <point>
               <element dimension="1">4.7309</element>
               <element dimension="2">0.44935</element>
            </point>
            <point>
               <element dimension="1">5.5644</element>
               <element dimension="2">0.24273</element>
            </point>
            <point>
               <element dimension="1">5.5019</element>
               <element dimension="2">-0.1547</element>
            </point>
            <point>
               <element dimension="1">5.4942</element>
               <element dimension="2">-0.19288</element>
            </point>
            <point>
               <element dimension="1">5.0147</element>
               <element dimension="2">-2.1273</element>
            </point>
            <point>
               <element dimension="1">4.8622</element>
               <element dimension="2">-2.1033</element>
            </point>
            <point>
               <element dimension="1">2.7634</element>
               <element dimension="2">-1.6792</element>
            </point>
         </set>
      </occupancy>
      <occupancy>
         <time>
            <intervalStart>0.3</intervalStart>
            <intervalEnd>0.4</intervalEnd>
         </time>
         <set>
            <point>
               <element dimension="1">0.54014</element>
               <element dimension="2">-1.0219</element>
            </point>
            <point>
               <element dimension="1">1.0425</element>
               <element dimension="2">1.0047</element>
            </point>
            <point>
               <element dimension="1">1.0592</element>
               <element dimension="2">1.0608</element>
            </point>
            <point>
               <element dimension="1">1.09</element>
               <element dimension="2">1.1489</element>
            </point>
            <point>
               <element dimension="1">4.7016</element>
               <element dimension="2">0.25357</element>
            </point>
            <point>
               <element dimension="1">5.4431</element>
               <element dimension="2">0.032797</element>
            </point>
            <point>
               <element dimension="1">6.3104</element>
               <element dimension="2">-0.26984</element>
            </point>
            <point>
               <element dimension="1">6.1983</element>
               <element dimension="2">-0.72206</element>
            </point>
            <point>
               <element dimension="1">6.196</element>
               <element dimension="2">-0.72979</element>
            </point>
            <point>
               <element dimension="1">5.5438</element>
               <element dimension="2">-2.599</element>
            </point>
            <point>
               <element dimension="1">5.4162</element>
               <element dimension="2">-2.5674</element>
            </point>
            <point>
               <element dimension="1">2.372</element>
               <element dimension="2">-1.6611</element>
            </point>
         </set>
      </occupancy>
      <occupancy>
         <time>
            <intervalStart>0.4</intervalStart>
            <intervalEnd>0.5</intervalEnd>
         </time>
         <set>
            <point>
               <element dimension="1">1.1832</element>
               <element dimension="2">-1.0789</element>
            </point>
            <point>
               <element dimension="1">1.8845</element>
               <element dimension="2">0.931</element>
            </point>
            <point>
               <element dimension="1">1.9117</element>
               <element dimension="2">0.98995</element>
            </point>
            <point>
               <element dimension="1">5.5396</element>
               <element dimension="2">-0.27596</element>
            </point>
            <point>
               <element dimension="1">6.1507</element>
               <element dimension="2">-0.52311</element>
            </point>
            <point>
               <element dimension="1">7.0182</element>
               <element dimension="2">-0.9241</element>
            </point>
            <point>
               <element dimension="1">6.8648</element>
               <element dimension="2">-1.3636</element>
            </point>
            <point>
               <element dimension="1">6.8478</element>
               <element dimension="2">-1.4056</element>
            </point>
            <point>
               <element dimension="1">6.047</element>
               <element dimension="2">-3.138</element>
            </point>
            <point>
               <element dimension="1">5.9436</element>
               <element dimension="2">-3.1019</element>
            </point>
            <point>
               <element dimension="1">2.8726</element>
               <element dimension="2">-1.8598</element>
            </point>
         </set>
      </occupancy>
      <occupancy>
         <time>
            <intervalStart>0.5</intervalStart>
            <intervalEnd>0.6</intervalEnd>
         </time>
         <set>
            <point>
               <element dimension="1">1.8664</element>
               <element dimension="2">-1.2036</element>
            </point>
            <point>
               <element dimension="1">2.7397</element>
               <element dimension="2">0.68564</element>
            </point>
            <point>
               <element dimension="1">2.7724</element>
               <element dimension="2">0.74085</element>
            </point>
            <point>
               <element dimension="1">6.1536</element>
               <element dimension="2">-0.82204</element>
            </point>
            <point>
               <element dimension="1">6.8218</element>
               <element dimension="2">-1.1734</element>
            </point>
            <point>
               <element dimension="1">7.6889</element>
               <element dimension="2">-1.6876</element>
            </point>
            <point>
               <element dimension="1">7.4893</element>
               <element dimension="2">-2.1195</element>
            </point>
            <point>
               <element dimension="1">6.5168</element>
               <element dimension="2">-3.7597</element>
            </point>
            <point>
               <element dimension="1">6.4366</element>
               <element dimension="2">-3.7226</element>
            </point>
            <point>
               <element dimension="1">3.5898</element>
               <element dimension="2">-2.2256</element>
            </point>
         </set>
      </occupancy>
      <occupancy>
         <time>
            <intervalStart>0.6</intervalStart>
            <intervalEnd>0.7</intervalEnd>
         </time>
         <set>
            <point>
               <element dimension="1">2.5679</element>
               <element dimension="2">-1.4124</element>
            </point>
            <point>
               <element dimension="1">3.6075</element>
               <element dimension="2">0.34075</element>
            </point>
            <point>
               <element dimension="1">3.6436</element>
               <element dimension="2">0.38902</element>
            </point>
            <point>
               <element dimension="1">6.8623</element>
               <element dimension="2">-1.5195</element>
            </point>
            <point>
               <element dimension="1">7.4586</element>
               <element dimension="2">-1.9178</element>
            </point>
            <point>
               <element dimension="1">8.3077</element>
               <element dimension="2">-2.5533</element>
            </point>
            <point>
               <element dimension="1">8.0825</element>
               <element dimension="2">-2.933</element>
            </point>
            <point>
               <element dimension="1">6.9409</element>
               <element dimension="2">-4.4584</element>
            </point>
            <point>
               <element dimension="1">6.8827</element>
               <element dimension="2">-4.4239</element>
            </point>
            <point>
               <element dimension="1">4.1771</element>
               <element dimension="2">-2.6168</element>
            </point>
         </set>
      </occupancy>
      <occupancy>
         <time>
            <intervalStart>0.7</intervalStart>
            <intervalEnd>0.8</intervalEnd>
         </time>
         <set>
            <point>
               <element dimension="1">3.2802</element>
               <element dimension="2">-1.709</element>
            </point>
            <point>
               <element dimension="1">4.4725</element>
               <element dimension="2">-0.11584</element>
            </point>
            <point>
               <element dimension="1">4.5135</element>
               <element dimension="2">-0.072341</element>
            </point>
            <point>
               <element dimension="1">7.4761</element>
               <element dimension="2">-2.2896</element>
            </point>
            <point>
               <element dimension="1">8.0411</element>
               <element dimension="2">-2.7642</element>
            </point>
            <point>
               <element dimension="1">8.8496</element>
               <element dimension="2">-3.5245</element>
            </point>
            <point>
               <element dimension="1">8.6088</element>
               <element dimension="2">-3.8463</element>
            </point>
            <point>
               <element dimension="1">7.3016</element>
               <element dimension="2">-5.2363</element>
            </point>
            <point>
               <element dimension="1">7.2888</element>
               <element dimension="2">-5.2267</element>
            </point>
            <point>
               <element dimension="1">4.7793</element>
               <element dimension="2">-3.1187</element>
            </point>
         </set>
      </occupancy>
      <occupancy>
         <time>
            <intervalStart>0.8</intervalStart>
            <intervalEnd>0.9</intervalEnd>
         </time>
         <set>
            <point>
               <element dimension="1">3.9904</element>
               <element dimension="2">-2.1022</element>
            </point>
            <point>
               <element dimension="1">5.3176</element>
               <element dimension="2">-0.69098</element>
            </point>
            <point>
               <element dimension="1">5.3904</element>
               <element dimension="2">-0.62979</element>
            </point>
            <point>
               <element dimension="1">7.612</element>
               <element dimension="2">-2.7191</element>
            </point>
            <point>
               <element dimension="1">8.5508</element>
               <element dimension="2">-3.712</element>
            </point>
            <point>
               <element dimension="1">9.2932</element>
               <element dimension="2">-4.5955</element>
            </point>
            <point>
               <element dimension="1">9.0482</element>
               <element dimension="2">-4.8561</element>
            </point>
            <point>
               <element dimension="1">7.5574</element>
               <element dimension="2">-6.1087</element>
            </point>
            <point>
               <element dimension="1">7.5386</element>
               <element dimension="2">-6.0911</element>
            </point>
            <point>
               <element dimension="1">5.7734</element>
               <element dimension="2">-4.2241</element>
            </point>
         </set>
      </occupancy>
      <occupancy>
         <time>
            <intervalStart>0.9</intervalStart>
            <intervalEnd>1</intervalEnd>
         </time>
         <set>
            <point>
               <element dimension="1">4.6497</element>
               <element dimension="2">-2.6278</element>
            </point>
            <point>
               <element dimension="1">6.1231</element>
               <element dimension="2">-1.3897</element>
            </point>
            <point>
               <element dimension="1">6.1844</element>
               <element dimension="2">-1.3499</element>
            </point>
            <point>
               <element dimension="1">8.8281</element>
               <element dimension="2">-4.4962</element>
            </point>
            <point>
               <element dimension="1">8.9981</element>
               <element dimension="2">-4.7257</element>
            </point>
            <point>
               <element dimension="1">9.6312</element>
               <element dimension="2">-5.6996</element>
            </point>
            <point>
               <element dimension="1">9.2833</element>
               <element dimension="2">-5.992</element>
            </point>
            <point>
               <element dimension="1">9.281</element>
               <element dimension="2">-5.9937</element>
            </point>
            <point>
               <element dimension="1">7.7819</element>
               <element dimension="2">-6.9683</element>
            </point>
            <point>
               <element dimension="1">7.7728</element>
               <element dimension="2">-6.9574</element>
            </point>
            <point>
               <element dimension="1">5.2546</element>
               <element dimension="2">-3.5583</element>
            </point>
         </set>
      </occupancy>
   </occupancySet>
   <reachableSet>
      <reachability>
         <time>0</time>
         <x>
            <intervalStart>-0.1</intervalStart>
            <intervalEnd>0.1</intervalEnd>
         </x>
         <y>
            <intervalStart>-0.1</intervalStart>
            <intervalEnd>0.1</intervalEnd>
         </y>
         <velocity>
            <intervalStart>5.8</intervalStart>
            <intervalEnd>6.2</intervalEnd>
         </velocity>
         <orientation>
            <intervalStart>-0.02</intervalStart>
            <intervalEnd>0.02</intervalEnd>
         </orientation>
      </reachability>
      <reachability>
         <time>1</time>
         <x>
            <intervalStart>6.7168</intervalStart>
            <intervalEnd>6.742</intervalEnd>
         </x>
         <y>
            <intervalStart>-3.6945</intervalStart>
            <intervalEnd>-3.6643</intervalEnd>
         </y>
         <velocity>
            <intervalStart>10</intervalStart>
            <intervalEnd>10</intervalEnd>
         </velocity>
         <orientation>
            <intervalStart>-1.0037</intervalStart>
            <intervalEnd>-0.99749</intervalEnd>
         </orientation>
      </reachability>
   </reachableSet>
</motionPrimitive>