<?xml version="1.0" encoding="utf-8"?>
<motionPrimitive ID="10190">
   <controller type="generator space control">controller10190.mat</controller>
   <successors>
      <id>10596</id>
      <id>10597</id>
      <id>10598</id>
      <id>10599</id>
      <id>10600</id>
      <id>10601</id>
      <id>10602</id>
      <id>10603</id>
      <id>10604</id>
      <id>10605</id>
      <id>10606</id>
      <id>10607</id>
      <id>10608</id>
      <id>10609</id>
      <id>10610</id>
      <id>10611</id>
      <id>10612</id>
      <id>10613</id>
      <id>10614</id>
      <id>10615</id>
      <id>10616</id>
      <id>10617</id>
      <id>10618</id>
      <id>10619</id>
      <id>10620</id>
      <id>10621</id>
      <id>10622</id>
      <id>10623</id>
      <id>10624</id>
      <id>10625</id>
      <id>10626</id>
      <id>10627</id>
      <id>10628</id>
      <id>10629</id>
      <id>10630</id>
      <id>10631</id>
      <id>10632</id>
      <id>10633</id>
      <id>10634</id>
      <id>10635</id>
      <id>10636</id>
      <id>10637</id>
      <id>10638</id>
      <id>10639</id>
      <id>10640</id>
      <id>10641</id>
      <id>10642</id>
      <id>10643</id>
      <id>10644</id>
      <id>10645</id>
      <id>10646</id>
      <id>10647</id>
      <id>10648</id>
      <id>10649</id>
      <id>10650</id>
      <id>10651</id>
      <id>10652</id>
      <id>10653</id>
      <id>10654</id>
      <id>10655</id>
      <id>10656</id>
      <id>10657</id>
      <id>10658</id>
      <id>10659</id>
      <id>10660</id>
      <id>10661</id>
      <id>10662</id>
      <id>10663</id>
      <id>10664</id>
      <id>10665</id>
      <id>10666</id>
      <id>10667</id>
      <id>10668</id>
      <id>10669</id>
      <id>10670</id>
      <id>10671</id>
      <id>10672</id>
      <id>10673</id>
      <id>10674</id>
      <id>10675</id>
      <id>10676</id>
      <id>10677</id>
      <id>10678</id>
      <id>10679</id>
      <id>10680</id>
      <id>10681</id>
      <id>10682</id>
      <id>10683</id>
      <id>10684</id>
      <id>10685</id>
      <id>10686</id>
      <id>10687</id>
      <id>10688</id>
      <id>10689</id>
      <id>10690</id>
      <id>10691</id>
      <id>10692</id>
      <id>10693</id>
      <id>10694</id>
      <id>10695</id>
      <id>10696</id>
      <id>10697</id>
      <id>10698</id>
      <id>10699</id>
      <id>10700</id>
      <id>10701</id>
      <id>10702</id>
      <id>10703</id>
      <id>10704</id>
      <id>10705</id>
      <id>10706</id>
      <id>10707</id>
      <id>10708</id>
      <id>10709</id>
      <id>10710</id>
      <id>10711</id>
      <id>10712</id>
      <id>10713</id>
      <id>10714</id>
      <id>10715</id>
      <id>10716</id>
      <id>10717</id>
      <id>10718</id>
      <id>10719</id>
      <id>10720</id>
      <id>10721</id>
      <id>10722</id>
      <id>10723</id>
      <id>10724</id>
      <id>10725</id>
      <id>10726</id>
      <id>10727</id>
      <id>10728</id>
      <id>10729</id>
      <id>10730</id>
      <id>10731</id>
      <id>10732</id>
      <id>10733</id>
      <id>10734</id>
      <id>10735</id>
      <id>10736</id>
      <id>10737</id>
      <id>10738</id>
      <id>10739</id>
      <id>10740</id>
      <id>10741</id>
      <id>10742</id>
      <id>10743</id>
      <id>10744</id>
      <id>10745</id>
      <id>10746</id>
      <id>10747</id>
      <id>10748</id>
      <id>10749</id>
      <id>10750</id>
      <id>10751</id>
      <id>10752</id>
      <id>10753</id>
      <id>10754</id>
      <id>10755</id>
      <id>10756</id>
      <id>10757</id>
      <id>10758</id>
      <id>10759</id>
      <id>10760</id>
      <id>10761</id>
      <id>10762</id>
      <id>10763</id>
      <id>10764</id>
      <id>10765</id>
      <id>10766</id>
      <id>10767</id>
      <id>10768</id>
      <id>10769</id>
      <id>10770</id>
      <id>10771</id>
      <id>10772</id>
      <id>10773</id>
      <id>10774</id>
      <id>10775</id>
   </successors>
   <trajectory>
      <states>
         <state>
            <time>0</time>
            <x>0</x>
            <y>0</y>
            <velocity>24.4</velocity>
            <orientation>0</orientation>
         </state>
         <state>
            <time>0.1</time>
            <x>2.4421</x>
            <y>0.11956</y>
            <velocity>24.52</velocity>
            <orientation>0.09784</orientation>
         </state>
         <state>
            <time>0.2</time>
            <x>4.8726</x>
            <y>0.47944</y>
            <velocity>24.64</velocity>
            <orientation>0.19616</orientation>
         </state>
         <state>
            <time>0.3</time>
            <x>7.2675</x>
            <y>1.0797</y>
            <velocity>24.76</velocity>
            <orientation>0.29496</orientation>
         </state>
         <state>
            <time>0.4</time>
            <x>9.6027</x>
            <y>1.9178</y>
            <velocity>24.88</velocity>
            <orientation>0.39424</orientation>
         </state>
         <state>
            <time>0.5</time>
            <x>11.8538</x>
            <y>2.9889</y>
            <velocity>25</velocity>
            <orientation>0.494</orientation>
         </state>
         <state>
            <time>0.6</time>
            <x>13.997</x>
            <y>4.2856</y>
            <velocity>25.12</velocity>
            <orientation>0.59424</orientation>
         </state>
         <state>
            <time>0.7</time>
            <x>16.0089</x>
            <y>5.798</y>
            <velocity>25.24</velocity>
            <orientation>0.69496</orientation>
         </state>
         <state>
            <time>0.8</time>
            <x>17.8669</x>
            <y>7.5136</y>
            <velocity>25.36</velocity>
            <orientation>0.79616</orientation>
         </state>
         <state>
            <time>0.9</time>
            <x>19.5496</x>
            <y>9.4175</y>
            <velocity>25.48</velocity>
            <orientation>0.89784</orientation>
         </state>
         <state>
            <time>1</time>
            <x>21.0368</x>
            <y>11.4924</y>
            <velocity>25.6</velocity>
            <orientation>1</orientation>
         </state>
      </states>
      <inputs>
         <input>
            <acceleration>1.2</acceleration>
            <steer>0.091742</steer>
         </input>
         <input>
            <acceleration>1.2</acceleration>
            <steer>0.091742</steer>
         </input>
         <input>
            <acceleration>1.2</acceleration>
            <steer>0.091742</steer>
         </input>
         <input>
            <acceleration>1.2</acceleration>
            <steer>0.091742</steer>
         </input>
         <input>
            <acceleration>1.2</acceleration>
            <steer>0.091742</steer>
         </input>
         <input>
            <acceleration>1.2</acceleration>
            <steer>0.091742</steer>
         </input>
         <input>
            <acceleration>1.2</acceleration>
            <steer>0.091742</steer>
         </input>
         <input>
            <acceleration>1.2</acceleration>
            <steer>0.091742</steer>
         </input>
         <input>
            <acceleration>1.2</acceleration>
            <steer>0.091742</steer>
         </input>
         <input>
            <acceleration>1.2</acceleration>
            <steer>0.091742</steer>
         </input>
      </inputs>
   </trajectory>
   <occupancySet>
      <occupancy>
         <time>
            <intervalStart>0</intervalStart>
            <intervalEnd>0.1</intervalEnd>
         </time>
         <set>
            <point>
               <element dimension="1">-1.1298</element>
               <element dimension="2">1.0211</element>
            </point>
            <point>
               <element dimension="1">2.4671</element>
               <element dimension="2">1.3564</element>
            </point>
            <point>
               <element dimension="1">5.5649</element>
               <element dimension="2">1.5079</element>
            </point>
            <point>
               <element dimension="1">5.7645</element>
               <element dimension="2">1.5089</element>
            </point>
            <point>
               <element dimension="1">5.9459</element>
               <element dimension="2">-0.43724</element>
            </point>
            <point>
               <element dimension="1">5.9518</element>
               <element dimension="2">-0.55817</element>
            </point>
            <point>
               <element dimension="1">5.953</element>
               <element dimension="2">-0.79653</element>
            </point>
            <point>
               <element dimension="1">3.6612</element>
               <element dimension="2">-1.0101</element>
            </point>
            <point>
               <element dimension="1">2.1985</element>
               <element dimension="2">-1.0817</element>
            </point>
            <point>
               <element dimension="1">-1.1145</element>
               <element dimension="2">-1.0979</element>
            </point>
            <point>
               <element dimension="1">-1.1197</element>
               <element dimension="2">-1.0429</element>
            </point>
            <point>
               <element dimension="1">-1.1198</element>
               <element dimension="2">-1.0408</element>
            </point>
         </set>
      </occupancy>
      <occupancy>
         <time>
            <intervalStart>0.1</intervalStart>
            <intervalEnd>0.2</intervalEnd>
         </time>
         <set>
            <point>
               <element dimension="1">0.965</element>
               <element dimension="2">1.0657</element>
            </point>
            <point>
               <element dimension="1">4.4679</element>
               <element dimension="2">1.7438</element>
            </point>
            <point>
               <element dimension="1">7.8434</element>
               <element dimension="2">2.2266</element>
            </point>
            <point>
               <element dimension="1">8.0258</element>
               <element dimension="2">2.2436</element>
            </point>
            <point>
               <element dimension="1">8.4197</element>
               <element dimension="2">0.20903</element>
            </point>
            <point>
               <element dimension="1">8.4243</element>
               <element dimension="2">0.17661</element>
            </point>
            <point>
               <element dimension="1">8.4552</element>
               <element dimension="2">-0.15409</element>
            </point>
            <point>
               <element dimension="1">5.9515</element>
               <element dimension="2">-0.63881</element>
            </point>
            <point>
               <element dimension="1">4.6458</element>
               <element dimension="2">-0.82554</element>
            </point>
            <point>
               <element dimension="1">1.1829</element>
               <element dimension="2">-1.1483</element>
            </point>
            <point>
               <element dimension="1">1.1682</element>
               <element dimension="2">-1.0726</element>
            </point>
            <point>
               <element dimension="1">1.157</element>
               <element dimension="2">-0.99398</element>
            </point>
         </set>
      </occupancy>
      <occupancy>
         <time>
            <intervalStart>0.2</intervalStart>
            <intervalEnd>0.3</intervalEnd>
         </time>
         <set>
            <point>
               <element dimension="1">3.3031</element>
               <element dimension="2">1.3332</element>
            </point>
            <point>
               <element dimension="1">6.7166</element>
               <element dimension="2">2.3519</element>
            </point>
            <point>
               <element dimension="1">10.0504</element>
               <element dimension="2">3.1698</element>
            </point>
            <point>
               <element dimension="1">10.2031</element>
               <element dimension="2">3.1994</element>
            </point>
            <point>
               <element dimension="1">10.8299</element>
               <element dimension="2">1.099</element>
            </point>
            <point>
               <element dimension="1">10.8986</element>
               <element dimension="2">0.74387</element>
            </point>
            <point>
               <element dimension="1">8.438</element>
               <element dimension="2">0.0095547</element>
            </point>
            <point>
               <element dimension="1">7.1698</element>
               <element dimension="2">-0.30158</element>
            </point>
            <point>
               <element dimension="1">3.7652</element>
               <element dimension="2">-0.9607</element>
            </point>
            <point>
               <element dimension="1">3.7373</element>
               <element dimension="2">-0.86721</element>
            </point>
            <point>
               <element dimension="1">3.6984</element>
               <element dimension="2">-0.70855</element>
            </point>
         </set>
      </occupancy>
      <occupancy>
         <time>
            <intervalStart>0.3</intervalStart>
            <intervalEnd>0.4</intervalEnd>
         </time>
         <set>
            <point>
               <element dimension="1">5.6153</element>
               <element dimension="2">1.831</element>
            </point>
            <point>
               <element dimension="1">7.2975</element>
               <element dimension="2">2.5212</element>
            </point>
            <point>
               <element dimension="1">12.1943</element>
               <element dimension="2">4.2515</element>
            </point>
            <point>
               <element dimension="1">12.3176</element>
               <element dimension="2">4.2883</element>
            </point>
            <point>
               <element dimension="1">13.0545</element>
               <element dimension="2">2.4922</element>
            </point>
            <point>
               <element dimension="1">13.1236</element>
               <element dimension="2">2.2967</element>
            </point>
            <point>
               <element dimension="1">13.247</element>
               <element dimension="2">1.8833</element>
            </point>
            <point>
               <element dimension="1">10.8609</element>
               <element dimension="2">0.90437</element>
            </point>
            <point>
               <element dimension="1">10.3949</element>
               <element dimension="2">0.73967</element>
            </point>
            <point>
               <element dimension="1">6.3152</element>
               <element dimension="2">-0.47779</element>
            </point>
            <point>
               <element dimension="1">6.2855</element>
               <element dimension="2">-0.40528</element>
            </point>
            <point>
               <element dimension="1">6.2677</element>
               <element dimension="2">-0.35491</element>
            </point>
         </set>
      </occupancy>
      <occupancy>
         <time>
            <intervalStart>0.4</intervalStart>
            <intervalEnd>0.5</intervalEnd>
         </time>
         <set>
            <point>
               <element dimension="1">7.9026</element>
               <element dimension="2">2.4732</element>
            </point>
            <point>
               <element dimension="1">9.2767</element>
               <element dimension="2">3.2046</element>
            </point>
            <point>
               <element dimension="1">14.238</element>
               <element dimension="2">5.5356</element>
            </point>
            <point>
               <element dimension="1">14.3359</element>
               <element dimension="2">5.5758</element>
            </point>
            <point>
               <element dimension="1">15.2034</element>
               <element dimension="2">3.9457</element>
            </point>
            <point>
               <element dimension="1">15.2284</element>
               <element dimension="2">3.8925</element>
            </point>
            <point>
               <element dimension="1">15.4548</element>
               <element dimension="2">3.3407</element>
            </point>
            <point>
               <element dimension="1">13.1622</element>
               <element dimension="2">2.1205</element>
            </point>
            <point>
               <element dimension="1">12.8583</element>
               <element dimension="2">1.9778</element>
            </point>
            <point>
               <element dimension="1">8.7964</element>
               <element dimension="2">0.31118</element>
            </point>
            <point>
               <element dimension="1">8.767</element>
               <element dimension="2">0.36644</element>
            </point>
         </set>
      </occupancy>
      <occupancy>
         <time>
            <intervalStart>0.5</intervalStart>
            <intervalEnd>0.6</intervalEnd>
         </time>
         <set>
            <point>
               <element dimension="1">10.133</element>
               <element dimension="2">3.331</element>
            </point>
            <point>
               <element dimension="1">11.4927</element>
               <element dimension="2">4.24</element>
            </point>
            <point>
               <element dimension="1">16.1511</element>
               <element dimension="2">7.0274</element>
            </point>
            <point>
               <element dimension="1">16.225</element>
               <element dimension="2">7.0668</element>
            </point>
            <point>
               <element dimension="1">17.2487</element>
               <element dimension="2">5.5356</element>
            </point>
            <point>
               <element dimension="1">17.515</element>
               <element dimension="2">5.0352</element>
            </point>
            <point>
               <element dimension="1">15.3355</element>
               <element dimension="2">3.5782</element>
            </point>
            <point>
               <element dimension="1">14.985</element>
               <element dimension="2">3.3685</element>
            </point>
            <point>
               <element dimension="1">11.1935</element>
               <element dimension="2">1.3505</element>
            </point>
            <point>
               <element dimension="1">11.162</element>
               <element dimension="2">1.3977</element>
            </point>
         </set>
      </occupancy>
      <occupancy>
         <time>
            <intervalStart>0.6</intervalStart>
            <intervalEnd>0.7</intervalEnd>
         </time>
         <set>
            <point>
               <element dimension="1">12.2825</element>
               <element dimension="2">4.4193</element>
            </point>
            <point>
               <element dimension="1">13.5369</element>
               <element dimension="2">5.4546</element>
            </point>
            <point>
               <element dimension="1">17.9137</element>
               <element dimension="2">8.7111</element>
            </point>
            <point>
               <element dimension="1">17.9658</element>
               <element dimension="2">8.7459</element>
            </point>
            <point>
               <element dimension="1">19.135</element>
               <element dimension="2">7.3291</element>
            </point>
            <point>
               <element dimension="1">19.4008</element>
               <element dimension="2">6.9316</element>
            </point>
            <point>
               <element dimension="1">17.3638</element>
               <element dimension="2">5.2505</element>
            </point>
            <point>
               <element dimension="1">17.0424</element>
               <element dimension="2">5.0114</element>
            </point>
            <point>
               <element dimension="1">13.4833</element>
               <element dimension="2">2.6319</element>
            </point>
            <point>
               <element dimension="1">13.4524</element>
               <element dimension="2">2.6693</element>
            </point>
         </set>
      </occupancy>
      <occupancy>
         <time>
            <intervalStart>0.7</intervalStart>
            <intervalEnd>0.8</intervalEnd>
         </time>
         <set>
            <point>
               <element dimension="1">14.3285</element>
               <element dimension="2">5.7288</element>
            </point>
            <point>
               <element dimension="1">15.4612</element>
               <element dimension="2">6.8747</element>
            </point>
            <point>
               <element dimension="1">19.5058</element>
               <element dimension="2">10.5723</element>
            </point>
            <point>
               <element dimension="1">19.5384</element>
               <element dimension="2">10.5992</element>
            </point>
            <point>
               <element dimension="1">20.8412</element>
               <element dimension="2">9.3113</element>
            </point>
            <point>
               <element dimension="1">21.0871</element>
               <element dimension="2">9.0134</element>
            </point>
            <point>
               <element dimension="1">19.2225</element>
               <element dimension="2">7.1271</element>
            </point>
            <point>
               <element dimension="1">18.9327</element>
               <element dimension="2">6.8621</element>
            </point>
            <point>
               <element dimension="1">15.6408</element>
               <element dimension="2">4.1452</element>
            </point>
            <point>
               <element dimension="1">15.6122</element>
               <element dimension="2">4.1734</element>
            </point>
         </set>
      </occupancy>
      <occupancy>
         <time>
            <intervalStart>0.8</intervalStart>
            <intervalEnd>0.9</intervalEnd>
         </time>
         <set>
            <point>
               <element dimension="1">16.2471</element>
               <element dimension="2">7.2517</element>
            </point>
            <point>
               <element dimension="1">17.2429</element>
               <element dimension="2">8.4883</element>
            </point>
            <point>
               <element dimension="1">20.9129</element>
               <element dimension="2">12.5994</element>
            </point>
            <point>
               <element dimension="1">20.9241</element>
               <element dimension="2">12.6107</element>
            </point>
            <point>
               <element dimension="1">22.3473</element>
               <element dimension="2">11.4646</element>
            </point>
            <point>
               <element dimension="1">22.5551</element>
               <element dimension="2">11.2592</element>
            </point>
            <point>
               <element dimension="1">20.89</element>
               <element dimension="2">9.1915</element>
            </point>
            <point>
               <element dimension="1">20.6328</element>
               <element dimension="2">8.9033</element>
            </point>
            <point>
               <element dimension="1">17.6418</element>
               <element dimension="2">5.8775</element>
            </point>
            <point>
               <element dimension="1">17.617</element>
               <element dimension="2">5.8975</element>
            </point>
         </set>
      </occupancy>
      <occupancy>
         <time>
            <intervalStart>0.9</intervalStart>
            <intervalEnd>1</intervalEnd>
         </time>
         <set>
            <point>
               <element dimension="1">18.0145</element>
               <element dimension="2">8.9771</element>
            </point>
            <point>
               <element dimension="1">18.9221</element>
               <element dimension="2">10.3751</element>
            </point>
            <point>
               <element dimension="1">22.092</element>
               <element dimension="2">14.7511</element>
            </point>
            <point>
               <element dimension="1">22.0985</element>
               <element dimension="2">14.7592</element>
            </point>
            <point>
               <element dimension="1">23.5678</element>
               <element dimension="2">13.8053</element>
            </point>
            <point>
               <element dimension="1">23.5684</element>
               <element dimension="2">13.8049</element>
            </point>
            <point>
               <element dimension="1">23.7805</element>
               <element dimension="2">13.634</element>
            </point>
            <point>
               <element dimension="1">22.3463</element>
               <element dimension="2">11.4249</element>
            </point>
            <point>
               <element dimension="1">22.0926</element>
               <element dimension="2">11.0746</element>
            </point>
            <point>
               <element dimension="1">19.4653</element>
               <element dimension="2">7.8121</element>
            </point>
            <point>
               <element dimension="1">19.4433</element>
               <element dimension="2">7.8264</element>
            </point>
         </set>
      </occupancy>
   </occupancySet>
   <reachableSet>
      <reachability>
         <time>0</time>
         <x>
            <intervalStart>-0.1</intervalStart>
            <intervalEnd>0.1</intervalEnd>
         </x>
         <y>
            <intervalStart>-0.1</intervalStart>
            <intervalEnd>0.1</intervalEnd>
         </y>
         <velocity>
            <intervalStart>24.2</intervalStart>
            <intervalEnd>24.6</intervalEnd>
         </velocity>
         <orientation>
            <intervalStart>-0.02</intervalStart>
            <intervalEnd>0.02</intervalEnd>
         </orientation>
      </reachability>
      <reachability>
         <time>1</time>
         <x>
            <intervalStart>21.0254</intervalStart>
            <intervalEnd>21.0437</intervalEnd>
         </x>
         <y>
            <intervalStart>11.4847</intervalStart>
            <intervalEnd>11.5013</intervalEnd>
         </y>
         <velocity>
            <intervalStart>25.6</intervalStart>
            <intervalEnd>25.6</intervalEnd>
         </velocity>
         <orientation>
            <intervalStart>0.99969</intervalStart>
            <intervalEnd>1.0005</intervalEnd>
         </orientation>
      </reachability>
   </reachableSet>
</motionPrimitive>