<?xml version="1.0" encoding="utf-8"?>
<motionPrimitive ID="10188">
   <controller type="generator space control">controller10188.mat</controller>
   <successors>
      <id>10596</id>
      <id>10597</id>
      <id>10598</id>
      <id>10599</id>
      <id>10600</id>
      <id>10601</id>
      <id>10602</id>
      <id>10603</id>
      <id>10604</id>
      <id>10605</id>
      <id>10606</id>
      <id>10607</id>
      <id>10608</id>
      <id>10609</id>
      <id>10610</id>
      <id>10611</id>
      <id>10612</id>
      <id>10613</id>
      <id>10614</id>
      <id>10615</id>
      <id>10616</id>
      <id>10617</id>
      <id>10618</id>
      <id>10619</id>
      <id>10620</id>
      <id>10621</id>
      <id>10622</id>
      <id>10623</id>
      <id>10624</id>
      <id>10625</id>
      <id>10626</id>
      <id>10627</id>
      <id>10628</id>
      <id>10629</id>
      <id>10630</id>
      <id>10631</id>
      <id>10632</id>
      <id>10633</id>
      <id>10634</id>
      <id>10635</id>
      <id>10636</id>
      <id>10637</id>
      <id>10638</id>
      <id>10639</id>
      <id>10640</id>
      <id>10641</id>
      <id>10642</id>
      <id>10643</id>
      <id>10644</id>
      <id>10645</id>
      <id>10646</id>
      <id>10647</id>
      <id>10648</id>
      <id>10649</id>
      <id>10650</id>
      <id>10651</id>
      <id>10652</id>
      <id>10653</id>
      <id>10654</id>
      <id>10655</id>
      <id>10656</id>
      <id>10657</id>
      <id>10658</id>
      <id>10659</id>
      <id>10660</id>
      <id>10661</id>
      <id>10662</id>
      <id>10663</id>
      <id>10664</id>
      <id>10665</id>
      <id>10666</id>
      <id>10667</id>
      <id>10668</id>
      <id>10669</id>
      <id>10670</id>
      <id>10671</id>
      <id>10672</id>
      <id>10673</id>
      <id>10674</id>
      <id>10675</id>
      <id>10676</id>
      <id>10677</id>
      <id>10678</id>
      <id>10679</id>
      <id>10680</id>
      <id>10681</id>
      <id>10682</id>
      <id>10683</id>
      <id>10684</id>
      <id>10685</id>
      <id>10686</id>
      <id>10687</id>
      <id>10688</id>
      <id>10689</id>
      <id>10690</id>
      <id>10691</id>
      <id>10692</id>
      <id>10693</id>
      <id>10694</id>
      <id>10695</id>
      <id>10696</id>
      <id>10697</id>
      <id>10698</id>
      <id>10699</id>
      <id>10700</id>
      <id>10701</id>
      <id>10702</id>
      <id>10703</id>
      <id>10704</id>
      <id>10705</id>
      <id>10706</id>
      <id>10707</id>
      <id>10708</id>
      <id>10709</id>
      <id>10710</id>
      <id>10711</id>
      <id>10712</id>
      <id>10713</id>
      <id>10714</id>
      <id>10715</id>
      <id>10716</id>
      <id>10717</id>
      <id>10718</id>
      <id>10719</id>
      <id>10720</id>
      <id>10721</id>
      <id>10722</id>
      <id>10723</id>
      <id>10724</id>
      <id>10725</id>
      <id>10726</id>
      <id>10727</id>
      <id>10728</id>
      <id>10729</id>
      <id>10730</id>
      <id>10731</id>
      <id>10732</id>
      <id>10733</id>
      <id>10734</id>
      <id>10735</id>
      <id>10736</id>
      <id>10737</id>
      <id>10738</id>
      <id>10739</id>
      <id>10740</id>
      <id>10741</id>
      <id>10742</id>
      <id>10743</id>
      <id>10744</id>
      <id>10745</id>
      <id>10746</id>
      <id>10747</id>
      <id>10748</id>
      <id>10749</id>
      <id>10750</id>
      <id>10751</id>
      <id>10752</id>
      <id>10753</id>
      <id>10754</id>
      <id>10755</id>
      <id>10756</id>
      <id>10757</id>
      <id>10758</id>
      <id>10759</id>
      <id>10760</id>
      <id>10761</id>
      <id>10762</id>
      <id>10763</id>
      <id>10764</id>
      <id>10765</id>
      <id>10766</id>
      <id>10767</id>
      <id>10768</id>
      <id>10769</id>
      <id>10770</id>
      <id>10771</id>
      <id>10772</id>
      <id>10773</id>
      <id>10774</id>
      <id>10775</id>
   </successors>
   <trajectory>
      <states>
         <state>
            <time>0</time>
            <x>0</x>
            <y>0</y>
            <velocity>24.4</velocity>
            <orientation>0</orientation>
         </state>
         <state>
            <time>0.1</time>
            <x>2.4446</x>
            <y>0.071774</y>
            <velocity>24.52</velocity>
            <orientation>0.058704</orientation>
         </state>
         <state>
            <time>0.2</time>
            <x>4.8927</x>
            <y>0.28826</y>
            <velocity>24.64</velocity>
            <orientation>0.1177</orientation>
         </state>
         <state>
            <time>0.3</time>
            <x>7.3356</x>
            <y>0.65081</y>
            <velocity>24.76</velocity>
            <orientation>0.17698</orientation>
         </state>
         <state>
            <time>0.4</time>
            <x>9.7643</x>
            <y>1.1603</y>
            <velocity>24.88</velocity>
            <orientation>0.23654</orientation>
         </state>
         <state>
            <time>0.5</time>
            <x>12.17</x>
            <y>1.8169</y>
            <velocity>25</velocity>
            <orientation>0.2964</orientation>
         </state>
         <state>
            <time>0.6</time>
            <x>14.5432</x>
            <y>2.6205</y>
            <velocity>25.12</velocity>
            <orientation>0.35654</orientation>
         </state>
         <state>
            <time>0.7</time>
            <x>16.8749</x>
            <y>3.5701</y>
            <velocity>25.24</velocity>
            <orientation>0.41698</orientation>
         </state>
         <state>
            <time>0.8</time>
            <x>19.1556</x>
            <y>4.6643</y>
            <velocity>25.36</velocity>
            <orientation>0.4777</orientation>
         </state>
         <state>
            <time>0.9</time>
            <x>21.376</x>
            <y>5.9011</y>
            <velocity>25.48</velocity>
            <orientation>0.5387</orientation>
         </state>
         <state>
            <time>1</time>
            <x>23.5268</x>
            <y>7.2777</y>
            <velocity>25.6</velocity>
            <orientation>0.6</orientation>
         </state>
      </states>
      <inputs>
         <input>
            <acceleration>1.2</acceleration>
            <steer>0.055144</steer>
         </input>
         <input>
            <acceleration>1.2</acceleration>
            <steer>0.055144</steer>
         </input>
         <input>
            <acceleration>1.2</acceleration>
            <steer>0.055144</steer>
         </input>
         <input>
            <acceleration>1.2</acceleration>
            <steer>0.055144</steer>
         </input>
         <input>
            <acceleration>1.2</acceleration>
            <steer>0.055144</steer>
         </input>
         <input>
            <acceleration>1.2</acceleration>
            <steer>0.055144</steer>
         </input>
         <input>
            <acceleration>1.2</acceleration>
            <steer>0.055144</steer>
         </input>
         <input>
            <acceleration>1.2</acceleration>
            <steer>0.055144</steer>
         </input>
         <input>
            <acceleration>1.2</acceleration>
            <steer>0.055144</steer>
         </input>
         <input>
            <acceleration>1.2</acceleration>
            <steer>0.055144</steer>
         </input>
      </inputs>
   </trajectory>
   <occupancySet>
      <occupancy>
         <time>
            <intervalStart>0</intervalStart>
            <intervalEnd>0.1</intervalEnd>
         </time>
         <set>
            <point>
               <element dimension="1">-1.1257</element>
               <element dimension="2">1.0186</element>
            </point>
            <point>
               <element dimension="1">-0.076854</element>
               <element dimension="2">1.0772</element>
            </point>
            <point>
               <element dimension="1">5.6071</element>
               <element dimension="2">1.244</element>
            </point>
            <point>
               <element dimension="1">5.7983</element>
               <element dimension="2">1.2446</element>
            </point>
            <point>
               <element dimension="1">5.8948</element>
               <element dimension="2">-0.48392</element>
            </point>
            <point>
               <element dimension="1">5.899</element>
               <element dimension="2">-0.62746</element>
            </point>
            <point>
               <element dimension="1">5.8998</element>
               <element dimension="2">-0.8868</element>
            </point>
            <point>
               <element dimension="1">3.6576</element>
               <element dimension="2">-1.012</element>
            </point>
            <point>
               <element dimension="1">3.2385</element>
               <element dimension="2">-1.0243</element>
            </point>
            <point>
               <element dimension="1">-1.1194</element>
               <element dimension="2">-1.0371</element>
            </point>
            <point>
               <element dimension="1">-1.1197</element>
               <element dimension="2">-1.0316</element>
            </point>
            <point>
               <element dimension="1">-1.1197</element>
               <element dimension="2">-1.0314</element>
            </point>
         </set>
      </occupancy>
      <occupancy>
         <time>
            <intervalStart>0.1</intervalStart>
            <intervalEnd>0.2</intervalEnd>
         </time>
         <set>
            <point>
               <element dimension="1">1.0326</element>
               <element dimension="2">0.98075</element>
            </point>
            <point>
               <element dimension="1">3.4944</element>
               <element dimension="2">1.2645</element>
            </point>
            <point>
               <element dimension="1">7.9967</element>
               <element dimension="2">1.6493</element>
            </point>
            <point>
               <element dimension="1">8.166</element>
               <element dimension="2">1.6588</element>
            </point>
            <point>
               <element dimension="1">8.3669</element>
               <element dimension="2">-0.083732</element>
            </point>
            <point>
               <element dimension="1">8.3674</element>
               <element dimension="2">-0.089634</element>
            </point>
            <point>
               <element dimension="1">8.3868</element>
               <element dimension="2">-0.4371</element>
            </point>
            <point>
               <element dimension="1">5.8981</element>
               <element dimension="2">-0.72396</element>
            </point>
            <point>
               <element dimension="1">5.1749</element>
               <element dimension="2">-0.78577</element>
            </point>
            <point>
               <element dimension="1">1.1453</element>
               <element dimension="2">-1.0108</element>
            </point>
            <point>
               <element dimension="1">1.1423</element>
               <element dimension="2">-0.98525</element>
            </point>
         </set>
      </occupancy>
      <occupancy>
         <time>
            <intervalStart>0.2</intervalStart>
            <intervalEnd>0.3</intervalEnd>
         </time>
         <set>
            <point>
               <element dimension="1">3.4331</element>
               <element dimension="2">1.1151</element>
            </point>
            <point>
               <element dimension="1">5.5761</element>
               <element dimension="2">1.4918</element>
            </point>
            <point>
               <element dimension="1">10.367</element>
               <element dimension="2">2.1885</element>
            </point>
            <point>
               <element dimension="1">10.5133</element>
               <element dimension="2">2.2053</element>
            </point>
            <point>
               <element dimension="1">10.8197</element>
               <element dimension="2">0.46281</element>
            </point>
            <point>
               <element dimension="1">10.858</element>
               <element dimension="2">0.12997</element>
            </point>
            <point>
               <element dimension="1">8.3766</element>
               <element dimension="2">-0.30626</element>
            </point>
            <point>
               <element dimension="1">7.794</element>
               <element dimension="2">-0.39097</element>
            </point>
            <point>
               <element dimension="1">3.6636</element>
               <element dimension="2">-0.86705</element>
            </point>
            <point>
               <element dimension="1">3.6577</element>
               <element dimension="2">-0.83344</element>
            </point>
         </set>
      </occupancy>
      <occupancy>
         <time>
            <intervalStart>0.3</intervalStart>
            <intervalEnd>0.4</intervalEnd>
         </time>
         <set>
            <point>
               <element dimension="1">5.8393</element>
               <element dimension="2">1.384</element>
            </point>
            <point>
               <element dimension="1">7.8706</element>
               <element dimension="2">1.8673</element>
            </point>
            <point>
               <element dimension="1">12.7135</element>
               <element dimension="2">2.8681</element>
            </point>
            <point>
               <element dimension="1">12.8372</element>
               <element dimension="2">2.8899</element>
            </point>
            <point>
               <element dimension="1">13.2487</element>
               <element dimension="2">1.1606</element>
            </point>
            <point>
               <element dimension="1">13.3023</element>
               <element dimension="2">0.8557</element>
            </point>
            <point>
               <element dimension="1">10.8335</element>
               <element dimension="2">0.26835</element>
            </point>
            <point>
               <element dimension="1">10.3027</element>
               <element dimension="2">0.15867</element>
            </point>
            <point>
               <element dimension="1">6.1848</element>
               <element dimension="2">-0.56527</element>
            </point>
            <point>
               <element dimension="1">6.1743</element>
               <element dimension="2">-0.52119</element>
            </point>
         </set>
      </occupancy>
      <occupancy>
         <time>
            <intervalStart>0.4</intervalStart>
            <intervalEnd>0.5</intervalEnd>
         </time>
         <set>
            <point>
               <element dimension="1">8.2373</element>
               <element dimension="2">1.7945</element>
            </point>
            <point>
               <element dimension="1">10.0191</element>
               <element dimension="2">2.3329</element>
            </point>
            <point>
               <element dimension="1">15.0271</element>
               <element dimension="2">3.6838</element>
            </point>
            <point>
               <element dimension="1">15.1274</element>
               <element dimension="2">3.7077</element>
            </point>
            <point>
               <element dimension="1">15.6398</element>
               <element dimension="2">2.0117</element>
            </point>
            <point>
               <element dimension="1">15.7063</element>
               <element dimension="2">1.7319</element>
            </point>
            <point>
               <element dimension="1">13.2658</element>
               <element dimension="2">0.99453</element>
            </point>
            <point>
               <element dimension="1">12.8065</element>
               <element dimension="2">0.87065</element>
            </point>
            <point>
               <element dimension="1">8.6925</element>
               <element dimension="2">-0.10812</element>
            </point>
            <point>
               <element dimension="1">8.6807</element>
               <element dimension="2">-0.069101</element>
            </point>
         </set>
      </occupancy>
      <occupancy>
         <time>
            <intervalStart>0.5</intervalStart>
            <intervalEnd>0.6</intervalEnd>
         </time>
         <set>
            <point>
               <element dimension="1">10.6232</element>
               <element dimension="2">2.3444</element>
            </point>
            <point>
               <element dimension="1">12.39</element>
               <element dimension="2">2.9964</element>
            </point>
            <point>
               <element dimension="1">17.2983</element>
               <element dimension="2">4.6419</element>
            </point>
            <point>
               <element dimension="1">17.3758</element>
               <element dimension="2">4.6653</element>
            </point>
            <point>
               <element dimension="1">17.9873</element>
               <element dimension="2">3.0082</element>
            </point>
            <point>
               <element dimension="1">18.0618</element>
               <element dimension="2">2.7618</element>
            </point>
            <point>
               <element dimension="1">15.6572</element>
               <element dimension="2">1.8744</element>
            </point>
            <point>
               <element dimension="1">15.1962</element>
               <element dimension="2">1.7199</element>
            </point>
            <point>
               <element dimension="1">11.1806</element>
               <element dimension="2">0.50667</element>
            </point>
            <point>
               <element dimension="1">11.1687</element>
               <element dimension="2">0.53913</element>
            </point>
         </set>
      </occupancy>
      <occupancy>
         <time>
            <intervalStart>0.6</intervalStart>
            <intervalEnd>0.7</intervalEnd>
         </time>
         <set>
            <point>
               <element dimension="1">12.9845</element>
               <element dimension="2">3.041</element>
            </point>
            <point>
               <element dimension="1">14.7168</element>
               <element dimension="2">3.8021</element>
            </point>
            <point>
               <element dimension="1">19.5181</element>
               <element dimension="2">5.7407</element>
            </point>
            <point>
               <element dimension="1">19.5736</element>
               <element dimension="2">5.7612</element>
            </point>
            <point>
               <element dimension="1">20.282</element>
               <element dimension="2">4.1488</element>
            </point>
            <point>
               <element dimension="1">20.3605</element>
               <element dimension="2">3.9361</element>
            </point>
            <point>
               <element dimension="1">18.0031</element>
               <element dimension="2">2.9004</element>
            </point>
            <point>
               <element dimension="1">17.5527</element>
               <element dimension="2">2.7185</element>
            </point>
            <point>
               <element dimension="1">13.6385</element>
               <element dimension="2">1.274</element>
            </point>
            <point>
               <element dimension="1">13.6269</element>
               <element dimension="2">1.3003</element>
            </point>
         </set>
      </occupancy>
      <occupancy>
         <time>
            <intervalStart>0.7</intervalStart>
            <intervalEnd>0.8</intervalEnd>
         </time>
         <set>
            <point>
               <element dimension="1">15.3119</element>
               <element dimension="2">3.8837</element>
            </point>
            <point>
               <element dimension="1">17.0046</element>
               <element dimension="2">4.7535</element>
            </point>
            <point>
               <element dimension="1">21.6775</element>
               <element dimension="2">6.978</element>
            </point>
            <point>
               <element dimension="1">21.7121</element>
               <element dimension="2">6.9933</element>
            </point>
            <point>
               <element dimension="1">22.5146</element>
               <element dimension="2">5.4315</element>
            </point>
            <point>
               <element dimension="1">22.5933</element>
               <element dimension="2">5.2524</element>
            </point>
            <point>
               <element dimension="1">20.294</element>
               <element dimension="2">4.0709</element>
            </point>
            <point>
               <element dimension="1">19.8558</element>
               <element dimension="2">3.8623</element>
            </point>
            <point>
               <element dimension="1">16.0563</element>
               <element dimension="2">2.193</element>
            </point>
            <point>
               <element dimension="1">16.0458</element>
               <element dimension="2">2.2134</element>
            </point>
         </set>
      </occupancy>
      <occupancy>
         <time>
            <intervalStart>0.8</intervalStart>
            <intervalEnd>0.9</intervalEnd>
         </time>
         <set>
            <point>
               <element dimension="1">17.5962</element>
               <element dimension="2">4.8719</element>
            </point>
            <point>
               <element dimension="1">19.2406</element>
               <element dimension="2">5.848</element>
            </point>
            <point>
               <element dimension="1">23.7758</element>
               <element dimension="2">8.356</element>
            </point>
            <point>
               <element dimension="1">23.7821</element>
               <element dimension="2">8.3593</element>
            </point>
            <point>
               <element dimension="1">24.6758</element>
               <element dimension="2">6.8535</element>
            </point>
            <point>
               <element dimension="1">24.7509</element>
               <element dimension="2">6.7075</element>
            </point>
            <point>
               <element dimension="1">22.5206</element>
               <element dimension="2">5.3837</element>
            </point>
            <point>
               <element dimension="1">22.0946</element>
               <element dimension="2">5.1481</element>
            </point>
            <point>
               <element dimension="1">18.4245</element>
               <element dimension="2">3.2623</element>
            </point>
            <point>
               <element dimension="1">18.4157</element>
               <element dimension="2">3.2771</element>
            </point>
         </set>
      </occupancy>
      <occupancy>
         <time>
            <intervalStart>0.9</intervalStart>
            <intervalEnd>1</intervalEnd>
         </time>
         <set>
            <point>
               <element dimension="1">19.8277</element>
               <element dimension="2">6.0041</element>
            </point>
            <point>
               <element dimension="1">21.4772</element>
               <element dimension="2">7.1252</element>
            </point>
            <point>
               <element dimension="1">25.7704</element>
               <element dimension="2">9.8547</element>
            </point>
            <point>
               <element dimension="1">25.7747</element>
               <element dimension="2">9.8572</element>
            </point>
            <point>
               <element dimension="1">26.7428</element>
               <element dimension="2">8.4327</element>
            </point>
            <point>
               <element dimension="1">26.7429</element>
               <element dimension="2">8.4326</element>
            </point>
            <point>
               <element dimension="1">26.8233</element>
               <element dimension="2">8.2971</element>
            </point>
            <point>
               <element dimension="1">24.6736</element>
               <element dimension="2">6.836</element>
            </point>
            <point>
               <element dimension="1">24.2201</element>
               <element dimension="2">6.5477</element>
            </point>
            <point>
               <element dimension="1">20.7341</element>
               <element dimension="2">4.4786</element>
            </point>
            <point>
               <element dimension="1">20.7267</element>
               <element dimension="2">4.4895</element>
            </point>
         </set>
      </occupancy>
   </occupancySet>
   <reachableSet>
      <reachability>
         <time>0</time>
         <x>
            <intervalStart>-0.1</intervalStart>
            <intervalEnd>0.1</intervalEnd>
         </x>
         <y>
            <intervalStart>-0.1</intervalStart>
            <intervalEnd>0.1</intervalEnd>
         </y>
         <velocity>
            <intervalStart>24.2</intervalStart>
            <intervalEnd>24.6</intervalEnd>
         </velocity>
         <orientation>
            <intervalStart>-0.02</intervalStart>
            <intervalEnd>0.02</intervalEnd>
         </orientation>
      </reachability>
      <reachability>
         <time>1</time>
         <x>
            <intervalStart>23.5236</intervalStart>
            <intervalEnd>23.5293</intervalEnd>
         </x>
         <y>
            <intervalStart>7.2722</intervalStart>
            <intervalEnd>7.2836</intervalEnd>
         </y>
         <velocity>
            <intervalStart>25.6</intervalStart>
            <intervalEnd>25.6</intervalEnd>
         </velocity>
         <orientation>
            <intervalStart>0.59977</intervalStart>
            <intervalEnd>0.60025</intervalEnd>
         </orientation>
      </reachability>
   </reachableSet>
</motionPrimitive>