<?xml version="1.0" encoding="utf-8"?>
<motionPrimitive ID="10361">
   <controller type="generator space control">controller10361.mat</controller>
   <successors>
      <id>10776</id>
      <id>10777</id>
      <id>10778</id>
      <id>10779</id>
      <id>10780</id>
      <id>10781</id>
      <id>10782</id>
      <id>10783</id>
      <id>10784</id>
      <id>10785</id>
      <id>10786</id>
      <id>10787</id>
      <id>10788</id>
      <id>10789</id>
      <id>10790</id>
      <id>10791</id>
      <id>10792</id>
      <id>10793</id>
      <id>10794</id>
      <id>10795</id>
      <id>10796</id>
      <id>10797</id>
      <id>10798</id>
      <id>10799</id>
      <id>10800</id>
      <id>10801</id>
      <id>10802</id>
      <id>10803</id>
      <id>10804</id>
      <id>10805</id>
      <id>10806</id>
      <id>10807</id>
      <id>10808</id>
      <id>10809</id>
      <id>10810</id>
      <id>10811</id>
      <id>10812</id>
      <id>10813</id>
      <id>10814</id>
      <id>10815</id>
      <id>10816</id>
      <id>10817</id>
      <id>10818</id>
      <id>10819</id>
      <id>10820</id>
      <id>10821</id>
      <id>10822</id>
      <id>10823</id>
      <id>10824</id>
      <id>10825</id>
      <id>10826</id>
      <id>10827</id>
      <id>10828</id>
      <id>10829</id>
      <id>10830</id>
      <id>10831</id>
      <id>10832</id>
      <id>10833</id>
      <id>10834</id>
      <id>10835</id>
      <id>10836</id>
      <id>10837</id>
      <id>10838</id>
      <id>10839</id>
      <id>10840</id>
      <id>10841</id>
      <id>10842</id>
      <id>10843</id>
      <id>10844</id>
      <id>10845</id>
      <id>10846</id>
      <id>10847</id>
      <id>10848</id>
      <id>10849</id>
      <id>10850</id>
      <id>10851</id>
      <id>10852</id>
      <id>10853</id>
      <id>10854</id>
      <id>10855</id>
      <id>10856</id>
      <id>10857</id>
      <id>10858</id>
      <id>10859</id>
      <id>10860</id>
      <id>10861</id>
      <id>10862</id>
      <id>10863</id>
      <id>10864</id>
      <id>10865</id>
      <id>10866</id>
      <id>10867</id>
      <id>10868</id>
      <id>10869</id>
      <id>10870</id>
      <id>10871</id>
      <id>10872</id>
      <id>10873</id>
      <id>10874</id>
      <id>10875</id>
      <id>10876</id>
      <id>10877</id>
      <id>10878</id>
      <id>10879</id>
      <id>10880</id>
      <id>10881</id>
      <id>10882</id>
      <id>10883</id>
      <id>10884</id>
      <id>10885</id>
      <id>10886</id>
      <id>10887</id>
      <id>10888</id>
      <id>10889</id>
      <id>10890</id>
      <id>10891</id>
      <id>10892</id>
      <id>10893</id>
      <id>10894</id>
      <id>10895</id>
      <id>10896</id>
      <id>10897</id>
      <id>10898</id>
      <id>10899</id>
      <id>10900</id>
      <id>10901</id>
      <id>10902</id>
      <id>10903</id>
      <id>10904</id>
      <id>10905</id>
      <id>10906</id>
      <id>10907</id>
      <id>10908</id>
      <id>10909</id>
      <id>10910</id>
      <id>10911</id>
      <id>10912</id>
      <id>10913</id>
      <id>10914</id>
      <id>10915</id>
      <id>10916</id>
      <id>10917</id>
      <id>10918</id>
      <id>10919</id>
      <id>10920</id>
      <id>10921</id>
      <id>10922</id>
      <id>10923</id>
      <id>10924</id>
      <id>10925</id>
      <id>10926</id>
      <id>10927</id>
      <id>10928</id>
      <id>10929</id>
      <id>10930</id>
      <id>10931</id>
      <id>10932</id>
      <id>10933</id>
      <id>10934</id>
      <id>10935</id>
      <id>10936</id>
      <id>10937</id>
      <id>10938</id>
      <id>10939</id>
      <id>10940</id>
      <id>10941</id>
      <id>10942</id>
      <id>10943</id>
      <id>10944</id>
      <id>10945</id>
      <id>10946</id>
      <id>10947</id>
      <id>10948</id>
      <id>10949</id>
      <id>10950</id>
      <id>10951</id>
      <id>10952</id>
      <id>10953</id>
      <id>10954</id>
      <id>10955</id>
   </successors>
   <trajectory>
      <states>
         <state>
            <time>0</time>
            <x>0</x>
            <y>0</y>
            <velocity>24.8</velocity>
            <orientation>0</orientation>
         </state>
         <state>
            <time>0.1</time>
            <x>2.4846</x>
            <y>-0.072973</y>
            <velocity>24.92</velocity>
            <orientation>-0.058724</orientation>
         </state>
         <state>
            <time>0.2</time>
            <x>4.9725</x>
            <y>-0.29305</y>
            <velocity>25.04</velocity>
            <orientation>-0.11773</orientation>
         </state>
         <state>
            <time>0.3</time>
            <x>7.4549</x>
            <y>-0.66158</y>
            <velocity>25.16</velocity>
            <orientation>-0.17702</orientation>
         </state>
         <state>
            <time>0.4</time>
            <x>9.9228</x>
            <y>-1.1794</y>
            <velocity>25.28</velocity>
            <orientation>-0.2366</orientation>
         </state>
         <state>
            <time>0.5</time>
            <x>12.367</x>
            <y>-1.8467</y>
            <velocity>25.4</velocity>
            <orientation>-0.29646</orientation>
         </state>
         <state>
            <time>0.6</time>
            <x>14.7781</x>
            <y>-2.6632</y>
            <velocity>25.52</velocity>
            <orientation>-0.3566</orientation>
         </state>
         <state>
            <time>0.7</time>
            <x>17.1467</x>
            <y>-3.628</y>
            <velocity>25.64</velocity>
            <orientation>-0.41702</orientation>
         </state>
         <state>
            <time>0.8</time>
            <x>19.4635</x>
            <y>-4.7396</y>
            <velocity>25.76</velocity>
            <orientation>-0.47773</orientation>
         </state>
         <state>
            <time>0.9</time>
            <x>21.7188</x>
            <y>-5.9959</y>
            <velocity>25.88</velocity>
            <orientation>-0.53872</orientation>
         </state>
         <state>
            <time>1</time>
            <x>23.9032</x>
            <y>-7.3941</y>
            <velocity>26</velocity>
            <orientation>-0.6</orientation>
         </state>
      </states>
      <inputs>
         <input>
            <acceleration>1.2</acceleration>
            <steer>-0.054277</steer>
         </input>
         <input>
            <acceleration>1.2</acceleration>
            <steer>-0.054277</steer>
         </input>
         <input>
            <acceleration>1.2</acceleration>
            <steer>-0.054277</steer>
         </input>
         <input>
            <acceleration>1.2</acceleration>
            <steer>-0.054277</steer>
         </input>
         <input>
            <acceleration>1.2</acceleration>
            <steer>-0.054277</steer>
         </input>
         <input>
            <acceleration>1.2</acceleration>
            <steer>-0.054277</steer>
         </input>
         <input>
            <acceleration>1.2</acceleration>
            <steer>-0.054277</steer>
         </input>
         <input>
            <acceleration>1.2</acceleration>
            <steer>-0.054277</steer>
         </input>
         <input>
            <acceleration>1.2</acceleration>
            <steer>-0.054277</steer>
         </input>
         <input>
            <acceleration>1.2</acceleration>
            <steer>-0.054277</steer>
         </input>
      </inputs>
   </trajectory>
   <occupancySet>
      <occupancy>
         <time>
            <intervalStart>0</intervalStart>
            <intervalEnd>0.1</intervalEnd>
         </time>
         <set>
            <point>
               <element dimension="1">-1.1257</element>
               <element dimension="2">-1.0187</element>
            </point>
            <point>
               <element dimension="1">-1.1197</element>
               <element dimension="2">1.0314</element>
            </point>
            <point>
               <element dimension="1">-1.1197</element>
               <element dimension="2">1.0317</element>
            </point>
            <point>
               <element dimension="1">-1.1194</element>
               <element dimension="2">1.0372</element>
            </point>
            <point>
               <element dimension="1">3.2348</element>
               <element dimension="2">1.0245</element>
            </point>
            <point>
               <element dimension="1">3.6656</element>
               <element dimension="2">1.0118</element>
            </point>
            <point>
               <element dimension="1">5.9397</element>
               <element dimension="2">0.88481</element>
            </point>
            <point>
               <element dimension="1">5.939</element>
               <element dimension="2">0.62652</element>
            </point>
            <point>
               <element dimension="1">5.9348</element>
               <element dimension="2">0.48236</element>
            </point>
            <point>
               <element dimension="1">5.8382</element>
               <element dimension="2">-1.2462</element>
            </point>
            <point>
               <element dimension="1">5.6471</element>
               <element dimension="2">-1.2457</element>
            </point>
            <point>
               <element dimension="1">-0.06595</element>
               <element dimension="2">-1.0779</element>
            </point>
         </set>
      </occupancy>
      <occupancy>
         <time>
            <intervalStart>0.1</intervalStart>
            <intervalEnd>0.2</intervalEnd>
         </time>
         <set>
            <point>
               <element dimension="1">1.0685</element>
               <element dimension="2">-0.98206</element>
            </point>
            <point>
               <element dimension="1">1.1783</element>
               <element dimension="2">0.98466</element>
            </point>
            <point>
               <element dimension="1">1.1813</element>
               <element dimension="2">1.0099</element>
            </point>
            <point>
               <element dimension="1">5.2254</element>
               <element dimension="2">0.784</element>
            </point>
            <point>
               <element dimension="1">5.9381</element>
               <element dimension="2">0.72305</element>
            </point>
            <point>
               <element dimension="1">8.4665</element>
               <element dimension="2">0.43154</element>
            </point>
            <point>
               <element dimension="1">8.4471</element>
               <element dimension="2">0.084281</element>
            </point>
            <point>
               <element dimension="1">8.4466</element>
               <element dimension="2">0.078235</element>
            </point>
            <point>
               <element dimension="1">8.2457</element>
               <element dimension="2">-1.6639</element>
            </point>
            <point>
               <element dimension="1">8.0763</element>
               <element dimension="2">-1.6545</element>
            </point>
            <point>
               <element dimension="1">3.5256</element>
               <element dimension="2">-1.2654</element>
            </point>
         </set>
      </occupancy>
      <occupancy>
         <time>
            <intervalStart>0.2</intervalStart>
            <intervalEnd>0.3</intervalEnd>
         </time>
         <set>
            <point>
               <element dimension="1">3.509</element>
               <element dimension="2">-1.1196</element>
            </point>
            <point>
               <element dimension="1">3.7337</element>
               <element dimension="2">0.82937</element>
            </point>
            <point>
               <element dimension="1">3.7396</element>
               <element dimension="2">0.86283</element>
            </point>
            <point>
               <element dimension="1">7.8793</element>
               <element dimension="2">0.38552</element>
            </point>
            <point>
               <element dimension="1">8.4564</element>
               <element dimension="2">0.30159</element>
            </point>
            <point>
               <element dimension="1">10.9772</element>
               <element dimension="2">-0.1417</element>
            </point>
            <point>
               <element dimension="1">10.9389</element>
               <element dimension="2">-0.47429</element>
            </point>
            <point>
               <element dimension="1">10.6325</element>
               <element dimension="2">-2.2164</element>
            </point>
            <point>
               <element dimension="1">10.4862</element>
               <element dimension="2">-2.1995</element>
            </point>
            <point>
               <element dimension="1">5.65</element>
               <element dimension="2">-1.4961</element>
            </point>
         </set>
      </occupancy>
      <occupancy>
         <time>
            <intervalStart>0.3</intervalStart>
            <intervalEnd>0.4</intervalEnd>
         </time>
         <set>
            <point>
               <element dimension="1">5.9547</element>
               <element dimension="2">-1.3942</element>
            </point>
            <point>
               <element dimension="1">6.2898</element>
               <element dimension="2">0.51134</element>
            </point>
            <point>
               <element dimension="1">6.3003</element>
               <element dimension="2">0.55527</element>
            </point>
            <point>
               <element dimension="1">10.4271</element>
               <element dimension="2">-0.17042</element>
            </point>
            <point>
               <element dimension="1">10.9528</element>
               <element dimension="2">-0.27909</element>
            </point>
            <point>
               <element dimension="1">13.4605</element>
               <element dimension="2">-0.87584</element>
            </point>
            <point>
               <element dimension="1">13.4069</element>
               <element dimension="2">-1.1804</element>
            </point>
            <point>
               <element dimension="1">12.9955</element>
               <element dimension="2">-2.9092</element>
            </point>
            <point>
               <element dimension="1">12.8718</element>
               <element dimension="2">-2.8875</element>
            </point>
            <point>
               <element dimension="1">7.9836</element>
               <element dimension="2">-1.877</element>
            </point>
         </set>
      </occupancy>
      <occupancy>
         <time>
            <intervalStart>0.4</intervalStart>
            <intervalEnd>0.5</intervalEnd>
         </time>
         <set>
            <point>
               <element dimension="1">8.3919</element>
               <element dimension="2">-1.8127</element>
            </point>
            <point>
               <element dimension="1">8.8354</element>
               <element dimension="2">0.050974</element>
            </point>
            <point>
               <element dimension="1">8.8472</element>
               <element dimension="2">0.090007</element>
            </point>
            <point>
               <element dimension="1">12.9677</element>
               <element dimension="2">-0.89053</element>
            </point>
            <point>
               <element dimension="1">13.4241</element>
               <element dimension="2">-1.0137</element>
            </point>
            <point>
               <element dimension="1">15.903</element>
               <element dimension="2">-1.7628</element>
            </point>
            <point>
               <element dimension="1">15.8366</element>
               <element dimension="2">-2.0421</element>
            </point>
            <point>
               <element dimension="1">15.3242</element>
               <element dimension="2">-3.7376</element>
            </point>
            <point>
               <element dimension="1">15.2239</element>
               <element dimension="2">-3.7138</element>
            </point>
            <point>
               <element dimension="1">10.1723</element>
               <element dimension="2">-2.3508</element>
            </point>
         </set>
      </occupancy>
      <occupancy>
         <time>
            <intervalStart>0.5</intervalStart>
            <intervalEnd>0.6</intervalEnd>
         </time>
         <set>
            <point>
               <element dimension="1">10.8164</element>
               <element dimension="2">-2.373</element>
            </point>
            <point>
               <element dimension="1">11.362</element>
               <element dimension="2">-0.56774</element>
            </point>
            <point>
               <element dimension="1">11.374</element>
               <element dimension="2">-0.53527</element>
            </point>
            <point>
               <element dimension="1">15.3959</element>
               <element dimension="2">-1.7507</element>
            </point>
            <point>
               <element dimension="1">15.8541</element>
               <element dimension="2">-1.9043</element>
            </point>
            <point>
               <element dimension="1">18.2962</element>
               <element dimension="2">-2.8057</element>
            </point>
            <point>
               <element dimension="1">18.2219</element>
               <element dimension="2">-3.0515</element>
            </point>
            <point>
               <element dimension="1">17.6104</element>
               <element dimension="2">-4.7082</element>
            </point>
            <point>
               <element dimension="1">17.533</element>
               <element dimension="2">-4.6848</element>
            </point>
            <point>
               <element dimension="1">12.5817</element>
               <element dimension="2">-3.0246</element>
            </point>
         </set>
      </occupancy>
      <occupancy>
         <time>
            <intervalStart>0.6</intervalStart>
            <intervalEnd>0.7</intervalEnd>
         </time>
         <set>
            <point>
               <element dimension="1">13.2156</element>
               <element dimension="2">-3.0823</element>
            </point>
            <point>
               <element dimension="1">13.8581</element>
               <element dimension="2">-1.3417</element>
            </point>
            <point>
               <element dimension="1">13.8697</element>
               <element dimension="2">-1.3154</element>
            </point>
            <point>
               <element dimension="1">17.7903</element>
               <element dimension="2">-2.7625</element>
            </point>
            <point>
               <element dimension="1">18.2378</element>
               <element dimension="2">-2.9432</element>
            </point>
            <point>
               <element dimension="1">20.6319</element>
               <element dimension="2">-3.9952</element>
            </point>
            <point>
               <element dimension="1">20.5536</element>
               <element dimension="2">-4.2072</element>
            </point>
            <point>
               <element dimension="1">19.8453</element>
               <element dimension="2">-5.8192</element>
            </point>
            <point>
               <element dimension="1">19.7898</element>
               <element dimension="2">-5.7987</element>
            </point>
            <point>
               <element dimension="1">14.9465</element>
               <element dimension="2">-3.8428</element>
            </point>
         </set>
      </occupancy>
      <occupancy>
         <time>
            <intervalStart>0.7</intervalStart>
            <intervalEnd>0.8</intervalEnd>
         </time>
         <set>
            <point>
               <element dimension="1">15.5802</element>
               <element dimension="2">-3.94</element>
            </point>
            <point>
               <element dimension="1">16.3141</element>
               <element dimension="2">-2.2698</element>
            </point>
            <point>
               <element dimension="1">16.3245</element>
               <element dimension="2">-2.2494</element>
            </point>
            <point>
               <element dimension="1">20.1302</element>
               <element dimension="2">-3.9217</element>
            </point>
            <point>
               <element dimension="1">20.5657</element>
               <element dimension="2">-4.129</element>
            </point>
            <point>
               <element dimension="1">22.9006</element>
               <element dimension="2">-5.3289</element>
            </point>
            <point>
               <element dimension="1">22.8222</element>
               <element dimension="2">-5.5072</element>
            </point>
            <point>
               <element dimension="1">22.0198</element>
               <element dimension="2">-7.0686</element>
            </point>
            <point>
               <element dimension="1">21.9852</element>
               <element dimension="2">-7.0534</element>
            </point>
            <point>
               <element dimension="1">17.2714</element>
               <element dimension="2">-4.8091</element>
            </point>
         </set>
      </occupancy>
      <occupancy>
         <time>
            <intervalStart>0.8</intervalStart>
            <intervalEnd>0.9</intervalEnd>
         </time>
         <set>
            <point>
               <element dimension="1">17.9006</element>
               <element dimension="2">-4.9454</element>
            </point>
            <point>
               <element dimension="1">18.72</element>
               <element dimension="2">-3.3508</element>
            </point>
            <point>
               <element dimension="1">18.7288</element>
               <element dimension="2">-3.3359</element>
            </point>
            <point>
               <element dimension="1">22.4048</element>
               <element dimension="2">-5.225</element>
            </point>
            <point>
               <element dimension="1">22.8283</element>
               <element dimension="2">-5.4592</element>
            </point>
            <point>
               <element dimension="1">25.0929</element>
               <element dimension="2">-6.8034</element>
            </point>
            <point>
               <element dimension="1">25.0183</element>
               <element dimension="2">-6.9486</element>
            </point>
            <point>
               <element dimension="1">24.1248</element>
               <element dimension="2">-8.454</element>
            </point>
            <point>
               <element dimension="1">24.1169</element>
               <element dimension="2">-8.4499</element>
            </point>
            <point>
               <element dimension="1">19.5436</element>
               <element dimension="2">-5.9206</element>
            </point>
         </set>
      </occupancy>
      <occupancy>
         <time>
            <intervalStart>0.9</intervalStart>
            <intervalEnd>1</intervalEnd>
         </time>
         <set>
            <point>
               <element dimension="1">20.1672</element>
               <element dimension="2">-6.0969</element>
            </point>
            <point>
               <element dimension="1">21.0661</element>
               <element dimension="2">-4.5825</element>
            </point>
            <point>
               <element dimension="1">21.0733</element>
               <element dimension="2">-4.5718</element>
            </point>
            <point>
               <element dimension="1">24.571</element>
               <element dimension="2">-6.648</element>
            </point>
            <point>
               <element dimension="1">25.0162</element>
               <element dimension="2">-6.931</element>
            </point>
            <point>
               <element dimension="1">27.1991</element>
               <element dimension="2">-8.4146</element>
            </point>
            <point>
               <element dimension="1">27.1193</element>
               <element dimension="2">-8.549</element>
            </point>
            <point>
               <element dimension="1">27.1192</element>
               <element dimension="2">-8.5492</element>
            </point>
            <point>
               <element dimension="1">26.1511</element>
               <element dimension="2">-9.9735</element>
            </point>
            <point>
               <element dimension="1">26.1469</element>
               <element dimension="2">-9.971</element>
            </point>
            <point>
               <element dimension="1">21.8179</element>
               <element dimension="2">-7.2188</element>
            </point>
         </set>
      </occupancy>
   </occupancySet>
   <reachableSet>
      <reachability>
         <time>0</time>
         <x>
            <intervalStart>-0.1</intervalStart>
            <intervalEnd>0.1</intervalEnd>
         </x>
         <y>
            <intervalStart>-0.1</intervalStart>
            <intervalEnd>0.1</intervalEnd>
         </y>
         <velocity>
            <intervalStart>24.6</intervalStart>
            <intervalEnd>25</intervalEnd>
         </velocity>
         <orientation>
            <intervalStart>-0.02</intervalStart>
            <intervalEnd>0.02</intervalEnd>
         </orientation>
      </reachability>
      <reachability>
         <time>1</time>
         <x>
            <intervalStart>23.9</intervalStart>
            <intervalEnd>23.9058</intervalEnd>
         </x>
         <y>
            <intervalStart>-7.4</intervalStart>
            <intervalEnd>-7.3887</intervalEnd>
         </y>
         <velocity>
            <intervalStart>26</intervalStart>
            <intervalEnd>26</intervalEnd>
         </velocity>
         <orientation>
            <intervalStart>-0.60025</intervalStart>
            <intervalEnd>-0.59977</intervalEnd>
         </orientation>
      </reachability>
   </reachableSet>
</motionPrimitive>