<?xml version="1.0" encoding="utf-8"?>
<motionPrimitive ID="10103">
   <controller type="generator space control">controller10103.mat</controller>
   <successors>
      <id>10056</id>
      <id>10057</id>
      <id>10058</id>
      <id>10059</id>
      <id>10060</id>
      <id>10061</id>
      <id>10062</id>
      <id>10063</id>
      <id>10064</id>
      <id>10065</id>
      <id>10066</id>
      <id>10067</id>
      <id>10068</id>
      <id>10069</id>
      <id>10070</id>
      <id>10071</id>
      <id>10072</id>
      <id>10073</id>
      <id>10074</id>
      <id>10075</id>
      <id>10076</id>
      <id>10077</id>
      <id>10078</id>
      <id>10079</id>
      <id>10080</id>
      <id>10081</id>
      <id>10082</id>
      <id>10083</id>
      <id>10084</id>
      <id>10085</id>
      <id>10086</id>
      <id>10087</id>
      <id>10088</id>
      <id>10089</id>
      <id>10090</id>
      <id>10091</id>
      <id>10092</id>
      <id>10093</id>
      <id>10094</id>
      <id>10095</id>
      <id>10096</id>
      <id>10097</id>
      <id>10098</id>
      <id>10099</id>
      <id>10100</id>
      <id>10101</id>
      <id>10102</id>
      <id>10103</id>
      <id>10104</id>
      <id>10105</id>
      <id>10106</id>
      <id>10107</id>
      <id>10108</id>
      <id>10109</id>
      <id>10110</id>
      <id>10111</id>
      <id>10112</id>
      <id>10113</id>
      <id>10114</id>
      <id>10115</id>
      <id>10116</id>
      <id>10117</id>
      <id>10118</id>
      <id>10119</id>
      <id>10120</id>
      <id>10121</id>
      <id>10122</id>
      <id>10123</id>
      <id>10124</id>
      <id>10125</id>
      <id>10126</id>
      <id>10127</id>
      <id>10128</id>
      <id>10129</id>
      <id>10130</id>
      <id>10131</id>
      <id>10132</id>
      <id>10133</id>
      <id>10134</id>
      <id>10135</id>
      <id>10136</id>
      <id>10137</id>
      <id>10138</id>
      <id>10139</id>
      <id>10140</id>
      <id>10141</id>
      <id>10142</id>
      <id>10143</id>
      <id>10144</id>
      <id>10145</id>
      <id>10146</id>
      <id>10147</id>
      <id>10148</id>
      <id>10149</id>
      <id>10150</id>
      <id>10151</id>
      <id>10152</id>
      <id>10153</id>
      <id>10154</id>
      <id>10155</id>
      <id>10156</id>
      <id>10157</id>
      <id>10158</id>
      <id>10159</id>
      <id>10160</id>
      <id>10161</id>
      <id>10162</id>
      <id>10163</id>
      <id>10164</id>
      <id>10165</id>
      <id>10166</id>
      <id>10167</id>
      <id>10168</id>
      <id>10169</id>
      <id>10170</id>
      <id>10171</id>
      <id>10172</id>
      <id>10173</id>
      <id>10174</id>
      <id>10175</id>
      <id>10176</id>
      <id>10177</id>
      <id>10178</id>
      <id>10179</id>
      <id>10180</id>
      <id>10181</id>
      <id>10182</id>
      <id>10183</id>
      <id>10184</id>
      <id>10185</id>
      <id>10186</id>
      <id>10187</id>
      <id>10188</id>
      <id>10189</id>
      <id>10190</id>
      <id>10191</id>
      <id>10192</id>
      <id>10193</id>
      <id>10194</id>
      <id>10195</id>
      <id>10196</id>
      <id>10197</id>
      <id>10198</id>
      <id>10199</id>
      <id>10200</id>
      <id>10201</id>
      <id>10202</id>
      <id>10203</id>
      <id>10204</id>
      <id>10205</id>
      <id>10206</id>
      <id>10207</id>
      <id>10208</id>
      <id>10209</id>
      <id>10210</id>
      <id>10211</id>
      <id>10212</id>
      <id>10213</id>
      <id>10214</id>
      <id>10215</id>
      <id>10216</id>
      <id>10217</id>
      <id>10218</id>
      <id>10219</id>
      <id>10220</id>
      <id>10221</id>
      <id>10222</id>
      <id>10223</id>
      <id>10224</id>
      <id>10225</id>
      <id>10226</id>
      <id>10227</id>
      <id>10228</id>
      <id>10229</id>
      <id>10230</id>
      <id>10231</id>
      <id>10232</id>
      <id>10233</id>
      <id>10234</id>
      <id>10235</id>
   </successors>
   <trajectory>
      <states>
         <state>
            <time>0</time>
            <x>0</x>
            <y>0</y>
            <velocity>24.4</velocity>
            <orientation>0</orientation>
         </state>
         <state>
            <time>0.1</time>
            <x>2.4398</x>
            <y>-0.024399</y>
            <velocity>24.4</velocity>
            <orientation>-0.02</orientation>
         </state>
         <state>
            <time>0.2</time>
            <x>4.8787</x>
            <y>-0.097587</y>
            <velocity>24.4</velocity>
            <orientation>-0.04</orientation>
         </state>
         <state>
            <time>0.3</time>
            <x>7.3156</x>
            <y>-0.21953</y>
            <velocity>24.4</velocity>
            <orientation>-0.06</orientation>
         </state>
         <state>
            <time>0.4</time>
            <x>9.7496</x>
            <y>-0.39019</y>
            <velocity>24.4</velocity>
            <orientation>-0.08</orientation>
         </state>
         <state>
            <time>0.5</time>
            <x>12.1797</x>
            <y>-0.60949</y>
            <velocity>24.4</velocity>
            <orientation>-0.1</orientation>
         </state>
         <state>
            <time>0.6</time>
            <x>14.6049</x>
            <y>-0.87735</y>
            <velocity>24.4</velocity>
            <orientation>-0.12</orientation>
         </state>
         <state>
            <time>0.7</time>
            <x>17.0243</x>
            <y>-1.1936</y>
            <velocity>24.4</velocity>
            <orientation>-0.14</orientation>
         </state>
         <state>
            <time>0.8</time>
            <x>19.4368</x>
            <y>-1.5583</y>
            <velocity>24.4</velocity>
            <orientation>-0.16</orientation>
         </state>
         <state>
            <time>0.9</time>
            <x>21.8416</x>
            <y>-1.9711</y>
            <velocity>24.4</velocity>
            <orientation>-0.18</orientation>
         </state>
         <state>
            <time>1</time>
            <x>24.2377</x>
            <y>-2.4319</y>
            <velocity>24.4</velocity>
            <orientation>-0.2</orientation>
         </state>
      </states>
      <inputs>
         <input>
            <acceleration>0</acceleration>
            <steer>-0.01885</steer>
         </input>
         <input>
            <acceleration>0</acceleration>
            <steer>-0.01885</steer>
         </input>
         <input>
            <acceleration>0</acceleration>
            <steer>-0.01885</steer>
         </input>
         <input>
            <acceleration>0</acceleration>
            <steer>-0.01885</steer>
         </input>
         <input>
            <acceleration>0</acceleration>
            <steer>-0.01885</steer>
         </input>
         <input>
            <acceleration>0</acceleration>
            <steer>-0.01885</steer>
         </input>
         <input>
            <acceleration>0</acceleration>
            <steer>-0.01885</steer>
         </input>
         <input>
            <acceleration>0</acceleration>
            <steer>-0.01885</steer>
         </input>
         <input>
            <acceleration>0</acceleration>
            <steer>-0.01885</steer>
         </input>
         <input>
            <acceleration>0</acceleration>
            <steer>-0.01885</steer>
         </input>
      </inputs>
   </trajectory>
   <occupancySet>
      <occupancy>
         <time>
            <intervalStart>0</intervalStart>
            <intervalEnd>0.1</intervalEnd>
         </time>
         <set>
            <point>
               <element dimension="1">-1.1217</element>
               <element dimension="2">-1.0186</element>
            </point>
            <point>
               <element dimension="1">-1.1197</element>
               <element dimension="2">1.0227</element>
            </point>
            <point>
               <element dimension="1">-1.1197</element>
               <element dimension="2">1.023</element>
            </point>
            <point>
               <element dimension="1">-1.1197</element>
               <element dimension="2">1.0232</element>
            </point>
            <point>
               <element dimension="1">3.4174</element>
               <element dimension="2">1.0187</element>
            </point>
            <point>
               <element dimension="1">3.6532</element>
               <element dimension="2">1.0163</element>
            </point>
            <point>
               <element dimension="1">5.8635</element>
               <element dimension="2">0.9743</element>
            </point>
            <point>
               <element dimension="1">5.8634</element>
               <element dimension="2">0.7914</element>
            </point>
            <point>
               <element dimension="1">5.8619</element>
               <element dimension="2">0.64795</element>
            </point>
            <point>
               <element dimension="1">5.8293</element>
               <element dimension="2">-1.0684</element>
            </point>
            <point>
               <element dimension="1">3.635</element>
               <element dimension="2">-1.0663</element>
            </point>
            <point>
               <element dimension="1">-1.1095</element>
               <element dimension="2">-1.0188</element>
            </point>
         </set>
      </occupancy>
      <occupancy>
         <time>
            <intervalStart>0.1</intervalStart>
            <intervalEnd>0.2</intervalEnd>
         </time>
         <set>
            <point>
               <element dimension="1">1.0686</element>
               <element dimension="2">-0.97884</element>
            </point>
            <point>
               <element dimension="1">1.1058</element>
               <element dimension="2">0.98014</element>
            </point>
            <point>
               <element dimension="1">1.1062</element>
               <element dimension="2">0.98833</element>
            </point>
            <point>
               <element dimension="1">5.1884</element>
               <element dimension="2">0.91074</element>
            </point>
            <point>
               <element dimension="1">5.8625</element>
               <element dimension="2">0.89118</element>
            </point>
            <point>
               <element dimension="1">8.3129</element>
               <element dimension="2">0.79555</element>
            </point>
            <point>
               <element dimension="1">8.3079</element>
               <element dimension="2">0.53077</element>
            </point>
            <point>
               <element dimension="1">8.3078</element>
               <element dimension="2">0.52877</element>
            </point>
            <point>
               <element dimension="1">8.24</element>
               <element dimension="2">-1.2076</element>
            </point>
            <point>
               <element dimension="1">8.0716</element>
               <element dimension="2">-1.2044</element>
            </point>
            <point>
               <element dimension="1">3.2993</element>
               <element dimension="2">-1.0659</element>
            </point>
         </set>
      </occupancy>
      <occupancy>
         <time>
            <intervalStart>0.2</intervalStart>
            <intervalEnd>0.3</intervalEnd>
         </time>
         <set>
            <point>
               <element dimension="1">3.4953</element>
               <element dimension="2">-1.0232</element>
            </point>
            <point>
               <element dimension="1">3.5714</element>
               <element dimension="2">0.92748</element>
            </point>
            <point>
               <element dimension="1">3.5719</element>
               <element dimension="2">0.93585</element>
            </point>
            <point>
               <element dimension="1">8.0403</element>
               <element dimension="2">0.76147</element>
            </point>
            <point>
               <element dimension="1">8.3101</element>
               <element dimension="2">0.74823</element>
            </point>
            <point>
               <element dimension="1">10.7559</element>
               <element dimension="2">0.60375</element>
            </point>
            <point>
               <element dimension="1">10.7462</element>
               <element dimension="2">0.3562</element>
            </point>
            <point>
               <element dimension="1">10.6434</element>
               <element dimension="2">-1.3835</element>
            </point>
            <point>
               <element dimension="1">10.4972</element>
               <element dimension="2">-1.3778</element>
            </point>
            <point>
               <element dimension="1">4.6095</element>
               <element dimension="2">-1.089</element>
            </point>
         </set>
      </occupancy>
      <occupancy>
         <time>
            <intervalStart>0.3</intervalStart>
            <intervalEnd>0.4</intervalEnd>
         </time>
         <set>
            <point>
               <element dimension="1">5.9261</element>
               <element dimension="2">-1.1052</element>
            </point>
            <point>
               <element dimension="1">6.0394</element>
               <element dimension="2">0.81376</element>
            </point>
            <point>
               <element dimension="1">6.0404</element>
               <element dimension="2">0.82665</element>
            </point>
            <point>
               <element dimension="1">10.4514</element>
               <element dimension="2">0.56607</element>
            </point>
            <point>
               <element dimension="1">10.7497</element>
               <element dimension="2">0.54545</element>
            </point>
            <point>
               <element dimension="1">13.1941</element>
               <element dimension="2">0.35194</element>
            </point>
            <point>
               <element dimension="1">13.1812</element>
               <element dimension="2">0.1334</element>
            </point>
            <point>
               <element dimension="1">13.0435</element>
               <element dimension="2">-1.6065</element>
            </point>
            <point>
               <element dimension="1">12.9184</element>
               <element dimension="2">-1.5991</element>
            </point>
            <point>
               <element dimension="1">6.9844</element>
               <element dimension="2">-1.189</element>
            </point>
         </set>
      </occupancy>
      <occupancy>
         <time>
            <intervalStart>0.4</intervalStart>
            <intervalEnd>0.5</intervalEnd>
         </time>
         <set>
            <point>
               <element dimension="1">8.3547</element>
               <element dimension="2">-1.2352</element>
            </point>
            <point>
               <element dimension="1">8.5044</element>
               <element dimension="2">0.65507</element>
            </point>
            <point>
               <element dimension="1">8.5055</element>
               <element dimension="2">0.66648</element>
            </point>
            <point>
               <element dimension="1">12.9285</element>
               <element dimension="2">0.31632</element>
            </point>
            <point>
               <element dimension="1">13.1864</element>
               <element dimension="2">0.2933</element>
            </point>
            <point>
               <element dimension="1">15.6255</element>
               <element dimension="2">0.051033</element>
            </point>
            <point>
               <element dimension="1">15.6104</element>
               <element dimension="2">-0.14017</element>
            </point>
            <point>
               <element dimension="1">15.4381</element>
               <element dimension="2">-1.8747</element>
            </point>
            <point>
               <element dimension="1">15.3352</element>
               <element dimension="2">-1.8666</element>
            </point>
            <point>
               <element dimension="1">9.1854</element>
               <element dimension="2">-1.3178</element>
            </point>
         </set>
      </occupancy>
      <occupancy>
         <time>
            <intervalStart>0.5</intervalStart>
            <intervalEnd>0.6</intervalEnd>
         </time>
         <set>
            <point>
               <element dimension="1">10.7818</element>
               <element dimension="2">-1.4117</element>
            </point>
            <point>
               <element dimension="1">10.9663</element>
               <element dimension="2">0.44566</element>
            </point>
            <point>
               <element dimension="1">10.9673</element>
               <element dimension="2">0.45482</element>
            </point>
            <point>
               <element dimension="1">15.3476</element>
               <element dimension="2">0.019746</element>
            </point>
            <point>
               <element dimension="1">15.6155</element>
               <element dimension="2">-0.0095782</element>
            </point>
            <point>
               <element dimension="1">18.0496</element>
               <element dimension="2">-0.30062</element>
            </point>
            <point>
               <element dimension="1">18.0336</element>
               <element dimension="2">-0.46189</element>
            </point>
            <point>
               <element dimension="1">17.8269</element>
               <element dimension="2">-2.1906</element>
            </point>
            <point>
               <element dimension="1">17.7462</element>
               <element dimension="2">-2.1826</element>
            </point>
            <point>
               <element dimension="1">11.639</element>
               <element dimension="2">-1.5142</element>
            </point>
         </set>
      </occupancy>
      <occupancy>
         <time>
            <intervalStart>0.6</intervalStart>
            <intervalEnd>0.7</intervalEnd>
         </time>
         <set>
            <point>
               <element dimension="1">13.2053</element>
               <element dimension="2">-1.6371</element>
            </point>
            <point>
               <element dimension="1">13.4234</element>
               <element dimension="2">0.18663</element>
            </point>
            <point>
               <element dimension="1">13.4244</element>
               <element dimension="2">0.19372</element>
            </point>
            <point>
               <element dimension="1">17.772</element>
               <element dimension="2">-0.32612</element>
            </point>
            <point>
               <element dimension="1">18.0381</element>
               <element dimension="2">-0.36064</element>
            </point>
            <point>
               <element dimension="1">20.4657</element>
               <element dimension="2">-0.70028</element>
            </point>
            <point>
               <element dimension="1">20.45</element>
               <element dimension="2">-0.83173</element>
            </point>
            <point>
               <element dimension="1">20.209</element>
               <element dimension="2">-2.554</element>
            </point>
            <point>
               <element dimension="1">20.1503</element>
               <element dimension="2">-2.5469</element>
            </point>
            <point>
               <element dimension="1">14.0762</element>
               <element dimension="2">-1.759</element>
            </point>
         </set>
      </occupancy>
      <occupancy>
         <time>
            <intervalStart>0.7</intervalStart>
            <intervalEnd>0.8</intervalEnd>
         </time>
         <set>
            <point>
               <element dimension="1">15.6244</element>
               <element dimension="2">-1.9113</element>
            </point>
            <point>
               <element dimension="1">15.8748</element>
               <element dimension="2">-0.12176</element>
            </point>
            <point>
               <element dimension="1">15.8756</element>
               <element dimension="2">-0.11674</element>
            </point>
            <point>
               <element dimension="1">20.189</element>
               <element dimension="2">-0.7202</element>
            </point>
            <point>
               <element dimension="1">20.4533</element>
               <element dimension="2">-0.75988</element>
            </point>
            <point>
               <element dimension="1">22.8728</element>
               <element dimension="2">-1.1479</element>
            </point>
            <point>
               <element dimension="1">22.8586</element>
               <element dimension="2">-1.2495</element>
            </point>
            <point>
               <element dimension="1">22.5835</element>
               <element dimension="2">-2.9646</element>
            </point>
            <point>
               <element dimension="1">22.5467</element>
               <element dimension="2">-2.9595</element>
            </point>
            <point>
               <element dimension="1">16.5079</element>
               <element dimension="2">-2.053</element>
            </point>
         </set>
      </occupancy>
      <occupancy>
         <time>
            <intervalStart>0.8</intervalStart>
            <intervalEnd>0.9</intervalEnd>
         </time>
         <set>
            <point>
               <element dimension="1">18.0381</element>
               <element dimension="2">-2.2341</element>
            </point>
            <point>
               <element dimension="1">18.3195</element>
               <element dimension="2">-0.47938</element>
            </point>
            <point>
               <element dimension="1">18.32</element>
               <element dimension="2">-0.47639</element>
            </point>
            <point>
               <element dimension="1">22.5956</element>
               <element dimension="2">-1.162</element>
            </point>
            <point>
               <element dimension="1">22.8599</element>
               <element dimension="2">-1.2071</element>
            </point>
            <point>
               <element dimension="1">25.2699</element>
               <element dimension="2">-1.6432</element>
            </point>
            <point>
               <element dimension="1">25.2583</element>
               <element dimension="2">-1.7152</element>
            </point>
            <point>
               <element dimension="1">24.9494</element>
               <element dimension="2">-3.4226</element>
            </point>
            <point>
               <element dimension="1">24.9451</element>
               <element dimension="2">-3.4219</element>
            </point>
            <point>
               <element dimension="1">18.9423</element>
               <element dimension="2">-2.3977</element>
            </point>
         </set>
      </occupancy>
      <occupancy>
         <time>
            <intervalStart>0.9</intervalStart>
            <intervalEnd>1</intervalEnd>
         </time>
         <set>
            <point>
               <element dimension="1">20.4454</element>
               <element dimension="2">-2.6054</element>
            </point>
            <point>
               <element dimension="1">20.7565</element>
               <element dimension="2">-0.88611</element>
            </point>
            <point>
               <element dimension="1">20.7568</element>
               <element dimension="2">-0.88421</element>
            </point>
            <point>
               <element dimension="1">24.9023</element>
               <element dimension="2">-1.6343</element>
            </point>
            <point>
               <element dimension="1">25.2572</element>
               <element dimension="2">-1.7022</element>
            </point>
            <point>
               <element dimension="1">27.6559</element>
               <element dimension="2">-2.1859</element>
            </point>
            <point>
               <element dimension="1">27.6439</element>
               <element dimension="2">-2.2527</element>
            </point>
            <point>
               <element dimension="1">27.3057</element>
               <element dimension="2">-3.9292</element>
            </point>
            <point>
               <element dimension="1">27.3035</element>
               <element dimension="2">-3.9288</element>
            </point>
            <point>
               <element dimension="1">21.5492</element>
               <element dimension="2">-2.828</element>
            </point>
         </set>
      </occupancy>
   </occupancySet>
   <reachableSet>
      <reachability>
         <time>0</time>
         <x>
            <intervalStart>-0.1</intervalStart>
            <intervalEnd>0.1</intervalEnd>
         </x>
         <y>
            <intervalStart>-0.1</intervalStart>
            <intervalEnd>0.1</intervalEnd>
         </y>
         <velocity>
            <intervalStart>24.2</intervalStart>
            <intervalEnd>24.6</intervalEnd>
         </velocity>
         <orientation>
            <intervalStart>-0.02</intervalStart>
            <intervalEnd>0.02</intervalEnd>
         </orientation>
      </reachability>
      <reachability>
         <time>1</time>
         <x>
            <intervalStart>24.2363</intervalStart>
            <intervalEnd>24.2386</intervalEnd>
         </x>
         <y>
            <intervalStart>-2.4368</intervalStart>
            <intervalEnd>-2.4271</intervalEnd>
         </y>
         <velocity>
            <intervalStart>24.4</intervalStart>
            <intervalEnd>24.4</intervalEnd>
         </velocity>
         <orientation>
            <intervalStart>-0.20021</intervalStart>
            <intervalEnd>-0.1998</intervalEnd>
         </orientation>
      </reachability>
   </reachableSet>
</motionPrimitive>