<?xml version="1.0" encoding="utf-8"?>
<motionPrimitive ID="10414">
   <controller type="generator space control">controller10414.mat</controller>
   <successors>
      <id>9276</id>
      <id>9277</id>
      <id>9278</id>
      <id>9279</id>
      <id>9280</id>
      <id>9281</id>
      <id>9282</id>
      <id>9283</id>
      <id>9284</id>
      <id>9285</id>
      <id>9286</id>
      <id>9287</id>
      <id>9288</id>
      <id>9289</id>
      <id>9290</id>
      <id>9291</id>
      <id>9292</id>
      <id>9293</id>
      <id>9294</id>
      <id>9295</id>
      <id>9296</id>
      <id>9297</id>
      <id>9298</id>
      <id>9299</id>
      <id>9300</id>
      <id>9301</id>
      <id>9302</id>
      <id>9303</id>
      <id>9304</id>
      <id>9305</id>
      <id>9306</id>
      <id>9307</id>
      <id>9308</id>
      <id>9309</id>
      <id>9310</id>
      <id>9311</id>
      <id>9312</id>
      <id>9313</id>
      <id>9314</id>
      <id>9315</id>
      <id>9316</id>
      <id>9317</id>
      <id>9318</id>
      <id>9319</id>
      <id>9320</id>
      <id>9321</id>
      <id>9322</id>
      <id>9323</id>
      <id>9324</id>
      <id>9325</id>
      <id>9326</id>
      <id>9327</id>
      <id>9328</id>
      <id>9329</id>
      <id>9330</id>
      <id>9331</id>
      <id>9332</id>
      <id>9333</id>
      <id>9334</id>
      <id>9335</id>
      <id>9336</id>
      <id>9337</id>
      <id>9338</id>
      <id>9339</id>
      <id>9340</id>
      <id>9341</id>
      <id>9342</id>
      <id>9343</id>
      <id>9344</id>
      <id>9345</id>
      <id>9346</id>
      <id>9347</id>
      <id>9348</id>
      <id>9349</id>
      <id>9350</id>
      <id>9351</id>
      <id>9352</id>
      <id>9353</id>
      <id>9354</id>
      <id>9355</id>
      <id>9356</id>
      <id>9357</id>
      <id>9358</id>
      <id>9359</id>
      <id>9360</id>
      <id>9361</id>
      <id>9362</id>
      <id>9363</id>
      <id>9364</id>
      <id>9365</id>
      <id>9366</id>
      <id>9367</id>
      <id>9368</id>
      <id>9369</id>
      <id>9370</id>
      <id>9371</id>
      <id>9372</id>
      <id>9373</id>
      <id>9374</id>
      <id>9375</id>
      <id>9376</id>
      <id>9377</id>
      <id>9378</id>
      <id>9379</id>
      <id>9380</id>
      <id>9381</id>
      <id>9382</id>
      <id>9383</id>
      <id>9384</id>
      <id>9385</id>
      <id>9386</id>
      <id>9387</id>
      <id>9388</id>
      <id>9389</id>
      <id>9390</id>
      <id>9391</id>
      <id>9392</id>
      <id>9393</id>
      <id>9394</id>
      <id>9395</id>
      <id>9396</id>
      <id>9397</id>
      <id>9398</id>
      <id>9399</id>
      <id>9400</id>
      <id>9401</id>
      <id>9402</id>
      <id>9403</id>
      <id>9404</id>
      <id>9405</id>
      <id>9406</id>
      <id>9407</id>
      <id>9408</id>
      <id>9409</id>
      <id>9410</id>
      <id>9411</id>
      <id>9412</id>
      <id>9413</id>
      <id>9414</id>
      <id>9415</id>
      <id>9416</id>
      <id>9417</id>
      <id>9418</id>
      <id>9419</id>
      <id>9420</id>
      <id>9421</id>
      <id>9422</id>
      <id>9423</id>
      <id>9424</id>
      <id>9425</id>
      <id>9426</id>
      <id>9427</id>
      <id>9428</id>
      <id>9429</id>
      <id>9430</id>
      <id>9431</id>
      <id>9432</id>
      <id>9433</id>
      <id>9434</id>
      <id>9435</id>
      <id>9436</id>
      <id>9437</id>
      <id>9438</id>
      <id>9439</id>
      <id>9440</id>
      <id>9441</id>
      <id>9442</id>
      <id>9443</id>
      <id>9444</id>
      <id>9445</id>
      <id>9446</id>
      <id>9447</id>
      <id>9448</id>
      <id>9449</id>
      <id>9450</id>
      <id>9451</id>
      <id>9452</id>
      <id>9453</id>
      <id>9454</id>
      <id>9455</id>
   </successors>
   <trajectory>
      <states>
         <state>
            <time>0</time>
            <x>0</x>
            <y>0</y>
            <velocity>24.8</velocity>
            <orientation>0</orientation>
         </state>
         <state>
            <time>0.1</time>
            <x>2.4672</x>
            <y>0.10248</y>
            <velocity>24.6</velocity>
            <orientation>0.083025</orientation>
         </state>
         <state>
            <time>0.2</time>
            <x>4.8976</x>
            <y>0.4059</y>
            <velocity>24.4</velocity>
            <orientation>0.16538</orientation>
         </state>
         <state>
            <time>0.3</time>
            <x>7.2755</x>
            <y>0.90333</y>
            <velocity>24.2</velocity>
            <orientation>0.24706</orientation>
         </state>
         <state>
            <time>0.4</time>
            <x>9.5859</x>
            <y>1.5867</y>
            <velocity>24</velocity>
            <orientation>0.32807</orientation>
         </state>
         <state>
            <time>0.5</time>
            <x>11.815</x>
            <y>2.4468</y>
            <velocity>23.8</velocity>
            <orientation>0.4084</orientation>
         </state>
         <state>
            <time>0.6</time>
            <x>13.9504</x>
            <y>3.4736</y>
            <velocity>23.6</velocity>
            <orientation>0.48807</orientation>
         </state>
         <state>
            <time>0.7</time>
            <x>15.9803</x>
            <y>4.6563</y>
            <velocity>23.4</velocity>
            <orientation>0.56706</orientation>
         </state>
         <state>
            <time>0.8</time>
            <x>17.8946</x>
            <y>5.9835</y>
            <velocity>23.2</velocity>
            <orientation>0.64538</orientation>
         </state>
         <state>
            <time>0.9</time>
            <x>19.6843</x>
            <y>7.4432</y>
            <velocity>23</velocity>
            <orientation>0.72303</orientation>
         </state>
         <state>
            <time>1</time>
            <x>21.3413</x>
            <y>9.023</y>
            <velocity>22.8</velocity>
            <orientation>0.8</orientation>
         </state>
      </states>
      <inputs>
         <input>
            <acceleration>-2</acceleration>
            <steer>0.077157</steer>
         </input>
         <input>
            <acceleration>-2</acceleration>
            <steer>0.077157</steer>
         </input>
         <input>
            <acceleration>-2</acceleration>
            <steer>0.077157</steer>
         </input>
         <input>
            <acceleration>-2</acceleration>
            <steer>0.077157</steer>
         </input>
         <input>
            <acceleration>-2</acceleration>
            <steer>0.077157</steer>
         </input>
         <input>
            <acceleration>-2</acceleration>
            <steer>0.077157</steer>
         </input>
         <input>
            <acceleration>-2</acceleration>
            <steer>0.077157</steer>
         </input>
         <input>
            <acceleration>-2</acceleration>
            <steer>0.077157</steer>
         </input>
         <input>
            <acceleration>-2</acceleration>
            <steer>0.077157</steer>
         </input>
         <input>
            <acceleration>-2</acceleration>
            <steer>0.077157</steer>
         </input>
      </inputs>
   </trajectory>
   <occupancySet>
      <occupancy>
         <time>
            <intervalStart>0</intervalStart>
            <intervalEnd>0.1</intervalEnd>
         </time>
         <set>
            <point>
               <element dimension="1">-1.1283</element>
               <element dimension="2">1.0186</element>
            </point>
            <point>
               <element dimension="1">0.3734</element>
               <element dimension="2">1.1374</element>
            </point>
            <point>
               <element dimension="1">5.6042</element>
               <element dimension="2">1.3548</element>
            </point>
            <point>
               <element dimension="1">5.796</element>
               <element dimension="2">1.3556</element>
            </point>
            <point>
               <element dimension="1">5.9329</element>
               <element dimension="2">-0.37582</element>
            </point>
            <point>
               <element dimension="1">5.9387</element>
               <element dimension="2">-0.51517</element>
            </point>
            <point>
               <element dimension="1">5.94</element>
               <element dimension="2">-0.82926</element>
            </point>
            <point>
               <element dimension="1">3.6662</element>
               <element dimension="2">-1.0091</element>
            </point>
            <point>
               <element dimension="1">3.0916</element>
               <element dimension="2">-1.0329</element>
            </point>
            <point>
               <element dimension="1">-1.1187</element>
               <element dimension="2">-1.0505</element>
            </point>
            <point>
               <element dimension="1">-1.1197</element>
               <element dimension="2">-1.0372</element>
            </point>
            <point>
               <element dimension="1">-1.1197</element>
               <element dimension="2">-1.037</element>
            </point>
         </set>
      </occupancy>
      <occupancy>
         <time>
            <intervalStart>0.1</intervalStart>
            <intervalEnd>0.2</intervalEnd>
         </time>
         <set>
            <point>
               <element dimension="1">1.0299</element>
               <element dimension="2">0.98165</element>
            </point>
            <point>
               <element dimension="1">3.5077</element>
               <element dimension="2">1.3848</element>
            </point>
            <point>
               <element dimension="1">7.9374</element>
               <element dimension="2">1.9194</element>
            </point>
            <point>
               <element dimension="1">8.1074</element>
               <element dimension="2">1.9329</element>
            </point>
            <point>
               <element dimension="1">8.3908</element>
               <element dimension="2">0.191</element>
            </point>
            <point>
               <element dimension="1">8.3912</element>
               <element dimension="2">0.18765</element>
            </point>
            <point>
               <element dimension="1">8.4229</element>
               <element dimension="2">-0.21293</element>
            </point>
            <point>
               <element dimension="1">5.9378</element>
               <element dimension="2">-0.61728</element>
            </point>
            <point>
               <element dimension="1">5.2106</element>
               <element dimension="2">-0.70505</element>
            </point>
            <point>
               <element dimension="1">1.1914</element>
               <element dimension="2">-1.0229</element>
            </point>
            <point>
               <element dimension="1">1.1856</element>
               <element dimension="2">-0.98701</element>
            </point>
            <point>
               <element dimension="1">1.1856</element>
               <element dimension="2">-0.98701</element>
            </point>
         </set>
      </occupancy>
      <occupancy>
         <time>
            <intervalStart>0.2</intervalStart>
            <intervalEnd>0.3</intervalEnd>
         </time>
         <set>
            <point>
               <element dimension="1">3.398</element>
               <element dimension="2">1.1688</element>
            </point>
            <point>
               <element dimension="1">5.6459</element>
               <element dimension="2">1.7261</element>
            </point>
            <point>
               <element dimension="1">10.1959</element>
               <element dimension="2">2.6586</element>
            </point>
            <point>
               <element dimension="1">10.3418</element>
               <element dimension="2">2.6824</element>
            </point>
            <point>
               <element dimension="1">10.7715</element>
               <element dimension="2">0.94912</element>
            </point>
            <point>
               <element dimension="1">10.8333</element>
               <element dimension="2">0.56982</element>
            </point>
            <point>
               <element dimension="1">8.4045</element>
               <element dimension="2">-0.032289</element>
            </point>
            <point>
               <element dimension="1">7.7683</element>
               <element dimension="2">-0.16269</element>
            </point>
            <point>
               <element dimension="1">3.7258</element>
               <element dimension="2">-0.82045</element>
            </point>
            <point>
               <element dimension="1">3.7137</element>
               <element dimension="2">-0.77183</element>
            </point>
         </set>
      </occupancy>
      <occupancy>
         <time>
            <intervalStart>0.3</intervalStart>
            <intervalEnd>0.4</intervalEnd>
         </time>
         <set>
            <point>
               <element dimension="1">5.7304</element>
               <element dimension="2">1.5391</element>
            </point>
            <point>
               <element dimension="1">7.8449</element>
               <element dimension="2">2.2493</element>
            </point>
            <point>
               <element dimension="1">12.3712</element>
               <element dimension="2">3.5682</element>
            </point>
            <point>
               <element dimension="1">12.4929</element>
               <element dimension="2">3.5983</element>
            </point>
            <point>
               <element dimension="1">13.0653</element>
               <element dimension="2">1.8943</element>
            </point>
            <point>
               <element dimension="1">13.1515</element>
               <element dimension="2">1.5467</element>
            </point>
            <point>
               <element dimension="1">10.7907</element>
               <element dimension="2">0.75375</element>
            </point>
            <point>
               <element dimension="1">10.2095</element>
               <element dimension="2">0.58439</element>
            </point>
            <point>
               <element dimension="1">6.2179</element>
               <element dimension="2">-0.40517</element>
            </point>
            <point>
               <element dimension="1">6.1971</element>
               <element dimension="2">-0.34326</element>
            </point>
         </set>
      </occupancy>
      <occupancy>
         <time>
            <intervalStart>0.4</intervalStart>
            <intervalEnd>0.5</intervalEnd>
         </time>
         <set>
            <point>
               <element dimension="1">8.007</element>
               <element dimension="2">2.0894</element>
            </point>
            <point>
               <element dimension="1">9.8401</element>
               <element dimension="2">2.874</element>
            </point>
            <point>
               <element dimension="1">14.4503</element>
               <element dimension="2">4.6316</element>
            </point>
            <point>
               <element dimension="1">14.5471</element>
               <element dimension="2">4.6641</element>
            </point>
            <point>
               <element dimension="1">15.2514</element>
               <element dimension="2">3.0188</element>
            </point>
            <point>
               <element dimension="1">15.3587</element>
               <element dimension="2">2.6993</element>
            </point>
            <point>
               <element dimension="1">13.0883</element>
               <element dimension="2">1.7275</element>
            </point>
            <point>
               <element dimension="1">12.6019</element>
               <element dimension="2">1.5421</element>
            </point>
            <point>
               <element dimension="1">8.6425</element>
               <element dimension="2">0.21218</element>
            </point>
            <point>
               <element dimension="1">8.6197</element>
               <element dimension="2">0.26532</element>
            </point>
         </set>
      </occupancy>
      <occupancy>
         <time>
            <intervalStart>0.5</intervalStart>
            <intervalEnd>0.6</intervalEnd>
         </time>
         <set>
            <point>
               <element dimension="1">10.2216</element>
               <element dimension="2">2.8086</element>
            </point>
            <point>
               <element dimension="1">12.0036</element>
               <element dimension="2">3.7456</element>
            </point>
            <point>
               <element dimension="1">16.4208</element>
               <element dimension="2">5.8481</element>
            </point>
            <point>
               <element dimension="1">16.4942</element>
               <element dimension="2">5.8796</element>
            </point>
            <point>
               <element dimension="1">17.3238</element>
               <element dimension="2">4.3018</element>
            </point>
            <point>
               <element dimension="1">17.4437</element>
               <element dimension="2">4.0218</element>
            </point>
            <point>
               <element dimension="1">15.2747</element>
               <element dimension="2">2.8812</element>
            </point>
            <point>
               <element dimension="1">14.7936</element>
               <element dimension="2">2.6522</element>
            </point>
            <point>
               <element dimension="1">10.9897</element>
               <element dimension="2">1.0241</element>
            </point>
            <point>
               <element dimension="1">10.9668</element>
               <element dimension="2">1.0676</element>
            </point>
         </set>
      </occupancy>
      <occupancy>
         <time>
            <intervalStart>0.6</intervalStart>
            <intervalEnd>0.7</intervalEnd>
         </time>
         <set>
            <point>
               <element dimension="1">12.3555</element>
               <element dimension="2">3.6971</element>
            </point>
            <point>
               <element dimension="1">14.0623</element>
               <element dimension="2">4.7746</element>
            </point>
            <point>
               <element dimension="1">18.2729</element>
               <element dimension="2">7.2058</element>
            </point>
            <point>
               <element dimension="1">18.3244</element>
               <element dimension="2">7.2329</element>
            </point>
            <point>
               <element dimension="1">19.2722</element>
               <element dimension="2">5.7316</element>
            </point>
            <point>
               <element dimension="1">19.3989</element>
               <element dimension="2">5.4908</element>
            </point>
            <point>
               <element dimension="1">17.3447</element>
               <element dimension="2">4.1939</element>
            </point>
            <point>
               <element dimension="1">16.8814</element>
               <element dimension="2">3.9264</element>
            </point>
            <point>
               <element dimension="1">13.2443</element>
               <element dimension="2">2.0138</element>
            </point>
            <point>
               <element dimension="1">13.2223</element>
               <element dimension="2">2.0485</element>
            </point>
         </set>
      </occupancy>
      <occupancy>
         <time>
            <intervalStart>0.7</intervalStart>
            <intervalEnd>0.8</intervalEnd>
         </time>
         <set>
            <point>
               <element dimension="1">14.3965</element>
               <element dimension="2">4.745</element>
            </point>
            <point>
               <element dimension="1">16.0159</element>
               <element dimension="2">5.9546</element>
            </point>
            <point>
               <element dimension="1">19.9978</element>
               <element dimension="2">8.6922</element>
            </point>
            <point>
               <element dimension="1">20.0293</element>
               <element dimension="2">8.7121</element>
            </point>
            <point>
               <element dimension="1">21.0874</element>
               <element dimension="2">7.2954</element>
            </point>
            <point>
               <element dimension="1">21.2151</element>
               <element dimension="2">7.0931</element>
            </point>
            <point>
               <element dimension="1">19.2877</element>
               <element dimension="2">5.6536</element>
            </point>
            <point>
               <element dimension="1">18.8453</element>
               <element dimension="2">5.3494</element>
            </point>
            <point>
               <element dimension="1">15.3937</element>
               <element dimension="2">3.1703</element>
            </point>
            <point>
               <element dimension="1">15.3739</element>
               <element dimension="2">3.1968</element>
            </point>
         </set>
      </occupancy>
      <occupancy>
         <time>
            <intervalStart>0.8</intervalStart>
            <intervalEnd>0.9</intervalEnd>
         </time>
         <set>
            <point>
               <element dimension="1">16.3337</element>
               <element dimension="2">5.9423</element>
            </point>
            <point>
               <element dimension="1">17.8659</element>
               <element dimension="2">7.2839</element>
            </point>
            <point>
               <element dimension="1">21.5939</element>
               <element dimension="2">10.3006</element>
            </point>
            <point>
               <element dimension="1">21.6007</element>
               <element dimension="2">10.3058</element>
            </point>
            <point>
               <element dimension="1">22.7615</element>
               <element dimension="2">8.9801</element>
            </point>
            <point>
               <element dimension="1">22.8849</element>
               <element dimension="2">8.8149</element>
            </point>
            <point>
               <element dimension="1">21.0947</element>
               <element dimension="2">7.2474</element>
            </point>
            <point>
               <element dimension="1">20.6748</element>
               <element dimension="2">6.9075</element>
            </point>
            <point>
               <element dimension="1">17.4269</element>
               <element dimension="2">4.4818</element>
            </point>
            <point>
               <element dimension="1">17.4103</element>
               <element dimension="2">4.5008</element>
            </point>
         </set>
      </occupancy>
      <occupancy>
         <time>
            <intervalStart>0.9</intervalStart>
            <intervalEnd>1</intervalEnd>
         </time>
         <set>
            <point>
               <element dimension="1">18.1569</element>
               <element dimension="2">7.2781</element>
            </point>
            <point>
               <element dimension="1">19.602</element>
               <element dimension="2">8.7546</element>
            </point>
            <point>
               <element dimension="1">23.029</element>
               <element dimension="2">11.9967</element>
            </point>
            <point>
               <element dimension="1">23.0332</element>
               <element dimension="2">12.0004</element>
            </point>
            <point>
               <element dimension="1">24.269</element>
               <element dimension="2">10.791</element>
            </point>
            <point>
               <element dimension="1">24.4009</element>
               <element dimension="2">10.6404</element>
            </point>
            <point>
               <element dimension="1">22.7585</element>
               <element dimension="2">8.9622</element>
            </point>
            <point>
               <element dimension="1">22.3034</element>
               <element dimension="2">8.5316</element>
            </point>
            <point>
               <element dimension="1">19.3363</element>
               <element dimension="2">5.9336</element>
            </point>
            <point>
               <element dimension="1">19.3214</element>
               <element dimension="2">5.9482</element>
            </point>
         </set>
      </occupancy>
   </occupancySet>
   <reachableSet>
      <reachability>
         <time>0</time>
         <x>
            <intervalStart>-0.1</intervalStart>
            <intervalEnd>0.1</intervalEnd>
         </x>
         <y>
            <intervalStart>-0.1</intervalStart>
            <intervalEnd>0.1</intervalEnd>
         </y>
         <velocity>
            <intervalStart>24.6</intervalStart>
            <intervalEnd>25</intervalEnd>
         </velocity>
         <orientation>
            <intervalStart>-0.02</intervalStart>
            <intervalEnd>0.02</intervalEnd>
         </orientation>
      </reachability>
      <reachability>
         <time>1</time>
         <x>
            <intervalStart>21.3371</intervalStart>
            <intervalEnd>21.3449</intervalEnd>
         </x>
         <y>
            <intervalStart>9.0174</intervalStart>
            <intervalEnd>9.0291</intervalEnd>
         </y>
         <velocity>
            <intervalStart>22.8</intervalStart>
            <intervalEnd>22.8</intervalEnd>
         </velocity>
         <orientation>
            <intervalStart>0.79974</intervalStart>
            <intervalEnd>0.80028</intervalEnd>
         </orientation>
      </reachability>
   </reachableSet>
</motionPrimitive>