<?xml version="1.0" encoding="utf-8"?>
<motionPrimitive ID="10020">
   <controller type="generator space control">controller10020.mat</controller>
   <successors>
      <id>9276</id>
      <id>9277</id>
      <id>9278</id>
      <id>9279</id>
      <id>9280</id>
      <id>9281</id>
      <id>9282</id>
      <id>9283</id>
      <id>9284</id>
      <id>9285</id>
      <id>9286</id>
      <id>9287</id>
      <id>9288</id>
      <id>9289</id>
      <id>9290</id>
      <id>9291</id>
      <id>9292</id>
      <id>9293</id>
      <id>9294</id>
      <id>9295</id>
      <id>9296</id>
      <id>9297</id>
      <id>9298</id>
      <id>9299</id>
      <id>9300</id>
      <id>9301</id>
      <id>9302</id>
      <id>9303</id>
      <id>9304</id>
      <id>9305</id>
      <id>9306</id>
      <id>9307</id>
      <id>9308</id>
      <id>9309</id>
      <id>9310</id>
      <id>9311</id>
      <id>9312</id>
      <id>9313</id>
      <id>9314</id>
      <id>9315</id>
      <id>9316</id>
      <id>9317</id>
      <id>9318</id>
      <id>9319</id>
      <id>9320</id>
      <id>9321</id>
      <id>9322</id>
      <id>9323</id>
      <id>9324</id>
      <id>9325</id>
      <id>9326</id>
      <id>9327</id>
      <id>9328</id>
      <id>9329</id>
      <id>9330</id>
      <id>9331</id>
      <id>9332</id>
      <id>9333</id>
      <id>9334</id>
      <id>9335</id>
      <id>9336</id>
      <id>9337</id>
      <id>9338</id>
      <id>9339</id>
      <id>9340</id>
      <id>9341</id>
      <id>9342</id>
      <id>9343</id>
      <id>9344</id>
      <id>9345</id>
      <id>9346</id>
      <id>9347</id>
      <id>9348</id>
      <id>9349</id>
      <id>9350</id>
      <id>9351</id>
      <id>9352</id>
      <id>9353</id>
      <id>9354</id>
      <id>9355</id>
      <id>9356</id>
      <id>9357</id>
      <id>9358</id>
      <id>9359</id>
      <id>9360</id>
      <id>9361</id>
      <id>9362</id>
      <id>9363</id>
      <id>9364</id>
      <id>9365</id>
      <id>9366</id>
      <id>9367</id>
      <id>9368</id>
      <id>9369</id>
      <id>9370</id>
      <id>9371</id>
      <id>9372</id>
      <id>9373</id>
      <id>9374</id>
      <id>9375</id>
      <id>9376</id>
      <id>9377</id>
      <id>9378</id>
      <id>9379</id>
      <id>9380</id>
      <id>9381</id>
      <id>9382</id>
      <id>9383</id>
      <id>9384</id>
      <id>9385</id>
      <id>9386</id>
      <id>9387</id>
      <id>9388</id>
      <id>9389</id>
      <id>9390</id>
      <id>9391</id>
      <id>9392</id>
      <id>9393</id>
      <id>9394</id>
      <id>9395</id>
      <id>9396</id>
      <id>9397</id>
      <id>9398</id>
      <id>9399</id>
      <id>9400</id>
      <id>9401</id>
      <id>9402</id>
      <id>9403</id>
      <id>9404</id>
      <id>9405</id>
      <id>9406</id>
      <id>9407</id>
      <id>9408</id>
      <id>9409</id>
      <id>9410</id>
      <id>9411</id>
      <id>9412</id>
      <id>9413</id>
      <id>9414</id>
      <id>9415</id>
      <id>9416</id>
      <id>9417</id>
      <id>9418</id>
      <id>9419</id>
      <id>9420</id>
      <id>9421</id>
      <id>9422</id>
      <id>9423</id>
      <id>9424</id>
      <id>9425</id>
      <id>9426</id>
      <id>9427</id>
      <id>9428</id>
      <id>9429</id>
      <id>9430</id>
      <id>9431</id>
      <id>9432</id>
      <id>9433</id>
      <id>9434</id>
      <id>9435</id>
      <id>9436</id>
      <id>9437</id>
      <id>9438</id>
      <id>9439</id>
      <id>9440</id>
      <id>9441</id>
      <id>9442</id>
      <id>9443</id>
      <id>9444</id>
      <id>9445</id>
      <id>9446</id>
      <id>9447</id>
      <id>9448</id>
      <id>9449</id>
      <id>9450</id>
      <id>9451</id>
      <id>9452</id>
      <id>9453</id>
      <id>9454</id>
      <id>9455</id>
   </successors>
   <trajectory>
      <states>
         <state>
            <time>0</time>
            <x>0</x>
            <y>0</y>
            <velocity>24</velocity>
            <orientation>0</orientation>
         </state>
         <state>
            <time>0.1</time>
            <x>2.3938</x>
            <y>0.024492</y>
            <velocity>23.88</velocity>
            <orientation>0.020462</orientation>
         </state>
         <state>
            <time>0.2</time>
            <x>4.7747</x>
            <y>0.097466</y>
            <velocity>23.76</velocity>
            <orientation>0.040821</orientation>
         </state>
         <state>
            <time>0.3</time>
            <x>7.1416</x>
            <y>0.21816</y>
            <velocity>23.64</velocity>
            <orientation>0.061077</orientation>
         </state>
         <state>
            <time>0.4</time>
            <x>9.4936</x>
            <y>0.3858</y>
            <velocity>23.52</velocity>
            <orientation>0.081231</orientation>
         </state>
         <state>
            <time>0.5</time>
            <x>11.8298</x>
            <y>0.59958</y>
            <velocity>23.4</velocity>
            <orientation>0.10128</orientation>
         </state>
         <state>
            <time>0.6</time>
            <x>14.1493</x>
            <y>0.85872</y>
            <velocity>23.28</velocity>
            <orientation>0.12123</orientation>
         </state>
         <state>
            <time>0.7</time>
            <x>16.4513</x>
            <y>1.1624</y>
            <velocity>23.16</velocity>
            <orientation>0.14108</orientation>
         </state>
         <state>
            <time>0.8</time>
            <x>18.735</x>
            <y>1.5097</y>
            <velocity>23.04</velocity>
            <orientation>0.16082</orientation>
         </state>
         <state>
            <time>0.9</time>
            <x>20.9996</x>
            <y>1.9</y>
            <velocity>22.92</velocity>
            <orientation>0.18046</orientation>
         </state>
         <state>
            <time>1</time>
            <x>23.2443</x>
            <y>2.3322</y>
            <velocity>22.8</velocity>
            <orientation>0.2</orientation>
         </state>
      </states>
      <inputs>
         <input>
            <acceleration>-1.2</acceleration>
            <steer>0.019656</steer>
         </input>
         <input>
            <acceleration>-1.2</acceleration>
            <steer>0.019656</steer>
         </input>
         <input>
            <acceleration>-1.2</acceleration>
            <steer>0.019656</steer>
         </input>
         <input>
            <acceleration>-1.2</acceleration>
            <steer>0.019656</steer>
         </input>
         <input>
            <acceleration>-1.2</acceleration>
            <steer>0.019656</steer>
         </input>
         <input>
            <acceleration>-1.2</acceleration>
            <steer>0.019656</steer>
         </input>
         <input>
            <acceleration>-1.2</acceleration>
            <steer>0.019656</steer>
         </input>
         <input>
            <acceleration>-1.2</acceleration>
            <steer>0.019656</steer>
         </input>
         <input>
            <acceleration>-1.2</acceleration>
            <steer>0.019656</steer>
         </input>
         <input>
            <acceleration>-1.2</acceleration>
            <steer>0.019656</steer>
         </input>
      </inputs>
   </trajectory>
   <occupancySet>
      <occupancy>
         <time>
            <intervalStart>0</intervalStart>
            <intervalEnd>0.1</intervalEnd>
         </time>
         <set>
            <point>
               <element dimension="1">-1.1218</element>
               <element dimension="2">1.0185</element>
            </point>
            <point>
               <element dimension="1">-1.1048</element>
               <element dimension="2">1.0188</element>
            </point>
            <point>
               <element dimension="1">3.6515</element>
               <element dimension="2">1.0675</element>
            </point>
            <point>
               <element dimension="1">5.783</element>
               <element dimension="2">1.0697</element>
            </point>
            <point>
               <element dimension="1">5.8163</element>
               <element dimension="2">-0.64625</element>
            </point>
            <point>
               <element dimension="1">5.8178</element>
               <element dimension="2">-0.78719</element>
            </point>
            <point>
               <element dimension="1">5.818</element>
               <element dimension="2">-0.974</element>
            </point>
            <point>
               <element dimension="1">3.6445</element>
               <element dimension="2">-1.0163</element>
            </point>
            <point>
               <element dimension="1">3.4175</element>
               <element dimension="2">-1.0186</element>
            </point>
            <point>
               <element dimension="1">-1.1197</element>
               <element dimension="2">-1.0232</element>
            </point>
            <point>
               <element dimension="1">-1.1197</element>
               <element dimension="2">-1.023</element>
            </point>
            <point>
               <element dimension="1">-1.1197</element>
               <element dimension="2">-1.0228</element>
            </point>
         </set>
      </occupancy>
      <occupancy>
         <time>
            <intervalStart>0.1</intervalStart>
            <intervalEnd>0.2</intervalEnd>
         </time>
         <set>
            <point>
               <element dimension="1">1.0272</element>
               <element dimension="2">0.97809</element>
            </point>
            <point>
               <element dimension="1">3.2817</element>
               <element dimension="2">1.0679</element>
            </point>
            <point>
               <element dimension="1">7.967</element>
               <element dimension="2">1.2068</element>
            </point>
            <point>
               <element dimension="1">8.1355</element>
               <element dimension="2">1.21</element>
            </point>
            <point>
               <element dimension="1">8.2047</element>
               <element dimension="2">-0.52764</element>
            </point>
            <point>
               <element dimension="1">8.2047</element>
               <element dimension="2">-0.52778</element>
            </point>
            <point>
               <element dimension="1">8.2099</element>
               <element dimension="2">-0.79393</element>
            </point>
            <point>
               <element dimension="1">5.8169</element>
               <element dimension="2">-0.88925</element>
            </point>
            <point>
               <element dimension="1">5.1177</element>
               <element dimension="2">-0.90997</element>
            </point>
            <point>
               <element dimension="1">1.0657</element>
               <element dimension="2">-0.98877</element>
            </point>
            <point>
               <element dimension="1">1.0653</element>
               <element dimension="2">-0.98017</element>
            </point>
         </set>
      </occupancy>
      <occupancy>
         <time>
            <intervalStart>0.2</intervalStart>
            <intervalEnd>0.3</intervalEnd>
         </time>
         <set>
            <point>
               <element dimension="1">3.3965</element>
               <element dimension="2">1.0221</element>
            </point>
            <point>
               <element dimension="1">4.5117</element>
               <element dimension="2">1.0892</element>
            </point>
            <point>
               <element dimension="1">10.3223</element>
               <element dimension="2">1.3796</element>
            </point>
            <point>
               <element dimension="1">10.4685</element>
               <element dimension="2">1.3854</element>
            </point>
            <point>
               <element dimension="1">10.5733</element>
               <element dimension="2">-0.35563</element>
            </point>
            <point>
               <element dimension="1">10.5831</element>
               <element dimension="2">-0.60256</element>
            </point>
            <point>
               <element dimension="1">8.207</element>
               <element dimension="2">-0.74547</element>
            </point>
            <point>
               <element dimension="1">7.9359</element>
               <element dimension="2">-0.75902</element>
            </point>
            <point>
               <element dimension="1">3.4747</element>
               <element dimension="2">-0.93672</element>
            </point>
            <point>
               <element dimension="1">3.4742</element>
               <element dimension="2">-0.92817</element>
            </point>
         </set>
      </occupancy>
      <occupancy>
         <time>
            <intervalStart>0.3</intervalStart>
            <intervalEnd>0.4</intervalEnd>
         </time>
         <set>
            <point>
               <element dimension="1">5.7583</element>
               <element dimension="2">1.1025</element>
            </point>
            <point>
               <element dimension="1">6.8203</element>
               <element dimension="2">1.1879</element>
            </point>
            <point>
               <element dimension="1">12.6612</element>
               <element dimension="2">1.5983</element>
            </point>
            <point>
               <element dimension="1">12.7864</element>
               <element dimension="2">1.6058</element>
            </point>
            <point>
               <element dimension="1">12.9264</element>
               <element dimension="2">-0.1354</element>
            </point>
            <point>
               <element dimension="1">12.9394</element>
               <element dimension="2">-0.35292</element>
            </point>
            <point>
               <element dimension="1">10.5766</element>
               <element dimension="2">-0.54289</element>
            </point>
            <point>
               <element dimension="1">10.277</element>
               <element dimension="2">-0.56394</element>
            </point>
            <point>
               <element dimension="1">5.8747</element>
               <element dimension="2">-0.82872</element>
            </point>
            <point>
               <element dimension="1">5.8736</element>
               <element dimension="2">-0.81559</element>
            </point>
         </set>
      </occupancy>
      <occupancy>
         <time>
            <intervalStart>0.4</intervalStart>
            <intervalEnd>0.5</intervalEnd>
         </time>
         <set>
            <point>
               <element dimension="1">8.106</element>
               <element dimension="2">1.2295</element>
            </point>
            <point>
               <element dimension="1">8.9351</element>
               <element dimension="2">1.3129</element>
            </point>
            <point>
               <element dimension="1">14.984</element>
               <element dimension="2">1.8604</element>
            </point>
            <point>
               <element dimension="1">15.0869</element>
               <element dimension="2">1.8686</element>
            </point>
            <point>
               <element dimension="1">15.2616</element>
               <element dimension="2">0.1329</element>
            </point>
            <point>
               <element dimension="1">15.2769</element>
               <element dimension="2">-0.057132</element>
            </point>
            <point>
               <element dimension="1">12.9314</element>
               <element dimension="2">-0.29314</element>
            </point>
            <point>
               <element dimension="1">12.6731</element>
               <element dimension="2">-0.31651</element>
            </point>
            <point>
               <element dimension="1">8.2591</element>
               <element dimension="2">-0.67141</element>
            </point>
            <point>
               <element dimension="1">8.2579</element>
               <element dimension="2">-0.65992</element>
            </point>
         </set>
      </occupancy>
      <occupancy>
         <time>
            <intervalStart>0.5</intervalStart>
            <intervalEnd>0.6</intervalEnd>
         </time>
         <set>
            <point>
               <element dimension="1">10.4404</element>
               <element dimension="2">1.4006</element>
            </point>
            <point>
               <element dimension="1">11.2966</element>
               <element dimension="2">1.5041</element>
            </point>
            <point>
               <element dimension="1">17.2893</element>
               <element dimension="2">2.1675</element>
            </point>
            <point>
               <element dimension="1">17.3701</element>
               <element dimension="2">2.1757</element>
            </point>
            <point>
               <element dimension="1">17.5791</element>
               <element dimension="2">0.44584</element>
            </point>
            <point>
               <element dimension="1">17.5952</element>
               <element dimension="2">0.28583</element>
            </point>
            <point>
               <element dimension="1">15.2665</element>
               <element dimension="2">0.0044769</element>
            </point>
            <point>
               <element dimension="1">14.9978</element>
               <element dimension="2">-0.025279</element>
            </point>
            <point>
               <element dimension="1">10.6283</element>
               <element dimension="2">-0.46495</element>
            </point>
            <point>
               <element dimension="1">10.6272</element>
               <element dimension="2">-0.45576</element>
            </point>
         </set>
      </occupancy>
      <occupancy>
         <time>
            <intervalStart>0.6</intervalStart>
            <intervalEnd>0.7</intervalEnd>
         </time>
         <set>
            <point>
               <element dimension="1">12.7595</element>
               <element dimension="2">1.6177</element>
            </point>
            <point>
               <element dimension="1">13.6292</element>
               <element dimension="2">1.7404</element>
            </point>
            <point>
               <element dimension="1">19.5762</element>
               <element dimension="2">2.5189</element>
            </point>
            <point>
               <element dimension="1">19.635</element>
               <element dimension="2">2.526</element>
            </point>
            <point>
               <element dimension="1">19.878</element>
               <element dimension="2">0.8027</element>
            </point>
            <point>
               <element dimension="1">19.8937</element>
               <element dimension="2">0.67243</element>
            </point>
            <point>
               <element dimension="1">17.5833</element>
               <element dimension="2">0.34663</element>
            </point>
            <point>
               <element dimension="1">17.3164</element>
               <element dimension="2">0.31169</element>
            </point>
            <point>
               <element dimension="1">12.9808</element>
               <element dimension="2">-0.21215</element>
            </point>
            <point>
               <element dimension="1">12.9798</element>
               <element dimension="2">-0.20509</element>
            </point>
         </set>
      </occupancy>
      <occupancy>
         <time>
            <intervalStart>0.7</intervalStart>
            <intervalEnd>0.8</intervalEnd>
         </time>
         <set>
            <point>
               <element dimension="1">15.0626</element>
               <element dimension="2">1.8799</element>
            </point>
            <point>
               <element dimension="1">15.9447</element>
               <element dimension="2">2.0221</element>
            </point>
            <point>
               <element dimension="1">21.844</element>
               <element dimension="2">2.9135</element>
            </point>
            <point>
               <element dimension="1">21.8809</element>
               <element dimension="2">2.9187</element>
            </point>
            <point>
               <element dimension="1">22.1575</element>
               <element dimension="2">1.2026</element>
            </point>
            <point>
               <element dimension="1">22.1717</element>
               <element dimension="2">1.1019</element>
            </point>
            <point>
               <element dimension="1">19.881</element>
               <element dimension="2">0.7326</element>
            </point>
            <point>
               <element dimension="1">19.6161</element>
               <element dimension="2">0.69258</element>
            </point>
            <point>
               <element dimension="1">15.3157</element>
               <element dimension="2">0.086157</element>
            </point>
            <point>
               <element dimension="1">15.3149</element>
               <element dimension="2">0.091124</element>
            </point>
         </set>
      </occupancy>
      <occupancy>
         <time>
            <intervalStart>0.8</intervalStart>
            <intervalEnd>0.9</intervalEnd>
         </time>
         <set>
            <point>
               <element dimension="1">17.3488</element>
               <element dimension="2">2.1865</element>
            </point>
            <point>
               <element dimension="1">18.2592</element>
               <element dimension="2">2.3516</element>
            </point>
            <point>
               <element dimension="1">24.1025</element>
               <element dimension="2">3.3526</element>
            </point>
            <point>
               <element dimension="1">24.1069</element>
               <element dimension="2">3.3534</element>
            </point>
            <point>
               <element dimension="1">24.4169</element>
               <element dimension="2">1.6448</element>
            </point>
            <point>
               <element dimension="1">24.4284</element>
               <element dimension="2">1.5733</element>
            </point>
            <point>
               <element dimension="1">22.1585</element>
               <element dimension="2">1.1615</element>
            </point>
            <point>
               <element dimension="1">21.8938</element>
               <element dimension="2">1.1162</element>
            </point>
            <point>
               <element dimension="1">17.6322</element>
               <element dimension="2">0.42911</element>
            </point>
            <point>
               <element dimension="1">17.6316</element>
               <element dimension="2">0.43204</element>
            </point>
         </set>
      </occupancy>
      <occupancy>
         <time>
            <intervalStart>0.9</intervalStart>
            <intervalEnd>1</intervalEnd>
         </time>
         <set>
            <point>
               <element dimension="1">19.6172</element>
               <element dimension="2">2.5365</element>
            </point>
            <point>
               <element dimension="1">20.6902</element>
               <element dimension="2">2.7529</element>
            </point>
            <point>
               <element dimension="1">26.3101</element>
               <element dimension="2">3.8294</element>
            </point>
            <point>
               <element dimension="1">26.3124</element>
               <element dimension="2">3.8298</element>
            </point>
            <point>
               <element dimension="1">26.6506</element>
               <element dimension="2">2.1531</element>
            </point>
            <point>
               <element dimension="1">26.6628</element>
               <element dimension="2">2.0858</element>
            </point>
            <point>
               <element dimension="1">24.4143</element>
               <element dimension="2">1.6323</element>
            </point>
            <point>
               <element dimension="1">23.9792</element>
               <element dimension="2">1.5489</element>
            </point>
            <point>
               <element dimension="1">19.9297</element>
               <element dimension="2">0.8142</element>
            </point>
            <point>
               <element dimension="1">19.9292</element>
               <element dimension="2">0.8168</element>
            </point>
         </set>
      </occupancy>
   </occupancySet>
   <reachableSet>
      <reachability>
         <time>0</time>
         <x>
            <intervalStart>-0.1</intervalStart>
            <intervalEnd>0.1</intervalEnd>
         </x>
         <y>
            <intervalStart>-0.1</intervalStart>
            <intervalEnd>0.1</intervalEnd>
         </y>
         <velocity>
            <intervalStart>23.8</intervalStart>
            <intervalEnd>24.2</intervalEnd>
         </velocity>
         <orientation>
            <intervalStart>-0.02</intervalStart>
            <intervalEnd>0.02</intervalEnd>
         </orientation>
      </reachability>
      <reachability>
         <time>1</time>
         <x>
            <intervalStart>23.243</intervalStart>
            <intervalEnd>23.2452</intervalEnd>
         </x>
         <y>
            <intervalStart>2.3273</intervalStart>
            <intervalEnd>2.3373</intervalEnd>
         </y>
         <velocity>
            <intervalStart>22.8</intervalStart>
            <intervalEnd>22.8</intervalEnd>
         </velocity>
         <orientation>
            <intervalStart>0.19978</intervalStart>
            <intervalEnd>0.20022</intervalEnd>
         </orientation>
      </reachability>
   </reachableSet>
</motionPrimitive>