<?xml version="1.0" encoding="utf-8"?>
<motionPrimitive ID="10359">
   <controller type="generator space control">controller10359.mat</controller>
   <successors>
      <id>10776</id>
      <id>10777</id>
      <id>10778</id>
      <id>10779</id>
      <id>10780</id>
      <id>10781</id>
      <id>10782</id>
      <id>10783</id>
      <id>10784</id>
      <id>10785</id>
      <id>10786</id>
      <id>10787</id>
      <id>10788</id>
      <id>10789</id>
      <id>10790</id>
      <id>10791</id>
      <id>10792</id>
      <id>10793</id>
      <id>10794</id>
      <id>10795</id>
      <id>10796</id>
      <id>10797</id>
      <id>10798</id>
      <id>10799</id>
      <id>10800</id>
      <id>10801</id>
      <id>10802</id>
      <id>10803</id>
      <id>10804</id>
      <id>10805</id>
      <id>10806</id>
      <id>10807</id>
      <id>10808</id>
      <id>10809</id>
      <id>10810</id>
      <id>10811</id>
      <id>10812</id>
      <id>10813</id>
      <id>10814</id>
      <id>10815</id>
      <id>10816</id>
      <id>10817</id>
      <id>10818</id>
      <id>10819</id>
      <id>10820</id>
      <id>10821</id>
      <id>10822</id>
      <id>10823</id>
      <id>10824</id>
      <id>10825</id>
      <id>10826</id>
      <id>10827</id>
      <id>10828</id>
      <id>10829</id>
      <id>10830</id>
      <id>10831</id>
      <id>10832</id>
      <id>10833</id>
      <id>10834</id>
      <id>10835</id>
      <id>10836</id>
      <id>10837</id>
      <id>10838</id>
      <id>10839</id>
      <id>10840</id>
      <id>10841</id>
      <id>10842</id>
      <id>10843</id>
      <id>10844</id>
      <id>10845</id>
      <id>10846</id>
      <id>10847</id>
      <id>10848</id>
      <id>10849</id>
      <id>10850</id>
      <id>10851</id>
      <id>10852</id>
      <id>10853</id>
      <id>10854</id>
      <id>10855</id>
      <id>10856</id>
      <id>10857</id>
      <id>10858</id>
      <id>10859</id>
      <id>10860</id>
      <id>10861</id>
      <id>10862</id>
      <id>10863</id>
      <id>10864</id>
      <id>10865</id>
      <id>10866</id>
      <id>10867</id>
      <id>10868</id>
      <id>10869</id>
      <id>10870</id>
      <id>10871</id>
      <id>10872</id>
      <id>10873</id>
      <id>10874</id>
      <id>10875</id>
      <id>10876</id>
      <id>10877</id>
      <id>10878</id>
      <id>10879</id>
      <id>10880</id>
      <id>10881</id>
      <id>10882</id>
      <id>10883</id>
      <id>10884</id>
      <id>10885</id>
      <id>10886</id>
      <id>10887</id>
      <id>10888</id>
      <id>10889</id>
      <id>10890</id>
      <id>10891</id>
      <id>10892</id>
      <id>10893</id>
      <id>10894</id>
      <id>10895</id>
      <id>10896</id>
      <id>10897</id>
      <id>10898</id>
      <id>10899</id>
      <id>10900</id>
      <id>10901</id>
      <id>10902</id>
      <id>10903</id>
      <id>10904</id>
      <id>10905</id>
      <id>10906</id>
      <id>10907</id>
      <id>10908</id>
      <id>10909</id>
      <id>10910</id>
      <id>10911</id>
      <id>10912</id>
      <id>10913</id>
      <id>10914</id>
      <id>10915</id>
      <id>10916</id>
      <id>10917</id>
      <id>10918</id>
      <id>10919</id>
      <id>10920</id>
      <id>10921</id>
      <id>10922</id>
      <id>10923</id>
      <id>10924</id>
      <id>10925</id>
      <id>10926</id>
      <id>10927</id>
      <id>10928</id>
      <id>10929</id>
      <id>10930</id>
      <id>10931</id>
      <id>10932</id>
      <id>10933</id>
      <id>10934</id>
      <id>10935</id>
      <id>10936</id>
      <id>10937</id>
      <id>10938</id>
      <id>10939</id>
      <id>10940</id>
      <id>10941</id>
      <id>10942</id>
      <id>10943</id>
      <id>10944</id>
      <id>10945</id>
      <id>10946</id>
      <id>10947</id>
      <id>10948</id>
      <id>10949</id>
      <id>10950</id>
      <id>10951</id>
      <id>10952</id>
      <id>10953</id>
      <id>10954</id>
      <id>10955</id>
   </successors>
   <trajectory>
      <states>
         <state>
            <time>0</time>
            <x>0</x>
            <y>0</y>
            <velocity>24.8</velocity>
            <orientation>0</orientation>
         </state>
         <state>
            <time>0.1</time>
            <x>2.4856</x>
            <y>-0.036495</y>
            <velocity>24.92</velocity>
            <orientation>-0.029362</orientation>
         </state>
         <state>
            <time>0.2</time>
            <x>4.9811</x>
            <y>-0.14665</y>
            <velocity>25.04</velocity>
            <orientation>-0.058866</orientation>
         </state>
         <state>
            <time>0.3</time>
            <x>7.4842</x>
            <y>-0.33144</y>
            <velocity>25.16</velocity>
            <orientation>-0.088512</orientation>
         </state>
         <state>
            <time>0.4</time>
            <x>9.9927</x>
            <y>-0.59175</y>
            <velocity>25.28</velocity>
            <orientation>-0.1183</orientation>
         </state>
         <state>
            <time>0.5</time>
            <x>12.5041</x>
            <y>-0.92843</y>
            <velocity>25.4</velocity>
            <orientation>-0.14823</orientation>
         </state>
         <state>
            <time>0.6</time>
            <x>15.0161</x>
            <y>-1.3422</y>
            <velocity>25.52</velocity>
            <orientation>-0.1783</orientation>
         </state>
         <state>
            <time>0.7</time>
            <x>17.5264</x>
            <y>-1.8339</y>
            <velocity>25.64</velocity>
            <orientation>-0.20851</orientation>
         </state>
         <state>
            <time>0.8</time>
            <x>20.0322</x>
            <y>-2.404</y>
            <velocity>25.76</velocity>
            <orientation>-0.23887</orientation>
         </state>
         <state>
            <time>0.9</time>
            <x>22.5312</x>
            <y>-3.053</y>
            <velocity>25.88</velocity>
            <orientation>-0.26936</orientation>
         </state>
         <state>
            <time>1</time>
            <x>25.0207</x>
            <y>-3.7815</y>
            <velocity>26</velocity>
            <orientation>-0.3</orientation>
         </state>
      </states>
      <inputs>
         <input>
            <acceleration>1.2</acceleration>
            <steer>-0.027159</steer>
         </input>
         <input>
            <acceleration>1.2</acceleration>
            <steer>-0.027159</steer>
         </input>
         <input>
            <acceleration>1.2</acceleration>
            <steer>-0.027159</steer>
         </input>
         <input>
            <acceleration>1.2</acceleration>
            <steer>-0.027159</steer>
         </input>
         <input>
            <acceleration>1.2</acceleration>
            <steer>-0.027159</steer>
         </input>
         <input>
            <acceleration>1.2</acceleration>
            <steer>-0.027159</steer>
         </input>
         <input>
            <acceleration>1.2</acceleration>
            <steer>-0.027159</steer>
         </input>
         <input>
            <acceleration>1.2</acceleration>
            <steer>-0.027159</steer>
         </input>
         <input>
            <acceleration>1.2</acceleration>
            <steer>-0.027159</steer>
         </input>
         <input>
            <acceleration>1.2</acceleration>
            <steer>-0.027159</steer>
         </input>
      </inputs>
   </trajectory>
   <occupancySet>
      <occupancy>
         <time>
            <intervalStart>0</intervalStart>
            <intervalEnd>0.1</intervalEnd>
         </time>
         <set>
            <point>
               <element dimension="1">-1.1227</element>
               <element dimension="2">-1.0187</element>
            </point>
            <point>
               <element dimension="1">-1.1197</element>
               <element dimension="2">1.0249</element>
            </point>
            <point>
               <element dimension="1">-1.1197</element>
               <element dimension="2">1.0252</element>
            </point>
            <point>
               <element dimension="1">-1.1197</element>
               <element dimension="2">1.0258</element>
            </point>
            <point>
               <element dimension="1">3.39</element>
               <element dimension="2">1.0192</element>
            </point>
            <point>
               <element dimension="1">3.6629</element>
               <element dimension="2">1.0152</element>
            </point>
            <point>
               <element dimension="1">5.9173</element>
               <element dimension="2">0.95232</element>
            </point>
            <point>
               <element dimension="1">5.917</element>
               <element dimension="2">0.75306</element>
            </point>
            <point>
               <element dimension="1">5.9148</element>
               <element dimension="2">0.60714</element>
            </point>
            <point>
               <element dimension="1">5.8668</element>
               <element dimension="2">-1.1122</element>
            </point>
            <point>
               <element dimension="1">5.1693</element>
               <element dimension="2">-1.1111</element>
            </point>
            <point>
               <element dimension="1">-1.1151</element>
               <element dimension="2">-1.0189</element>
            </point>
         </set>
      </occupancy>
      <occupancy>
         <time>
            <intervalStart>0.1</intervalStart>
            <intervalEnd>0.2</intervalEnd>
         </time>
         <set>
            <point>
               <element dimension="1">1.0996</element>
               <element dimension="2">-0.98038</element>
            </point>
            <point>
               <element dimension="1">1.1543</element>
               <element dimension="2">0.98133</element>
            </point>
            <point>
               <element dimension="1">1.155</element>
               <element dimension="2">0.99365</element>
            </point>
            <point>
               <element dimension="1">5.2245</element>
               <element dimension="2">0.88009</element>
            </point>
            <point>
               <element dimension="1">5.9162</element>
               <element dimension="2">0.85057</element>
            </point>
            <point>
               <element dimension="1">8.4308</element>
               <element dimension="2">0.70609</element>
            </point>
            <point>
               <element dimension="1">8.4229</element>
               <element dimension="2">0.42153</element>
            </point>
            <point>
               <element dimension="1">8.4227</element>
               <element dimension="2">0.41736</element>
            </point>
            <point>
               <element dimension="1">8.3228</element>
               <element dimension="2">-1.3208</element>
            </point>
            <point>
               <element dimension="1">8.1542</element>
               <element dimension="2">-1.3161</element>
            </point>
            <point>
               <element dimension="1">3.4426</element>
               <element dimension="2">-1.115</element>
            </point>
         </set>
      </occupancy>
      <occupancy>
         <time>
            <intervalStart>0.2</intervalStart>
            <intervalEnd>0.3</intervalEnd>
         </time>
         <set>
            <point>
               <element dimension="1">3.573</element>
               <element dimension="2">-1.049</element>
            </point>
            <point>
               <element dimension="1">3.6851</element>
               <element dimension="2">0.90297</element>
            </point>
            <point>
               <element dimension="1">3.6864</element>
               <element dimension="2">0.91719</element>
            </point>
            <point>
               <element dimension="1">8.0277</element>
               <element dimension="2">0.66774</element>
            </point>
            <point>
               <element dimension="1">8.4268</element>
               <element dimension="2">0.63887</element>
            </point>
            <point>
               <element dimension="1">10.9471</element>
               <element dimension="2">0.41896</element>
            </point>
            <point>
               <element dimension="1">10.9316</element>
               <element dimension="2">0.14945</element>
            </point>
            <point>
               <element dimension="1">10.7796</element>
               <element dimension="2">-1.5925</element>
            </point>
            <point>
               <element dimension="1">10.6333</element>
               <element dimension="2">-1.5841</element>
            </point>
            <point>
               <element dimension="1">5.2036</element>
               <element dimension="2">-1.1913</element>
            </point>
         </set>
      </occupancy>
      <occupancy>
         <time>
            <intervalStart>0.3</intervalStart>
            <intervalEnd>0.4</intervalEnd>
         </time>
         <set>
            <point>
               <element dimension="1">6.0607</element>
               <element dimension="2">-1.1812</element>
            </point>
            <point>
               <element dimension="1">6.2281</element>
               <element dimension="2">0.73772</element>
            </point>
            <point>
               <element dimension="1">6.2304</element>
               <element dimension="2">0.7577</element>
            </point>
            <point>
               <element dimension="1">10.5696</element>
               <element dimension="2">0.37909</element>
            </point>
            <point>
               <element dimension="1">10.9377</element>
               <element dimension="2">0.34145</element>
            </point>
            <point>
               <element dimension="1">13.4652</element>
               <element dimension="2">0.044847</element>
            </point>
            <point>
               <element dimension="1">13.4442</element>
               <element dimension="2">-0.19645</element>
            </point>
            <point>
               <element dimension="1">13.2399</element>
               <element dimension="2">-1.9369</element>
            </point>
            <point>
               <element dimension="1">13.115</element>
               <element dimension="2">-1.926</element>
            </point>
            <point>
               <element dimension="1">7.6128</element>
               <element dimension="2">-1.3633</element>
            </point>
         </set>
      </occupancy>
      <occupancy>
         <time>
            <intervalStart>0.4</intervalStart>
            <intervalEnd>0.5</intervalEnd>
         </time>
         <set>
            <point>
               <element dimension="1">8.5552</element>
               <element dimension="2">-1.3871</element>
            </point>
            <point>
               <element dimension="1">8.7769</element>
               <element dimension="2">0.50184</element>
            </point>
            <point>
               <element dimension="1">8.7796</element>
               <element dimension="2">0.51996</element>
            </point>
            <point>
               <element dimension="1">13.1153</element>
               <element dimension="2">0.011182</element>
            </point>
            <point>
               <element dimension="1">13.4523</element>
               <element dimension="2">-0.033484</element>
            </point>
            <point>
               <element dimension="1">15.9811</element>
               <element dimension="2">-0.40723</element>
            </point>
            <point>
               <element dimension="1">15.9559</element>
               <element dimension="2">-0.62225</element>
            </point>
            <point>
               <element dimension="1">15.7001</element>
               <element dimension="2">-2.3527</element>
            </point>
            <point>
               <element dimension="1">15.5975</element>
               <element dimension="2">-2.3407</element>
            </point>
            <point>
               <element dimension="1">9.8803</element>
               <element dimension="2">-1.5829</element>
            </point>
         </set>
      </occupancy>
      <occupancy>
         <time>
            <intervalStart>0.5</intervalStart>
            <intervalEnd>0.6</intervalEnd>
         </time>
         <set>
            <point>
               <element dimension="1">11.0566</element>
               <element dimension="2">-1.6656</element>
            </point>
            <point>
               <element dimension="1">11.3303</element>
               <element dimension="2">0.18647</element>
            </point>
            <point>
               <element dimension="1">11.333</element>
               <element dimension="2">0.20134</element>
            </point>
            <point>
               <element dimension="1">15.6175</element>
               <element dimension="2">-0.43188</element>
            </point>
            <point>
               <element dimension="1">15.964</element>
               <element dimension="2">-0.48844</element>
            </point>
            <point>
               <element dimension="1">18.493</element>
               <element dimension="2">-0.94026</element>
            </point>
            <point>
               <element dimension="1">18.4657</element>
               <element dimension="2">-1.125</element>
            </point>
            <point>
               <element dimension="1">18.1585</element>
               <element dimension="2">-2.8441</element>
            </point>
            <point>
               <element dimension="1">18.0782</element>
               <element dimension="2">-2.8323</element>
            </point>
            <point>
               <element dimension="1">12.4015</element>
               <element dimension="2">-1.9059</element>
            </point>
         </set>
      </occupancy>
      <occupancy>
         <time>
            <intervalStart>0.6</intervalStart>
            <intervalEnd>0.7</intervalEnd>
         </time>
         <set>
            <point>
               <element dimension="1">13.561</element>
               <element dimension="2">-2.0213</element>
            </point>
            <point>
               <element dimension="1">13.885</element>
               <element dimension="2">-0.20779</element>
            </point>
            <point>
               <element dimension="1">13.8875</element>
               <element dimension="2">-0.19595</element>
            </point>
            <point>
               <element dimension="1">18.1282</element>
               <element dimension="2">-0.9536</element>
            </point>
            <point>
               <element dimension="1">18.4729</element>
               <element dimension="2">-1.0206</element>
            </point>
            <point>
               <element dimension="1">20.9987</element>
               <element dimension="2">-1.551</element>
            </point>
            <point>
               <element dimension="1">20.9711</element>
               <element dimension="2">-1.7055</element>
            </point>
            <point>
               <element dimension="1">20.6128</element>
               <element dimension="2">-3.4117</element>
            </point>
            <point>
               <element dimension="1">20.5544</element>
               <element dimension="2">-3.4013</element>
            </point>
            <point>
               <element dimension="1">14.9121</element>
               <element dimension="2">-2.305</element>
            </point>
         </set>
      </occupancy>
      <occupancy>
         <time>
            <intervalStart>0.7</intervalStart>
            <intervalEnd>0.8</intervalEnd>
         </time>
         <set>
            <point>
               <element dimension="1">16.0661</element>
               <element dimension="2">-2.4548</element>
            </point>
            <point>
               <element dimension="1">16.4385</element>
               <element dimension="2">-0.68147</element>
            </point>
            <point>
               <element dimension="1">16.4406</element>
               <element dimension="2">-0.67264</element>
            </point>
            <point>
               <element dimension="1">20.6339</element>
               <element dimension="2">-1.5533</element>
            </point>
            <point>
               <element dimension="1">20.9765</element>
               <element dimension="2">-1.6307</element>
            </point>
            <point>
               <element dimension="1">23.4957</element>
               <element dimension="2">-2.2401</element>
            </point>
            <point>
               <element dimension="1">23.4696</element>
               <element dimension="2">-2.3642</element>
            </point>
            <point>
               <element dimension="1">23.0604</element>
               <element dimension="2">-4.056</element>
            </point>
            <point>
               <element dimension="1">23.0237</element>
               <element dimension="2">-4.0483</element>
            </point>
            <point>
               <element dimension="1">17.421</element>
               <element dimension="2">-2.7826</element>
            </point>
         </set>
      </occupancy>
      <occupancy>
         <time>
            <intervalStart>0.8</intervalStart>
            <intervalEnd>0.9</intervalEnd>
         </time>
         <set>
            <point>
               <element dimension="1">18.5692</element>
               <element dimension="2">-2.9669</element>
            </point>
            <point>
               <element dimension="1">18.9882</element>
               <element dimension="2">-1.2352</element>
            </point>
            <point>
               <element dimension="1">18.9898</element>
               <element dimension="2">-1.2293</element>
            </point>
            <point>
               <element dimension="1">23.1304</element>
               <element dimension="2">-2.231</element>
            </point>
            <point>
               <element dimension="1">23.4722</element>
               <element dimension="2">-2.3192</element>
            </point>
            <point>
               <element dimension="1">25.9815</element>
               <element dimension="2">-3.0078</element>
            </point>
            <point>
               <element dimension="1">25.9588</element>
               <element dimension="2">-3.1016</element>
            </point>
            <point>
               <element dimension="1">25.4989</element>
               <element dimension="2">-4.7776</element>
            </point>
            <point>
               <element dimension="1">25.4925</element>
               <element dimension="2">-4.776</element>
            </point>
            <point>
               <element dimension="1">19.9295</element>
               <element dimension="2">-3.3402</element>
            </point>
         </set>
      </occupancy>
      <occupancy>
         <time>
            <intervalStart>0.9</intervalStart>
            <intervalEnd>1</intervalEnd>
         </time>
         <set>
            <point>
               <element dimension="1">21.068</element>
               <element dimension="2">-3.5582</element>
            </point>
            <point>
               <element dimension="1">21.5314</element>
               <element dimension="2">-1.8696</element>
            </point>
            <point>
               <element dimension="1">21.5326</element>
               <element dimension="2">-1.8658</element>
            </point>
            <point>
               <element dimension="1">25.5617</element>
               <element dimension="2">-2.9715</element>
            </point>
            <point>
               <element dimension="1">25.9574</element>
               <element dimension="2">-3.0866</element>
            </point>
            <point>
               <element dimension="1">28.4532</element>
               <element dimension="2">-3.8545</element>
            </point>
            <point>
               <element dimension="1">28.4294</element>
               <element dimension="2">-3.9414</element>
            </point>
            <point>
               <element dimension="1">27.9257</element>
               <element dimension="2">-5.5787</element>
            </point>
            <point>
               <element dimension="1">27.9228</element>
               <element dimension="2">-5.5779</element>
            </point>
            <point>
               <element dimension="1">22.5775</element>
               <element dimension="2">-4.0226</element>
            </point>
         </set>
      </occupancy>
   </occupancySet>
   <reachableSet>
      <reachability>
         <time>0</time>
         <x>
            <intervalStart>-0.1</intervalStart>
            <intervalEnd>0.1</intervalEnd>
         </x>
         <y>
            <intervalStart>-0.1</intervalStart>
            <intervalEnd>0.1</intervalEnd>
         </y>
         <velocity>
            <intervalStart>24.6</intervalStart>
            <intervalEnd>25</intervalEnd>
         </velocity>
         <orientation>
            <intervalStart>-0.02</intervalStart>
            <intervalEnd>0.02</intervalEnd>
         </orientation>
      </reachability>
      <reachability>
         <time>1</time>
         <x>
            <intervalStart>25.019</intervalStart>
            <intervalEnd>25.022</intervalEnd>
         </x>
         <y>
            <intervalStart>-3.7868</intervalStart>
            <intervalEnd>-3.7764</intervalEnd>
         </y>
         <velocity>
            <intervalStart>26</intervalStart>
            <intervalEnd>26</intervalEnd>
         </velocity>
         <orientation>
            <intervalStart>-0.30022</intervalStart>
            <intervalEnd>-0.29979</intervalEnd>
         </orientation>
      </reachability>
   </reachableSet>
</motionPrimitive>