<?xml version="1.0" encoding="utf-8"?>
<motionPrimitive ID="10402">
   <controller type="generator space control">controller10402.mat</controller>
   <successors>
      <id>9276</id>
      <id>9277</id>
      <id>9278</id>
      <id>9279</id>
      <id>9280</id>
      <id>9281</id>
      <id>9282</id>
      <id>9283</id>
      <id>9284</id>
      <id>9285</id>
      <id>9286</id>
      <id>9287</id>
      <id>9288</id>
      <id>9289</id>
      <id>9290</id>
      <id>9291</id>
      <id>9292</id>
      <id>9293</id>
      <id>9294</id>
      <id>9295</id>
      <id>9296</id>
      <id>9297</id>
      <id>9298</id>
      <id>9299</id>
      <id>9300</id>
      <id>9301</id>
      <id>9302</id>
      <id>9303</id>
      <id>9304</id>
      <id>9305</id>
      <id>9306</id>
      <id>9307</id>
      <id>9308</id>
      <id>9309</id>
      <id>9310</id>
      <id>9311</id>
      <id>9312</id>
      <id>9313</id>
      <id>9314</id>
      <id>9315</id>
      <id>9316</id>
      <id>9317</id>
      <id>9318</id>
      <id>9319</id>
      <id>9320</id>
      <id>9321</id>
      <id>9322</id>
      <id>9323</id>
      <id>9324</id>
      <id>9325</id>
      <id>9326</id>
      <id>9327</id>
      <id>9328</id>
      <id>9329</id>
      <id>9330</id>
      <id>9331</id>
      <id>9332</id>
      <id>9333</id>
      <id>9334</id>
      <id>9335</id>
      <id>9336</id>
      <id>9337</id>
      <id>9338</id>
      <id>9339</id>
      <id>9340</id>
      <id>9341</id>
      <id>9342</id>
      <id>9343</id>
      <id>9344</id>
      <id>9345</id>
      <id>9346</id>
      <id>9347</id>
      <id>9348</id>
      <id>9349</id>
      <id>9350</id>
      <id>9351</id>
      <id>9352</id>
      <id>9353</id>
      <id>9354</id>
      <id>9355</id>
      <id>9356</id>
      <id>9357</id>
      <id>9358</id>
      <id>9359</id>
      <id>9360</id>
      <id>9361</id>
      <id>9362</id>
      <id>9363</id>
      <id>9364</id>
      <id>9365</id>
      <id>9366</id>
      <id>9367</id>
      <id>9368</id>
      <id>9369</id>
      <id>9370</id>
      <id>9371</id>
      <id>9372</id>
      <id>9373</id>
      <id>9374</id>
      <id>9375</id>
      <id>9376</id>
      <id>9377</id>
      <id>9378</id>
      <id>9379</id>
      <id>9380</id>
      <id>9381</id>
      <id>9382</id>
      <id>9383</id>
      <id>9384</id>
      <id>9385</id>
      <id>9386</id>
      <id>9387</id>
      <id>9388</id>
      <id>9389</id>
      <id>9390</id>
      <id>9391</id>
      <id>9392</id>
      <id>9393</id>
      <id>9394</id>
      <id>9395</id>
      <id>9396</id>
      <id>9397</id>
      <id>9398</id>
      <id>9399</id>
      <id>9400</id>
      <id>9401</id>
      <id>9402</id>
      <id>9403</id>
      <id>9404</id>
      <id>9405</id>
      <id>9406</id>
      <id>9407</id>
      <id>9408</id>
      <id>9409</id>
      <id>9410</id>
      <id>9411</id>
      <id>9412</id>
      <id>9413</id>
      <id>9414</id>
      <id>9415</id>
      <id>9416</id>
      <id>9417</id>
      <id>9418</id>
      <id>9419</id>
      <id>9420</id>
      <id>9421</id>
      <id>9422</id>
      <id>9423</id>
      <id>9424</id>
      <id>9425</id>
      <id>9426</id>
      <id>9427</id>
      <id>9428</id>
      <id>9429</id>
      <id>9430</id>
      <id>9431</id>
      <id>9432</id>
      <id>9433</id>
      <id>9434</id>
      <id>9435</id>
      <id>9436</id>
      <id>9437</id>
      <id>9438</id>
      <id>9439</id>
      <id>9440</id>
      <id>9441</id>
      <id>9442</id>
      <id>9443</id>
      <id>9444</id>
      <id>9445</id>
      <id>9446</id>
      <id>9447</id>
      <id>9448</id>
      <id>9449</id>
      <id>9450</id>
      <id>9451</id>
      <id>9452</id>
      <id>9453</id>
      <id>9454</id>
      <id>9455</id>
   </successors>
   <trajectory>
      <states>
         <state>
            <time>0</time>
            <x>0</x>
            <y>0</y>
            <velocity>24.8</velocity>
            <orientation>0</orientation>
         </state>
         <state>
            <time>0.1</time>
            <x>2.47</x>
            <y>-0.012817</y>
            <velocity>24.6</velocity>
            <orientation>-0.010378</orientation>
         </state>
         <state>
            <time>0.2</time>
            <x>4.9196</x>
            <y>-0.050852</y>
            <velocity>24.4</velocity>
            <orientation>-0.020672</orientation>
         </state>
         <state>
            <time>0.3</time>
            <x>7.3488</x>
            <y>-0.11348</y>
            <velocity>24.2</velocity>
            <orientation>-0.030882</orientation>
         </state>
         <state>
            <time>0.4</time>
            <x>9.7573</x>
            <y>-0.20009</y>
            <velocity>24</velocity>
            <orientation>-0.041008</orientation>
         </state>
         <state>
            <time>0.5</time>
            <x>12.1447</x>
            <y>-0.31006</y>
            <velocity>23.8</velocity>
            <orientation>-0.05105</orientation>
         </state>
         <state>
            <time>0.6</time>
            <x>14.511</x>
            <y>-0.44278</y>
            <velocity>23.6</velocity>
            <orientation>-0.061008</orientation>
         </state>
         <state>
            <time>0.7</time>
            <x>16.8559</x>
            <y>-0.59764</y>
            <velocity>23.4</velocity>
            <orientation>-0.070882</orientation>
         </state>
         <state>
            <time>0.8</time>
            <x>19.1792</x>
            <y>-0.77403</y>
            <velocity>23.2</velocity>
            <orientation>-0.080672</orientation>
         </state>
         <state>
            <time>0.9</time>
            <x>21.4807</x>
            <y>-0.97136</y>
            <velocity>23</velocity>
            <orientation>-0.090378</orientation>
         </state>
         <state>
            <time>1</time>
            <x>23.7604</x>
            <y>-1.189</y>
            <velocity>22.8</velocity>
            <orientation>-0.1</orientation>
         </state>
      </states>
      <inputs>
         <input>
            <acceleration>-2</acceleration>
            <steer>-0.0096636</steer>
         </input>
         <input>
            <acceleration>-2</acceleration>
            <steer>-0.0096636</steer>
         </input>
         <input>
            <acceleration>-2</acceleration>
            <steer>-0.0096636</steer>
         </input>
         <input>
            <acceleration>-2</acceleration>
            <steer>-0.0096636</steer>
         </input>
         <input>
            <acceleration>-2</acceleration>
            <steer>-0.0096636</steer>
         </input>
         <input>
            <acceleration>-2</acceleration>
            <steer>-0.0096636</steer>
         </input>
         <input>
            <acceleration>-2</acceleration>
            <steer>-0.0096636</steer>
         </input>
         <input>
            <acceleration>-2</acceleration>
            <steer>-0.0096636</steer>
         </input>
         <input>
            <acceleration>-2</acceleration>
            <steer>-0.0096636</steer>
         </input>
         <input>
            <acceleration>-2</acceleration>
            <steer>-0.0096636</steer>
         </input>
      </inputs>
   </trajectory>
   <occupancySet>
      <occupancy>
         <time>
            <intervalStart>0</intervalStart>
            <intervalEnd>0.1</intervalEnd>
         </time>
         <set>
            <point>
               <element dimension="1">-1.1207</element>
               <element dimension="2">-1.0186</element>
            </point>
            <point>
               <element dimension="1">-1.1197</element>
               <element dimension="2">1.0207</element>
            </point>
            <point>
               <element dimension="1">-1.1197</element>
               <element dimension="2">1.0209</element>
            </point>
            <point>
               <element dimension="1">-1.1197</element>
               <element dimension="2">1.021</element>
            </point>
            <point>
               <element dimension="1">3.4166</element>
               <element dimension="2">1.0187</element>
            </point>
            <point>
               <element dimension="1">3.6593</element>
               <element dimension="2">1.0174</element>
            </point>
            <point>
               <element dimension="1">5.8854</element>
               <element dimension="2">0.99546</element>
            </point>
            <point>
               <element dimension="1">5.8853</element>
               <element dimension="2">0.82918</element>
            </point>
            <point>
               <element dimension="1">5.8845</element>
               <element dimension="2">0.68816</element>
            </point>
            <point>
               <element dimension="1">5.8676</element>
               <element dimension="2">-1.026</element>
            </point>
            <point>
               <element dimension="1">-0.33132</element>
               <element dimension="2">-1.0228</element>
            </point>
            <point>
               <element dimension="1">-1.1116</element>
               <element dimension="2">-1.0187</element>
            </point>
         </set>
      </occupancy>
      <occupancy>
         <time>
            <intervalStart>0.1</intervalStart>
            <intervalEnd>0.2</intervalEnd>
         </time>
         <set>
            <point>
               <element dimension="1">1.1066</element>
               <element dimension="2">-0.97856</element>
            </point>
            <point>
               <element dimension="1">1.1259</element>
               <element dimension="2">0.97893</element>
            </point>
            <point>
               <element dimension="1">1.126</element>
               <element dimension="2">0.98268</element>
            </point>
            <point>
               <element dimension="1">5.303</element>
               <element dimension="2">0.94148</element>
            </point>
            <point>
               <element dimension="1">5.8844</element>
               <element dimension="2">0.93275</element>
            </point>
            <point>
               <element dimension="1">8.3372</element>
               <element dimension="2">0.88329</element>
            </point>
            <point>
               <element dimension="1">8.3348</element>
               <element dimension="2">0.6383</element>
            </point>
            <point>
               <element dimension="1">8.2998</element>
               <element dimension="2">-1.0953</element>
            </point>
            <point>
               <element dimension="1">8.1315</element>
               <element dimension="2">-1.0936</element>
            </point>
            <point>
               <element dimension="1">2.9628</element>
               <element dimension="2">-1.016</element>
            </point>
         </set>
      </occupancy>
      <occupancy>
         <time>
            <intervalStart>0.2</intervalStart>
            <intervalEnd>0.3</intervalEnd>
         </time>
         <set>
            <point>
               <element dimension="1">3.5554</element>
               <element dimension="2">-1</element>
            </point>
            <point>
               <element dimension="1">3.5947</element>
               <element dimension="2">0.94965</element>
            </point>
            <point>
               <element dimension="1">3.5949</element>
               <element dimension="2">0.95385</element>
            </point>
            <point>
               <element dimension="1">8.0901</element>
               <element dimension="2">0.8632</element>
            </point>
            <point>
               <element dimension="1">8.3354</element>
               <element dimension="2">0.857</element>
            </point>
            <point>
               <element dimension="1">10.7641</element>
               <element dimension="2">0.7832</element>
            </point>
            <point>
               <element dimension="1">10.7596</element>
               <element dimension="2">0.55788</element>
            </point>
            <point>
               <element dimension="1">10.7068</element>
               <element dimension="2">-1.1778</element>
            </point>
            <point>
               <element dimension="1">10.1189</element>
               <element dimension="2">-1.1659</element>
            </point>
            <point>
               <element dimension="1">3.5592</element>
               <element dimension="2">-1.0001</element>
            </point>
         </set>
      </occupancy>
      <occupancy>
         <time>
            <intervalStart>0.3</intervalStart>
            <intervalEnd>0.4</intervalEnd>
         </time>
         <set>
            <point>
               <element dimension="1">5.9892</element>
               <element dimension="2">-1.0347</element>
            </point>
            <point>
               <element dimension="1">6.0474</element>
               <element dimension="2">0.88346</element>
            </point>
            <point>
               <element dimension="1">6.0477</element>
               <element dimension="2">0.88982</element>
            </point>
            <point>
               <element dimension="1">10.5182</element>
               <element dimension="2">0.75397</element>
            </point>
            <point>
               <element dimension="1">10.7607</element>
               <element dimension="2">0.74538</element>
            </point>
            <point>
               <element dimension="1">13.1696</element>
               <element dimension="2">0.64775</element>
            </point>
            <point>
               <element dimension="1">13.1636</element>
               <element dimension="2">0.45265</element>
            </point>
            <point>
               <element dimension="1">13.0933</element>
               <element dimension="2">-1.2837</element>
            </point>
            <point>
               <element dimension="1">12.527</element>
               <element dimension="2">-1.2665</element>
            </point>
            <point>
               <element dimension="1">5.9937</element>
               <element dimension="2">-1.0349</element>
            </point>
         </set>
      </occupancy>
      <occupancy>
         <time>
            <intervalStart>0.4</intervalStart>
            <intervalEnd>0.5</intervalEnd>
         </time>
         <set>
            <point>
               <element dimension="1">8.4025</element>
               <element dimension="2">-1.0936</element>
            </point>
            <point>
               <element dimension="1">8.4791</element>
               <element dimension="2">0.79561</element>
            </point>
            <point>
               <element dimension="1">8.4794</element>
               <element dimension="2">0.80135</element>
            </point>
            <point>
               <element dimension="1">12.9265</element>
               <element dimension="2">0.62112</element>
            </point>
            <point>
               <element dimension="1">13.1661</element>
               <element dimension="2">0.6102</element>
            </point>
            <point>
               <element dimension="1">15.5528</element>
               <element dimension="2">0.48945</element>
            </point>
            <point>
               <element dimension="1">15.546</element>
               <element dimension="2">0.32314</element>
            </point>
            <point>
               <element dimension="1">15.4583</element>
               <element dimension="2">-1.4112</element>
            </point>
            <point>
               <element dimension="1">14.6842</element>
               <element dimension="2">-1.3798</element>
            </point>
            <point>
               <element dimension="1">8.4064</element>
               <element dimension="2">-1.0938</element>
            </point>
         </set>
      </occupancy>
      <occupancy>
         <time>
            <intervalStart>0.5</intervalStart>
            <intervalEnd>0.6</intervalEnd>
         </time>
         <set>
            <point>
               <element dimension="1">10.7959</element>
               <element dimension="2">-1.1751</element>
            </point>
            <point>
               <element dimension="1">10.89</element>
               <element dimension="2">0.68341</element>
            </point>
            <point>
               <element dimension="1">10.8902</element>
               <element dimension="2">0.6879</element>
            </point>
            <point>
               <element dimension="1">15.3119</element>
               <element dimension="2">0.46419</element>
            </point>
            <point>
               <element dimension="1">15.5485</element>
               <element dimension="2">0.45104</element>
            </point>
            <point>
               <element dimension="1">17.9139</element>
               <element dimension="2">0.30772</element>
            </point>
            <point>
               <element dimension="1">17.907</element>
               <element dimension="2">0.17128</element>
            </point>
            <point>
               <element dimension="1">17.8021</element>
               <element dimension="2">-1.561</element>
            </point>
            <point>
               <element dimension="1">17.0806</element>
               <element dimension="2">-1.5245</element>
            </point>
            <point>
               <element dimension="1">10.8</element>
               <element dimension="2">-1.1754</element>
            </point>
         </set>
      </occupancy>
      <occupancy>
         <time>
            <intervalStart>0.6</intervalStart>
            <intervalEnd>0.7</intervalEnd>
         </time>
         <set>
            <point>
               <element dimension="1">13.1688</element>
               <element dimension="2">-1.2799</element>
            </point>
            <point>
               <element dimension="1">13.2796</element>
               <element dimension="2">0.54801</element>
            </point>
            <point>
               <element dimension="1">13.2798</element>
               <element dimension="2">0.55141</element>
            </point>
            <point>
               <element dimension="1">17.6755</element>
               <element dimension="2">0.28508</element>
            </point>
            <point>
               <element dimension="1">17.9091</element>
               <element dimension="2">0.26977</element>
            </point>
            <point>
               <element dimension="1">20.2529</element>
               <element dimension="2">0.10451</element>
            </point>
            <point>
               <element dimension="1">20.2464</element>
               <element dimension="2">-0.0023656</element>
            </point>
            <point>
               <element dimension="1">20.1244</element>
               <element dimension="2">-1.7325</element>
            </point>
            <point>
               <element dimension="1">19.443</element>
               <element dimension="2">-1.6912</element>
            </point>
            <point>
               <element dimension="1">13.1727</element>
               <element dimension="2">-1.2802</element>
            </point>
         </set>
      </occupancy>
      <occupancy>
         <time>
            <intervalStart>0.7</intervalStart>
            <intervalEnd>0.8</intervalEnd>
         </time>
         <set>
            <point>
               <element dimension="1">15.5209</element>
               <element dimension="2">-1.4073</element>
            </point>
            <point>
               <element dimension="1">15.6477</element>
               <element dimension="2">0.39011</element>
            </point>
            <point>
               <element dimension="1">15.6479</element>
               <element dimension="2">0.39242</element>
            </point>
            <point>
               <element dimension="1">20.0173</element>
               <element dimension="2">0.084337</element>
            </point>
            <point>
               <element dimension="1">20.2478</element>
               <element dimension="2">0.066951</element>
            </point>
            <point>
               <element dimension="1">22.5694</element>
               <element dimension="2">-0.11961</element>
            </point>
            <point>
               <element dimension="1">22.564</element>
               <element dimension="2">-0.1972</element>
            </point>
            <point>
               <element dimension="1">22.4251</element>
               <element dimension="2">-1.9249</element>
            </point>
            <point>
               <element dimension="1">21.7838</element>
               <element dimension="2">-1.8797</element>
            </point>
            <point>
               <element dimension="1">15.5244</element>
               <element dimension="2">-1.4076</element>
            </point>
         </set>
      </occupancy>
      <occupancy>
         <time>
            <intervalStart>0.8</intervalStart>
            <intervalEnd>0.9</intervalEnd>
         </time>
         <set>
            <point>
               <element dimension="1">17.8521</element>
               <element dimension="2">-1.5567</element>
            </point>
            <point>
               <element dimension="1">17.9941</element>
               <element dimension="2">0.21031</element>
            </point>
            <point>
               <element dimension="1">17.9942</element>
               <element dimension="2">0.21158</element>
            </point>
            <point>
               <element dimension="1">22.3343</element>
               <element dimension="2">-0.13719</element>
            </point>
            <point>
               <element dimension="1">22.5645</element>
               <element dimension="2">-0.15681</element>
            </point>
            <point>
               <element dimension="1">24.8634</element>
               <element dimension="2">-0.36404</element>
            </point>
            <point>
               <element dimension="1">24.8595</element>
               <element dimension="2">-0.41261</element>
            </point>
            <point>
               <element dimension="1">24.704</element>
               <element dimension="2">-2.138</element>
            </point>
            <point>
               <element dimension="1">24.1305</element>
               <element dimension="2">-2.0919</element>
            </point>
            <point>
               <element dimension="1">17.8548</element>
               <element dimension="2">-1.5569</element>
            </point>
         </set>
      </occupancy>
      <occupancy>
         <time>
            <intervalStart>0.9</intervalStart>
            <intervalEnd>1</intervalEnd>
         </time>
         <set>
            <point>
               <element dimension="1">20.162</element>
               <element dimension="2">-1.7275</element>
            </point>
            <point>
               <element dimension="1">20.3186</element>
               <element dimension="2">0.0092374</element>
            </point>
            <point>
               <element dimension="1">20.3186</element>
               <element dimension="2">0.0099071</element>
            </point>
            <point>
               <element dimension="1">24.5372</element>
               <element dimension="2">-0.37035</element>
            </point>
            <point>
               <element dimension="1">24.858</element>
               <element dimension="2">-0.40082</element>
            </point>
            <point>
               <element dimension="1">27.1346</element>
               <element dimension="2">-0.62815</element>
            </point>
            <point>
               <element dimension="1">27.1306</element>
               <element dimension="2">-0.6728</element>
            </point>
            <point>
               <element dimension="1">26.9609</element>
               <element dimension="2">-2.3722</element>
            </point>
            <point>
               <element dimension="1">26.7211</element>
               <element dimension="2">-2.3506</element>
            </point>
            <point>
               <element dimension="1">20.1646</element>
               <element dimension="2">-1.7278</element>
            </point>
         </set>
      </occupancy>
   </occupancySet>
   <reachableSet>
      <reachability>
         <time>0</time>
         <x>
            <intervalStart>-0.1</intervalStart>
            <intervalEnd>0.1</intervalEnd>
         </x>
         <y>
            <intervalStart>-0.1</intervalStart>
            <intervalEnd>0.1</intervalEnd>
         </y>
         <velocity>
            <intervalStart>24.6</intervalStart>
            <intervalEnd>25</intervalEnd>
         </velocity>
         <orientation>
            <intervalStart>-0.02</intervalStart>
            <intervalEnd>0.02</intervalEnd>
         </orientation>
      </reachability>
      <reachability>
         <time>1</time>
         <x>
            <intervalStart>23.7594</intervalStart>
            <intervalEnd>23.7609</intervalEnd>
         </x>
         <y>
            <intervalStart>-1.1938</intervalStart>
            <intervalEnd>-1.1843</intervalEnd>
         </y>
         <velocity>
            <intervalStart>22.8</intervalStart>
            <intervalEnd>22.8</intervalEnd>
         </velocity>
         <orientation>
            <intervalStart>-0.10021</intervalStart>
            <intervalEnd>-0.099791</intervalEnd>
         </orientation>
      </reachability>
   </reachableSet>
</motionPrimitive>