<?xml version="1.0" encoding="utf-8"?>
<motionPrimitive ID="10035">
   <controller type="generator space control">controller10035.mat</controller>
   <successors>
      <id>10776</id>
      <id>10777</id>
      <id>10778</id>
      <id>10779</id>
      <id>10780</id>
      <id>10781</id>
      <id>10782</id>
      <id>10783</id>
      <id>10784</id>
      <id>10785</id>
      <id>10786</id>
      <id>10787</id>
      <id>10788</id>
      <id>10789</id>
      <id>10790</id>
      <id>10791</id>
      <id>10792</id>
      <id>10793</id>
      <id>10794</id>
      <id>10795</id>
      <id>10796</id>
      <id>10797</id>
      <id>10798</id>
      <id>10799</id>
      <id>10800</id>
      <id>10801</id>
      <id>10802</id>
      <id>10803</id>
      <id>10804</id>
      <id>10805</id>
      <id>10806</id>
      <id>10807</id>
      <id>10808</id>
      <id>10809</id>
      <id>10810</id>
      <id>10811</id>
      <id>10812</id>
      <id>10813</id>
      <id>10814</id>
      <id>10815</id>
      <id>10816</id>
      <id>10817</id>
      <id>10818</id>
      <id>10819</id>
      <id>10820</id>
      <id>10821</id>
      <id>10822</id>
      <id>10823</id>
      <id>10824</id>
      <id>10825</id>
      <id>10826</id>
      <id>10827</id>
      <id>10828</id>
      <id>10829</id>
      <id>10830</id>
      <id>10831</id>
      <id>10832</id>
      <id>10833</id>
      <id>10834</id>
      <id>10835</id>
      <id>10836</id>
      <id>10837</id>
      <id>10838</id>
      <id>10839</id>
      <id>10840</id>
      <id>10841</id>
      <id>10842</id>
      <id>10843</id>
      <id>10844</id>
      <id>10845</id>
      <id>10846</id>
      <id>10847</id>
      <id>10848</id>
      <id>10849</id>
      <id>10850</id>
      <id>10851</id>
      <id>10852</id>
      <id>10853</id>
      <id>10854</id>
      <id>10855</id>
      <id>10856</id>
      <id>10857</id>
      <id>10858</id>
      <id>10859</id>
      <id>10860</id>
      <id>10861</id>
      <id>10862</id>
      <id>10863</id>
      <id>10864</id>
      <id>10865</id>
      <id>10866</id>
      <id>10867</id>
      <id>10868</id>
      <id>10869</id>
      <id>10870</id>
      <id>10871</id>
      <id>10872</id>
      <id>10873</id>
      <id>10874</id>
      <id>10875</id>
      <id>10876</id>
      <id>10877</id>
      <id>10878</id>
      <id>10879</id>
      <id>10880</id>
      <id>10881</id>
      <id>10882</id>
      <id>10883</id>
      <id>10884</id>
      <id>10885</id>
      <id>10886</id>
      <id>10887</id>
      <id>10888</id>
      <id>10889</id>
      <id>10890</id>
      <id>10891</id>
      <id>10892</id>
      <id>10893</id>
      <id>10894</id>
      <id>10895</id>
      <id>10896</id>
      <id>10897</id>
      <id>10898</id>
      <id>10899</id>
      <id>10900</id>
      <id>10901</id>
      <id>10902</id>
      <id>10903</id>
      <id>10904</id>
      <id>10905</id>
      <id>10906</id>
      <id>10907</id>
      <id>10908</id>
      <id>10909</id>
      <id>10910</id>
      <id>10911</id>
      <id>10912</id>
      <id>10913</id>
      <id>10914</id>
      <id>10915</id>
      <id>10916</id>
      <id>10917</id>
      <id>10918</id>
      <id>10919</id>
      <id>10920</id>
      <id>10921</id>
      <id>10922</id>
      <id>10923</id>
      <id>10924</id>
      <id>10925</id>
      <id>10926</id>
      <id>10927</id>
      <id>10928</id>
      <id>10929</id>
      <id>10930</id>
      <id>10931</id>
      <id>10932</id>
      <id>10933</id>
      <id>10934</id>
      <id>10935</id>
      <id>10936</id>
      <id>10937</id>
      <id>10938</id>
      <id>10939</id>
      <id>10940</id>
      <id>10941</id>
      <id>10942</id>
      <id>10943</id>
      <id>10944</id>
      <id>10945</id>
      <id>10946</id>
      <id>10947</id>
      <id>10948</id>
      <id>10949</id>
      <id>10950</id>
      <id>10951</id>
      <id>10952</id>
      <id>10953</id>
      <id>10954</id>
      <id>10955</id>
   </successors>
   <trajectory>
      <states>
         <state>
            <time>0</time>
            <x>0</x>
            <y>0</y>
            <velocity>24</velocity>
            <orientation>0</orientation>
         </state>
         <state>
            <time>0.1</time>
            <x>2.4099</x>
            <y>0.023232</y>
            <velocity>24.2</velocity>
            <orientation>0.01928</orientation>
         </state>
         <state>
            <time>0.2</time>
            <x>4.8388</x>
            <y>0.093691</y>
            <velocity>24.4</velocity>
            <orientation>0.03872</orientation>
         </state>
         <state>
            <time>0.3</time>
            <x>7.2859</x>
            <y>0.21252</y>
            <velocity>24.6</velocity>
            <orientation>0.05832</orientation>
         </state>
         <state>
            <time>0.4</time>
            <x>9.7501</x>
            <y>0.38084</y>
            <velocity>24.8</velocity>
            <orientation>0.07808</orientation>
         </state>
         <state>
            <time>0.5</time>
            <x>12.2304</x>
            <y>0.59977</y>
            <velocity>25</velocity>
            <orientation>0.098</orientation>
         </state>
         <state>
            <time>0.6</time>
            <x>14.7257</x>
            <y>0.87042</y>
            <velocity>25.2</velocity>
            <orientation>0.11808</orientation>
         </state>
         <state>
            <time>0.7</time>
            <x>17.2349</x>
            <y>1.1939</y>
            <velocity>25.4</velocity>
            <orientation>0.13832</orientation>
         </state>
         <state>
            <time>0.8</time>
            <x>19.7568</x>
            <y>1.5712</y>
            <velocity>25.6</velocity>
            <orientation>0.15872</orientation>
         </state>
         <state>
            <time>0.9</time>
            <x>22.2901</x>
            <y>2.0035</y>
            <velocity>25.8</velocity>
            <orientation>0.17928</orientation>
         </state>
         <state>
            <time>1</time>
            <x>24.8337</x>
            <y>2.4917</y>
            <velocity>26</velocity>
            <orientation>0.2</orientation>
         </state>
      </states>
      <inputs>
         <input>
            <acceleration>2</acceleration>
            <steer>0.018398</steer>
         </input>
         <input>
            <acceleration>2</acceleration>
            <steer>0.018398</steer>
         </input>
         <input>
            <acceleration>2</acceleration>
            <steer>0.018398</steer>
         </input>
         <input>
            <acceleration>2</acceleration>
            <steer>0.018398</steer>
         </input>
         <input>
            <acceleration>2</acceleration>
            <steer>0.018398</steer>
         </input>
         <input>
            <acceleration>2</acceleration>
            <steer>0.018398</steer>
         </input>
         <input>
            <acceleration>2</acceleration>
            <steer>0.018398</steer>
         </input>
         <input>
            <acceleration>2</acceleration>
            <steer>0.018398</steer>
         </input>
         <input>
            <acceleration>2</acceleration>
            <steer>0.018398</steer>
         </input>
         <input>
            <acceleration>2</acceleration>
            <steer>0.018398</steer>
         </input>
      </inputs>
   </trajectory>
   <occupancySet>
      <occupancy>
         <time>
            <intervalStart>0</intervalStart>
            <intervalEnd>0.1</intervalEnd>
         </time>
         <set>
            <point>
               <element dimension="1">-1.1217</element>
               <element dimension="2">1.0185</element>
            </point>
            <point>
               <element dimension="1">-1.1064</element>
               <element dimension="2">1.0188</element>
            </point>
            <point>
               <element dimension="1">3.4127</element>
               <element dimension="2">1.0623</element>
            </point>
            <point>
               <element dimension="1">5.7999</element>
               <element dimension="2">1.0646</element>
            </point>
            <point>
               <element dimension="1">5.8314</element>
               <element dimension="2">-0.65249</element>
            </point>
            <point>
               <element dimension="1">5.8328</element>
               <element dimension="2">-0.79843</element>
            </point>
            <point>
               <element dimension="1">5.8329</element>
               <element dimension="2">-0.97635</element>
            </point>
            <point>
               <element dimension="1">3.6463</element>
               <element dimension="2">-1.0164</element>
            </point>
            <point>
               <element dimension="1">3.4174</element>
               <element dimension="2">-1.0186</element>
            </point>
            <point>
               <element dimension="1">-1.1197</element>
               <element dimension="2">-1.023</element>
            </point>
            <point>
               <element dimension="1">-1.1197</element>
               <element dimension="2">-1.0228</element>
            </point>
            <point>
               <element dimension="1">-1.1197</element>
               <element dimension="2">-1.0225</element>
            </point>
         </set>
      </occupancy>
      <occupancy>
         <time>
            <intervalStart>0.1</intervalStart>
            <intervalEnd>0.2</intervalEnd>
         </time>
         <set>
            <point>
               <element dimension="1">1.0415</element>
               <element dimension="2">0.97831</element>
            </point>
            <point>
               <element dimension="1">3.2785</element>
               <element dimension="2">1.0628</element>
            </point>
            <point>
               <element dimension="1">8.0328</element>
               <element dimension="2">1.1961</element>
            </point>
            <point>
               <element dimension="1">8.2012</element>
               <element dimension="2">1.1992</element>
            </point>
            <point>
               <element dimension="1">8.2668</element>
               <element dimension="2">-0.53623</element>
            </point>
            <point>
               <element dimension="1">8.2669</element>
               <element dimension="2">-0.54096</element>
            </point>
            <point>
               <element dimension="1">8.2717</element>
               <element dimension="2">-0.8022</element>
            </point>
            <point>
               <element dimension="1">5.8319</element>
               <element dimension="2">-0.89435</element>
            </point>
            <point>
               <element dimension="1">5.1595</element>
               <element dimension="2">-0.9132</element>
            </point>
            <point>
               <element dimension="1">1.0777</element>
               <element dimension="2">-0.98798</element>
            </point>
            <point>
               <element dimension="1">1.0774</element>
               <element dimension="2">-0.98006</element>
            </point>
         </set>
      </occupancy>
      <occupancy>
         <time>
            <intervalStart>0.2</intervalStart>
            <intervalEnd>0.3</intervalEnd>
         </time>
         <set>
            <point>
               <element dimension="1">3.457</element>
               <element dimension="2">1.0208</element>
            </point>
            <point>
               <element dimension="1">4.5872</element>
               <element dimension="2">1.0857</element>
            </point>
            <point>
               <element dimension="1">10.469</element>
               <element dimension="2">1.3656</element>
            </point>
            <point>
               <element dimension="1">10.6153</element>
               <element dimension="2">1.3711</element>
            </point>
            <point>
               <element dimension="1">10.7151</element>
               <element dimension="2">-0.36769</element>
            </point>
            <point>
               <element dimension="1">10.7245</element>
               <element dimension="2">-0.61523</element>
            </point>
            <point>
               <element dimension="1">8.2691</element>
               <element dimension="2">-0.75618</element>
            </point>
            <point>
               <element dimension="1">7.9971</element>
               <element dimension="2">-0.76912</element>
            </point>
            <point>
               <element dimension="1">3.5311</element>
               <element dimension="2">-0.93779</element>
            </point>
            <point>
               <element dimension="1">3.5306</element>
               <element dimension="2">-0.92966</element>
            </point>
         </set>
      </occupancy>
      <occupancy>
         <time>
            <intervalStart>0.3</intervalStart>
            <intervalEnd>0.4</intervalEnd>
         </time>
         <set>
            <point>
               <element dimension="1">5.8962</element>
               <element dimension="2">1.1005</element>
            </point>
            <point>
               <element dimension="1">6.9697</element>
               <element dimension="2">1.1835</element>
            </point>
            <point>
               <element dimension="1">12.9208</element>
               <element dimension="2">1.5841</element>
            </point>
            <point>
               <element dimension="1">13.0459</element>
               <element dimension="2">1.5913</element>
            </point>
            <point>
               <element dimension="1">13.1802</element>
               <element dimension="2">-0.14777</element>
            </point>
            <point>
               <element dimension="1">13.1928</element>
               <element dimension="2">-0.36721</element>
            </point>
            <point>
               <element dimension="1">10.7187</element>
               <element dimension="2">-0.55833</element>
            </point>
            <point>
               <element dimension="1">10.42</element>
               <element dimension="2">-0.57844</element>
            </point>
            <point>
               <element dimension="1">6.0074</element>
               <element dimension="2">-0.83174</element>
            </point>
            <point>
               <element dimension="1">6.0064</element>
               <element dimension="2">-0.81919</element>
            </point>
         </set>
      </occupancy>
      <occupancy>
         <time>
            <intervalStart>0.4</intervalStart>
            <intervalEnd>0.5</intervalEnd>
         </time>
         <set>
            <point>
               <element dimension="1">8.3532</element>
               <element dimension="2">1.2287</element>
            </point>
            <point>
               <element dimension="1">9.2044</element>
               <element dimension="2">1.3116</element>
            </point>
            <point>
               <element dimension="1">15.388</element>
               <element dimension="2">1.8512</element>
            </point>
            <point>
               <element dimension="1">15.4909</element>
               <element dimension="2">1.8591</element>
            </point>
            <point>
               <element dimension="1">15.6597</element>
               <element dimension="2">0.12526</element>
            </point>
            <point>
               <element dimension="1">15.6745</element>
               <element dimension="2">-0.06748</element>
            </point>
            <point>
               <element dimension="1">13.1856</element>
               <element dimension="2">-0.30968</element>
            </point>
            <point>
               <element dimension="1">12.9263</element>
               <element dimension="2">-0.3323</element>
            </point>
            <point>
               <element dimension="1">8.5005</element>
               <element dimension="2">-0.67418</element>
            </point>
            <point>
               <element dimension="1">8.4994</element>
               <element dimension="2">-0.66298</element>
            </point>
         </set>
      </occupancy>
      <occupancy>
         <time>
            <intervalStart>0.5</intervalStart>
            <intervalEnd>0.6</intervalEnd>
         </time>
         <set>
            <point>
               <element dimension="1">10.8285</element>
               <element dimension="2">1.405</element>
            </point>
            <point>
               <element dimension="1">11.7059</element>
               <element dimension="2">1.5082</element>
            </point>
            <point>
               <element dimension="1">17.8691</element>
               <element dimension="2">2.1704</element>
            </point>
            <point>
               <element dimension="1">17.9499</element>
               <element dimension="2">2.1783</element>
            </point>
            <point>
               <element dimension="1">18.1532</element>
               <element dimension="2">0.45005</element>
            </point>
            <point>
               <element dimension="1">18.169</element>
               <element dimension="2">0.28678</element>
            </point>
            <point>
               <element dimension="1">15.6651</element>
               <element dimension="2">-0.0077239</element>
            </point>
            <point>
               <element dimension="1">15.3961</element>
               <element dimension="2">-0.03662</element>
            </point>
            <point>
               <element dimension="1">11.0104</element>
               <element dimension="2">-0.46339</element>
            </point>
            <point>
               <element dimension="1">11.0094</element>
               <element dimension="2">-0.45433</element>
            </point>
         </set>
      </occupancy>
      <occupancy>
         <time>
            <intervalStart>0.6</intervalStart>
            <intervalEnd>0.7</intervalEnd>
         </time>
         <set>
            <point>
               <element dimension="1">13.3199</element>
               <element dimension="2">1.6329</element>
            </point>
            <point>
               <element dimension="1">14.2111</element>
               <element dimension="2">1.756</element>
            </point>
            <point>
               <element dimension="1">20.3629</element>
               <element dimension="2">2.5427</element>
            </point>
            <point>
               <element dimension="1">20.4217</element>
               <element dimension="2">2.5496</element>
            </point>
            <point>
               <element dimension="1">20.6596</element>
               <element dimension="2">0.82777</element>
            </point>
            <point>
               <element dimension="1">20.6753</element>
               <element dimension="2">0.69409</element>
            </point>
            <point>
               <element dimension="1">18.158</element>
               <element dimension="2">0.34626</element>
            </point>
            <point>
               <element dimension="1">17.8908</element>
               <element dimension="2">0.31209</element>
            </point>
            <point>
               <element dimension="1">13.5357</element>
               <element dimension="2">-0.20013</element>
            </point>
            <point>
               <element dimension="1">13.5347</element>
               <element dimension="2">-0.19308</element>
            </point>
         </set>
      </occupancy>
      <occupancy>
         <time>
            <intervalStart>0.7</intervalStart>
            <intervalEnd>0.8</intervalEnd>
         </time>
         <set>
            <point>
               <element dimension="1">15.8266</element>
               <element dimension="2">1.9134</element>
            </point>
            <point>
               <element dimension="1">16.7304</element>
               <element dimension="2">2.0571</element>
            </point>
            <point>
               <element dimension="1">22.8682</element>
               <element dimension="2">2.9691</element>
            </point>
            <point>
               <element dimension="1">22.9051</element>
               <element dimension="2">2.9742</element>
            </point>
            <point>
               <element dimension="1">23.1777</element>
               <element dimension="2">1.2595</element>
            </point>
            <point>
               <element dimension="1">23.1921</element>
               <element dimension="2">1.1556</element>
            </point>
            <point>
               <element dimension="1">20.6632</element>
               <element dimension="2">0.75343</element>
            </point>
            <point>
               <element dimension="1">20.3978</element>
               <element dimension="2">0.714</element>
            </point>
            <point>
               <element dimension="1">16.075</element>
               <element dimension="2">0.11669</element>
            </point>
            <point>
               <element dimension="1">16.0742</element>
               <element dimension="2">0.12173</element>
            </point>
         </set>
      </occupancy>
      <occupancy>
         <time>
            <intervalStart>0.8</intervalStart>
            <intervalEnd>0.9</intervalEnd>
         </time>
         <set>
            <point>
               <element dimension="1">18.3473</element>
               <element dimension="2">2.2477</element>
            </point>
            <point>
               <element dimension="1">19.2664</element>
               <element dimension="2">2.4133</element>
            </point>
            <point>
               <element dimension="1">25.3937</element>
               <element dimension="2">3.4523</element>
            </point>
            <point>
               <element dimension="1">25.3988</element>
               <element dimension="2">3.4531</element>
            </point>
            <point>
               <element dimension="1">25.7064</element>
               <element dimension="2">1.7461</element>
            </point>
            <point>
               <element dimension="1">25.7181</element>
               <element dimension="2">1.6722</element>
            </point>
            <point>
               <element dimension="1">23.1794</element>
               <element dimension="2">1.2148</element>
            </point>
            <point>
               <element dimension="1">22.9141</element>
               <element dimension="2">1.1698</element>
            </point>
            <point>
               <element dimension="1">18.6271</element>
               <element dimension="2">0.48814</element>
            </point>
            <point>
               <element dimension="1">18.6266</element>
               <element dimension="2">0.4912</element>
            </point>
         </set>
      </occupancy>
      <occupancy>
         <time>
            <intervalStart>0.9</intervalStart>
            <intervalEnd>1</intervalEnd>
         </time>
         <set>
            <point>
               <element dimension="1">20.8807</element>
               <element dimension="2">2.6369</element>
            </point>
            <point>
               <element dimension="1">22.0293</element>
               <element dimension="2">2.8685</element>
            </point>
            <point>
               <element dimension="1">27.8996</element>
               <element dimension="2">3.989</element>
            </point>
            <point>
               <element dimension="1">27.9018</element>
               <element dimension="2">3.9894</element>
            </point>
            <point>
               <element dimension="1">28.2399</element>
               <element dimension="2">2.3127</element>
            </point>
            <point>
               <element dimension="1">28.2521</element>
               <element dimension="2">2.245</element>
            </point>
            <point>
               <element dimension="1">25.7055</element>
               <element dimension="2">1.7315</element>
            </point>
            <point>
               <element dimension="1">25.4131</element>
               <element dimension="2">1.6757</element>
            </point>
            <point>
               <element dimension="1">21.191</element>
               <element dimension="2">0.91503</element>
            </point>
            <point>
               <element dimension="1">21.1907</element>
               <element dimension="2">0.91639</element>
            </point>
         </set>
      </occupancy>
   </occupancySet>
   <reachableSet>
      <reachability>
         <time>0</time>
         <x>
            <intervalStart>-0.1</intervalStart>
            <intervalEnd>0.1</intervalEnd>
         </x>
         <y>
            <intervalStart>-0.1</intervalStart>
            <intervalEnd>0.1</intervalEnd>
         </y>
         <velocity>
            <intervalStart>23.8</intervalStart>
            <intervalEnd>24.2</intervalEnd>
         </velocity>
         <orientation>
            <intervalStart>-0.02</intervalStart>
            <intervalEnd>0.02</intervalEnd>
         </orientation>
      </reachability>
      <reachability>
         <time>1</time>
         <x>
            <intervalStart>24.8323</intervalStart>
            <intervalEnd>24.8346</intervalEnd>
         </x>
         <y>
            <intervalStart>2.4865</intervalStart>
            <intervalEnd>2.497</intervalEnd>
         </y>
         <velocity>
            <intervalStart>26</intervalStart>
            <intervalEnd>26</intervalEnd>
         </velocity>
         <orientation>
            <intervalStart>0.19979</intervalStart>
            <intervalEnd>0.20022</intervalEnd>
         </orientation>
      </reachability>
   </reachableSet>
</motionPrimitive>