<?xml version="1.0" encoding="utf-8"?>
<motionPrimitive ID="1027">
   <controller type="generator space control">controller1027.mat</controller>
   <successors>
      <id>2957</id>
      <id>2958</id>
      <id>2959</id>
      <id>2960</id>
      <id>2961</id>
      <id>2962</id>
      <id>2963</id>
      <id>2964</id>
      <id>2965</id>
      <id>2966</id>
      <id>2967</id>
      <id>2968</id>
      <id>2969</id>
      <id>2970</id>
      <id>2971</id>
      <id>2972</id>
      <id>2973</id>
      <id>2974</id>
      <id>2975</id>
      <id>2976</id>
      <id>2977</id>
      <id>2978</id>
      <id>2979</id>
      <id>2980</id>
      <id>2981</id>
      <id>2982</id>
      <id>2983</id>
      <id>2984</id>
      <id>2985</id>
      <id>2986</id>
      <id>2987</id>
      <id>2988</id>
      <id>2989</id>
      <id>2990</id>
      <id>2991</id>
      <id>2992</id>
      <id>2993</id>
      <id>2994</id>
      <id>2995</id>
      <id>2996</id>
      <id>2997</id>
      <id>2998</id>
      <id>2999</id>
      <id>3000</id>
      <id>3001</id>
      <id>3002</id>
      <id>3003</id>
      <id>3004</id>
      <id>3005</id>
      <id>3006</id>
      <id>3007</id>
      <id>3008</id>
      <id>3009</id>
      <id>3010</id>
      <id>3011</id>
      <id>3012</id>
      <id>3013</id>
      <id>3014</id>
      <id>3015</id>
      <id>3016</id>
      <id>3017</id>
      <id>3018</id>
      <id>3019</id>
      <id>3020</id>
      <id>3021</id>
      <id>3022</id>
      <id>3023</id>
      <id>3024</id>
      <id>3025</id>
      <id>3026</id>
      <id>3027</id>
      <id>3028</id>
      <id>3029</id>
      <id>3030</id>
      <id>3031</id>
      <id>3032</id>
      <id>3033</id>
      <id>3034</id>
      <id>3035</id>
      <id>3036</id>
      <id>3037</id>
      <id>3038</id>
      <id>3039</id>
      <id>3040</id>
      <id>3041</id>
      <id>3042</id>
      <id>3043</id>
      <id>3044</id>
      <id>3045</id>
      <id>3046</id>
      <id>3047</id>
      <id>3048</id>
      <id>3049</id>
      <id>3050</id>
      <id>3051</id>
      <id>3052</id>
      <id>3053</id>
      <id>3054</id>
      <id>3055</id>
      <id>3056</id>
      <id>3057</id>
      <id>3058</id>
      <id>3059</id>
      <id>3060</id>
      <id>3061</id>
      <id>3062</id>
      <id>3063</id>
      <id>3064</id>
      <id>3065</id>
      <id>3066</id>
      <id>3067</id>
      <id>3068</id>
      <id>3069</id>
      <id>3070</id>
      <id>3071</id>
      <id>3072</id>
      <id>3073</id>
      <id>3074</id>
      <id>3075</id>
      <id>3076</id>
      <id>3077</id>
      <id>3078</id>
      <id>3079</id>
      <id>3080</id>
      <id>3081</id>
      <id>3082</id>
      <id>3083</id>
      <id>3084</id>
      <id>3085</id>
      <id>3086</id>
      <id>3087</id>
      <id>3088</id>
      <id>3089</id>
      <id>3090</id>
      <id>3091</id>
      <id>3092</id>
      <id>3093</id>
      <id>3094</id>
      <id>3095</id>
      <id>3096</id>
      <id>3097</id>
      <id>3098</id>
      <id>3099</id>
      <id>3100</id>
      <id>3101</id>
      <id>3102</id>
      <id>3103</id>
      <id>3104</id>
      <id>3105</id>
      <id>3106</id>
      <id>3107</id>
      <id>3108</id>
      <id>3109</id>
      <id>3110</id>
      <id>3111</id>
      <id>3112</id>
      <id>3113</id>
      <id>3114</id>
      <id>3115</id>
      <id>3116</id>
      <id>3117</id>
      <id>3118</id>
      <id>3119</id>
      <id>3120</id>
      <id>3121</id>
      <id>3122</id>
      <id>3123</id>
      <id>3124</id>
      <id>3125</id>
      <id>3126</id>
      <id>3127</id>
      <id>3128</id>
      <id>3129</id>
      <id>3130</id>
      <id>3131</id>
      <id>3132</id>
      <id>3133</id>
      <id>3134</id>
      <id>3135</id>
      <id>3136</id>
      <id>3137</id>
      <id>3138</id>
      <id>3139</id>
      <id>3140</id>
      <id>3141</id>
      <id>3142</id>
      <id>3143</id>
      <id>3144</id>
      <id>3145</id>
      <id>3146</id>
      <id>3147</id>
      <id>3148</id>
      <id>3149</id>
      <id>3150</id>
      <id>3151</id>
   </successors>
   <trajectory>
      <states>
         <state>
            <time>0</time>
            <x>0</x>
            <y>0</y>
            <velocity>6</velocity>
            <orientation>0</orientation>
         </state>
         <state>
            <time>0.1</time>
            <x>0.62</x>
            <y>0</y>
            <velocity>6.4</velocity>
            <orientation>0</orientation>
         </state>
         <state>
            <time>0.2</time>
            <x>1.28</x>
            <y>0</y>
            <velocity>6.8</velocity>
            <orientation>0</orientation>
         </state>
         <state>
            <time>0.3</time>
            <x>1.98</x>
            <y>0</y>
            <velocity>7.2</velocity>
            <orientation>0</orientation>
         </state>
         <state>
            <time>0.4</time>
            <x>2.72</x>
            <y>0</y>
            <velocity>7.6</velocity>
            <orientation>0</orientation>
         </state>
         <state>
            <time>0.5</time>
            <x>3.5</x>
            <y>0</y>
            <velocity>8</velocity>
            <orientation>0</orientation>
         </state>
         <state>
            <time>0.6</time>
            <x>4.32</x>
            <y>0</y>
            <velocity>8.4</velocity>
            <orientation>0</orientation>
         </state>
         <state>
            <time>0.7</time>
            <x>5.18</x>
            <y>0</y>
            <velocity>8.8</velocity>
            <orientation>0</orientation>
         </state>
         <state>
            <time>0.8</time>
            <x>6.08</x>
            <y>0</y>
            <velocity>9.2</velocity>
            <orientation>0</orientation>
         </state>
         <state>
            <time>0.9</time>
            <x>7.02</x>
            <y>0</y>
            <velocity>9.6</velocity>
            <orientation>0</orientation>
         </state>
         <state>
            <time>1</time>
            <x>8</x>
            <y>0</y>
            <velocity>10</velocity>
            <orientation>0</orientation>
         </state>
      </states>
      <inputs>
         <input>
            <acceleration>4</acceleration>
            <steer>0</steer>
         </input>
         <input>
            <acceleration>4</acceleration>
            <steer>0</steer>
         </input>
         <input>
            <acceleration>4</acceleration>
            <steer>0</steer>
         </input>
         <input>
            <acceleration>4</acceleration>
            <steer>0</steer>
         </input>
         <input>
            <acceleration>4</acceleration>
            <steer>0</steer>
         </input>
         <input>
            <acceleration>4</acceleration>
            <steer>0</steer>
         </input>
         <input>
            <acceleration>4</acceleration>
            <steer>0</steer>
         </input>
         <input>
            <acceleration>4</acceleration>
            <steer>0</steer>
         </input>
         <input>
            <acceleration>4</acceleration>
            <steer>0</steer>
         </input>
         <input>
            <acceleration>4</acceleration>
            <steer>0</steer>
         </input>
      </inputs>
   </trajectory>
   <occupancySet>
      <occupancy>
         <time>
            <intervalStart>0</intervalStart>
            <intervalEnd>0.1</intervalEnd>
         </time>
         <set>
            <point>
               <element dimension="1">-1.121</element>
               <element dimension="2">-1.0196</element>
            </point>
            <point>
               <element dimension="1">-1.121</element>
               <element dimension="2">1.0196</element>
            </point>
            <point>
               <element dimension="1">4.0392</element>
               <element dimension="2">1.0196</element>
            </point>
            <point>
               <element dimension="1">4.0392</element>
               <element dimension="2">-1.0196</element>
            </point>
         </set>
      </occupancy>
      <occupancy>
         <time>
            <intervalStart>0.1</intervalStart>
            <intervalEnd>0.2</intervalEnd>
         </time>
         <set>
            <point>
               <element dimension="1">-0.56317</element>
               <element dimension="2">-0.97618</element>
            </point>
            <point>
               <element dimension="1">-0.56317</element>
               <element dimension="2">0.97618</element>
            </point>
            <point>
               <element dimension="1">4.6867</element>
               <element dimension="2">0.97618</element>
            </point>
            <point>
               <element dimension="1">4.6867</element>
               <element dimension="2">-0.97618</element>
            </point>
         </set>
      </occupancy>
      <occupancy>
         <time>
            <intervalStart>0.2</intervalStart>
            <intervalEnd>0.3</intervalEnd>
         </time>
         <set>
            <point>
               <element dimension="1">0.10523</element>
               <element dimension="2">-0.96243</element>
            </point>
            <point>
               <element dimension="1">0.10523</element>
               <element dimension="2">0.96243</element>
            </point>
            <point>
               <element dimension="1">5.3745</element>
               <element dimension="2">0.96243</element>
            </point>
            <point>
               <element dimension="1">5.3745</element>
               <element dimension="2">-0.96243</element>
            </point>
         </set>
      </occupancy>
      <occupancy>
         <time>
            <intervalStart>0.3</intervalStart>
            <intervalEnd>0.4</intervalEnd>
         </time>
         <set>
            <point>
               <element dimension="1">0.81336</element>
               <element dimension="2">-0.95312</element>
            </point>
            <point>
               <element dimension="1">0.81336</element>
               <element dimension="2">0.95312</element>
            </point>
            <point>
               <element dimension="1">6.1023</element>
               <element dimension="2">0.95312</element>
            </point>
            <point>
               <element dimension="1">6.1023</element>
               <element dimension="2">-0.95312</element>
            </point>
         </set>
      </occupancy>
      <occupancy>
         <time>
            <intervalStart>0.4</intervalStart>
            <intervalEnd>0.5</intervalEnd>
         </time>
         <set>
            <point>
               <element dimension="1">1.5615</element>
               <element dimension="2">-0.94326</element>
            </point>
            <point>
               <element dimension="1">1.5615</element>
               <element dimension="2">0.94326</element>
            </point>
            <point>
               <element dimension="1">6.8701</element>
               <element dimension="2">0.94326</element>
            </point>
            <point>
               <element dimension="1">6.8701</element>
               <element dimension="2">-0.94326</element>
            </point>
         </set>
      </occupancy>
      <occupancy>
         <time>
            <intervalStart>0.5</intervalStart>
            <intervalEnd>0.6</intervalEnd>
         </time>
         <set>
            <point>
               <element dimension="1">2.3496</element>
               <element dimension="2">-0.93285</element>
            </point>
            <point>
               <element dimension="1">2.3496</element>
               <element dimension="2">0.93285</element>
            </point>
            <point>
               <element dimension="1">7.6779</element>
               <element dimension="2">0.93285</element>
            </point>
            <point>
               <element dimension="1">7.6779</element>
               <element dimension="2">-0.93285</element>
            </point>
         </set>
      </occupancy>
      <occupancy>
         <time>
            <intervalStart>0.6</intervalStart>
            <intervalEnd>0.7</intervalEnd>
         </time>
         <set>
            <point>
               <element dimension="1">3.1777</element>
               <element dimension="2">-0.9219</element>
            </point>
            <point>
               <element dimension="1">3.1777</element>
               <element dimension="2">0.9219</element>
            </point>
            <point>
               <element dimension="1">8.5257</element>
               <element dimension="2">0.9219</element>
            </point>
            <point>
               <element dimension="1">8.5257</element>
               <element dimension="2">-0.9219</element>
            </point>
         </set>
      </occupancy>
      <occupancy>
         <time>
            <intervalStart>0.7</intervalStart>
            <intervalEnd>0.8</intervalEnd>
         </time>
         <set>
            <point>
               <element dimension="1">4.0459</element>
               <element dimension="2">-0.91039</element>
            </point>
            <point>
               <element dimension="1">4.0459</element>
               <element dimension="2">0.91039</element>
            </point>
            <point>
               <element dimension="1">9.4135</element>
               <element dimension="2">0.91039</element>
            </point>
            <point>
               <element dimension="1">9.4135</element>
               <element dimension="2">-0.91039</element>
            </point>
         </set>
      </occupancy>
      <occupancy>
         <time>
            <intervalStart>0.8</intervalStart>
            <intervalEnd>0.9</intervalEnd>
         </time>
         <set>
            <point>
               <element dimension="1">4.954</element>
               <element dimension="2">-0.9038</element>
            </point>
            <point>
               <element dimension="1">4.954</element>
               <element dimension="2">0.9038</element>
            </point>
            <point>
               <element dimension="1">10.3413</element>
               <element dimension="2">0.9038</element>
            </point>
            <point>
               <element dimension="1">10.3413</element>
               <element dimension="2">-0.9038</element>
            </point>
         </set>
      </occupancy>
      <occupancy>
         <time>
            <intervalStart>0.9</intervalStart>
            <intervalEnd>1</intervalEnd>
         </time>
         <set>
            <point>
               <element dimension="1">5.9021</element>
               <element dimension="2">-0.90409</element>
            </point>
            <point>
               <element dimension="1">5.9021</element>
               <element dimension="2">0.90409</element>
            </point>
            <point>
               <element dimension="1">11.3026</element>
               <element dimension="2">0.90409</element>
            </point>
            <point>
               <element dimension="1">11.3026</element>
               <element dimension="2">-0.90409</element>
            </point>
         </set>
      </occupancy>
   </occupancySet>
   <reachableSet>
      <reachability>
         <time>0</time>
         <x>
            <intervalStart>-0.1</intervalStart>
            <intervalEnd>0.1</intervalEnd>
         </x>
         <y>
            <intervalStart>-0.1</intervalStart>
            <intervalEnd>0.1</intervalEnd>
         </y>
         <velocity>
            <intervalStart>5.8</intervalStart>
            <intervalEnd>6.2</intervalEnd>
         </velocity>
         <orientation>
            <intervalStart>-0.02</intervalStart>
            <intervalEnd>0.02</intervalEnd>
         </orientation>
      </reachability>
      <reachability>
         <time>1</time>
         <x>
            <intervalStart>7.999</intervalStart>
            <intervalEnd>8.0002</intervalEnd>
         </x>
         <y>
            <intervalStart>-0.0098468</intervalStart>
            <intervalEnd>0.0098468</intervalEnd>
         </y>
         <velocity>
            <intervalStart>10</intervalStart>
            <intervalEnd>10</intervalEnd>
         </velocity>
         <orientation>
            <intervalStart>-0.001175</intervalStart>
            <intervalEnd>0.001175</intervalEnd>
         </orientation>
      </reachability>
   </reachableSet>
</motionPrimitive>