<?xml version="1.0" encoding="utf-8"?>
<motionPrimitive ID="10329">
   <controller type="generator space control">controller10329.mat</controller>
   <successors>
      <id>10596</id>
      <id>10597</id>
      <id>10598</id>
      <id>10599</id>
      <id>10600</id>
      <id>10601</id>
      <id>10602</id>
      <id>10603</id>
      <id>10604</id>
      <id>10605</id>
      <id>10606</id>
      <id>10607</id>
      <id>10608</id>
      <id>10609</id>
      <id>10610</id>
      <id>10611</id>
      <id>10612</id>
      <id>10613</id>
      <id>10614</id>
      <id>10615</id>
      <id>10616</id>
      <id>10617</id>
      <id>10618</id>
      <id>10619</id>
      <id>10620</id>
      <id>10621</id>
      <id>10622</id>
      <id>10623</id>
      <id>10624</id>
      <id>10625</id>
      <id>10626</id>
      <id>10627</id>
      <id>10628</id>
      <id>10629</id>
      <id>10630</id>
      <id>10631</id>
      <id>10632</id>
      <id>10633</id>
      <id>10634</id>
      <id>10635</id>
      <id>10636</id>
      <id>10637</id>
      <id>10638</id>
      <id>10639</id>
      <id>10640</id>
      <id>10641</id>
      <id>10642</id>
      <id>10643</id>
      <id>10644</id>
      <id>10645</id>
      <id>10646</id>
      <id>10647</id>
      <id>10648</id>
      <id>10649</id>
      <id>10650</id>
      <id>10651</id>
      <id>10652</id>
      <id>10653</id>
      <id>10654</id>
      <id>10655</id>
      <id>10656</id>
      <id>10657</id>
      <id>10658</id>
      <id>10659</id>
      <id>10660</id>
      <id>10661</id>
      <id>10662</id>
      <id>10663</id>
      <id>10664</id>
      <id>10665</id>
      <id>10666</id>
      <id>10667</id>
      <id>10668</id>
      <id>10669</id>
      <id>10670</id>
      <id>10671</id>
      <id>10672</id>
      <id>10673</id>
      <id>10674</id>
      <id>10675</id>
      <id>10676</id>
      <id>10677</id>
      <id>10678</id>
      <id>10679</id>
      <id>10680</id>
      <id>10681</id>
      <id>10682</id>
      <id>10683</id>
      <id>10684</id>
      <id>10685</id>
      <id>10686</id>
      <id>10687</id>
      <id>10688</id>
      <id>10689</id>
      <id>10690</id>
      <id>10691</id>
      <id>10692</id>
      <id>10693</id>
      <id>10694</id>
      <id>10695</id>
      <id>10696</id>
      <id>10697</id>
      <id>10698</id>
      <id>10699</id>
      <id>10700</id>
      <id>10701</id>
      <id>10702</id>
      <id>10703</id>
      <id>10704</id>
      <id>10705</id>
      <id>10706</id>
      <id>10707</id>
      <id>10708</id>
      <id>10709</id>
      <id>10710</id>
      <id>10711</id>
      <id>10712</id>
      <id>10713</id>
      <id>10714</id>
      <id>10715</id>
      <id>10716</id>
      <id>10717</id>
      <id>10718</id>
      <id>10719</id>
      <id>10720</id>
      <id>10721</id>
      <id>10722</id>
      <id>10723</id>
      <id>10724</id>
      <id>10725</id>
      <id>10726</id>
      <id>10727</id>
      <id>10728</id>
      <id>10729</id>
      <id>10730</id>
      <id>10731</id>
      <id>10732</id>
      <id>10733</id>
      <id>10734</id>
      <id>10735</id>
      <id>10736</id>
      <id>10737</id>
      <id>10738</id>
      <id>10739</id>
      <id>10740</id>
      <id>10741</id>
      <id>10742</id>
      <id>10743</id>
      <id>10744</id>
      <id>10745</id>
      <id>10746</id>
      <id>10747</id>
      <id>10748</id>
      <id>10749</id>
      <id>10750</id>
      <id>10751</id>
      <id>10752</id>
      <id>10753</id>
      <id>10754</id>
      <id>10755</id>
      <id>10756</id>
      <id>10757</id>
      <id>10758</id>
      <id>10759</id>
      <id>10760</id>
      <id>10761</id>
      <id>10762</id>
      <id>10763</id>
      <id>10764</id>
      <id>10765</id>
      <id>10766</id>
      <id>10767</id>
      <id>10768</id>
      <id>10769</id>
      <id>10770</id>
      <id>10771</id>
      <id>10772</id>
      <id>10773</id>
      <id>10774</id>
      <id>10775</id>
   </successors>
   <trajectory>
      <states>
         <state>
            <time>0</time>
            <x>0</x>
            <y>0</y>
            <velocity>24.8</velocity>
            <orientation>0</orientation>
         </state>
         <state>
            <time>0.1</time>
            <x>2.4836</x>
            <y>-0.036725</y>
            <velocity>24.88</velocity>
            <orientation>-0.029571</orientation>
         </state>
         <state>
            <time>0.2</time>
            <x>4.9731</x>
            <y>-0.14734</y>
            <velocity>24.96</velocity>
            <orientation>-0.059238</orientation>
         </state>
         <state>
            <time>0.3</time>
            <x>7.4661</x>
            <y>-0.33246</y>
            <velocity>25.04</velocity>
            <orientation>-0.089</orientation>
         </state>
         <state>
            <time>0.4</time>
            <x>9.9605</x>
            <y>-0.59264</y>
            <velocity>25.12</velocity>
            <orientation>-0.11886</orientation>
         </state>
         <state>
            <time>0.5</time>
            <x>12.4539</x>
            <y>-0.92834</y>
            <velocity>25.2</velocity>
            <orientation>-0.14881</orientation>
         </state>
         <state>
            <time>0.6</time>
            <x>14.944</x>
            <y>-1.34</y>
            <velocity>25.28</velocity>
            <orientation>-0.17886</orientation>
         </state>
         <state>
            <time>0.7</time>
            <x>17.4285</x>
            <y>-1.8279</y>
            <velocity>25.36</velocity>
            <orientation>-0.209</orientation>
         </state>
         <state>
            <time>0.8</time>
            <x>19.9048</x>
            <y>-2.3924</y>
            <velocity>25.44</velocity>
            <orientation>-0.23924</orientation>
         </state>
         <state>
            <time>0.9</time>
            <x>22.3707</x>
            <y>-3.0336</y>
            <velocity>25.52</velocity>
            <orientation>-0.26957</orientation>
         </state>
         <state>
            <time>1</time>
            <x>24.8237</x>
            <y>-3.7517</y>
            <velocity>25.6</velocity>
            <orientation>-0.3</orientation>
         </state>
      </states>
      <inputs>
         <input>
            <acceleration>0.8</acceleration>
            <steer>-0.027374</steer>
         </input>
         <input>
            <acceleration>0.8</acceleration>
            <steer>-0.027374</steer>
         </input>
         <input>
            <acceleration>0.8</acceleration>
            <steer>-0.027374</steer>
         </input>
         <input>
            <acceleration>0.8</acceleration>
            <steer>-0.027374</steer>
         </input>
         <input>
            <acceleration>0.8</acceleration>
            <steer>-0.027374</steer>
         </input>
         <input>
            <acceleration>0.8</acceleration>
            <steer>-0.027374</steer>
         </input>
         <input>
            <acceleration>0.8</acceleration>
            <steer>-0.027374</steer>
         </input>
         <input>
            <acceleration>0.8</acceleration>
            <steer>-0.027374</steer>
         </input>
         <input>
            <acceleration>0.8</acceleration>
            <steer>-0.027374</steer>
         </input>
         <input>
            <acceleration>0.8</acceleration>
            <steer>-0.027374</steer>
         </input>
      </inputs>
   </trajectory>
   <occupancySet>
      <occupancy>
         <time>
            <intervalStart>0</intervalStart>
            <intervalEnd>0.1</intervalEnd>
         </time>
         <set>
            <point>
               <element dimension="1">-1.1227</element>
               <element dimension="2">-1.0187</element>
            </point>
            <point>
               <element dimension="1">-1.1197</element>
               <element dimension="2">1.0249</element>
            </point>
            <point>
               <element dimension="1">-1.1197</element>
               <element dimension="2">1.0252</element>
            </point>
            <point>
               <element dimension="1">-1.1197</element>
               <element dimension="2">1.0259</element>
            </point>
            <point>
               <element dimension="1">3.3892</element>
               <element dimension="2">1.0192</element>
            </point>
            <point>
               <element dimension="1">3.6626</element>
               <element dimension="2">1.0152</element>
            </point>
            <point>
               <element dimension="1">5.9154</element>
               <element dimension="2">0.95189</element>
            </point>
            <point>
               <element dimension="1">5.9151</element>
               <element dimension="2">0.7514</element>
            </point>
            <point>
               <element dimension="1">5.913</element>
               <element dimension="2">0.60609</element>
            </point>
            <point>
               <element dimension="1">5.8647</element>
               <element dimension="2">-1.1131</element>
            </point>
            <point>
               <element dimension="1">5.1867</element>
               <element dimension="2">-1.1121</element>
            </point>
            <point>
               <element dimension="1">-1.1149</element>
               <element dimension="2">-1.0189</element>
            </point>
         </set>
      </occupancy>
      <occupancy>
         <time>
            <intervalStart>0.1</intervalStart>
            <intervalEnd>0.2</intervalEnd>
         </time>
         <set>
            <point>
               <element dimension="1">1.0977</element>
               <element dimension="2">-0.98035</element>
            </point>
            <point>
               <element dimension="1">1.1529</element>
               <element dimension="2">0.98134</element>
            </point>
            <point>
               <element dimension="1">1.1536</element>
               <element dimension="2">0.99377</element>
            </point>
            <point>
               <element dimension="1">5.2206</element>
               <element dimension="2">0.87947</element>
            </point>
            <point>
               <element dimension="1">5.9144</element>
               <element dimension="2">0.84966</element>
            </point>
            <point>
               <element dimension="1">8.4231</element>
               <element dimension="2">0.70459</element>
            </point>
            <point>
               <element dimension="1">8.4151</element>
               <element dimension="2">0.41929</element>
            </point>
            <point>
               <element dimension="1">8.415</element>
               <element dimension="2">0.41569</element>
            </point>
            <point>
               <element dimension="1">8.3144</element>
               <element dimension="2">-1.3227</element>
            </point>
            <point>
               <element dimension="1">8.1458</element>
               <element dimension="2">-1.318</element>
            </point>
            <point>
               <element dimension="1">3.4416</element>
               <element dimension="2">-1.1159</element>
            </point>
         </set>
      </occupancy>
      <occupancy>
         <time>
            <intervalStart>0.2</intervalStart>
            <intervalEnd>0.3</intervalEnd>
         </time>
         <set>
            <point>
               <element dimension="1">3.5653</element>
               <element dimension="2">-1.0492</element>
            </point>
            <point>
               <element dimension="1">3.6782</element>
               <element dimension="2">0.90268</element>
            </point>
            <point>
               <element dimension="1">3.6794</element>
               <element dimension="2">0.91698</element>
            </point>
            <point>
               <element dimension="1">8.0197</element>
               <element dimension="2">0.666</element>
            </point>
            <point>
               <element dimension="1">8.4191</element>
               <element dimension="2">0.63694</element>
            </point>
            <point>
               <element dimension="1">10.9295</element>
               <element dimension="2">0.41668</element>
            </point>
            <point>
               <element dimension="1">10.9139</element>
               <element dimension="2">0.14712</element>
            </point>
            <point>
               <element dimension="1">10.761</element>
               <element dimension="2">-1.595</element>
            </point>
            <point>
               <element dimension="1">10.6147</element>
               <element dimension="2">-1.5866</element>
            </point>
            <point>
               <element dimension="1">5.1942</element>
               <element dimension="2">-1.1921</element>
            </point>
         </set>
      </occupancy>
      <occupancy>
         <time>
            <intervalStart>0.3</intervalStart>
            <intervalEnd>0.4</intervalEnd>
         </time>
         <set>
            <point>
               <element dimension="1">6.0433</element>
               <element dimension="2">-1.1815</element>
            </point>
            <point>
               <element dimension="1">6.2116</element>
               <element dimension="2">0.73707</element>
            </point>
            <point>
               <element dimension="1">6.214</element>
               <element dimension="2">0.75716</element>
            </point>
            <point>
               <element dimension="1">10.5518</element>
               <element dimension="2">0.37654</element>
            </point>
            <point>
               <element dimension="1">10.9199</element>
               <element dimension="2">0.3387</element>
            </point>
            <point>
               <element dimension="1">13.4336</element>
               <element dimension="2">0.04232</element>
            </point>
            <point>
               <element dimension="1">13.4124</element>
               <element dimension="2">-0.19884</element>
            </point>
            <point>
               <element dimension="1">13.2072</element>
               <element dimension="2">-1.9395</element>
            </point>
            <point>
               <element dimension="1">13.0822</element>
               <element dimension="2">-1.9286</element>
            </point>
            <point>
               <element dimension="1">7.5941</element>
               <element dimension="2">-1.3644</element>
            </point>
         </set>
      </occupancy>
      <occupancy>
         <time>
            <intervalStart>0.4</intervalStart>
            <intervalEnd>0.5</intervalEnd>
         </time>
         <set>
            <point>
               <element dimension="1">8.5241</element>
               <element dimension="2">-1.3872</element>
            </point>
            <point>
               <element dimension="1">8.7468</element>
               <element dimension="2">0.50131</element>
            </point>
            <point>
               <element dimension="1">8.7495</element>
               <element dimension="2">0.51948</element>
            </point>
            <point>
               <element dimension="1">13.0834</element>
               <element dimension="2">0.0084758</element>
            </point>
            <point>
               <element dimension="1">13.4205</element>
               <element dimension="2">-0.036386</element>
            </point>
            <point>
               <element dimension="1">15.9313</element>
               <element dimension="2">-0.40897</element>
            </point>
            <point>
               <element dimension="1">15.906</element>
               <element dimension="2">-0.62375</element>
            </point>
            <point>
               <element dimension="1">15.6492</element>
               <element dimension="2">-2.3543</element>
            </point>
            <point>
               <element dimension="1">15.5467</element>
               <element dimension="2">-2.3422</element>
            </point>
            <point>
               <element dimension="1">9.8466</element>
               <element dimension="2">-1.5835</element>
            </point>
         </set>
      </occupancy>
      <occupancy>
         <time>
            <intervalStart>0.5</intervalStart>
            <intervalEnd>0.6</intervalEnd>
         </time>
         <set>
            <point>
               <element dimension="1">11.0079</element>
               <element dimension="2">-1.6648</element>
            </point>
            <point>
               <element dimension="1">11.2827</element>
               <element dimension="2">0.1868</element>
            </point>
            <point>
               <element dimension="1">11.2853</element>
               <element dimension="2">0.20169</element>
            </point>
            <point>
               <element dimension="1">15.5674</element>
               <element dimension="2">-0.43371</element>
            </point>
            <point>
               <element dimension="1">15.9141</element>
               <element dimension="2">-0.49051</element>
            </point>
            <point>
               <element dimension="1">18.4212</element>
               <element dimension="2">-0.93987</element>
            </point>
            <point>
               <element dimension="1">18.3938</element>
               <element dimension="2">-1.1243</element>
            </point>
            <point>
               <element dimension="1">18.0857</element>
               <element dimension="2">-2.8435</element>
            </point>
            <point>
               <element dimension="1">18.0053</element>
               <element dimension="2">-2.8316</element>
            </point>
            <point>
               <element dimension="1">12.3502</element>
               <element dimension="2">-1.9054</element>
            </point>
         </set>
      </occupancy>
      <occupancy>
         <time>
            <intervalStart>0.6</intervalStart>
            <intervalEnd>0.7</intervalEnd>
         </time>
         <set>
            <point>
               <element dimension="1">13.4908</element>
               <element dimension="2">-2.0185</element>
            </point>
            <point>
               <element dimension="1">13.8158</element>
               <element dimension="2">-0.20549</element>
            </point>
            <point>
               <element dimension="1">13.8183</element>
               <element dimension="2">-0.19365</element>
            </point>
            <point>
               <element dimension="1">18.056</element>
               <element dimension="2">-0.95322</element>
            </point>
            <point>
               <element dimension="1">18.401</element>
               <element dimension="2">-1.0204</element>
            </point>
            <point>
               <element dimension="1">20.901</element>
               <element dimension="2">-1.5468</element>
            </point>
            <point>
               <element dimension="1">20.8734</element>
               <element dimension="2">-1.7008</element>
            </point>
            <point>
               <element dimension="1">20.5142</element>
               <element dimension="2">-3.4071</element>
            </point>
            <point>
               <element dimension="1">20.4558</element>
               <element dimension="2">-3.3967</element>
            </point>
            <point>
               <element dimension="1">14.8393</element>
               <element dimension="2">-2.3024</element>
            </point>
         </set>
      </occupancy>
      <occupancy>
         <time>
            <intervalStart>0.7</intervalStart>
            <intervalEnd>0.8</intervalEnd>
         </time>
         <set>
            <point>
               <element dimension="1">15.9706</element>
               <element dimension="2">-2.4486</element>
            </point>
            <point>
               <element dimension="1">16.3438</element>
               <element dimension="2">-0.67571</element>
            </point>
            <point>
               <element dimension="1">16.3459</element>
               <element dimension="2">-0.66689</element>
            </point>
            <point>
               <element dimension="1">20.5358</element>
               <element dimension="2">-1.549</element>
            </point>
            <point>
               <element dimension="1">20.8787</element>
               <element dimension="2">-1.6266</element>
            </point>
            <point>
               <element dimension="1">23.3685</element>
               <element dimension="2">-2.2299</element>
            </point>
            <point>
               <element dimension="1">23.3424</element>
               <element dimension="2">-2.3536</element>
            </point>
            <point>
               <element dimension="1">22.9325</element>
               <element dimension="2">-4.0455</element>
            </point>
            <point>
               <element dimension="1">22.8958</element>
               <element dimension="2">-4.0377</element>
            </point>
            <point>
               <element dimension="1">17.3229</element>
               <element dimension="2">-2.7762</element>
            </point>
         </set>
      </occupancy>
      <occupancy>
         <time>
            <intervalStart>0.8</intervalStart>
            <intervalEnd>0.9</intervalEnd>
         </time>
         <set>
            <point>
               <element dimension="1">18.4447</element>
               <element dimension="2">-2.9554</element>
            </point>
            <point>
               <element dimension="1">18.8642</element>
               <element dimension="2">-1.2241</element>
            </point>
            <point>
               <element dimension="1">18.8658</element>
               <element dimension="2">-1.2183</element>
            </point>
            <point>
               <element dimension="1">23.0027</element>
               <element dimension="2">-2.2207</element>
            </point>
            <point>
               <element dimension="1">23.3449</element>
               <element dimension="2">-2.3091</element>
            </point>
            <point>
               <element dimension="1">25.8211</element>
               <element dimension="2">-2.9893</element>
            </point>
            <point>
               <element dimension="1">25.7984</element>
               <element dimension="2">-3.0827</element>
            </point>
            <point>
               <element dimension="1">25.3381</element>
               <element dimension="2">-4.7588</element>
            </point>
            <point>
               <element dimension="1">25.3331</element>
               <element dimension="2">-4.7576</element>
            </point>
            <point>
               <element dimension="1">19.8025</element>
               <element dimension="2">-3.3283</element>
            </point>
         </set>
      </occupancy>
      <occupancy>
         <time>
            <intervalStart>0.9</intervalStart>
            <intervalEnd>1</intervalEnd>
         </time>
         <set>
            <point>
               <element dimension="1">20.9109</element>
               <element dimension="2">-3.5393</element>
            </point>
            <point>
               <element dimension="1">21.3746</element>
               <element dimension="2">-1.851</element>
            </point>
            <point>
               <element dimension="1">21.3758</element>
               <element dimension="2">-1.8471</element>
            </point>
            <point>
               <element dimension="1">25.3897</element>
               <element dimension="2">-2.9495</element>
            </point>
            <point>
               <element dimension="1">25.797</element>
               <element dimension="2">-3.0681</element>
            </point>
            <point>
               <element dimension="1">28.2562</element>
               <element dimension="2">-3.8247</element>
            </point>
            <point>
               <element dimension="1">28.2324</element>
               <element dimension="2">-3.9116</element>
            </point>
            <point>
               <element dimension="1">27.7286</element>
               <element dimension="2">-5.5488</element>
            </point>
            <point>
               <element dimension="1">27.7257</element>
               <element dimension="2">-5.5481</element>
            </point>
            <point>
               <element dimension="1">22.4139</element>
               <element dimension="2">-4.0018</element>
            </point>
         </set>
      </occupancy>
   </occupancySet>
   <reachableSet>
      <reachability>
         <time>0</time>
         <x>
            <intervalStart>-0.1</intervalStart>
            <intervalEnd>0.1</intervalEnd>
         </x>
         <y>
            <intervalStart>-0.1</intervalStart>
            <intervalEnd>0.1</intervalEnd>
         </y>
         <velocity>
            <intervalStart>24.6</intervalStart>
            <intervalEnd>25</intervalEnd>
         </velocity>
         <orientation>
            <intervalStart>-0.02</intervalStart>
            <intervalEnd>0.02</intervalEnd>
         </orientation>
      </reachability>
      <reachability>
         <time>1</time>
         <x>
            <intervalStart>24.822</intervalStart>
            <intervalEnd>24.825</intervalEnd>
         </x>
         <y>
            <intervalStart>-3.757</intervalStart>
            <intervalEnd>-3.7467</intervalEnd>
         </y>
         <velocity>
            <intervalStart>25.6</intervalStart>
            <intervalEnd>25.6</intervalEnd>
         </velocity>
         <orientation>
            <intervalStart>-0.30022</intervalStart>
            <intervalEnd>-0.29979</intervalEnd>
         </orientation>
      </reachability>
   </reachableSet>
</motionPrimitive>