<?xml version="1.0" encoding="utf-8"?>
<motionPrimitive ID="10297">
   <controller type="generator space control">controller10297.mat</controller>
   <successors>
      <id>10416</id>
      <id>10417</id>
      <id>10418</id>
      <id>10419</id>
      <id>10420</id>
      <id>10421</id>
      <id>10422</id>
      <id>10423</id>
      <id>10424</id>
      <id>10425</id>
      <id>10426</id>
      <id>10427</id>
      <id>10428</id>
      <id>10429</id>
      <id>10430</id>
      <id>10431</id>
      <id>10432</id>
      <id>10433</id>
      <id>10434</id>
      <id>10435</id>
      <id>10436</id>
      <id>10437</id>
      <id>10438</id>
      <id>10439</id>
      <id>10440</id>
      <id>10441</id>
      <id>10442</id>
      <id>10443</id>
      <id>10444</id>
      <id>10445</id>
      <id>10446</id>
      <id>10447</id>
      <id>10448</id>
      <id>10449</id>
      <id>10450</id>
      <id>10451</id>
      <id>10452</id>
      <id>10453</id>
      <id>10454</id>
      <id>10455</id>
      <id>10456</id>
      <id>10457</id>
      <id>10458</id>
      <id>10459</id>
      <id>10460</id>
      <id>10461</id>
      <id>10462</id>
      <id>10463</id>
      <id>10464</id>
      <id>10465</id>
      <id>10466</id>
      <id>10467</id>
      <id>10468</id>
      <id>10469</id>
      <id>10470</id>
      <id>10471</id>
      <id>10472</id>
      <id>10473</id>
      <id>10474</id>
      <id>10475</id>
      <id>10476</id>
      <id>10477</id>
      <id>10478</id>
      <id>10479</id>
      <id>10480</id>
      <id>10481</id>
      <id>10482</id>
      <id>10483</id>
      <id>10484</id>
      <id>10485</id>
      <id>10486</id>
      <id>10487</id>
      <id>10488</id>
      <id>10489</id>
      <id>10490</id>
      <id>10491</id>
      <id>10492</id>
      <id>10493</id>
      <id>10494</id>
      <id>10495</id>
      <id>10496</id>
      <id>10497</id>
      <id>10498</id>
      <id>10499</id>
      <id>10500</id>
      <id>10501</id>
      <id>10502</id>
      <id>10503</id>
      <id>10504</id>
      <id>10505</id>
      <id>10506</id>
      <id>10507</id>
      <id>10508</id>
      <id>10509</id>
      <id>10510</id>
      <id>10511</id>
      <id>10512</id>
      <id>10513</id>
      <id>10514</id>
      <id>10515</id>
      <id>10516</id>
      <id>10517</id>
      <id>10518</id>
      <id>10519</id>
      <id>10520</id>
      <id>10521</id>
      <id>10522</id>
      <id>10523</id>
      <id>10524</id>
      <id>10525</id>
      <id>10526</id>
      <id>10527</id>
      <id>10528</id>
      <id>10529</id>
      <id>10530</id>
      <id>10531</id>
      <id>10532</id>
      <id>10533</id>
      <id>10534</id>
      <id>10535</id>
      <id>10536</id>
      <id>10537</id>
      <id>10538</id>
      <id>10539</id>
      <id>10540</id>
      <id>10541</id>
      <id>10542</id>
      <id>10543</id>
      <id>10544</id>
      <id>10545</id>
      <id>10546</id>
      <id>10547</id>
      <id>10548</id>
      <id>10549</id>
      <id>10550</id>
      <id>10551</id>
      <id>10552</id>
      <id>10553</id>
      <id>10554</id>
      <id>10555</id>
      <id>10556</id>
      <id>10557</id>
      <id>10558</id>
      <id>10559</id>
      <id>10560</id>
      <id>10561</id>
      <id>10562</id>
      <id>10563</id>
      <id>10564</id>
      <id>10565</id>
      <id>10566</id>
      <id>10567</id>
      <id>10568</id>
      <id>10569</id>
      <id>10570</id>
      <id>10571</id>
      <id>10572</id>
      <id>10573</id>
      <id>10574</id>
      <id>10575</id>
      <id>10576</id>
      <id>10577</id>
      <id>10578</id>
      <id>10579</id>
      <id>10580</id>
      <id>10581</id>
      <id>10582</id>
      <id>10583</id>
      <id>10584</id>
      <id>10585</id>
      <id>10586</id>
      <id>10587</id>
      <id>10588</id>
      <id>10589</id>
      <id>10590</id>
      <id>10591</id>
      <id>10592</id>
      <id>10593</id>
      <id>10594</id>
      <id>10595</id>
   </successors>
   <trajectory>
      <states>
         <state>
            <time>0</time>
            <x>0</x>
            <y>0</y>
            <velocity>24.8</velocity>
            <orientation>0</orientation>
         </state>
         <state>
            <time>0.1</time>
            <x>2.482</x>
            <y>-0.012321</y>
            <velocity>24.84</velocity>
            <orientation>-0.009928</orientation>
         </state>
         <state>
            <time>0.2</time>
            <x>4.9677</x>
            <y>-0.04936</y>
            <velocity>24.88</velocity>
            <orientation>-0.019872</orientation>
         </state>
         <state>
            <time>0.3</time>
            <x>7.4569</x>
            <y>-0.11124</y>
            <velocity>24.92</velocity>
            <orientation>-0.029832</orientation>
         </state>
         <state>
            <time>0.4</time>
            <x>9.9494</x>
            <y>-0.19806</y>
            <velocity>24.96</velocity>
            <orientation>-0.039808</orientation>
         </state>
         <state>
            <time>0.5</time>
            <x>12.4449</x>
            <y>-0.30994</y>
            <velocity>25</velocity>
            <orientation>-0.0498</orientation>
         </state>
         <state>
            <time>0.6</time>
            <x>14.9431</x>
            <y>-0.44699</y>
            <velocity>25.04</velocity>
            <orientation>-0.059808</orientation>
         </state>
         <state>
            <time>0.7</time>
            <x>17.4438</x>
            <y>-0.60932</y>
            <velocity>25.08</velocity>
            <orientation>-0.069832</orientation>
         </state>
         <state>
            <time>0.8</time>
            <x>19.9468</x>
            <y>-0.79702</y>
            <velocity>25.12</velocity>
            <orientation>-0.079872</orientation>
         </state>
         <state>
            <time>0.9</time>
            <x>22.4517</x>
            <y>-1.0102</y>
            <velocity>25.16</velocity>
            <orientation>-0.089928</orientation>
         </state>
         <state>
            <time>1</time>
            <x>24.9584</x>
            <y>-1.249</y>
            <velocity>25.2</velocity>
            <orientation>-0.1</orientation>
         </state>
      </states>
      <inputs>
         <input>
            <acceleration>0.4</acceleration>
            <steer>-0.0091997</steer>
         </input>
         <input>
            <acceleration>0.4</acceleration>
            <steer>-0.0091997</steer>
         </input>
         <input>
            <acceleration>0.4</acceleration>
            <steer>-0.0091997</steer>
         </input>
         <input>
            <acceleration>0.4</acceleration>
            <steer>-0.0091997</steer>
         </input>
         <input>
            <acceleration>0.4</acceleration>
            <steer>-0.0091997</steer>
         </input>
         <input>
            <acceleration>0.4</acceleration>
            <steer>-0.0091997</steer>
         </input>
         <input>
            <acceleration>0.4</acceleration>
            <steer>-0.0091997</steer>
         </input>
         <input>
            <acceleration>0.4</acceleration>
            <steer>-0.0091997</steer>
         </input>
         <input>
            <acceleration>0.4</acceleration>
            <steer>-0.0091997</steer>
         </input>
         <input>
            <acceleration>0.4</acceleration>
            <steer>-0.0091997</steer>
         </input>
      </inputs>
   </trajectory>
   <occupancySet>
      <occupancy>
         <time>
            <intervalStart>0</intervalStart>
            <intervalEnd>0.1</intervalEnd>
         </time>
         <set>
            <point>
               <element dimension="1">-1.1207</element>
               <element dimension="2">-1.0186</element>
            </point>
            <point>
               <element dimension="1">-1.1197</element>
               <element dimension="2">1.0206</element>
            </point>
            <point>
               <element dimension="1">-1.1197</element>
               <element dimension="2">1.0208</element>
            </point>
            <point>
               <element dimension="1">-1.1197</element>
               <element dimension="2">1.0209</element>
            </point>
            <point>
               <element dimension="1">3.4165</element>
               <element dimension="2">1.0187</element>
            </point>
            <point>
               <element dimension="1">3.6606</element>
               <element dimension="2">1.0175</element>
            </point>
            <point>
               <element dimension="1">5.8969</element>
               <element dimension="2">0.99638</element>
            </point>
            <point>
               <element dimension="1">5.8968</element>
               <element dimension="2">0.83563</element>
            </point>
            <point>
               <element dimension="1">5.8961</element>
               <element dimension="2">0.691</element>
            </point>
            <point>
               <element dimension="1">5.8799</element>
               <element dimension="2">-1.025</element>
            </point>
            <point>
               <element dimension="1">-0.49274</element>
               <element dimension="2">-1.0218</element>
            </point>
            <point>
               <element dimension="1">-1.1128</element>
               <element dimension="2">-1.0187</element>
            </point>
         </set>
      </occupancy>
      <occupancy>
         <time>
            <intervalStart>0.1</intervalStart>
            <intervalEnd>0.2</intervalEnd>
         </time>
         <set>
            <point>
               <element dimension="1">1.1169</element>
               <element dimension="2">-0.97865</element>
            </point>
            <point>
               <element dimension="1">1.1353</element>
               <element dimension="2">0.97892</element>
            </point>
            <point>
               <element dimension="1">1.1354</element>
               <element dimension="2">0.98237</element>
            </point>
            <point>
               <element dimension="1">5.3472</element>
               <element dimension="2">0.94264</element>
            </point>
            <point>
               <element dimension="1">5.896</element>
               <element dimension="2">0.93473</element>
            </point>
            <point>
               <element dimension="1">8.3841</element>
               <element dimension="2">0.88651</element>
            </point>
            <point>
               <element dimension="1">8.3818</element>
               <element dimension="2">0.64334</element>
            </point>
            <point>
               <element dimension="1">8.3818</element>
               <element dimension="2">0.64086</element>
            </point>
            <point>
               <element dimension="1">8.3482</element>
               <element dimension="2">-1.0911</element>
            </point>
            <point>
               <element dimension="1">8.1799</element>
               <element dimension="2">-1.0895</element>
            </point>
            <point>
               <element dimension="1">2.9378</element>
               <element dimension="2">-1.0139</element>
            </point>
         </set>
      </occupancy>
      <occupancy>
         <time>
            <intervalStart>0.2</intervalStart>
            <intervalEnd>0.3</intervalEnd>
         </time>
         <set>
            <point>
               <element dimension="1">3.5999</element>
               <element dimension="2">-0.99945</element>
            </point>
            <point>
               <element dimension="1">3.6377</element>
               <element dimension="2">0.95024</element>
            </point>
            <point>
               <element dimension="1">3.6378</element>
               <element dimension="2">0.95427</element>
            </point>
            <point>
               <element dimension="1">8.1386</element>
               <element dimension="2">0.86705</element>
            </point>
            <point>
               <element dimension="1">8.3824</element>
               <element dimension="2">0.86111</element>
            </point>
            <point>
               <element dimension="1">10.8708</element>
               <element dimension="2">0.78809</element>
            </point>
            <point>
               <element dimension="1">10.8664</element>
               <element dimension="2">0.56159</element>
            </point>
            <point>
               <element dimension="1">10.8155</element>
               <element dimension="2">-1.1724</element>
            </point>
            <point>
               <element dimension="1">10.2413</element>
               <element dimension="2">-1.1613</element>
            </point>
            <point>
               <element dimension="1">3.6036</element>
               <element dimension="2">-0.99956</element>
            </point>
         </set>
      </occupancy>
      <occupancy>
         <time>
            <intervalStart>0.3</intervalStart>
            <intervalEnd>0.4</intervalEnd>
         </time>
         <set>
            <point>
               <element dimension="1">6.0915</element>
               <element dimension="2">-1.034</element>
            </point>
            <point>
               <element dimension="1">6.1478</element>
               <element dimension="2">0.88509</element>
            </point>
            <point>
               <element dimension="1">6.1481</element>
               <element dimension="2">0.89123</element>
            </point>
            <point>
               <element dimension="1">10.6266</element>
               <element dimension="2">0.7598</element>
            </point>
            <point>
               <element dimension="1">10.8676</element>
               <element dimension="2">0.75153</element>
            </point>
            <point>
               <element dimension="1">13.3602</element>
               <element dimension="2">0.65349</element>
            </point>
            <point>
               <element dimension="1">13.3544</element>
               <element dimension="2">0.4564</element>
            </point>
            <point>
               <element dimension="1">13.2862</element>
               <element dimension="2">-1.2783</element>
            </point>
            <point>
               <element dimension="1">12.7294</element>
               <element dimension="2">-1.2619</element>
            </point>
            <point>
               <element dimension="1">6.0959</element>
               <element dimension="2">-1.0342</element>
            </point>
         </set>
      </occupancy>
      <occupancy>
         <time>
            <intervalStart>0.4</intervalStart>
            <intervalEnd>0.5</intervalEnd>
         </time>
         <set>
            <point>
               <element dimension="1">8.5866</element>
               <element dimension="2">-1.0935</element>
            </point>
            <point>
               <element dimension="1">8.661</element>
               <element dimension="2">0.79719</element>
            </point>
            <point>
               <element dimension="1">8.6613</element>
               <element dimension="2">0.8028</element>
            </point>
            <point>
               <element dimension="1">13.1188</element>
               <element dimension="2">0.62748</element>
            </point>
            <point>
               <element dimension="1">13.357</element>
               <element dimension="2">0.61693</element>
            </point>
            <point>
               <element dimension="1">15.8514</element>
               <element dimension="2">0.49385</element>
            </point>
            <point>
               <element dimension="1">15.8448</element>
               <element dimension="2">0.32508</element>
            </point>
            <point>
               <element dimension="1">15.7593</element>
               <element dimension="2">-1.4077</element>
            </point>
            <point>
               <element dimension="1">15.0028</element>
               <element dimension="2">-1.3779</element>
            </point>
            <point>
               <element dimension="1">8.5903</element>
               <element dimension="2">-1.0936</element>
            </point>
         </set>
      </occupancy>
      <occupancy>
         <time>
            <intervalStart>0.5</intervalStart>
            <intervalEnd>0.6</intervalEnd>
         </time>
         <set>
            <point>
               <element dimension="1">11.0857</element>
               <element dimension="2">-1.1769</element>
            </point>
            <point>
               <element dimension="1">11.1775</element>
               <element dimension="2">0.68336</element>
            </point>
            <point>
               <element dimension="1">11.1777</element>
               <element dimension="2">0.68779</element>
            </point>
            <point>
               <element dimension="1">15.6122</element>
               <element dimension="2">0.46898</element>
            </point>
            <point>
               <element dimension="1">15.8474</element>
               <element dimension="2">0.4562</element>
            </point>
            <point>
               <element dimension="1">18.3447</element>
               <element dimension="2">0.30791</element>
            </point>
            <point>
               <element dimension="1">18.3378</element>
               <element dimension="2">0.16879</element>
            </point>
            <point>
               <element dimension="1">18.235</element>
               <element dimension="2">-1.562</element>
            </point>
            <point>
               <element dimension="1">17.5304</element>
               <element dimension="2">-1.5272</element>
            </point>
            <point>
               <element dimension="1">11.0895</element>
               <element dimension="2">-1.1771</element>
            </point>
         </set>
      </occupancy>
      <occupancy>
         <time>
            <intervalStart>0.6</intervalStart>
            <intervalEnd>0.7</intervalEnd>
         </time>
         <set>
            <point>
               <element dimension="1">13.588</element>
               <element dimension="2">-1.2857</element>
            </point>
            <point>
               <element dimension="1">13.6967</element>
               <element dimension="2">0.54394</element>
            </point>
            <point>
               <element dimension="1">13.6969</element>
               <element dimension="2">0.54732</element>
            </point>
            <point>
               <element dimension="1">18.1078</element>
               <element dimension="2">0.28541</element>
            </point>
            <point>
               <element dimension="1">18.3401</element>
               <element dimension="2">0.27045</element>
            </point>
            <point>
               <element dimension="1">20.8396</element>
               <element dimension="2">0.09687</element>
            </point>
            <point>
               <element dimension="1">20.8331</element>
               <element dimension="2">-0.012614</element>
            </point>
            <point>
               <element dimension="1">20.7131</element>
               <element dimension="2">-1.7413</element>
            </point>
            <point>
               <element dimension="1">20.0487</element>
               <element dimension="2">-1.7018</element>
            </point>
            <point>
               <element dimension="1">13.5918</element>
               <element dimension="2">-1.2859</element>
            </point>
         </set>
      </occupancy>
      <occupancy>
         <time>
            <intervalStart>0.7</intervalStart>
            <intervalEnd>0.8</intervalEnd>
         </time>
         <set>
            <point>
               <element dimension="1">16.0934</element>
               <element dimension="2">-1.4199</element>
            </point>
            <point>
               <element dimension="1">16.2183</element>
               <element dimension="2">0.37891</element>
            </point>
            <point>
               <element dimension="1">16.2185</element>
               <element dimension="2">0.38124</element>
            </point>
            <point>
               <element dimension="1">20.6054</element>
               <element dimension="2">0.076604</element>
            </point>
            <point>
               <element dimension="1">20.8348</element>
               <element dimension="2">0.059516</element>
            </point>
            <point>
               <element dimension="1">23.3361</element>
               <element dimension="2">-0.13943</element>
            </point>
            <point>
               <element dimension="1">23.3305</element>
               <element dimension="2">-0.21924</element>
            </point>
            <point>
               <element dimension="1">23.1932</element>
               <element dimension="2">-1.9456</element>
            </point>
            <point>
               <element dimension="1">22.569</element>
               <element dimension="2">-1.9022</element>
            </point>
            <point>
               <element dimension="1">16.0968</element>
               <element dimension="2">-1.4201</element>
            </point>
         </set>
      </occupancy>
      <occupancy>
         <time>
            <intervalStart>0.8</intervalStart>
            <intervalEnd>0.9</intervalEnd>
         </time>
         <set>
            <point>
               <element dimension="1">18.6016</element>
               <element dimension="2">-1.5796</element>
            </point>
            <point>
               <element dimension="1">18.7422</element>
               <element dimension="2">0.18816</element>
            </point>
            <point>
               <element dimension="1">18.7423</element>
               <element dimension="2">0.18946</element>
            </point>
            <point>
               <element dimension="1">23.1023</element>
               <element dimension="2">-0.15732</element>
            </point>
            <point>
               <element dimension="1">23.3313</element>
               <element dimension="2">-0.17669</element>
            </point>
            <point>
               <element dimension="1">25.8338</element>
               <element dimension="2">-0.40108</element>
            </point>
            <point>
               <element dimension="1">25.8298</element>
               <element dimension="2">-0.45119</element>
            </point>
            <point>
               <element dimension="1">25.6752</element>
               <element dimension="2">-2.1751</element>
            </point>
            <point>
               <element dimension="1">25.1078</element>
               <element dimension="2">-2.13</element>
            </point>
            <point>
               <element dimension="1">18.6043</element>
               <element dimension="2">-1.5798</element>
            </point>
         </set>
      </occupancy>
      <occupancy>
         <time>
            <intervalStart>0.9</intervalStart>
            <intervalEnd>1</intervalEnd>
         </time>
         <set>
            <point>
               <element dimension="1">21.1123</element>
               <element dimension="2">-1.7649</element>
            </point>
            <point>
               <element dimension="1">21.268</element>
               <element dimension="2">-0.028405</element>
            </point>
            <point>
               <element dimension="1">21.2681</element>
               <element dimension="2">-0.028135</element>
            </point>
            <point>
               <element dimension="1">25.6005</element>
               <element dimension="2">-0.4166</element>
            </point>
            <point>
               <element dimension="1">25.8293</element>
               <element dimension="2">-0.43828</element>
            </point>
            <point>
               <element dimension="1">28.3325</element>
               <element dimension="2">-0.68817</element>
            </point>
            <point>
               <element dimension="1">28.3285</element>
               <element dimension="2">-0.73267</element>
            </point>
            <point>
               <element dimension="1">28.1589</element>
               <element dimension="2">-2.4318</element>
            </point>
            <point>
               <element dimension="1">28.0185</element>
               <element dimension="2">-2.4193</element>
            </point>
            <point>
               <element dimension="1">21.114</element>
               <element dimension="2">-1.7651</element>
            </point>
         </set>
      </occupancy>
   </occupancySet>
   <reachableSet>
      <reachability>
         <time>0</time>
         <x>
            <intervalStart>-0.1</intervalStart>
            <intervalEnd>0.1</intervalEnd>
         </x>
         <y>
            <intervalStart>-0.1</intervalStart>
            <intervalEnd>0.1</intervalEnd>
         </y>
         <velocity>
            <intervalStart>24.6</intervalStart>
            <intervalEnd>25</intervalEnd>
         </velocity>
         <orientation>
            <intervalStart>-0.02</intervalStart>
            <intervalEnd>0.02</intervalEnd>
         </orientation>
      </reachability>
      <reachability>
         <time>1</time>
         <x>
            <intervalStart>24.9574</intervalStart>
            <intervalEnd>24.9589</intervalEnd>
         </x>
         <y>
            <intervalStart>-1.2537</intervalStart>
            <intervalEnd>-1.2443</intervalEnd>
         </y>
         <velocity>
            <intervalStart>25.2</intervalStart>
            <intervalEnd>25.2</intervalEnd>
         </velocity>
         <orientation>
            <intervalStart>-0.10019</intervalStart>
            <intervalEnd>-0.099808</intervalEnd>
         </orientation>
      </reachability>
   </reachableSet>
</motionPrimitive>