<?xml version="1.0" encoding="utf-8"?>
<motionPrimitive ID="10338">
   <controller type="generator space control">controller10338.mat</controller>
   <successors>
      <id>10596</id>
      <id>10597</id>
      <id>10598</id>
      <id>10599</id>
      <id>10600</id>
      <id>10601</id>
      <id>10602</id>
      <id>10603</id>
      <id>10604</id>
      <id>10605</id>
      <id>10606</id>
      <id>10607</id>
      <id>10608</id>
      <id>10609</id>
      <id>10610</id>
      <id>10611</id>
      <id>10612</id>
      <id>10613</id>
      <id>10614</id>
      <id>10615</id>
      <id>10616</id>
      <id>10617</id>
      <id>10618</id>
      <id>10619</id>
      <id>10620</id>
      <id>10621</id>
      <id>10622</id>
      <id>10623</id>
      <id>10624</id>
      <id>10625</id>
      <id>10626</id>
      <id>10627</id>
      <id>10628</id>
      <id>10629</id>
      <id>10630</id>
      <id>10631</id>
      <id>10632</id>
      <id>10633</id>
      <id>10634</id>
      <id>10635</id>
      <id>10636</id>
      <id>10637</id>
      <id>10638</id>
      <id>10639</id>
      <id>10640</id>
      <id>10641</id>
      <id>10642</id>
      <id>10643</id>
      <id>10644</id>
      <id>10645</id>
      <id>10646</id>
      <id>10647</id>
      <id>10648</id>
      <id>10649</id>
      <id>10650</id>
      <id>10651</id>
      <id>10652</id>
      <id>10653</id>
      <id>10654</id>
      <id>10655</id>
      <id>10656</id>
      <id>10657</id>
      <id>10658</id>
      <id>10659</id>
      <id>10660</id>
      <id>10661</id>
      <id>10662</id>
      <id>10663</id>
      <id>10664</id>
      <id>10665</id>
      <id>10666</id>
      <id>10667</id>
      <id>10668</id>
      <id>10669</id>
      <id>10670</id>
      <id>10671</id>
      <id>10672</id>
      <id>10673</id>
      <id>10674</id>
      <id>10675</id>
      <id>10676</id>
      <id>10677</id>
      <id>10678</id>
      <id>10679</id>
      <id>10680</id>
      <id>10681</id>
      <id>10682</id>
      <id>10683</id>
      <id>10684</id>
      <id>10685</id>
      <id>10686</id>
      <id>10687</id>
      <id>10688</id>
      <id>10689</id>
      <id>10690</id>
      <id>10691</id>
      <id>10692</id>
      <id>10693</id>
      <id>10694</id>
      <id>10695</id>
      <id>10696</id>
      <id>10697</id>
      <id>10698</id>
      <id>10699</id>
      <id>10700</id>
      <id>10701</id>
      <id>10702</id>
      <id>10703</id>
      <id>10704</id>
      <id>10705</id>
      <id>10706</id>
      <id>10707</id>
      <id>10708</id>
      <id>10709</id>
      <id>10710</id>
      <id>10711</id>
      <id>10712</id>
      <id>10713</id>
      <id>10714</id>
      <id>10715</id>
      <id>10716</id>
      <id>10717</id>
      <id>10718</id>
      <id>10719</id>
      <id>10720</id>
      <id>10721</id>
      <id>10722</id>
      <id>10723</id>
      <id>10724</id>
      <id>10725</id>
      <id>10726</id>
      <id>10727</id>
      <id>10728</id>
      <id>10729</id>
      <id>10730</id>
      <id>10731</id>
      <id>10732</id>
      <id>10733</id>
      <id>10734</id>
      <id>10735</id>
      <id>10736</id>
      <id>10737</id>
      <id>10738</id>
      <id>10739</id>
      <id>10740</id>
      <id>10741</id>
      <id>10742</id>
      <id>10743</id>
      <id>10744</id>
      <id>10745</id>
      <id>10746</id>
      <id>10747</id>
      <id>10748</id>
      <id>10749</id>
      <id>10750</id>
      <id>10751</id>
      <id>10752</id>
      <id>10753</id>
      <id>10754</id>
      <id>10755</id>
      <id>10756</id>
      <id>10757</id>
      <id>10758</id>
      <id>10759</id>
      <id>10760</id>
      <id>10761</id>
      <id>10762</id>
      <id>10763</id>
      <id>10764</id>
      <id>10765</id>
      <id>10766</id>
      <id>10767</id>
      <id>10768</id>
      <id>10769</id>
      <id>10770</id>
      <id>10771</id>
      <id>10772</id>
      <id>10773</id>
      <id>10774</id>
      <id>10775</id>
   </successors>
   <trajectory>
      <states>
         <state>
            <time>0</time>
            <x>0</x>
            <y>0</y>
            <velocity>24.8</velocity>
            <orientation>0</orientation>
         </state>
         <state>
            <time>0.1</time>
            <x>2.4826</x>
            <y>0.073434</y>
            <velocity>24.88</velocity>
            <orientation>0.059143</orientation>
         </state>
         <state>
            <time>0.2</time>
            <x>4.9644</x>
            <y>0.29442</y>
            <velocity>24.96</velocity>
            <orientation>0.11848</orientation>
         </state>
         <state>
            <time>0.3</time>
            <x>7.4366</x>
            <y>0.66361</y>
            <velocity>25.04</velocity>
            <orientation>0.178</orientation>
         </state>
         <state>
            <time>0.4</time>
            <x>9.8902</x>
            <y>1.1811</y>
            <velocity>25.12</velocity>
            <orientation>0.23771</orientation>
         </state>
         <state>
            <time>0.5</time>
            <x>12.3163</x>
            <y>1.8464</y>
            <velocity>25.2</velocity>
            <orientation>0.29762</orientation>
         </state>
         <state>
            <time>0.6</time>
            <x>14.7056</x>
            <y>2.6586</y>
            <velocity>25.28</velocity>
            <orientation>0.35771</orientation>
         </state>
         <state>
            <time>0.7</time>
            <x>17.0492</x>
            <y>3.6161</y>
            <velocity>25.36</velocity>
            <orientation>0.418</orientation>
         </state>
         <state>
            <time>0.8</time>
            <x>19.3379</x>
            <y>4.7167</y>
            <velocity>25.44</velocity>
            <orientation>0.47848</orientation>
         </state>
         <state>
            <time>0.9</time>
            <x>21.5628</x>
            <y>5.9577</y>
            <velocity>25.52</velocity>
            <orientation>0.53914</orientation>
         </state>
         <state>
            <time>1</time>
            <x>23.715</x>
            <y>7.3359</y>
            <velocity>25.6</velocity>
            <orientation>0.6</orientation>
         </state>
      </states>
      <inputs>
         <input>
            <acceleration>0.8</acceleration>
            <steer>0.054707</steer>
         </input>
         <input>
            <acceleration>0.8</acceleration>
            <steer>0.054707</steer>
         </input>
         <input>
            <acceleration>0.8</acceleration>
            <steer>0.054707</steer>
         </input>
         <input>
            <acceleration>0.8</acceleration>
            <steer>0.054707</steer>
         </input>
         <input>
            <acceleration>0.8</acceleration>
            <steer>0.054707</steer>
         </input>
         <input>
            <acceleration>0.8</acceleration>
            <steer>0.054707</steer>
         </input>
         <input>
            <acceleration>0.8</acceleration>
            <steer>0.054707</steer>
         </input>
         <input>
            <acceleration>0.8</acceleration>
            <steer>0.054707</steer>
         </input>
         <input>
            <acceleration>0.8</acceleration>
            <steer>0.054707</steer>
         </input>
         <input>
            <acceleration>0.8</acceleration>
            <steer>0.054707</steer>
         </input>
      </inputs>
   </trajectory>
   <occupancySet>
      <occupancy>
         <time>
            <intervalStart>0</intervalStart>
            <intervalEnd>0.1</intervalEnd>
         </time>
         <set>
            <point>
               <element dimension="1">-1.1258</element>
               <element dimension="2">1.0187</element>
            </point>
            <point>
               <element dimension="1">-0.057735</element>
               <element dimension="2">1.0787</element>
            </point>
            <point>
               <element dimension="1">5.6446</element>
               <element dimension="2">1.2474</element>
            </point>
            <point>
               <element dimension="1">5.8358</element>
               <element dimension="2">1.248</element>
            </point>
            <point>
               <element dimension="1">5.933</element>
               <element dimension="2">-0.48038</element>
            </point>
            <point>
               <element dimension="1">5.9373</element>
               <element dimension="2">-0.62391</element>
            </point>
            <point>
               <element dimension="1">5.938</element>
               <element dimension="2">-0.88394</element>
            </point>
            <point>
               <element dimension="1">3.6655</element>
               <element dimension="2">-1.0118</element>
            </point>
            <point>
               <element dimension="1">3.2339</element>
               <element dimension="2">-1.0245</element>
            </point>
            <point>
               <element dimension="1">-1.1194</element>
               <element dimension="2">-1.0374</element>
            </point>
            <point>
               <element dimension="1">-1.1197</element>
               <element dimension="2">-1.0318</element>
            </point>
            <point>
               <element dimension="1">-1.1197</element>
               <element dimension="2">-1.0315</element>
            </point>
         </set>
      </occupancy>
      <occupancy>
         <time>
            <intervalStart>0.1</intervalStart>
            <intervalEnd>0.2</intervalEnd>
         </time>
         <set>
            <point>
               <element dimension="1">1.0664</element>
               <element dimension="2">0.98196</element>
            </point>
            <point>
               <element dimension="1">3.5248</element>
               <element dimension="2">1.2672</element>
            </point>
            <point>
               <element dimension="1">8.0674</element>
               <element dimension="2">1.6582</element>
            </point>
            <point>
               <element dimension="1">8.2367</element>
               <element dimension="2">1.6677</element>
            </point>
            <point>
               <element dimension="1">8.4389</element>
               <element dimension="2">-0.074625</element>
            </point>
            <point>
               <element dimension="1">8.4394</element>
               <element dimension="2">-0.080095</element>
            </point>
            <point>
               <element dimension="1">8.459</element>
               <element dimension="2">-0.4285</element>
            </point>
            <point>
               <element dimension="1">5.9364</element>
               <element dimension="2">-0.72122</element>
            </point>
            <point>
               <element dimension="1">5.2209</element>
               <element dimension="2">-0.7828</element>
            </point>
            <point>
               <element dimension="1">1.18</element>
               <element dimension="2">-1.0101</element>
            </point>
            <point>
               <element dimension="1">1.1771</element>
               <element dimension="2">-0.98467</element>
            </point>
         </set>
      </occupancy>
      <occupancy>
         <time>
            <intervalStart>0.2</intervalStart>
            <intervalEnd>0.3</intervalEnd>
         </time>
         <set>
            <point>
               <element dimension="1">3.5009</element>
               <element dimension="2">1.1201</element>
            </point>
            <point>
               <element dimension="1">5.6408</element>
               <element dimension="2">1.4985</element>
            </point>
            <point>
               <element dimension="1">10.4665</element>
               <element dimension="2">2.2046</element>
            </point>
            <point>
               <element dimension="1">10.6128</element>
               <element dimension="2">2.2215</element>
            </point>
            <point>
               <element dimension="1">10.9209</element>
               <element dimension="2">0.4793</element>
            </point>
            <point>
               <element dimension="1">10.9596</element>
               <element dimension="2">0.14631</element>
            </point>
            <point>
               <element dimension="1">8.4487</element>
               <element dimension="2">-0.29773</element>
            </point>
            <point>
               <element dimension="1">7.8707</element>
               <element dimension="2">-0.3823</element>
            </point>
            <point>
               <element dimension="1">3.733</element>
               <element dimension="2">-0.86244</element>
            </point>
            <point>
               <element dimension="1">3.727</element>
               <element dimension="2">-0.82877</element>
            </point>
         </set>
      </occupancy>
      <occupancy>
         <time>
            <intervalStart>0.3</intervalStart>
            <intervalEnd>0.4</intervalEnd>
         </time>
         <set>
            <point>
               <element dimension="1">5.9367</element>
               <element dimension="2">1.395</element>
            </point>
            <point>
               <element dimension="1">7.9646</element>
               <element dimension="2">1.8799</element>
            </point>
            <point>
               <element dimension="1">12.8375</element>
               <element dimension="2">2.8925</element>
            </point>
            <point>
               <element dimension="1">12.9612</element>
               <element dimension="2">2.9144</element>
            </point>
            <point>
               <element dimension="1">13.3746</element>
               <element dimension="2">1.1856</element>
            </point>
            <point>
               <element dimension="1">13.4285</element>
               <element dimension="2">0.88085</element>
            </point>
            <point>
               <element dimension="1">10.9348</element>
               <element dimension="2">0.28449</element>
            </point>
            <point>
               <element dimension="1">10.4077</element>
               <element dimension="2">0.17497</element>
            </point>
            <point>
               <element dimension="1">6.2842</element>
               <element dimension="2">-0.55426</element>
            </point>
            <point>
               <element dimension="1">6.2736</element>
               <element dimension="2">-0.51009</element>
            </point>
         </set>
      </occupancy>
      <occupancy>
         <time>
            <intervalStart>0.4</intervalStart>
            <intervalEnd>0.5</intervalEnd>
         </time>
         <set>
            <point>
               <element dimension="1">8.36</element>
               <element dimension="2">1.8131</element>
            </point>
            <point>
               <element dimension="1">10.1382</element>
               <element dimension="2">2.3527</element>
            </point>
            <point>
               <element dimension="1">15.1712</element>
               <element dimension="2">3.7168</element>
            </point>
            <point>
               <element dimension="1">15.2715</element>
               <element dimension="2">3.7408</element>
            </point>
            <point>
               <element dimension="1">15.7859</element>
               <element dimension="2">2.0455</element>
            </point>
            <point>
               <element dimension="1">15.8527</element>
               <element dimension="2">1.7661</element>
            </point>
            <point>
               <element dimension="1">13.3917</element>
               <element dimension="2">1.0193</element>
            </point>
            <point>
               <element dimension="1">12.9347</element>
               <element dimension="2">0.89546</element>
            </point>
            <point>
               <element dimension="1">8.8174</element>
               <element dimension="2">-0.089143</element>
            </point>
            <point>
               <element dimension="1">8.8056</element>
               <element dimension="2">-0.04999</element>
            </point>
         </set>
      </occupancy>
      <occupancy>
         <time>
            <intervalStart>0.5</intervalStart>
            <intervalEnd>0.6</intervalEnd>
         </time>
         <set>
            <point>
               <element dimension="1">10.7669</element>
               <element dimension="2">2.3714</element>
            </point>
            <point>
               <element dimension="1">12.5299</element>
               <element dimension="2">3.0244</element>
            </point>
            <point>
               <element dimension="1">17.4584</element>
               <element dimension="2">4.6832</element>
            </point>
            <point>
               <element dimension="1">17.5358</element>
               <element dimension="2">4.7067</element>
            </point>
            <point>
               <element dimension="1">18.1493</element>
               <element dimension="2">3.0503</element>
            </point>
            <point>
               <element dimension="1">18.2239</element>
               <element dimension="2">2.8047</element>
            </point>
            <point>
               <element dimension="1">15.8033</element>
               <element dimension="2">1.9082</element>
            </point>
            <point>
               <element dimension="1">15.3443</element>
               <element dimension="2">1.7537</element>
            </point>
            <point>
               <element dimension="1">11.3265</element>
               <element dimension="2">0.53448</element>
            </point>
            <point>
               <element dimension="1">11.3145</element>
               <element dimension="2">0.56701</element>
            </point>
         </set>
      </occupancy>
      <occupancy>
         <time>
            <intervalStart>0.6</intervalStart>
            <intervalEnd>0.7</intervalEnd>
         </time>
         <set>
            <point>
               <element dimension="1">13.1449</element>
               <element dimension="2">3.0766</element>
            </point>
            <point>
               <element dimension="1">14.8735</element>
               <element dimension="2">3.8382</element>
            </point>
            <point>
               <element dimension="1">19.6903</element>
               <element dimension="2">5.7892</element>
            </point>
            <point>
               <element dimension="1">19.7458</element>
               <element dimension="2">5.8098</element>
            </point>
            <point>
               <element dimension="1">20.4558</element>
               <element dimension="2">4.1983</element>
            </point>
            <point>
               <element dimension="1">20.5342</element>
               <element dimension="2">3.9865</element>
            </point>
            <point>
               <element dimension="1">18.165</element>
               <element dimension="2">2.9426</element>
            </point>
            <point>
               <element dimension="1">17.7164</element>
               <element dimension="2">2.7609</element>
            </point>
            <point>
               <element dimension="1">13.8008</element>
               <element dimension="2">1.3107</element>
            </point>
            <point>
               <element dimension="1">13.7892</element>
               <element dimension="2">1.337</element>
            </point>
         </set>
      </occupancy>
      <occupancy>
         <time>
            <intervalStart>0.7</intervalStart>
            <intervalEnd>0.8</intervalEnd>
         </time>
         <set>
            <point>
               <element dimension="1">15.4849</element>
               <element dimension="2">3.9275</element>
            </point>
            <point>
               <element dimension="1">17.1739</element>
               <element dimension="2">4.7971</element>
            </point>
            <point>
               <element dimension="1">21.858</element>
               <element dimension="2">7.0322</element>
            </point>
            <point>
               <element dimension="1">21.8927</element>
               <element dimension="2">7.0475</element>
            </point>
            <point>
               <element dimension="1">22.6963</element>
               <element dimension="2">5.4865</element>
            </point>
            <point>
               <element dimension="1">22.7748</element>
               <element dimension="2">5.3084</element>
            </point>
            <point>
               <element dimension="1">20.4676</element>
               <element dimension="2">4.1205</element>
            </point>
            <point>
               <element dimension="1">20.031</element>
               <element dimension="2">3.9122</element>
            </point>
            <point>
               <element dimension="1">16.2308</element>
               <element dimension="2">2.2379</element>
            </point>
            <point>
               <element dimension="1">16.2203</element>
               <element dimension="2">2.2583</element>
            </point>
         </set>
      </occupancy>
      <occupancy>
         <time>
            <intervalStart>0.8</intervalStart>
            <intervalEnd>0.9</intervalEnd>
         </time>
         <set>
            <point>
               <element dimension="1">17.7777</element>
               <element dimension="2">4.9226</element>
            </point>
            <point>
               <element dimension="1">19.4188</element>
               <element dimension="2">5.8977</element>
            </point>
            <point>
               <element dimension="1">23.9613</element>
               <element dimension="2">8.4134</element>
            </point>
            <point>
               <element dimension="1">23.9678</element>
               <element dimension="2">8.4168</element>
            </point>
            <point>
               <element dimension="1">24.8622</element>
               <element dimension="2">6.9116</element>
            </point>
            <point>
               <element dimension="1">24.9368</element>
               <element dimension="2">6.7666</element>
            </point>
            <point>
               <element dimension="1">22.7022</element>
               <element dimension="2">5.4389</element>
            </point>
            <point>
               <element dimension="1">22.2773</element>
               <element dimension="2">5.2036</element>
            </point>
            <point>
               <element dimension="1">18.6071</element>
               <element dimension="2">3.314</element>
            </point>
            <point>
               <element dimension="1">18.5983</element>
               <element dimension="2">3.3288</element>
            </point>
         </set>
      </occupancy>
      <occupancy>
         <time>
            <intervalStart>0.9</intervalStart>
            <intervalEnd>1</intervalEnd>
         </time>
         <set>
            <point>
               <element dimension="1">20.0143</element>
               <element dimension="2">6.0598</element>
            </point>
            <point>
               <element dimension="1">21.6614</element>
               <element dimension="2">7.1793</element>
            </point>
            <point>
               <element dimension="1">25.9586</element>
               <element dimension="2">9.9127</element>
            </point>
            <point>
               <element dimension="1">25.9628</element>
               <element dimension="2">9.9153</element>
            </point>
            <point>
               <element dimension="1">26.931</element>
               <element dimension="2">8.4909</element>
            </point>
            <point>
               <element dimension="1">26.931</element>
               <element dimension="2">8.4908</element>
            </point>
            <point>
               <element dimension="1">27.0109</element>
               <element dimension="2">8.3564</element>
            </point>
            <point>
               <element dimension="1">24.8598</element>
               <element dimension="2">6.8943</element>
            </point>
            <point>
               <element dimension="1">24.4075</element>
               <element dimension="2">6.6066</element>
            </point>
            <point>
               <element dimension="1">20.9211</element>
               <element dimension="2">4.5351</element>
            </point>
            <point>
               <element dimension="1">20.9138</element>
               <element dimension="2">4.5458</element>
            </point>
         </set>
      </occupancy>
   </occupancySet>
   <reachableSet>
      <reachability>
         <time>0</time>
         <x>
            <intervalStart>-0.1</intervalStart>
            <intervalEnd>0.1</intervalEnd>
         </x>
         <y>
            <intervalStart>-0.1</intervalStart>
            <intervalEnd>0.1</intervalEnd>
         </y>
         <velocity>
            <intervalStart>24.6</intervalStart>
            <intervalEnd>25</intervalEnd>
         </velocity>
         <orientation>
            <intervalStart>-0.02</intervalStart>
            <intervalEnd>0.02</intervalEnd>
         </orientation>
      </reachability>
      <reachability>
         <time>1</time>
         <x>
            <intervalStart>23.7118</intervalStart>
            <intervalEnd>23.7175</intervalEnd>
         </x>
         <y>
            <intervalStart>7.3305</intervalStart>
            <intervalEnd>7.3417</intervalEnd>
         </y>
         <velocity>
            <intervalStart>25.6</intervalStart>
            <intervalEnd>25.6</intervalEnd>
         </velocity>
         <orientation>
            <intervalStart>0.59977</intervalStart>
            <intervalEnd>0.60024</intervalEnd>
         </orientation>
      </reachability>
   </reachableSet>
</motionPrimitive>