<?xml version="1.0" encoding="utf-8"?>
<motionPrimitive ID="1022">
   <controller type="generator space control">controller1022.mat</controller>
   <successors>
      <id>1</id>
      <id>2</id>
      <id>3</id>
      <id>4</id>
      <id>5</id>
      <id>6</id>
      <id>7</id>
      <id>8</id>
      <id>9</id>
      <id>10</id>
      <id>11</id>
      <id>12</id>
      <id>13</id>
      <id>14</id>
      <id>15</id>
      <id>16</id>
      <id>17</id>
      <id>18</id>
      <id>19</id>
      <id>20</id>
      <id>21</id>
      <id>22</id>
      <id>23</id>
      <id>24</id>
      <id>25</id>
      <id>26</id>
      <id>27</id>
      <id>28</id>
      <id>29</id>
      <id>30</id>
      <id>31</id>
      <id>32</id>
      <id>33</id>
      <id>34</id>
      <id>35</id>
      <id>36</id>
      <id>37</id>
      <id>38</id>
      <id>39</id>
      <id>40</id>
      <id>41</id>
      <id>42</id>
      <id>43</id>
      <id>44</id>
      <id>45</id>
      <id>46</id>
      <id>47</id>
      <id>48</id>
      <id>49</id>
      <id>50</id>
      <id>51</id>
      <id>52</id>
      <id>53</id>
      <id>54</id>
      <id>55</id>
      <id>56</id>
      <id>57</id>
      <id>58</id>
      <id>59</id>
      <id>60</id>
      <id>61</id>
      <id>62</id>
      <id>63</id>
      <id>64</id>
      <id>65</id>
      <id>66</id>
      <id>67</id>
      <id>68</id>
      <id>69</id>
      <id>70</id>
      <id>71</id>
      <id>72</id>
      <id>73</id>
      <id>74</id>
      <id>75</id>
      <id>76</id>
      <id>77</id>
      <id>78</id>
      <id>79</id>
      <id>80</id>
      <id>81</id>
      <id>82</id>
      <id>83</id>
      <id>84</id>
      <id>85</id>
      <id>86</id>
      <id>87</id>
      <id>88</id>
      <id>89</id>
      <id>90</id>
      <id>91</id>
      <id>92</id>
      <id>93</id>
      <id>94</id>
      <id>95</id>
      <id>96</id>
      <id>97</id>
      <id>98</id>
      <id>99</id>
      <id>100</id>
      <id>101</id>
      <id>102</id>
      <id>103</id>
      <id>104</id>
      <id>105</id>
      <id>106</id>
      <id>107</id>
      <id>108</id>
      <id>109</id>
      <id>110</id>
      <id>111</id>
      <id>112</id>
      <id>113</id>
      <id>114</id>
      <id>115</id>
      <id>116</id>
      <id>117</id>
      <id>118</id>
      <id>119</id>
      <id>120</id>
      <id>121</id>
      <id>122</id>
      <id>123</id>
      <id>124</id>
      <id>125</id>
      <id>126</id>
      <id>127</id>
      <id>128</id>
      <id>129</id>
      <id>130</id>
      <id>131</id>
      <id>132</id>
      <id>133</id>
      <id>134</id>
      <id>135</id>
      <id>136</id>
      <id>137</id>
      <id>138</id>
      <id>139</id>
      <id>140</id>
      <id>141</id>
      <id>142</id>
      <id>143</id>
      <id>144</id>
      <id>145</id>
      <id>146</id>
      <id>147</id>
      <id>148</id>
      <id>149</id>
      <id>150</id>
      <id>151</id>
      <id>152</id>
      <id>153</id>
      <id>154</id>
   </successors>
   <trajectory>
      <states>
         <state>
            <time>0</time>
            <x>0</x>
            <y>0</y>
            <velocity>5.6</velocity>
            <orientation>0</orientation>
         </state>
         <state>
            <time>0.1</time>
            <x>0.54988</x>
            <y>0.0098631</y>
            <velocity>5.4</velocity>
            <orientation>0.03587</orientation>
         </state>
         <state>
            <time>0.2</time>
            <x>1.0791</x>
            <y>0.038019</y>
            <velocity>5.2</velocity>
            <orientation>0.070435</orientation>
         </state>
         <state>
            <time>0.3</time>
            <x>1.5872</x>
            <y>0.082364</y>
            <velocity>5</velocity>
            <orientation>0.1037</orientation>
         </state>
         <state>
            <time>0.4</time>
            <x>2.0736</x>
            <y>0.14086</y>
            <velocity>4.8</velocity>
            <orientation>0.13565</orientation>
         </state>
         <state>
            <time>0.5</time>
            <x>2.5383</x>
            <y>0.21155</y>
            <velocity>4.6</velocity>
            <orientation>0.1663</orientation>
         </state>
         <state>
            <time>0.6</time>
            <x>2.9809</x>
            <y>0.29254</y>
            <velocity>4.4</velocity>
            <orientation>0.19565</orientation>
         </state>
         <state>
            <time>0.7</time>
            <x>3.4015</x>
            <y>0.38204</y>
            <velocity>4.2</velocity>
            <orientation>0.2237</orientation>
         </state>
         <state>
            <time>0.8</time>
            <x>3.8</x>
            <y>0.47833</y>
            <velocity>4</velocity>
            <orientation>0.25043</orientation>
         </state>
         <state>
            <time>0.9</time>
            <x>4.1766</x>
            <y>0.57977</y>
            <velocity>3.8</velocity>
            <orientation>0.27587</orientation>
         </state>
         <state>
            <time>1</time>
            <x>4.5313</x>
            <y>0.68484</y>
            <velocity>3.6</velocity>
            <orientation>0.3</orientation>
         </state>
      </states>
      <inputs>
         <input>
            <acceleration>-2</acceleration>
            <steer>0.14889</steer>
         </input>
         <input>
            <acceleration>-2</acceleration>
            <steer>0.14889</steer>
         </input>
         <input>
            <acceleration>-2</acceleration>
            <steer>0.14889</steer>
         </input>
         <input>
            <acceleration>-2</acceleration>
            <steer>0.14889</steer>
         </input>
         <input>
            <acceleration>-2</acceleration>
            <steer>0.14889</steer>
         </input>
         <input>
            <acceleration>-2</acceleration>
            <steer>0.14889</steer>
         </input>
         <input>
            <acceleration>-2</acceleration>
            <steer>0.14889</steer>
         </input>
         <input>
            <acceleration>-2</acceleration>
            <steer>0.14889</steer>
         </input>
         <input>
            <acceleration>-2</acceleration>
            <steer>0.14889</steer>
         </input>
         <input>
            <acceleration>-2</acceleration>
            <steer>0.14889</steer>
         </input>
      </inputs>
   </trajectory>
   <occupancySet>
      <occupancy>
         <time>
            <intervalStart>0</intervalStart>
            <intervalEnd>0.1</intervalEnd>
         </time>
         <set>
            <point>
               <element dimension="1">-1.1236</element>
               <element dimension="2">1.0192</element>
            </point>
            <point>
               <element dimension="1">-1.0635</element>
               <element dimension="2">1.0213</element>
            </point>
            <point>
               <element dimension="1">2.8791</element>
               <element dimension="2">1.0924</element>
            </point>
            <point>
               <element dimension="1">3.9268</element>
               <element dimension="2">1.0943</element>
            </point>
            <point>
               <element dimension="1">3.9859</element>
               <element dimension="2">-0.63131</element>
            </point>
            <point>
               <element dimension="1">3.9876</element>
               <element dimension="2">-0.72414</element>
            </point>
            <point>
               <element dimension="1">3.9881</element>
               <element dimension="2">-0.99751</element>
            </point>
            <point>
               <element dimension="1">3.4192</element>
               <element dimension="2">-1.017</element>
            </point>
            <point>
               <element dimension="1">-1.1198</element>
               <element dimension="2">-1.0253</element>
            </point>
            <point>
               <element dimension="1">-1.1198</element>
               <element dimension="2">-1.025</element>
            </point>
            <point>
               <element dimension="1">-1.1198</element>
               <element dimension="2">-1.0249</element>
            </point>
         </set>
      </occupancy>
      <occupancy>
         <time>
            <intervalStart>0.1</intervalStart>
            <intervalEnd>0.2</intervalEnd>
         </time>
         <set>
            <point>
               <element dimension="1">-0.64887</element>
               <element dimension="2">0.94099</element>
            </point>
            <point>
               <element dimension="1">3.4304</element>
               <element dimension="2">1.2235</element>
            </point>
            <point>
               <element dimension="1">4.2585</element>
               <element dimension="2">1.2664</element>
            </point>
            <point>
               <element dimension="1">4.4294</element>
               <element dimension="2">1.2723</element>
            </point>
            <point>
               <element dimension="1">4.5578</element>
               <element dimension="2">-0.58185</element>
            </point>
            <point>
               <element dimension="1">4.5654</element>
               <element dimension="2">-0.80467</element>
            </point>
            <point>
               <element dimension="1">3.914</element>
               <element dimension="2">-0.8498</element>
            </point>
            <point>
               <element dimension="1">0.7343</element>
               <element dimension="2">-1.0144</element>
            </point>
            <point>
               <element dimension="1">-0.57813</element>
               <element dimension="2">-1.0593</element>
            </point>
            <point>
               <element dimension="1">-0.5825</element>
               <element dimension="2">-0.9962</element>
            </point>
         </set>
      </occupancy>
      <occupancy>
         <time>
            <intervalStart>0.2</intervalStart>
            <intervalEnd>0.3</intervalEnd>
         </time>
         <set>
            <point>
               <element dimension="1">-0.16748</element>
               <element dimension="2">0.9572</element>
            </point>
            <point>
               <element dimension="1">1.4601</element>
               <element dimension="2">1.1246</element>
            </point>
            <point>
               <element dimension="1">4.7363</element>
               <element dimension="2">1.4066</element>
            </point>
            <point>
               <element dimension="1">4.8852</element>
               <element dimension="2">1.417</element>
            </point>
            <point>
               <element dimension="1">5.0766</element>
               <element dimension="2">-0.44426</element>
            </point>
            <point>
               <element dimension="1">5.0924</element>
               <element dimension="2">-0.67152</element>
            </point>
            <point>
               <element dimension="1">4.4892</element>
               <element dimension="2">-0.73356</element>
            </point>
            <point>
               <element dimension="1">3.7046</element>
               <element dimension="2">-0.8011</element>
            </point>
            <point>
               <element dimension="1">-0.026797</element>
               <element dimension="2">-1.0596</element>
            </point>
            <point>
               <element dimension="1">-0.029824</element>
               <element dimension="2">-1.0301</element>
            </point>
         </set>
      </occupancy>
      <occupancy>
         <time>
            <intervalStart>0.3</intervalStart>
            <intervalEnd>0.4</intervalEnd>
         </time>
         <set>
            <point>
               <element dimension="1">0.32365</element>
               <element dimension="2">0.95035</element>
            </point>
            <point>
               <element dimension="1">2.1631</element>
               <element dimension="2">1.1991</element>
            </point>
            <point>
               <element dimension="1">5.2297</element>
               <element dimension="2">1.5641</element>
            </point>
            <point>
               <element dimension="1">5.3236</element>
               <element dimension="2">1.5738</element>
            </point>
            <point>
               <element dimension="1">5.5761</element>
               <element dimension="2">-0.29275</element>
            </point>
            <point>
               <element dimension="1">5.5959</element>
               <element dimension="2">-0.48595</element>
            </point>
            <point>
               <element dimension="1">5.0115</element>
               <element dimension="2">-0.56499</element>
            </point>
            <point>
               <element dimension="1">3.9524</element>
               <element dimension="2">-0.69104</element>
            </point>
            <point>
               <element dimension="1">0.52999</element>
               <element dimension="2">-1.043</element>
            </point>
            <point>
               <element dimension="1">0.52437</element>
               <element dimension="2">-1.0015</element>
            </point>
         </set>
      </occupancy>
      <occupancy>
         <time>
            <intervalStart>0.4</intervalStart>
            <intervalEnd>0.5</intervalEnd>
         </time>
         <set>
            <point>
               <element dimension="1">0.79031</element>
               <element dimension="2">0.96204</element>
            </point>
            <point>
               <element dimension="1">2.1652</element>
               <element dimension="2">1.1912</element>
            </point>
            <point>
               <element dimension="1">5.7253</element>
               <element dimension="2">1.7283</element>
            </point>
            <point>
               <element dimension="1">5.7326</element>
               <element dimension="2">1.7293</element>
            </point>
            <point>
               <element dimension="1">6.0416</element>
               <element dimension="2">-0.12489</element>
            </point>
            <point>
               <element dimension="1">6.0649</element>
               <element dimension="2">-0.29779</element>
            </point>
            <point>
               <element dimension="1">5.515</element>
               <element dimension="2">-0.38944</element>
            </point>
            <point>
               <element dimension="1">4.8277</element>
               <element dimension="2">-0.49314</element>
            </point>
            <point>
               <element dimension="1">1.0566</element>
               <element dimension="2">-1.0031</element>
            </point>
            <point>
               <element dimension="1">1.0539</element>
               <element dimension="2">-0.98702</element>
            </point>
         </set>
      </occupancy>
      <occupancy>
         <time>
            <intervalStart>0.5</intervalStart>
            <intervalEnd>0.6</intervalEnd>
         </time>
         <set>
            <point>
               <element dimension="1">1.247</element>
               <element dimension="2">0.97929</element>
            </point>
            <point>
               <element dimension="1">2.8371</element>
               <element dimension="2">1.2926</element>
            </point>
            <point>
               <element dimension="1">6.1113</element>
               <element dimension="2">1.8878</element>
            </point>
            <point>
               <element dimension="1">6.119</element>
               <element dimension="2">1.889</element>
            </point>
            <point>
               <element dimension="1">6.4818</element>
               <element dimension="2">0.047599</element>
            </point>
            <point>
               <element dimension="1">6.5056</element>
               <element dimension="2">-0.094811</element>
            </point>
            <point>
               <element dimension="1">5.9829</element>
               <element dimension="2">-0.19779</element>
            </point>
            <point>
               <element dimension="1">5.0728</element>
               <element dimension="2">-0.36323</element>
            </point>
            <point>
               <element dimension="1">1.5685</element>
               <element dimension="2">-0.94724</element>
            </point>
            <point>
               <element dimension="1">1.5658</element>
               <element dimension="2">-0.93317</element>
            </point>
         </set>
      </occupancy>
      <occupancy>
         <time>
            <intervalStart>0.6</intervalStart>
            <intervalEnd>0.7</intervalEnd>
         </time>
         <set>
            <point>
               <element dimension="1">1.6847</element>
               <element dimension="2">1.0114</element>
            </point>
            <point>
               <element dimension="1">3.8903</element>
               <element dimension="2">1.5108</element>
            </point>
            <point>
               <element dimension="1">6.4652</element>
               <element dimension="2">2.0558</element>
            </point>
            <point>
               <element dimension="1">6.4816</element>
               <element dimension="2">2.059</element>
            </point>
            <point>
               <element dimension="1">6.8971</element>
               <element dimension="2">0.22391</element>
            </point>
            <point>
               <element dimension="1">6.9197</element>
               <element dimension="2">0.10895</element>
            </point>
            <point>
               <element dimension="1">6.3489</element>
               <element dimension="2">-0.020299</element>
            </point>
            <point>
               <element dimension="1">4.9732</element>
               <element dimension="2">-0.31147</element>
            </point>
            <point>
               <element dimension="1">2.0591</element>
               <element dimension="2">-0.88568</element>
            </point>
            <point>
               <element dimension="1">2.0544</element>
               <element dimension="2">-0.86491</element>
            </point>
         </set>
      </occupancy>
      <occupancy>
         <time>
            <intervalStart>0.7</intervalStart>
            <intervalEnd>0.8</intervalEnd>
         </time>
         <set>
            <point>
               <element dimension="1">2.1008</element>
               <element dimension="2">1.0647</element>
            </point>
            <point>
               <element dimension="1">5.4478</element>
               <element dimension="2">1.9174</element>
            </point>
            <point>
               <element dimension="1">6.8037</element>
               <element dimension="2">2.2435</element>
            </point>
            <point>
               <element dimension="1">6.8178</element>
               <element dimension="2">2.2467</element>
            </point>
            <point>
               <element dimension="1">7.2878</element>
               <element dimension="2">0.4022</element>
            </point>
            <point>
               <element dimension="1">7.3101</element>
               <element dimension="2">0.30367</element>
            </point>
            <point>
               <element dimension="1">6.798</element>
               <element dimension="2">0.1732</element>
            </point>
            <point>
               <element dimension="1">4.2035</element>
               <element dimension="2">-0.45084</element>
            </point>
            <point>
               <element dimension="1">2.531</element>
               <element dimension="2">-0.82953</element>
            </point>
            <point>
               <element dimension="1">2.5198</element>
               <element dimension="2">-0.7856</element>
            </point>
         </set>
      </occupancy>
      <occupancy>
         <time>
            <intervalStart>0.8</intervalStart>
            <intervalEnd>0.9</intervalEnd>
         </time>
         <set>
            <point>
               <element dimension="1">2.4929</element>
               <element dimension="2">1.1431</element>
            </point>
            <point>
               <element dimension="1">5.7477</element>
               <element dimension="2">2.0613</element>
            </point>
            <point>
               <element dimension="1">7.1195</element>
               <element dimension="2">2.4294</element>
            </point>
            <point>
               <element dimension="1">7.132</element>
               <element dimension="2">2.4326</element>
            </point>
            <point>
               <element dimension="1">7.6544</element>
               <element dimension="2">0.58106</element>
            </point>
            <point>
               <element dimension="1">7.6796</element>
               <element dimension="2">0.48203</element>
            </point>
            <point>
               <element dimension="1">7.2155</element>
               <element dimension="2">0.35109</element>
            </point>
            <point>
               <element dimension="1">4.6667</element>
               <element dimension="2">-0.33295</element>
            </point>
            <point>
               <element dimension="1">2.9802</element>
               <element dimension="2">-0.76262</element>
            </point>
            <point>
               <element dimension="1">2.9618</element>
               <element dimension="2">-0.69712</element>
            </point>
         </set>
      </occupancy>
      <occupancy>
         <time>
            <intervalStart>0.9</intervalStart>
            <intervalEnd>1</intervalEnd>
         </time>
         <set>
            <point>
               <element dimension="1">2.8643</element>
               <element dimension="2">1.2276</element>
            </point>
            <point>
               <element dimension="1">2.9184</element>
               <element dimension="2">1.2443</element>
            </point>
            <point>
               <element dimension="1">3.628</element>
               <element dimension="2">1.4539</element>
            </point>
            <point>
               <element dimension="1">7.4295</element>
               <element dimension="2">2.5263</element>
            </point>
            <point>
               <element dimension="1">7.9502</element>
               <element dimension="2">0.84007</element>
            </point>
            <point>
               <element dimension="1">8.0029</element>
               <element dimension="2">0.65314</element>
            </point>
            <point>
               <element dimension="1">7.6095</element>
               <element dimension="2">0.53165</element>
            </point>
            <point>
               <element dimension="1">7.3598</element>
               <element dimension="2">0.45789</element>
            </point>
            <point>
               <element dimension="1">3.3983</element>
               <element dimension="2">-0.6597</element>
            </point>
            <point>
               <element dimension="1">3.3803</element>
               <element dimension="2">-0.60128</element>
            </point>
         </set>
      </occupancy>
   </occupancySet>
   <reachableSet>
      <reachability>
         <time>0</time>
         <x>
            <intervalStart>-0.1</intervalStart>
            <intervalEnd>0.1</intervalEnd>
         </x>
         <y>
            <intervalStart>-0.1</intervalStart>
            <intervalEnd>0.1</intervalEnd>
         </y>
         <velocity>
            <intervalStart>5.4</intervalStart>
            <intervalEnd>5.8</intervalEnd>
         </velocity>
         <orientation>
            <intervalStart>-0.02</intervalStart>
            <intervalEnd>0.02</intervalEnd>
         </orientation>
      </reachability>
      <reachability>
         <time>1</time>
         <x>
            <intervalStart>4.5274</intervalStart>
            <intervalEnd>4.5334</intervalEnd>
         </x>
         <y>
            <intervalStart>0.67496</intervalStart>
            <intervalEnd>0.69744</intervalEnd>
         </y>
         <velocity>
            <intervalStart>3.6</intervalStart>
            <intervalEnd>3.6</intervalEnd>
         </velocity>
         <orientation>
            <intervalStart>0.29742</intervalStart>
            <intervalEnd>0.30398</intervalEnd>
         </orientation>
      </reachability>
   </reachableSet>
</motionPrimitive>