<?xml version="1.0" encoding="utf-8"?>
<motionPrimitive ID="10125">
   <controller type="generator space control">controller10125.mat</controller>
   <successors>
      <id>10236</id>
      <id>10237</id>
      <id>10238</id>
      <id>10239</id>
      <id>10240</id>
      <id>10241</id>
      <id>10242</id>
      <id>10243</id>
      <id>10244</id>
      <id>10245</id>
      <id>10246</id>
      <id>10247</id>
      <id>10248</id>
      <id>10249</id>
      <id>10250</id>
      <id>10251</id>
      <id>10252</id>
      <id>10253</id>
      <id>10254</id>
      <id>10255</id>
      <id>10256</id>
      <id>10257</id>
      <id>10258</id>
      <id>10259</id>
      <id>10260</id>
      <id>10261</id>
      <id>10262</id>
      <id>10263</id>
      <id>10264</id>
      <id>10265</id>
      <id>10266</id>
      <id>10267</id>
      <id>10268</id>
      <id>10269</id>
      <id>10270</id>
      <id>10271</id>
      <id>10272</id>
      <id>10273</id>
      <id>10274</id>
      <id>10275</id>
      <id>10276</id>
      <id>10277</id>
      <id>10278</id>
      <id>10279</id>
      <id>10280</id>
      <id>10281</id>
      <id>10282</id>
      <id>10283</id>
      <id>10284</id>
      <id>10285</id>
      <id>10286</id>
      <id>10287</id>
      <id>10288</id>
      <id>10289</id>
      <id>10290</id>
      <id>10291</id>
      <id>10292</id>
      <id>10293</id>
      <id>10294</id>
      <id>10295</id>
      <id>10296</id>
      <id>10297</id>
      <id>10298</id>
      <id>10299</id>
      <id>10300</id>
      <id>10301</id>
      <id>10302</id>
      <id>10303</id>
      <id>10304</id>
      <id>10305</id>
      <id>10306</id>
      <id>10307</id>
      <id>10308</id>
      <id>10309</id>
      <id>10310</id>
      <id>10311</id>
      <id>10312</id>
      <id>10313</id>
      <id>10314</id>
      <id>10315</id>
      <id>10316</id>
      <id>10317</id>
      <id>10318</id>
      <id>10319</id>
      <id>10320</id>
      <id>10321</id>
      <id>10322</id>
      <id>10323</id>
      <id>10324</id>
      <id>10325</id>
      <id>10326</id>
      <id>10327</id>
      <id>10328</id>
      <id>10329</id>
      <id>10330</id>
      <id>10331</id>
      <id>10332</id>
      <id>10333</id>
      <id>10334</id>
      <id>10335</id>
      <id>10336</id>
      <id>10337</id>
      <id>10338</id>
      <id>10339</id>
      <id>10340</id>
      <id>10341</id>
      <id>10342</id>
      <id>10343</id>
      <id>10344</id>
      <id>10345</id>
      <id>10346</id>
      <id>10347</id>
      <id>10348</id>
      <id>10349</id>
      <id>10350</id>
      <id>10351</id>
      <id>10352</id>
      <id>10353</id>
      <id>10354</id>
      <id>10355</id>
      <id>10356</id>
      <id>10357</id>
      <id>10358</id>
      <id>10359</id>
      <id>10360</id>
      <id>10361</id>
      <id>10362</id>
      <id>10363</id>
      <id>10364</id>
      <id>10365</id>
      <id>10366</id>
      <id>10367</id>
      <id>10368</id>
      <id>10369</id>
      <id>10370</id>
      <id>10371</id>
      <id>10372</id>
      <id>10373</id>
      <id>10374</id>
      <id>10375</id>
      <id>10376</id>
      <id>10377</id>
      <id>10378</id>
      <id>10379</id>
      <id>10380</id>
      <id>10381</id>
      <id>10382</id>
      <id>10383</id>
      <id>10384</id>
      <id>10385</id>
      <id>10386</id>
      <id>10387</id>
      <id>10388</id>
      <id>10389</id>
      <id>10390</id>
      <id>10391</id>
      <id>10392</id>
      <id>10393</id>
      <id>10394</id>
      <id>10395</id>
      <id>10396</id>
      <id>10397</id>
      <id>10398</id>
      <id>10399</id>
      <id>10400</id>
      <id>10401</id>
      <id>10402</id>
      <id>10403</id>
      <id>10404</id>
      <id>10405</id>
      <id>10406</id>
      <id>10407</id>
      <id>10408</id>
      <id>10409</id>
      <id>10410</id>
      <id>10411</id>
      <id>10412</id>
      <id>10413</id>
      <id>10414</id>
      <id>10415</id>
   </successors>
   <trajectory>
      <states>
         <state>
            <time>0</time>
            <x>0</x>
            <y>0</y>
            <velocity>24.4</velocity>
            <orientation>0</orientation>
         </state>
         <state>
            <time>0.1</time>
            <x>2.4418</x>
            <y>0.024241</y>
            <velocity>24.44</velocity>
            <orientation>0.019854</orientation>
         </state>
         <state>
            <time>0.2</time>
            <x>4.8867</x>
            <y>0.097111</y>
            <velocity>24.48</velocity>
            <orientation>0.03974</orientation>
         </state>
         <state>
            <time>0.3</time>
            <x>7.3336</x>
            <y>0.21882</y>
            <velocity>24.52</velocity>
            <orientation>0.059659</orientation>
         </state>
         <state>
            <time>0.4</time>
            <x>9.7817</x>
            <y>0.38956</y>
            <velocity>24.56</velocity>
            <orientation>0.07961</orientation>
         </state>
         <state>
            <time>0.5</time>
            <x>12.2298</x>
            <y>0.60951</y>
            <velocity>24.6</velocity>
            <orientation>0.099593</orientation>
         </state>
         <state>
            <time>0.6</time>
            <x>14.6769</x>
            <y>0.8788</y>
            <velocity>24.64</velocity>
            <orientation>0.11961</orientation>
         </state>
         <state>
            <time>0.7</time>
            <x>17.1222</x>
            <y>1.1976</y>
            <velocity>24.68</velocity>
            <orientation>0.13966</orientation>
         </state>
         <state>
            <time>0.8</time>
            <x>19.5645</x>
            <y>1.566</y>
            <velocity>24.72</velocity>
            <orientation>0.15974</orientation>
         </state>
         <state>
            <time>0.9</time>
            <x>22.0029</x>
            <y>1.984</y>
            <velocity>24.76</velocity>
            <orientation>0.17985</orientation>
         </state>
         <state>
            <time>1</time>
            <x>24.4363</x>
            <y>2.4518</y>
            <velocity>24.8</velocity>
            <orientation>0.2</orientation>
         </state>
      </states>
      <inputs>
         <input>
            <acceleration>0.4</acceleration>
            <steer>0.018697</steer>
         </input>
         <input>
            <acceleration>0.4</acceleration>
            <steer>0.018697</steer>
         </input>
         <input>
            <acceleration>0.4</acceleration>
            <steer>0.018697</steer>
         </input>
         <input>
            <acceleration>0.4</acceleration>
            <steer>0.018697</steer>
         </input>
         <input>
            <acceleration>0.4</acceleration>
            <steer>0.018697</steer>
         </input>
         <input>
            <acceleration>0.4</acceleration>
            <steer>0.018697</steer>
         </input>
         <input>
            <acceleration>0.4</acceleration>
            <steer>0.018697</steer>
         </input>
         <input>
            <acceleration>0.4</acceleration>
            <steer>0.018697</steer>
         </input>
         <input>
            <acceleration>0.4</acceleration>
            <steer>0.018697</steer>
         </input>
         <input>
            <acceleration>0.4</acceleration>
            <steer>0.018697</steer>
         </input>
      </inputs>
   </trajectory>
   <occupancySet>
      <occupancy>
         <time>
            <intervalStart>0</intervalStart>
            <intervalEnd>0.1</intervalEnd>
         </time>
         <set>
            <point>
               <element dimension="1">-1.1217</element>
               <element dimension="2">1.0186</element>
            </point>
            <point>
               <element dimension="1">-1.1097</element>
               <element dimension="2">1.0188</element>
            </point>
            <point>
               <element dimension="1">3.6063</element>
               <element dimension="2">1.0656</element>
            </point>
            <point>
               <element dimension="1">5.8314</element>
               <element dimension="2">1.0678</element>
            </point>
            <point>
               <element dimension="1">5.8638</element>
               <element dimension="2">-0.64873</element>
            </point>
            <point>
               <element dimension="1">5.8652</element>
               <element dimension="2">-0.79279</element>
            </point>
            <point>
               <element dimension="1">5.8654</element>
               <element dimension="2">-0.9746</element>
            </point>
            <point>
               <element dimension="1">3.6534</element>
               <element dimension="2">-1.0163</element>
            </point>
            <point>
               <element dimension="1">3.4174</element>
               <element dimension="2">-1.0187</element>
            </point>
            <point>
               <element dimension="1">-1.1197</element>
               <element dimension="2">-1.0232</element>
            </point>
            <point>
               <element dimension="1">-1.1197</element>
               <element dimension="2">-1.023</element>
            </point>
            <point>
               <element dimension="1">-1.1197</element>
               <element dimension="2">-1.0227</element>
            </point>
         </set>
      </occupancy>
      <occupancy>
         <time>
            <intervalStart>0.1</intervalStart>
            <intervalEnd>0.2</intervalEnd>
         </time>
         <set>
            <point>
               <element dimension="1">1.0704</element>
               <element dimension="2">0.97887</element>
            </point>
            <point>
               <element dimension="1">3.2994</element>
               <element dimension="2">1.0653</element>
            </point>
            <point>
               <element dimension="1">8.0798</element>
               <element dimension="2">1.203</element>
            </point>
            <point>
               <element dimension="1">8.2483</element>
               <element dimension="2">1.2062</element>
            </point>
            <point>
               <element dimension="1">8.3156</element>
               <element dimension="2">-0.52985</element>
            </point>
            <point>
               <element dimension="1">8.3156</element>
               <element dimension="2">-0.53242</element>
            </point>
            <point>
               <element dimension="1">8.3206</element>
               <element dimension="2">-0.79659</element>
            </point>
            <point>
               <element dimension="1">5.8644</element>
               <element dimension="2">-0.89182</element>
            </point>
            <point>
               <element dimension="1">5.193</element>
               <element dimension="2">-0.91117</element>
            </point>
            <point>
               <element dimension="1">1.1077</element>
               <element dimension="2">-0.98824</element>
            </point>
            <point>
               <element dimension="1">1.1073</element>
               <element dimension="2">-0.98013</element>
            </point>
         </set>
      </occupancy>
      <occupancy>
         <time>
            <intervalStart>0.2</intervalStart>
            <intervalEnd>0.3</intervalEnd>
         </time>
         <set>
            <point>
               <element dimension="1">3.5028</element>
               <element dimension="2">1.023</element>
            </point>
            <point>
               <element dimension="1">4.6193</element>
               <element dimension="2">1.0886</element>
            </point>
            <point>
               <element dimension="1">10.5156</element>
               <element dimension="2">1.3761</element>
            </point>
            <point>
               <element dimension="1">10.6618</element>
               <element dimension="2">1.3817</element>
            </point>
            <point>
               <element dimension="1">10.764</element>
               <element dimension="2">-0.3577</element>
            </point>
            <point>
               <element dimension="1">10.7736</element>
               <element dimension="2">-0.60534</element>
            </point>
            <point>
               <element dimension="1">8.3179</element>
               <element dimension="2">-0.74958</element>
            </point>
            <point>
               <element dimension="1">8.0478</element>
               <element dimension="2">-0.76274</element>
            </point>
            <point>
               <element dimension="1">3.579</element>
               <element dimension="2">-0.936</element>
            </point>
            <point>
               <element dimension="1">3.5785</element>
               <element dimension="2">-0.92768</element>
            </point>
         </set>
      </occupancy>
      <occupancy>
         <time>
            <intervalStart>0.3</intervalStart>
            <intervalEnd>0.4</intervalEnd>
         </time>
         <set>
            <point>
               <element dimension="1">5.9433</element>
               <element dimension="2">1.1049</element>
            </point>
            <point>
               <element dimension="1">7.0036</element>
               <element dimension="2">1.1885</element>
            </point>
            <point>
               <element dimension="1">12.9508</element>
               <element dimension="2">1.5973</element>
            </point>
            <point>
               <element dimension="1">13.0759</element>
               <element dimension="2">1.6047</element>
            </point>
            <point>
               <element dimension="1">13.2129</element>
               <element dimension="2">-0.13494</element>
            </point>
            <point>
               <element dimension="1">13.2258</element>
               <element dimension="2">-0.35374</element>
            </point>
            <point>
               <element dimension="1">10.7675</element>
               <element dimension="2">-0.54739</element>
            </point>
            <point>
               <element dimension="1">10.4692</element>
               <element dimension="2">-0.5679</element>
            </point>
            <point>
               <element dimension="1">6.057</element>
               <element dimension="2">-0.82705</element>
            </point>
            <point>
               <element dimension="1">6.056</element>
               <element dimension="2">-0.81424</element>
            </point>
         </set>
      </occupancy>
      <occupancy>
         <time>
            <intervalStart>0.4</intervalStart>
            <intervalEnd>0.5</intervalEnd>
         </time>
         <set>
            <point>
               <element dimension="1">8.3856</element>
               <element dimension="2">1.2352</element>
            </point>
            <point>
               <element dimension="1">9.2196</element>
               <element dimension="2">1.3177</element>
            </point>
            <point>
               <element dimension="1">15.3857</element>
               <element dimension="2">1.8654</element>
            </point>
            <point>
               <element dimension="1">15.4886</element>
               <element dimension="2">1.8735</element>
            </point>
            <point>
               <element dimension="1">15.6601</element>
               <element dimension="2">0.13923</element>
            </point>
            <point>
               <element dimension="1">15.6752</element>
               <element dimension="2">-0.052343</element>
            </point>
            <point>
               <element dimension="1">13.2182</element>
               <element dimension="2">-0.29539</element>
            </point>
            <point>
               <element dimension="1">12.9601</element>
               <element dimension="2">-0.31832</element>
            </point>
            <point>
               <element dimension="1">8.5357</element>
               <element dimension="2">-0.66686</element>
            </point>
            <point>
               <element dimension="1">8.5345</element>
               <element dimension="2">-0.65549</element>
            </point>
         </set>
      </occupancy>
      <occupancy>
         <time>
            <intervalStart>0.5</intervalStart>
            <intervalEnd>0.6</intervalEnd>
         </time>
         <set>
            <point>
               <element dimension="1">10.8303</element>
               <element dimension="2">1.4123</element>
            </point>
            <point>
               <element dimension="1">11.6907</element>
               <element dimension="2">1.5148</element>
            </point>
            <point>
               <element dimension="1">17.8186</element>
               <element dimension="2">2.183</element>
            </point>
            <point>
               <element dimension="1">17.8994</element>
               <element dimension="2">2.191</element>
            </point>
            <point>
               <element dimension="1">18.1054</element>
               <element dimension="2">0.46243</element>
            </point>
            <point>
               <element dimension="1">18.1214</element>
               <element dimension="2">0.30072</element>
            </point>
            <point>
               <element dimension="1">15.6654</element>
               <element dimension="2">0.008032</element>
            </point>
            <point>
               <element dimension="1">15.3973</element>
               <element dimension="2">-0.021192</element>
            </point>
            <point>
               <element dimension="1">11.0151</element>
               <element dimension="2">-0.45467</element>
            </point>
            <point>
               <element dimension="1">11.014</element>
               <element dimension="2">-0.44552</element>
            </point>
         </set>
      </occupancy>
      <occupancy>
         <time>
            <intervalStart>0.6</intervalStart>
            <intervalEnd>0.7</intervalEnd>
         </time>
         <set>
            <point>
               <element dimension="1">13.2754</element>
               <element dimension="2">1.6391</element>
            </point>
            <point>
               <element dimension="1">14.1494</element>
               <element dimension="2">1.761</element>
            </point>
            <point>
               <element dimension="1">20.2486</element>
               <element dimension="2">2.55</element>
            </point>
            <point>
               <element dimension="1">20.3074</element>
               <element dimension="2">2.557</element>
            </point>
            <point>
               <element dimension="1">20.5477</element>
               <element dimension="2">0.83489</element>
            </point>
            <point>
               <element dimension="1">20.5634</element>
               <element dimension="2">0.70296</element>
            </point>
            <point>
               <element dimension="1">18.11</element>
               <element dimension="2">0.36057</element>
            </point>
            <point>
               <element dimension="1">17.8437</element>
               <element dimension="2">0.32613</element>
            </point>
            <point>
               <element dimension="1">13.4937</element>
               <element dimension="2">-0.19226</element>
            </point>
            <point>
               <element dimension="1">13.4928</element>
               <element dimension="2">-0.18517</element>
            </point>
         </set>
      </occupancy>
      <occupancy>
         <time>
            <intervalStart>0.7</intervalStart>
            <intervalEnd>0.8</intervalEnd>
         </time>
         <set>
            <point>
               <element dimension="1">15.7199</element>
               <element dimension="2">1.9155</element>
            </point>
            <point>
               <element dimension="1">16.6065</element>
               <element dimension="2">2.0574</element>
            </point>
            <point>
               <element dimension="1">22.6747</element>
               <element dimension="2">2.9665</element>
            </point>
            <point>
               <element dimension="1">22.7116</element>
               <element dimension="2">2.9716</element>
            </point>
            <point>
               <element dimension="1">22.9861</element>
               <element dimension="2">1.2567</element>
            </point>
            <point>
               <element dimension="1">23.0003</element>
               <element dimension="2">1.1545</element>
            </point>
            <point>
               <element dimension="1">20.551</element>
               <element dimension="2">0.76245</element>
            </point>
            <point>
               <element dimension="1">20.2867</element>
               <element dimension="2">0.72285</element>
            </point>
            <point>
               <element dimension="1">15.9705</element>
               <element dimension="2">0.12051</element>
            </point>
            <point>
               <element dimension="1">15.9697</element>
               <element dimension="2">0.12554</element>
            </point>
         </set>
      </occupancy>
      <occupancy>
         <time>
            <intervalStart>0.8</intervalStart>
            <intervalEnd>0.9</intervalEnd>
         </time>
         <set>
            <point>
               <element dimension="1">18.1629</element>
               <element dimension="2">2.2418</element>
            </point>
            <point>
               <element dimension="1">19.0684</element>
               <element dimension="2">2.4055</element>
            </point>
            <point>
               <element dimension="1">25.1065</element>
               <element dimension="2">3.4345</element>
            </point>
            <point>
               <element dimension="1">25.1109</element>
               <element dimension="2">3.4351</element>
            </point>
            <point>
               <element dimension="1">25.4195</element>
               <element dimension="2">1.7279</element>
            </point>
            <point>
               <element dimension="1">25.4311</element>
               <element dimension="2">1.6555</element>
            </point>
            <point>
               <element dimension="1">22.9875</element>
               <element dimension="2">1.2137</element>
            </point>
            <point>
               <element dimension="1">22.7231</element>
               <element dimension="2">1.1687</element>
            </point>
            <point>
               <element dimension="1">18.4444</element>
               <element dimension="2">0.48373</element>
            </point>
            <point>
               <element dimension="1">18.4439</element>
               <element dimension="2">0.48673</element>
            </point>
         </set>
      </occupancy>
      <occupancy>
         <time>
            <intervalStart>0.9</intervalStart>
            <intervalEnd>1</intervalEnd>
         </time>
         <set>
            <point>
               <element dimension="1">20.6033</element>
               <element dimension="2">2.618</element>
            </point>
            <point>
               <element dimension="1">21.717</element>
               <element dimension="2">2.8426</element>
            </point>
            <point>
               <element dimension="1">27.5022</element>
               <element dimension="2">3.9488</element>
            </point>
            <point>
               <element dimension="1">27.5044</element>
               <element dimension="2">3.9492</element>
            </point>
            <point>
               <element dimension="1">27.8425</element>
               <element dimension="2">2.2726</element>
            </point>
            <point>
               <element dimension="1">27.8546</element>
               <element dimension="2">2.2058</element>
            </point>
            <point>
               <element dimension="1">25.4185</element>
               <element dimension="2">1.7145</element>
            </point>
            <point>
               <element dimension="1">25.0809</element>
               <element dimension="2">1.65</element>
            </point>
            <point>
               <element dimension="1">20.9145</element>
               <element dimension="2">0.89676</element>
            </point>
            <point>
               <element dimension="1">20.9141</element>
               <element dimension="2">0.89851</element>
            </point>
         </set>
      </occupancy>
   </occupancySet>
   <reachableSet>
      <reachability>
         <time>0</time>
         <x>
            <intervalStart>-0.1</intervalStart>
            <intervalEnd>0.1</intervalEnd>
         </x>
         <y>
            <intervalStart>-0.1</intervalStart>
            <intervalEnd>0.1</intervalEnd>
         </y>
         <velocity>
            <intervalStart>24.2</intervalStart>
            <intervalEnd>24.6</intervalEnd>
         </velocity>
         <orientation>
            <intervalStart>-0.02</intervalStart>
            <intervalEnd>0.02</intervalEnd>
         </orientation>
      </reachability>
      <reachability>
         <time>1</time>
         <x>
            <intervalStart>24.435</intervalStart>
            <intervalEnd>24.4372</intervalEnd>
         </x>
         <y>
            <intervalStart>2.447</intervalStart>
            <intervalEnd>2.4568</intervalEnd>
         </y>
         <velocity>
            <intervalStart>24.8</intervalStart>
            <intervalEnd>24.8</intervalEnd>
         </velocity>
         <orientation>
            <intervalStart>0.1998</intervalStart>
            <intervalEnd>0.20021</intervalEnd>
         </orientation>
      </reachability>
   </reachableSet>
</motionPrimitive>