<?xml version="1.0" encoding="utf-8"?>
<motionPrimitive ID="10270">
   <controller type="generator space control">controller10270.mat</controller>
   <successors>
      <id>6324</id>
      <id>6325</id>
      <id>6326</id>
      <id>6327</id>
      <id>6328</id>
      <id>6329</id>
      <id>6330</id>
      <id>6331</id>
      <id>6332</id>
      <id>6333</id>
      <id>6334</id>
      <id>6335</id>
      <id>6336</id>
      <id>6337</id>
      <id>6338</id>
      <id>6339</id>
      <id>6340</id>
      <id>6341</id>
      <id>6342</id>
      <id>6343</id>
      <id>6344</id>
      <id>6345</id>
      <id>6346</id>
      <id>6347</id>
      <id>6348</id>
      <id>6349</id>
      <id>6350</id>
      <id>6351</id>
      <id>6352</id>
      <id>6353</id>
      <id>6354</id>
      <id>6355</id>
      <id>6356</id>
      <id>6357</id>
      <id>6358</id>
      <id>6359</id>
      <id>6360</id>
      <id>6361</id>
      <id>6362</id>
      <id>6363</id>
      <id>6364</id>
      <id>6365</id>
      <id>6366</id>
      <id>6367</id>
      <id>6368</id>
      <id>6369</id>
      <id>6370</id>
      <id>6371</id>
      <id>6372</id>
      <id>6373</id>
      <id>6374</id>
      <id>6375</id>
      <id>6376</id>
      <id>6377</id>
      <id>6378</id>
      <id>6379</id>
      <id>6380</id>
      <id>6381</id>
      <id>6382</id>
      <id>6383</id>
      <id>6384</id>
      <id>6385</id>
      <id>6386</id>
      <id>6387</id>
      <id>6388</id>
      <id>6389</id>
      <id>6390</id>
      <id>6391</id>
      <id>6392</id>
      <id>6393</id>
      <id>6394</id>
      <id>6395</id>
      <id>6396</id>
      <id>6397</id>
      <id>6398</id>
      <id>6399</id>
      <id>6400</id>
      <id>6401</id>
      <id>6402</id>
      <id>6403</id>
      <id>6404</id>
      <id>6405</id>
      <id>6406</id>
      <id>6407</id>
      <id>6408</id>
      <id>6409</id>
      <id>6410</id>
      <id>6411</id>
      <id>6412</id>
      <id>6413</id>
      <id>6414</id>
      <id>6415</id>
      <id>6416</id>
      <id>6417</id>
      <id>6418</id>
      <id>6419</id>
      <id>6420</id>
      <id>6421</id>
      <id>6422</id>
      <id>6423</id>
      <id>6424</id>
      <id>6425</id>
      <id>6426</id>
      <id>6427</id>
      <id>6428</id>
      <id>6429</id>
      <id>6430</id>
      <id>6431</id>
      <id>6432</id>
      <id>6433</id>
      <id>6434</id>
      <id>6435</id>
      <id>6436</id>
      <id>6437</id>
      <id>6438</id>
      <id>6439</id>
      <id>6440</id>
      <id>6441</id>
      <id>6442</id>
      <id>6443</id>
      <id>6444</id>
      <id>6445</id>
      <id>6446</id>
      <id>6447</id>
      <id>6448</id>
      <id>6449</id>
      <id>6450</id>
      <id>6451</id>
      <id>6452</id>
      <id>6453</id>
      <id>6454</id>
      <id>6455</id>
      <id>6456</id>
      <id>6457</id>
      <id>6458</id>
      <id>6459</id>
      <id>6460</id>
      <id>6461</id>
      <id>6462</id>
      <id>6463</id>
      <id>6464</id>
      <id>6465</id>
      <id>6466</id>
      <id>6467</id>
      <id>6468</id>
      <id>6469</id>
      <id>6470</id>
      <id>6471</id>
      <id>6472</id>
      <id>6473</id>
      <id>6474</id>
      <id>6475</id>
      <id>6476</id>
      <id>6477</id>
      <id>6478</id>
      <id>6479</id>
      <id>6480</id>
      <id>6481</id>
      <id>6482</id>
      <id>6483</id>
      <id>6484</id>
      <id>6485</id>
      <id>6486</id>
      <id>6487</id>
      <id>6488</id>
      <id>6489</id>
      <id>6490</id>
      <id>6491</id>
      <id>6492</id>
      <id>6493</id>
      <id>6494</id>
      <id>6495</id>
      <id>6496</id>
      <id>6497</id>
      <id>6498</id>
      <id>6499</id>
      <id>6500</id>
      <id>6501</id>
      <id>6502</id>
      <id>6503</id>
      <id>6504</id>
      <id>6505</id>
      <id>6506</id>
      <id>6507</id>
      <id>6508</id>
      <id>6509</id>
      <id>6510</id>
      <id>6511</id>
      <id>6512</id>
      <id>6513</id>
      <id>6514</id>
      <id>6515</id>
      <id>6516</id>
      <id>6517</id>
      <id>6518</id>
   </successors>
   <trajectory>
      <states>
         <state>
            <time>0</time>
            <x>0</x>
            <y>0</y>
            <velocity>24.8</velocity>
            <orientation>0</orientation>
         </state>
         <state>
            <time>0.1</time>
            <x>2.4391</x>
            <y>-0.057236</y>
            <velocity>24</velocity>
            <orientation>-0.046923</orientation>
         </state>
         <state>
            <time>0.2</time>
            <x>4.7932</x>
            <y>-0.22138</y>
            <velocity>23.2</velocity>
            <orientation>-0.092308</orientation>
         </state>
         <state>
            <time>0.3</time>
            <x>7.0581</x>
            <y>-0.48124</y>
            <velocity>22.4</velocity>
            <orientation>-0.13615</orientation>
         </state>
         <state>
            <time>0.4</time>
            <x>9.2308</x>
            <y>-0.82587</y>
            <velocity>21.6</velocity>
            <orientation>-0.17846</orientation>
         </state>
         <state>
            <time>0.5</time>
            <x>11.3089</x>
            <y>-1.2446</y>
            <velocity>20.8</velocity>
            <orientation>-0.21923</orientation>
         </state>
         <state>
            <time>0.6</time>
            <x>13.2909</x>
            <y>-1.7272</y>
            <velocity>20</velocity>
            <orientation>-0.25846</orientation>
         </state>
         <state>
            <time>0.7</time>
            <x>15.1759</x>
            <y>-2.2638</y>
            <velocity>19.2</velocity>
            <orientation>-0.29615</orientation>
         </state>
         <state>
            <time>0.8</time>
            <x>16.9637</x>
            <y>-2.8448</y>
            <velocity>18.4</velocity>
            <orientation>-0.33231</orientation>
         </state>
         <state>
            <time>0.9</time>
            <x>18.6547</x>
            <y>-3.4613</y>
            <velocity>17.6</velocity>
            <orientation>-0.36692</orientation>
         </state>
         <state>
            <time>1</time>
            <x>20.2498</x>
            <y>-4.1048</y>
            <velocity>16.8</velocity>
            <orientation>-0.4</orientation>
         </state>
      </states>
      <inputs>
         <input>
            <acceleration>-8</acceleration>
            <steer>-0.044202</steer>
         </input>
         <input>
            <acceleration>-8</acceleration>
            <steer>-0.044202</steer>
         </input>
         <input>
            <acceleration>-8</acceleration>
            <steer>-0.044202</steer>
         </input>
         <input>
            <acceleration>-8</acceleration>
            <steer>-0.044202</steer>
         </input>
         <input>
            <acceleration>-8</acceleration>
            <steer>-0.044202</steer>
         </input>
         <input>
            <acceleration>-8</acceleration>
            <steer>-0.044202</steer>
         </input>
         <input>
            <acceleration>-8</acceleration>
            <steer>-0.044202</steer>
         </input>
         <input>
            <acceleration>-8</acceleration>
            <steer>-0.044202</steer>
         </input>
         <input>
            <acceleration>-8</acceleration>
            <steer>-0.044202</steer>
         </input>
         <input>
            <acceleration>-8</acceleration>
            <steer>-0.044202</steer>
         </input>
      </inputs>
   </trajectory>
   <occupancySet>
      <occupancy>
         <time>
            <intervalStart>0</intervalStart>
            <intervalEnd>0.1</intervalEnd>
         </time>
         <set>
            <point>
               <element dimension="1">-1.1246</element>
               <element dimension="2">-1.0186</element>
            </point>
            <point>
               <element dimension="1">-1.1197</element>
               <element dimension="2">1.0289</element>
            </point>
            <point>
               <element dimension="1">-1.1197</element>
               <element dimension="2">1.0292</element>
            </point>
            <point>
               <element dimension="1">-1.1196</element>
               <element dimension="2">1.032</element>
            </point>
            <point>
               <element dimension="1">3.3086</element>
               <element dimension="2">1.0215</element>
            </point>
            <point>
               <element dimension="1">3.6594</element>
               <element dimension="2">1.0132</element>
            </point>
            <point>
               <element dimension="1">5.8944</element>
               <element dimension="2">0.91344</element>
            </point>
            <point>
               <element dimension="1">5.8936</element>
               <element dimension="2">0.57301</element>
            </point>
            <point>
               <element dimension="1">5.8927</element>
               <element dimension="2">0.53326</element>
            </point>
            <point>
               <element dimension="1">5.8157</element>
               <element dimension="2">-1.1909</element>
            </point>
            <point>
               <element dimension="1">5.6152</element>
               <element dimension="2">-1.1904</element>
            </point>
            <point>
               <element dimension="1">-0.48943</element>
               <element dimension="2">-1.047</element>
            </point>
         </set>
      </occupancy>
      <occupancy>
         <time>
            <intervalStart>0.1</intervalStart>
            <intervalEnd>0.2</intervalEnd>
         </time>
         <set>
            <point>
               <element dimension="1">1.0323</element>
               <element dimension="2">-0.97935</element>
            </point>
            <point>
               <element dimension="1">1.12</element>
               <element dimension="2">0.98421</element>
            </point>
            <point>
               <element dimension="1">1.1218</element>
               <element dimension="2">1.0046</element>
            </point>
            <point>
               <element dimension="1">5.1249</element>
               <element dimension="2">0.82588</element>
            </point>
            <point>
               <element dimension="1">5.8925</element>
               <element dimension="2">0.7741</element>
            </point>
            <point>
               <element dimension="1">8.3022</element>
               <element dimension="2">0.55643</element>
            </point>
            <point>
               <element dimension="1">8.2884</element>
               <element dimension="2">0.2467</element>
            </point>
            <point>
               <element dimension="1">8.2878</element>
               <element dimension="2">0.23798</element>
            </point>
            <point>
               <element dimension="1">8.13</element>
               <element dimension="2">-1.5088</element>
            </point>
            <point>
               <element dimension="1">7.93</element>
               <element dimension="2">-1.4999</element>
            </point>
            <point>
               <element dimension="1">3.4479</element>
               <element dimension="2">-1.1975</element>
            </point>
         </set>
      </occupancy>
      <occupancy>
         <time>
            <intervalStart>0.2</intervalStart>
            <intervalEnd>0.3</intervalEnd>
         </time>
         <set>
            <point>
               <element dimension="1">3.3386</element>
               <element dimension="2">-1.0782</element>
            </point>
            <point>
               <element dimension="1">3.5147</element>
               <element dimension="2">0.87116</element>
            </point>
            <point>
               <element dimension="1">3.5178</element>
               <element dimension="2">0.89421</element>
            </point>
            <point>
               <element dimension="1">7.7827</element>
               <element dimension="2">0.50896</element>
            </point>
            <point>
               <element dimension="1">8.2859</element>
               <element dimension="2">0.45234</element>
            </point>
            <point>
               <element dimension="1">10.5992</element>
               <element dimension="2">0.14047</element>
            </point>
            <point>
               <element dimension="1">10.5724</element>
               <element dimension="2">-0.15665</element>
            </point>
            <point>
               <element dimension="1">10.3371</element>
               <element dimension="2">-1.9019</element>
            </point>
            <point>
               <element dimension="1">10.1386</element>
               <element dimension="2">-1.884</element>
            </point>
            <point>
               <element dimension="1">5.1604</element>
               <element dimension="2">-1.3238</element>
            </point>
         </set>
      </occupancy>
      <occupancy>
         <time>
            <intervalStart>0.3</intervalStart>
            <intervalEnd>0.4</intervalEnd>
         </time>
         <set>
            <point>
               <element dimension="1">5.5767</element>
               <element dimension="2">-1.2621</element>
            </point>
            <point>
               <element dimension="1">5.8336</element>
               <element dimension="2">0.64403</element>
            </point>
            <point>
               <element dimension="1">5.8396</element>
               <element dimension="2">0.67729</element>
            </point>
            <point>
               <element dimension="1">9.9971</element>
               <element dimension="2">0.11679</element>
            </point>
            <point>
               <element dimension="1">10.563</element>
               <element dimension="2">0.028252</element>
            </point>
            <point>
               <element dimension="1">12.7867</element>
               <element dimension="2">-0.3681</element>
            </point>
            <point>
               <element dimension="1">12.7515</element>
               <element dimension="2">-0.62886</element>
            </point>
            <point>
               <element dimension="1">12.4407</element>
               <element dimension="2">-2.3726</element>
            </point>
            <point>
               <element dimension="1">12.2535</element>
               <element dimension="2">-2.3474</element>
            </point>
            <point>
               <element dimension="1">7.4422</element>
               <element dimension="2">-1.5946</element>
            </point>
         </set>
      </occupancy>
      <occupancy>
         <time>
            <intervalStart>0.4</intervalStart>
            <intervalEnd>0.5</intervalEnd>
         </time>
         <set>
            <point>
               <element dimension="1">7.735</element>
               <element dimension="2">-1.5356</element>
            </point>
            <point>
               <element dimension="1">8.0693</element>
               <element dimension="2">0.34015</element>
            </point>
            <point>
               <element dimension="1">8.075</element>
               <element dimension="2">0.36591</element>
            </point>
            <point>
               <element dimension="1">12.3671</element>
               <element dimension="2">-0.39912</element>
            </point>
            <point>
               <element dimension="1">12.7385</element>
               <element dimension="2">-0.47316</element>
            </point>
            <point>
               <element dimension="1">14.8589</element>
               <element dimension="2">-0.94117</element>
            </point>
            <point>
               <element dimension="1">14.8171</element>
               <element dimension="2">-1.1755</element>
            </point>
            <point>
               <element dimension="1">14.4365</element>
               <element dimension="2">-2.8998</element>
            </point>
            <point>
               <element dimension="1">14.2789</element>
               <element dimension="2">-2.8717</element>
            </point>
            <point>
               <element dimension="1">9.2029</element>
               <element dimension="2">-1.8596</element>
            </point>
         </set>
      </occupancy>
      <occupancy>
         <time>
            <intervalStart>0.5</intervalStart>
            <intervalEnd>0.6</intervalEnd>
         </time>
         <set>
            <point>
               <element dimension="1">9.8172</element>
               <element dimension="2">-1.881</element>
            </point>
            <point>
               <element dimension="1">10.2211</element>
               <element dimension="2">-0.051267</element>
            </point>
            <point>
               <element dimension="1">10.2264</element>
               <element dimension="2">-0.030832</element>
            </point>
            <point>
               <element dimension="1">14.435</element>
               <element dimension="2">-0.95974</element>
            </point>
            <point>
               <element dimension="1">14.7993</element>
               <element dimension="2">-1.0477</element>
            </point>
            <point>
               <element dimension="1">16.821</element>
               <element dimension="2">-1.578</element>
            </point>
            <point>
               <element dimension="1">16.7768</element>
               <element dimension="2">-1.7781</element>
            </point>
            <point>
               <element dimension="1">16.3299</element>
               <element dimension="2">-3.4816</element>
            </point>
            <point>
               <element dimension="1">16.2108</element>
               <element dimension="2">-3.4554</element>
            </point>
            <point>
               <element dimension="1">11.2908</element>
               <element dimension="2">-2.2676</element>
            </point>
         </set>
      </occupancy>
      <occupancy>
         <time>
            <intervalStart>0.6</intervalStart>
            <intervalEnd>0.7</intervalEnd>
         </time>
         <set>
            <point>
               <element dimension="1">11.8127</element>
               <element dimension="2">-2.2963</element>
            </point>
            <point>
               <element dimension="1">12.2803</element>
               <element dimension="2">-0.51377</element>
            </point>
            <point>
               <element dimension="1">12.2851</element>
               <element dimension="2">-0.49781</element>
            </point>
            <point>
               <element dimension="1">16.4078</element>
               <element dimension="2">-1.5793</element>
            </point>
            <point>
               <element dimension="1">16.7534</element>
               <element dimension="2">-1.677</element>
            </point>
            <point>
               <element dimension="1">18.679</element>
               <element dimension="2">-2.2607</element>
            </point>
            <point>
               <element dimension="1">18.6352</element>
               <element dimension="2">-2.4277</element>
            </point>
            <point>
               <element dimension="1">18.1256</element>
               <element dimension="2">-4.1088</element>
            </point>
            <point>
               <element dimension="1">18.0444</element>
               <element dimension="2">-4.0875</element>
            </point>
            <point>
               <element dimension="1">13.2819</element>
               <element dimension="2">-2.7416</element>
            </point>
         </set>
      </occupancy>
      <occupancy>
         <time>
            <intervalStart>0.7</intervalStart>
            <intervalEnd>0.8</intervalEnd>
         </time>
         <set>
            <point>
               <element dimension="1">13.7152</element>
               <element dimension="2">-2.7706</element>
            </point>
            <point>
               <element dimension="1">14.2411</element>
               <element dimension="2">-1.0357</element>
            </point>
            <point>
               <element dimension="1">14.2451</element>
               <element dimension="2">-1.0239</element>
            </point>
            <point>
               <element dimension="1">18.2817</element>
               <element dimension="2">-2.2475</element>
            </point>
            <point>
               <element dimension="1">18.6054</element>
               <element dimension="2">-2.3521</element>
            </point>
            <point>
               <element dimension="1">20.4373</element>
               <element dimension="2">-2.9807</element>
            </point>
            <point>
               <element dimension="1">20.4016</element>
               <element dimension="2">-3.0986</element>
            </point>
            <point>
               <element dimension="1">20.396</element>
               <element dimension="2">-3.116</element>
            </point>
            <point>
               <element dimension="1">19.8272</element>
               <element dimension="2">-4.7738</element>
            </point>
            <point>
               <element dimension="1">19.7833</element>
               <element dimension="2">-4.7605</element>
            </point>
            <point>
               <element dimension="1">15.2015</element>
               <element dimension="2">-3.2805</element>
            </point>
         </set>
      </occupancy>
      <occupancy>
         <time>
            <intervalStart>0.8</intervalStart>
            <intervalEnd>0.9</intervalEnd>
         </time>
         <set>
            <point>
               <element dimension="1">15.5208</element>
               <element dimension="2">-3.2934</element>
            </point>
            <point>
               <element dimension="1">16.0999</element>
               <element dimension="2">-1.6059</element>
            </point>
            <point>
               <element dimension="1">16.1029</element>
               <element dimension="2">-1.598</element>
            </point>
            <point>
               <element dimension="1">20.0509</element>
               <element dimension="2">-2.9527</element>
            </point>
            <point>
               <element dimension="1">20.3561</element>
               <element dimension="2">-3.0634</element>
            </point>
            <point>
               <element dimension="1">22.1012</element>
               <element dimension="2">-3.7307</element>
            </point>
            <point>
               <element dimension="1">22.0645</element>
               <element dimension="2">-3.8374</element>
            </point>
            <point>
               <element dimension="1">22.0644</element>
               <element dimension="2">-3.8379</element>
            </point>
            <point>
               <element dimension="1">21.4392</element>
               <element dimension="2">-5.4729</element>
            </point>
            <point>
               <element dimension="1">21.4345</element>
               <element dimension="2">-5.4713</element>
            </point>
            <point>
               <element dimension="1">17.2098</element>
               <element dimension="2">-3.9393</element>
            </point>
         </set>
      </occupancy>
      <occupancy>
         <time>
            <intervalStart>0.9</intervalStart>
            <intervalEnd>1</intervalEnd>
         </time>
         <set>
            <point>
               <element dimension="1">17.2233</element>
               <element dimension="2">-3.8562</element>
            </point>
            <point>
               <element dimension="1">17.8527</element>
               <element dimension="2">-2.2104</element>
            </point>
            <point>
               <element dimension="1">17.8557</element>
               <element dimension="2">-2.2033</element>
            </point>
            <point>
               <element dimension="1">21.5872</element>
               <element dimension="2">-3.6302</element>
            </point>
            <point>
               <element dimension="1">22.001</element>
               <element dimension="2">-3.7963</element>
            </point>
            <point>
               <element dimension="1">23.6676</element>
               <element dimension="2">-4.4978</element>
            </point>
            <point>
               <element dimension="1">23.627</element>
               <element dimension="2">-4.6039</element>
            </point>
            <point>
               <element dimension="1">22.9615</element>
               <element dimension="2">-6.1851</element>
            </point>
            <point>
               <element dimension="1">22.9579</element>
               <element dimension="2">-6.1838</element>
            </point>
            <point>
               <element dimension="1">18.5148</element>
               <element dimension="2">-4.3998</element>
            </point>
         </set>
      </occupancy>
   </occupancySet>
   <reachableSet>
      <reachability>
         <time>0</time>
         <x>
            <intervalStart>-0.1</intervalStart>
            <intervalEnd>0.1</intervalEnd>
         </x>
         <y>
            <intervalStart>-0.1</intervalStart>
            <intervalEnd>0.1</intervalEnd>
         </y>
         <velocity>
            <intervalStart>24.6</intervalStart>
            <intervalEnd>25</intervalEnd>
         </velocity>
         <orientation>
            <intervalStart>-0.02</intervalStart>
            <intervalEnd>0.02</intervalEnd>
         </orientation>
      </reachability>
      <reachability>
         <time>1</time>
         <x>
            <intervalStart>20.2474</intervalStart>
            <intervalEnd>20.2515</intervalEnd>
         </x>
         <y>
            <intervalStart>-4.1108</intervalStart>
            <intervalEnd>-4.099</intervalEnd>
         </y>
         <velocity>
            <intervalStart>16.8</intervalStart>
            <intervalEnd>16.8</intervalEnd>
         </velocity>
         <orientation>
            <intervalStart>-0.4003</intervalStart>
            <intervalEnd>-0.39973</intervalEnd>
         </orientation>
      </reachability>
   </reachableSet>
</motionPrimitive>