<?xml version="1.0" encoding="utf-8"?>
<motionPrimitive ID="1035">
   <controller type="generator space control">controller1035.mat</controller>
   <successors>
      <id>2957</id>
      <id>2958</id>
      <id>2959</id>
      <id>2960</id>
      <id>2961</id>
      <id>2962</id>
      <id>2963</id>
      <id>2964</id>
      <id>2965</id>
      <id>2966</id>
      <id>2967</id>
      <id>2968</id>
      <id>2969</id>
      <id>2970</id>
      <id>2971</id>
      <id>2972</id>
      <id>2973</id>
      <id>2974</id>
      <id>2975</id>
      <id>2976</id>
      <id>2977</id>
      <id>2978</id>
      <id>2979</id>
      <id>2980</id>
      <id>2981</id>
      <id>2982</id>
      <id>2983</id>
      <id>2984</id>
      <id>2985</id>
      <id>2986</id>
      <id>2987</id>
      <id>2988</id>
      <id>2989</id>
      <id>2990</id>
      <id>2991</id>
      <id>2992</id>
      <id>2993</id>
      <id>2994</id>
      <id>2995</id>
      <id>2996</id>
      <id>2997</id>
      <id>2998</id>
      <id>2999</id>
      <id>3000</id>
      <id>3001</id>
      <id>3002</id>
      <id>3003</id>
      <id>3004</id>
      <id>3005</id>
      <id>3006</id>
      <id>3007</id>
      <id>3008</id>
      <id>3009</id>
      <id>3010</id>
      <id>3011</id>
      <id>3012</id>
      <id>3013</id>
      <id>3014</id>
      <id>3015</id>
      <id>3016</id>
      <id>3017</id>
      <id>3018</id>
      <id>3019</id>
      <id>3020</id>
      <id>3021</id>
      <id>3022</id>
      <id>3023</id>
      <id>3024</id>
      <id>3025</id>
      <id>3026</id>
      <id>3027</id>
      <id>3028</id>
      <id>3029</id>
      <id>3030</id>
      <id>3031</id>
      <id>3032</id>
      <id>3033</id>
      <id>3034</id>
      <id>3035</id>
      <id>3036</id>
      <id>3037</id>
      <id>3038</id>
      <id>3039</id>
      <id>3040</id>
      <id>3041</id>
      <id>3042</id>
      <id>3043</id>
      <id>3044</id>
      <id>3045</id>
      <id>3046</id>
      <id>3047</id>
      <id>3048</id>
      <id>3049</id>
      <id>3050</id>
      <id>3051</id>
      <id>3052</id>
      <id>3053</id>
      <id>3054</id>
      <id>3055</id>
      <id>3056</id>
      <id>3057</id>
      <id>3058</id>
      <id>3059</id>
      <id>3060</id>
      <id>3061</id>
      <id>3062</id>
      <id>3063</id>
      <id>3064</id>
      <id>3065</id>
      <id>3066</id>
      <id>3067</id>
      <id>3068</id>
      <id>3069</id>
      <id>3070</id>
      <id>3071</id>
      <id>3072</id>
      <id>3073</id>
      <id>3074</id>
      <id>3075</id>
      <id>3076</id>
      <id>3077</id>
      <id>3078</id>
      <id>3079</id>
      <id>3080</id>
      <id>3081</id>
      <id>3082</id>
      <id>3083</id>
      <id>3084</id>
      <id>3085</id>
      <id>3086</id>
      <id>3087</id>
      <id>3088</id>
      <id>3089</id>
      <id>3090</id>
      <id>3091</id>
      <id>3092</id>
      <id>3093</id>
      <id>3094</id>
      <id>3095</id>
      <id>3096</id>
      <id>3097</id>
      <id>3098</id>
      <id>3099</id>
      <id>3100</id>
      <id>3101</id>
      <id>3102</id>
      <id>3103</id>
      <id>3104</id>
      <id>3105</id>
      <id>3106</id>
      <id>3107</id>
      <id>3108</id>
      <id>3109</id>
      <id>3110</id>
      <id>3111</id>
      <id>3112</id>
      <id>3113</id>
      <id>3114</id>
      <id>3115</id>
      <id>3116</id>
      <id>3117</id>
      <id>3118</id>
      <id>3119</id>
      <id>3120</id>
      <id>3121</id>
      <id>3122</id>
      <id>3123</id>
      <id>3124</id>
      <id>3125</id>
      <id>3126</id>
      <id>3127</id>
      <id>3128</id>
      <id>3129</id>
      <id>3130</id>
      <id>3131</id>
      <id>3132</id>
      <id>3133</id>
      <id>3134</id>
      <id>3135</id>
      <id>3136</id>
      <id>3137</id>
      <id>3138</id>
      <id>3139</id>
      <id>3140</id>
      <id>3141</id>
      <id>3142</id>
      <id>3143</id>
      <id>3144</id>
      <id>3145</id>
      <id>3146</id>
      <id>3147</id>
      <id>3148</id>
      <id>3149</id>
      <id>3150</id>
      <id>3151</id>
   </successors>
   <trajectory>
      <states>
         <state>
            <time>0</time>
            <x>0</x>
            <y>0</y>
            <velocity>6</velocity>
            <orientation>0</orientation>
         </state>
         <state>
            <time>0.1</time>
            <x>0.61999</x>
            <y>0.0024025</y>
            <velocity>6.4</velocity>
            <orientation>0.00775</orientation>
         </state>
         <state>
            <time>0.2</time>
            <x>1.2799</x>
            <y>0.01024</y>
            <velocity>6.8</velocity>
            <orientation>0.016</orientation>
         </state>
         <state>
            <time>0.3</time>
            <x>1.9798</x>
            <y>0.024501</y>
            <velocity>7.2</velocity>
            <orientation>0.02475</orientation>
         </state>
         <state>
            <time>0.4</time>
            <x>2.7195</x>
            <y>0.046236</y>
            <velocity>7.6</velocity>
            <orientation>0.034</orientation>
         </state>
         <state>
            <time>0.5</time>
            <x>3.4989</x>
            <y>0.07655</y>
            <velocity>8</velocity>
            <orientation>0.04375</orientation>
         </state>
         <state>
            <time>0.6</time>
            <x>4.3179</x>
            <y>0.11661</y>
            <velocity>8.4</velocity>
            <orientation>0.054</orientation>
         </state>
         <state>
            <time>0.7</time>
            <x>5.1764</x>
            <y>0.16764</y>
            <velocity>8.8</velocity>
            <orientation>0.06475</orientation>
         </state>
         <state>
            <time>0.8</time>
            <x>6.0741</x>
            <y>0.23093</y>
            <velocity>9.2</velocity>
            <orientation>0.076</orientation>
         </state>
         <state>
            <time>0.9</time>
            <x>7.011</x>
            <y>0.3078</y>
            <velocity>9.6</velocity>
            <orientation>0.08775</orientation>
         </state>
         <state>
            <time>1</time>
            <x>7.9867</x>
            <y>0.39967</y>
            <velocity>10</velocity>
            <orientation>0.1</orientation>
         </state>
      </states>
      <inputs>
         <input>
            <acceleration>4</acceleration>
            <steer>0.028742</steer>
         </input>
         <input>
            <acceleration>4</acceleration>
            <steer>0.028742</steer>
         </input>
         <input>
            <acceleration>4</acceleration>
            <steer>0.028742</steer>
         </input>
         <input>
            <acceleration>4</acceleration>
            <steer>0.028742</steer>
         </input>
         <input>
            <acceleration>4</acceleration>
            <steer>0.028742</steer>
         </input>
         <input>
            <acceleration>4</acceleration>
            <steer>0.028742</steer>
         </input>
         <input>
            <acceleration>4</acceleration>
            <steer>0.028742</steer>
         </input>
         <input>
            <acceleration>4</acceleration>
            <steer>0.028742</steer>
         </input>
         <input>
            <acceleration>4</acceleration>
            <steer>0.028742</steer>
         </input>
         <input>
            <acceleration>4</acceleration>
            <steer>0.028742</steer>
         </input>
      </inputs>
   </trajectory>
   <occupancySet>
      <occupancy>
         <time>
            <intervalStart>0</intervalStart>
            <intervalEnd>0.1</intervalEnd>
         </time>
         <set>
            <point>
               <element dimension="1">-1.1205</element>
               <element dimension="2">1.017</element>
            </point>
            <point>
               <element dimension="1">-1.0564</element>
               <element dimension="2">1.0175</element>
            </point>
            <point>
               <element dimension="1">4.0203</element>
               <element dimension="2">1.0194</element>
            </point>
            <point>
               <element dimension="1">4.0332</element>
               <element dimension="2">-0.72677</element>
            </point>
            <point>
               <element dimension="1">4.0337</element>
               <element dimension="2">-0.86691</element>
            </point>
            <point>
               <element dimension="1">4.0338</element>
               <element dimension="2">-1.012</element>
            </point>
            <point>
               <element dimension="1">3.4163</element>
               <element dimension="2">-1.0166</element>
            </point>
            <point>
               <element dimension="1">-1.1198</element>
               <element dimension="2">-1.0183</element>
            </point>
            <point>
               <element dimension="1">-1.1198</element>
               <element dimension="2">-1.0182</element>
            </point>
            <point>
               <element dimension="1">-1.1198</element>
               <element dimension="2">-1.0182</element>
            </point>
         </set>
      </occupancy>
      <occupancy>
         <time>
            <intervalStart>0.1</intervalStart>
            <intervalEnd>0.2</intervalEnd>
         </time>
         <set>
            <point>
               <element dimension="1">-0.55867</element>
               <element dimension="2">0.95916</element>
            </point>
            <point>
               <element dimension="1">4.5047</element>
               <element dimension="2">1.0383</element>
            </point>
            <point>
               <element dimension="1">4.6735</element>
               <element dimension="2">1.0395</element>
            </point>
            <point>
               <element dimension="1">4.7014</element>
               <element dimension="2">-0.74139</element>
            </point>
            <point>
               <element dimension="1">4.7014</element>
               <element dimension="2">-0.74411</element>
            </point>
            <point>
               <element dimension="1">4.7027</element>
               <element dimension="2">-0.92646</element>
            </point>
            <point>
               <element dimension="1">3.3402</element>
               <element dimension="2">-0.94774</element>
            </point>
            <point>
               <element dimension="1">0.28684</element>
               <element dimension="2">-0.98286</element>
            </point>
            <point>
               <element dimension="1">-0.54415</element>
               <element dimension="2">-0.98898</element>
            </point>
            <point>
               <element dimension="1">-0.54445</element>
               <element dimension="2">-0.96973</element>
            </point>
         </set>
      </occupancy>
      <occupancy>
         <time>
            <intervalStart>0.2</intervalStart>
            <intervalEnd>0.3</intervalEnd>
         </time>
         <set>
            <point>
               <element dimension="1">0.087547</element>
               <element dimension="2">0.9685</element>
            </point>
            <point>
               <element dimension="1">0.17475</element>
               <element dimension="2">0.97062</element>
            </point>
            <point>
               <element dimension="1">4.9994</element>
               <element dimension="2">1.0671</element>
            </point>
            <point>
               <element dimension="1">5.3527</element>
               <element dimension="2">1.0726</element>
            </point>
            <point>
               <element dimension="1">5.3962</element>
               <element dimension="2">-0.71084</element>
            </point>
            <point>
               <element dimension="1">5.3991</element>
               <element dimension="2">-0.89618</element>
            </point>
            <point>
               <element dimension="1">4.6168</element>
               <element dimension="2">-0.91523</element>
            </point>
            <point>
               <element dimension="1">0.1181</element>
               <element dimension="2">-0.98549</element>
            </point>
            <point>
               <element dimension="1">0.11801</element>
               <element dimension="2">-0.98189</element>
            </point>
         </set>
      </occupancy>
      <occupancy>
         <time>
            <intervalStart>0.3</intervalStart>
            <intervalEnd>0.4</intervalEnd>
         </time>
         <set>
            <point>
               <element dimension="1">0.78705</element>
               <element dimension="2">0.96189</element>
            </point>
            <point>
               <element dimension="1">0.96781</element>
               <element dimension="2">0.96795</element>
            </point>
            <point>
               <element dimension="1">5.946</element>
               <element dimension="2">1.1121</element>
            </point>
            <point>
               <element dimension="1">6.0719</element>
               <element dimension="2">1.1152</element>
            </point>
            <point>
               <element dimension="1">6.1318</element>
               <element dimension="2">-0.66965</element>
            </point>
            <point>
               <element dimension="1">6.1358</element>
               <element dimension="2">-0.83382</element>
            </point>
            <point>
               <element dimension="1">5.3103</element>
               <element dimension="2">-0.86153</element>
            </point>
            <point>
               <element dimension="1">0.83415</element>
               <element dimension="2">-0.97051</element>
            </point>
            <point>
               <element dimension="1">0.83396</element>
               <element dimension="2">-0.96484</element>
            </point>
         </set>
      </occupancy>
      <occupancy>
         <time>
            <intervalStart>0.4</intervalStart>
            <intervalEnd>0.5</intervalEnd>
         </time>
         <set>
            <point>
               <element dimension="1">1.5254</element>
               <element dimension="2">0.96286</element>
            </point>
            <point>
               <element dimension="1">1.6159</element>
               <element dimension="2">0.96678</element>
            </point>
            <point>
               <element dimension="1">6.5061</element>
               <element dimension="2">1.1547</element>
            </point>
            <point>
               <element dimension="1">6.8292</element>
               <element dimension="2">1.1656</element>
            </point>
            <point>
               <element dimension="1">6.9064</element>
               <element dimension="2">-0.61734</element>
            </point>
            <point>
               <element dimension="1">6.9113</element>
               <element dimension="2">-0.76203</element>
            </point>
            <point>
               <element dimension="1">6.0456</element>
               <element dimension="2">-0.79952</element>
            </point>
            <point>
               <element dimension="1">1.5896</element>
               <element dimension="2">-0.94909</element>
            </point>
            <point>
               <element dimension="1">1.5895</element>
               <element dimension="2">-0.94612</element>
            </point>
         </set>
      </occupancy>
      <occupancy>
         <time>
            <intervalStart>0.5</intervalStart>
            <intervalEnd>0.6</intervalEnd>
         </time>
         <set>
            <point>
               <element dimension="1">2.3045</element>
               <element dimension="2">0.96968</element>
            </point>
            <point>
               <element dimension="1">2.397</element>
               <element dimension="2">0.97464</element>
            </point>
            <point>
               <element dimension="1">7.3822</element>
               <element dimension="2">1.2161</element>
            </point>
            <point>
               <element dimension="1">7.6254</element>
               <element dimension="2">1.2266</element>
            </point>
            <point>
               <element dimension="1">7.7208</element>
               <element dimension="2">-0.5545</element>
            </point>
            <point>
               <element dimension="1">7.7261</element>
               <element dimension="2">-0.67666</element>
            </point>
            <point>
               <element dimension="1">6.8183</element>
               <element dimension="2">-0.72528</element>
            </point>
            <point>
               <element dimension="1">2.3862</element>
               <element dimension="2">-0.91721</element>
            </point>
            <point>
               <element dimension="1">2.3861</element>
               <element dimension="2">-0.91521</element>
            </point>
         </set>
      </occupancy>
      <occupancy>
         <time>
            <intervalStart>0.6</intervalStart>
            <intervalEnd>0.7</intervalEnd>
         </time>
         <set>
            <point>
               <element dimension="1">3.1232</element>
               <element dimension="2">0.9853</element>
            </point>
            <point>
               <element dimension="1">3.2176</element>
               <element dimension="2">0.99137</element>
            </point>
            <point>
               <element dimension="1">8.2642</element>
               <element dimension="2">1.2888</element>
            </point>
            <point>
               <element dimension="1">8.4604</element>
               <element dimension="2">1.2993</element>
            </point>
            <point>
               <element dimension="1">8.5748</element>
               <element dimension="2">-0.47975</element>
            </point>
            <point>
               <element dimension="1">8.5801</element>
               <element dimension="2">-0.57832</element>
            </point>
            <point>
               <element dimension="1">7.6306</element>
               <element dimension="2">-0.63939</element>
            </point>
            <point>
               <element dimension="1">3.2229</element>
               <element dimension="2">-0.87545</element>
            </point>
            <point>
               <element dimension="1">3.2228</element>
               <element dimension="2">-0.87403</element>
            </point>
         </set>
      </occupancy>
      <occupancy>
         <time>
            <intervalStart>0.7</intervalStart>
            <intervalEnd>0.8</intervalEnd>
         </time>
         <set>
            <point>
               <element dimension="1">3.9814</element>
               <element dimension="2">1.0108</element>
            </point>
            <point>
               <element dimension="1">4.0769</element>
               <element dimension="2">1.018</element>
            </point>
            <point>
               <element dimension="1">9.2658</element>
               <element dimension="2">1.381</element>
            </point>
            <point>
               <element dimension="1">9.334</element>
               <element dimension="2">1.3854</element>
            </point>
            <point>
               <element dimension="1">9.4683</element>
               <element dimension="2">-0.39182</element>
            </point>
            <point>
               <element dimension="1">9.4731</element>
               <element dimension="2">-0.46556</element>
            </point>
            <point>
               <element dimension="1">8.4827</element>
               <element dimension="2">-0.54042</element>
            </point>
            <point>
               <element dimension="1">8.4822</element>
               <element dimension="2">-0.54046</element>
            </point>
            <point>
               <element dimension="1">4.0993</element>
               <element dimension="2">-0.82236</element>
            </point>
            <point>
               <element dimension="1">4.0993</element>
               <element dimension="2">-0.82157</element>
            </point>
         </set>
      </occupancy>
      <occupancy>
         <time>
            <intervalStart>0.8</intervalStart>
            <intervalEnd>0.9</intervalEnd>
         </time>
         <set>
            <point>
               <element dimension="1">4.879</element>
               <element dimension="2">1.0474</element>
            </point>
            <point>
               <element dimension="1">8.3879</element>
               <element dimension="2">1.354</element>
            </point>
            <point>
               <element dimension="1">10.2391</element>
               <element dimension="2">1.5049</element>
            </point>
            <point>
               <element dimension="1">10.2441</element>
               <element dimension="2">1.5053</element>
            </point>
            <point>
               <element dimension="1">10.401</element>
               <element dimension="2">-0.28938</element>
            </point>
            <point>
               <element dimension="1">10.4046</element>
               <element dimension="2">-0.33706</element>
            </point>
            <point>
               <element dimension="1">9.3753</element>
               <element dimension="2">-0.42702</element>
            </point>
            <point>
               <element dimension="1">7.1478</element>
               <element dimension="2">-0.60856</element>
            </point>
            <point>
               <element dimension="1">5.0166</element>
               <element dimension="2">-0.76968</element>
            </point>
            <point>
               <element dimension="1">5.0154</element>
               <element dimension="2">-0.75651</element>
            </point>
         </set>
      </occupancy>
      <occupancy>
         <time>
            <intervalStart>0.9</intervalStart>
            <intervalEnd>1</intervalEnd>
         </time>
         <set>
            <point>
               <element dimension="1">5.8142</element>
               <element dimension="2">1.1168</element>
            </point>
            <point>
               <element dimension="1">5.9232</element>
               <element dimension="2">1.1277</element>
            </point>
            <point>
               <element dimension="1">7.0267</element>
               <element dimension="2">1.2309</element>
            </point>
            <point>
               <element dimension="1">11.1887</element>
               <element dimension="2">1.5947</element>
            </point>
            <point>
               <element dimension="1">11.3594</element>
               <element dimension="2">-0.11723</element>
            </point>
            <point>
               <element dimension="1">11.3595</element>
               <element dimension="2">-0.11847</element>
            </point>
            <point>
               <element dimension="1">11.3678</element>
               <element dimension="2">-0.21267</element>
            </point>
            <point>
               <element dimension="1">10.2937</element>
               <element dimension="2">-0.3198</element>
            </point>
            <point>
               <element dimension="1">10.0489</element>
               <element dimension="2">-0.34271</element>
            </point>
            <point>
               <element dimension="1">5.9731</element>
               <element dimension="2">-0.69893</element>
            </point>
            <point>
               <element dimension="1">5.971</element>
               <element dimension="2">-0.67749</element>
            </point>
         </set>
      </occupancy>
   </occupancySet>
   <reachableSet>
      <reachability>
         <time>0</time>
         <x>
            <intervalStart>-0.1</intervalStart>
            <intervalEnd>0.1</intervalEnd>
         </x>
         <y>
            <intervalStart>-0.1</intervalStart>
            <intervalEnd>0.1</intervalEnd>
         </y>
         <velocity>
            <intervalStart>5.8</intervalStart>
            <intervalEnd>6.2</intervalEnd>
         </velocity>
         <orientation>
            <intervalStart>-0.02</intervalStart>
            <intervalEnd>0.02</intervalEnd>
         </orientation>
      </reachability>
      <reachability>
         <time>1</time>
         <x>
            <intervalStart>7.9851</intervalStart>
            <intervalEnd>7.9874</intervalEnd>
         </x>
         <y>
            <intervalStart>0.3904</intervalStart>
            <intervalEnd>0.40938</intervalEnd>
         </y>
         <velocity>
            <intervalStart>10</intervalStart>
            <intervalEnd>10</intervalEnd>
         </velocity>
         <orientation>
            <intervalStart>0.098851</intervalStart>
            <intervalEnd>0.10122</intervalEnd>
         </orientation>
      </reachability>
   </reachableSet>
</motionPrimitive>