<?xml version="1.0" encoding="utf-8"?>
<motionPrimitive ID="10124">
   <controller type="generator space control">controller10124.mat</controller>
   <successors>
      <id>10236</id>
      <id>10237</id>
      <id>10238</id>
      <id>10239</id>
      <id>10240</id>
      <id>10241</id>
      <id>10242</id>
      <id>10243</id>
      <id>10244</id>
      <id>10245</id>
      <id>10246</id>
      <id>10247</id>
      <id>10248</id>
      <id>10249</id>
      <id>10250</id>
      <id>10251</id>
      <id>10252</id>
      <id>10253</id>
      <id>10254</id>
      <id>10255</id>
      <id>10256</id>
      <id>10257</id>
      <id>10258</id>
      <id>10259</id>
      <id>10260</id>
      <id>10261</id>
      <id>10262</id>
      <id>10263</id>
      <id>10264</id>
      <id>10265</id>
      <id>10266</id>
      <id>10267</id>
      <id>10268</id>
      <id>10269</id>
      <id>10270</id>
      <id>10271</id>
      <id>10272</id>
      <id>10273</id>
      <id>10274</id>
      <id>10275</id>
      <id>10276</id>
      <id>10277</id>
      <id>10278</id>
      <id>10279</id>
      <id>10280</id>
      <id>10281</id>
      <id>10282</id>
      <id>10283</id>
      <id>10284</id>
      <id>10285</id>
      <id>10286</id>
      <id>10287</id>
      <id>10288</id>
      <id>10289</id>
      <id>10290</id>
      <id>10291</id>
      <id>10292</id>
      <id>10293</id>
      <id>10294</id>
      <id>10295</id>
      <id>10296</id>
      <id>10297</id>
      <id>10298</id>
      <id>10299</id>
      <id>10300</id>
      <id>10301</id>
      <id>10302</id>
      <id>10303</id>
      <id>10304</id>
      <id>10305</id>
      <id>10306</id>
      <id>10307</id>
      <id>10308</id>
      <id>10309</id>
      <id>10310</id>
      <id>10311</id>
      <id>10312</id>
      <id>10313</id>
      <id>10314</id>
      <id>10315</id>
      <id>10316</id>
      <id>10317</id>
      <id>10318</id>
      <id>10319</id>
      <id>10320</id>
      <id>10321</id>
      <id>10322</id>
      <id>10323</id>
      <id>10324</id>
      <id>10325</id>
      <id>10326</id>
      <id>10327</id>
      <id>10328</id>
      <id>10329</id>
      <id>10330</id>
      <id>10331</id>
      <id>10332</id>
      <id>10333</id>
      <id>10334</id>
      <id>10335</id>
      <id>10336</id>
      <id>10337</id>
      <id>10338</id>
      <id>10339</id>
      <id>10340</id>
      <id>10341</id>
      <id>10342</id>
      <id>10343</id>
      <id>10344</id>
      <id>10345</id>
      <id>10346</id>
      <id>10347</id>
      <id>10348</id>
      <id>10349</id>
      <id>10350</id>
      <id>10351</id>
      <id>10352</id>
      <id>10353</id>
      <id>10354</id>
      <id>10355</id>
      <id>10356</id>
      <id>10357</id>
      <id>10358</id>
      <id>10359</id>
      <id>10360</id>
      <id>10361</id>
      <id>10362</id>
      <id>10363</id>
      <id>10364</id>
      <id>10365</id>
      <id>10366</id>
      <id>10367</id>
      <id>10368</id>
      <id>10369</id>
      <id>10370</id>
      <id>10371</id>
      <id>10372</id>
      <id>10373</id>
      <id>10374</id>
      <id>10375</id>
      <id>10376</id>
      <id>10377</id>
      <id>10378</id>
      <id>10379</id>
      <id>10380</id>
      <id>10381</id>
      <id>10382</id>
      <id>10383</id>
      <id>10384</id>
      <id>10385</id>
      <id>10386</id>
      <id>10387</id>
      <id>10388</id>
      <id>10389</id>
      <id>10390</id>
      <id>10391</id>
      <id>10392</id>
      <id>10393</id>
      <id>10394</id>
      <id>10395</id>
      <id>10396</id>
      <id>10397</id>
      <id>10398</id>
      <id>10399</id>
      <id>10400</id>
      <id>10401</id>
      <id>10402</id>
      <id>10403</id>
      <id>10404</id>
      <id>10405</id>
      <id>10406</id>
      <id>10407</id>
      <id>10408</id>
      <id>10409</id>
      <id>10410</id>
      <id>10411</id>
      <id>10412</id>
      <id>10413</id>
      <id>10414</id>
      <id>10415</id>
   </successors>
   <trajectory>
      <states>
         <state>
            <time>0</time>
            <x>0</x>
            <y>0</y>
            <velocity>24.4</velocity>
            <orientation>0</orientation>
         </state>
         <state>
            <time>0.1</time>
            <x>2.442</x>
            <y>0.012121</y>
            <velocity>24.44</velocity>
            <orientation>0.0099268</orientation>
         </state>
         <state>
            <time>0.2</time>
            <x>4.8877</x>
            <y>0.04856</y>
            <velocity>24.48</velocity>
            <orientation>0.01987</orientation>
         </state>
         <state>
            <time>0.3</time>
            <x>7.3369</x>
            <y>0.10944</y>
            <velocity>24.52</velocity>
            <orientation>0.029829</orientation>
         </state>
         <state>
            <time>0.4</time>
            <x>9.7894</x>
            <y>0.19486</y>
            <velocity>24.56</velocity>
            <orientation>0.039805</orientation>
         </state>
         <state>
            <time>0.5</time>
            <x>12.2449</x>
            <y>0.30494</y>
            <velocity>24.6</velocity>
            <orientation>0.049797</orientation>
         </state>
         <state>
            <time>0.6</time>
            <x>14.7032</x>
            <y>0.43979</y>
            <velocity>24.64</velocity>
            <orientation>0.059805</orientation>
         </state>
         <state>
            <time>0.7</time>
            <x>17.164</x>
            <y>0.59952</y>
            <velocity>24.68</velocity>
            <orientation>0.069829</orientation>
         </state>
         <state>
            <time>0.8</time>
            <x>19.6271</x>
            <y>0.78423</y>
            <velocity>24.72</velocity>
            <orientation>0.07987</orientation>
         </state>
         <state>
            <time>0.9</time>
            <x>22.0922</x>
            <y>0.99401</y>
            <velocity>24.76</velocity>
            <orientation>0.089927</orientation>
         </state>
         <state>
            <time>1</time>
            <x>24.559</x>
            <y>1.229</y>
            <velocity>24.8</velocity>
            <orientation>0.1</orientation>
         </state>
      </states>
      <inputs>
         <input>
            <acceleration>0.4</acceleration>
            <steer>0.0093493</steer>
         </input>
         <input>
            <acceleration>0.4</acceleration>
            <steer>0.0093493</steer>
         </input>
         <input>
            <acceleration>0.4</acceleration>
            <steer>0.0093493</steer>
         </input>
         <input>
            <acceleration>0.4</acceleration>
            <steer>0.0093493</steer>
         </input>
         <input>
            <acceleration>0.4</acceleration>
            <steer>0.0093493</steer>
         </input>
         <input>
            <acceleration>0.4</acceleration>
            <steer>0.0093493</steer>
         </input>
         <input>
            <acceleration>0.4</acceleration>
            <steer>0.0093493</steer>
         </input>
         <input>
            <acceleration>0.4</acceleration>
            <steer>0.0093493</steer>
         </input>
         <input>
            <acceleration>0.4</acceleration>
            <steer>0.0093493</steer>
         </input>
         <input>
            <acceleration>0.4</acceleration>
            <steer>0.0093493</steer>
         </input>
      </inputs>
   </trajectory>
   <occupancySet>
      <occupancy>
         <time>
            <intervalStart>0</intervalStart>
            <intervalEnd>0.1</intervalEnd>
         </time>
         <set>
            <point>
               <element dimension="1">-1.1207</element>
               <element dimension="2">1.0186</element>
            </point>
            <point>
               <element dimension="1">-1.1087</element>
               <element dimension="2">1.0187</element>
            </point>
            <point>
               <element dimension="1">-0.54407</element>
               <element dimension="2">1.0215</element>
            </point>
            <point>
               <element dimension="1">5.8399</element>
               <element dimension="2">1.0246</element>
            </point>
            <point>
               <element dimension="1">5.8561</element>
               <element dimension="2">-0.6915</element>
            </point>
            <point>
               <element dimension="1">5.8568</element>
               <element dimension="2">-0.83552</element>
            </point>
            <point>
               <element dimension="1">5.8569</element>
               <element dimension="2">-0.99665</element>
            </point>
            <point>
               <element dimension="1">3.6525</element>
               <element dimension="2">-1.0174</element>
            </point>
            <point>
               <element dimension="1">3.4165</element>
               <element dimension="2">-1.0186</element>
            </point>
            <point>
               <element dimension="1">-1.1197</element>
               <element dimension="2">-1.0209</element>
            </point>
            <point>
               <element dimension="1">-1.1197</element>
               <element dimension="2">-1.0208</element>
            </point>
            <point>
               <element dimension="1">-1.1197</element>
               <element dimension="2">-1.0205</element>
            </point>
         </set>
      </occupancy>
      <occupancy>
         <time>
            <intervalStart>0.1</intervalStart>
            <intervalEnd>0.2</intervalEnd>
         </time>
         <set>
            <point>
               <element dimension="1">1.0809</element>
               <element dimension="2">0.97812</element>
            </point>
            <point>
               <element dimension="1">2.93</element>
               <element dimension="2">1.014</element>
            </point>
            <point>
               <element dimension="1">8.1</element>
               <element dimension="2">1.0884</element>
            </point>
            <point>
               <element dimension="1">8.2683</element>
               <element dimension="2">1.09</element>
            </point>
            <point>
               <element dimension="1">8.3019</element>
               <element dimension="2">-0.64227</element>
            </point>
            <point>
               <element dimension="1">8.3019</element>
               <element dimension="2">-0.64464</element>
            </point>
            <point>
               <element dimension="1">8.3042</element>
               <element dimension="2">-0.88713</element>
            </point>
            <point>
               <element dimension="1">5.8559</element>
               <element dimension="2">-0.93457</element>
            </point>
            <point>
               <element dimension="1">5.2904</element>
               <element dimension="2">-0.94271</element>
            </point>
            <point>
               <element dimension="1">1.0994</element>
               <element dimension="2">-0.98225</element>
            </point>
            <point>
               <element dimension="1">1.0993</element>
               <element dimension="2">-0.97872</element>
            </point>
         </set>
      </occupancy>
      <occupancy>
         <time>
            <intervalStart>0.2</intervalStart>
            <intervalEnd>0.3</intervalEnd>
         </time>
         <set>
            <point>
               <element dimension="1">3.5239</element>
               <element dimension="2">0.9985</element>
            </point>
            <point>
               <element dimension="1">3.5275</element>
               <element dimension="2">0.99861</element>
            </point>
            <point>
               <element dimension="1">10.1296</element>
               <element dimension="2">1.1594</element>
            </point>
            <point>
               <element dimension="1">10.6956</element>
               <element dimension="2">1.1704</element>
            </point>
            <point>
               <element dimension="1">10.7465</element>
               <element dimension="2">-0.56397</element>
            </point>
            <point>
               <element dimension="1">10.7509</element>
               <element dimension="2">-0.78984</element>
            </point>
            <point>
               <element dimension="1">8.3025</element>
               <element dimension="2">-0.86168</element>
            </point>
            <point>
               <element dimension="1">8.0584</element>
               <element dimension="2">-0.86763</element>
            </point>
            <point>
               <element dimension="1">3.5617</element>
               <element dimension="2">-0.95476</element>
            </point>
            <point>
               <element dimension="1">3.5616</element>
               <element dimension="2">-0.95073</element>
            </point>
         </set>
      </occupancy>
      <occupancy>
         <time>
            <intervalStart>0.3</intervalStart>
            <intervalEnd>0.4</intervalEnd>
         </time>
         <set>
            <point>
               <element dimension="1">5.9755</element>
               <element dimension="2">1.0321</element>
            </point>
            <point>
               <element dimension="1">5.9798</element>
               <element dimension="2">1.0323</element>
            </point>
            <point>
               <element dimension="1">12.5797</element>
               <element dimension="2">1.2589</element>
            </point>
            <point>
               <element dimension="1">13.1263</element>
               <element dimension="2">1.2749</element>
            </point>
            <point>
               <element dimension="1">13.1945</element>
               <element dimension="2">-0.46013</element>
            </point>
            <point>
               <element dimension="1">13.2003</element>
               <element dimension="2">-0.65669</element>
            </point>
            <point>
               <element dimension="1">10.7477</element>
               <element dimension="2">-0.75314</element>
            </point>
            <point>
               <element dimension="1">10.5065</element>
               <element dimension="2">-0.76143</element>
            </point>
            <point>
               <element dimension="1">6.032</element>
               <element dimension="2">-0.89272</element>
            </point>
            <point>
               <element dimension="1">6.0318</element>
               <element dimension="2">-0.88658</element>
            </point>
         </set>
      </occupancy>
      <occupancy>
         <time>
            <intervalStart>0.4</intervalStart>
            <intervalEnd>0.5</intervalEnd>
         </time>
         <set>
            <point>
               <element dimension="1">8.4306</element>
               <element dimension="2">1.0903</element>
            </point>
            <point>
               <element dimension="1">8.4343</element>
               <element dimension="2">1.0905</element>
            </point>
            <point>
               <element dimension="1">14.8122</element>
               <element dimension="2">1.3732</element>
            </point>
            <point>
               <element dimension="1">15.5595</element>
               <element dimension="2">1.4026</element>
            </point>
            <point>
               <element dimension="1">15.645</element>
               <element dimension="2">-0.33056</element>
            </point>
            <point>
               <element dimension="1">15.6516</element>
               <element dimension="2">-0.49889</element>
            </point>
            <point>
               <element dimension="1">13.1971</element>
               <element dimension="2">-0.61999</element>
            </point>
            <point>
               <element dimension="1">12.9588</element>
               <element dimension="2">-0.63056</element>
            </point>
            <point>
               <element dimension="1">8.5052</element>
               <element dimension="2">-0.80571</element>
            </point>
            <point>
               <element dimension="1">8.5049</element>
               <element dimension="2">-0.80011</element>
            </point>
         </set>
      </occupancy>
      <occupancy>
         <time>
            <intervalStart>0.5</intervalStart>
            <intervalEnd>0.6</intervalEnd>
         </time>
         <set>
            <point>
               <element dimension="1">10.8897</element>
               <element dimension="2">1.172</element>
            </point>
            <point>
               <element dimension="1">10.8935</element>
               <element dimension="2">1.1722</element>
            </point>
            <point>
               <element dimension="1">17.3</element>
               <element dimension="2">1.5205</element>
            </point>
            <point>
               <element dimension="1">17.9953</element>
               <element dimension="2">1.5548</element>
            </point>
            <point>
               <element dimension="1">18.0981</element>
               <element dimension="2">-0.17643</element>
            </point>
            <point>
               <element dimension="1">18.1049</element>
               <element dimension="2">-0.3152</element>
            </point>
            <point>
               <element dimension="1">15.6476</element>
               <element dimension="2">-0.46111</element>
            </point>
            <point>
               <element dimension="1">15.4122</element>
               <element dimension="2">-0.4739</element>
            </point>
            <point>
               <element dimension="1">10.9817</element>
               <element dimension="2">-0.69249</element>
            </point>
            <point>
               <element dimension="1">10.9815</element>
               <element dimension="2">-0.68808</element>
            </point>
         </set>
      </occupancy>
      <occupancy>
         <time>
            <intervalStart>0.6</intervalStart>
            <intervalEnd>0.7</intervalEnd>
         </time>
         <set>
            <point>
               <element dimension="1">13.3521</element>
               <element dimension="2">1.2787</element>
            </point>
            <point>
               <element dimension="1">13.3558</element>
               <element dimension="2">1.2789</element>
            </point>
            <point>
               <element dimension="1">19.7783</element>
               <element dimension="2">1.6926</element>
            </point>
            <point>
               <element dimension="1">20.4334</element>
               <element dimension="2">1.7315</element>
            </point>
            <point>
               <element dimension="1">20.5535</element>
               <element dimension="2">0.0024312</element>
            </point>
            <point>
               <element dimension="1">20.56</element>
               <element dimension="2">-0.1068</element>
            </point>
            <point>
               <element dimension="1">18.1003</element>
               <element dimension="2">-0.2776</element>
            </point>
            <point>
               <element dimension="1">17.8679</element>
               <element dimension="2">-0.29257</element>
            </point>
            <point>
               <element dimension="1">13.461</element>
               <element dimension="2">-0.55423</element>
            </point>
            <point>
               <element dimension="1">13.4607</element>
               <element dimension="2">-0.55087</element>
            </point>
         </set>
      </occupancy>
      <occupancy>
         <time>
            <intervalStart>0.7</intervalStart>
            <intervalEnd>0.8</intervalEnd>
         </time>
         <set>
            <point>
               <element dimension="1">15.8176</element>
               <element dimension="2">1.4104</element>
            </point>
            <point>
               <element dimension="1">15.8209</element>
               <element dimension="2">1.4106</element>
            </point>
            <point>
               <element dimension="1">22.2587</element>
               <element dimension="2">1.8901</element>
            </point>
            <point>
               <element dimension="1">22.8737</element>
               <element dimension="2">1.9328</element>
            </point>
            <point>
               <element dimension="1">23.011</element>
               <element dimension="2">0.20611</element>
            </point>
            <point>
               <element dimension="1">23.0165</element>
               <element dimension="2">0.12646</element>
            </point>
            <point>
               <element dimension="1">20.5551</element>
               <element dimension="2">-0.069312</element>
            </point>
            <point>
               <element dimension="1">20.3256</element>
               <element dimension="2">-0.086405</element>
            </point>
            <point>
               <element dimension="1">15.9427</element>
               <element dimension="2">-0.39076</element>
            </point>
            <point>
               <element dimension="1">15.9425</element>
               <element dimension="2">-0.38844</element>
            </point>
         </set>
      </occupancy>
      <occupancy>
         <time>
            <intervalStart>0.8</intervalStart>
            <intervalEnd>0.9</intervalEnd>
         </time>
         <set>
            <point>
               <element dimension="1">18.2859</element>
               <element dimension="2">1.5671</element>
            </point>
            <point>
               <element dimension="1">18.2885</element>
               <element dimension="2">1.5674</element>
            </point>
            <point>
               <element dimension="1">24.7595</element>
               <element dimension="2">2.1148</element>
            </point>
            <point>
               <element dimension="1">25.3157</element>
               <element dimension="2">2.1591</element>
            </point>
            <point>
               <element dimension="1">25.4704</element>
               <element dimension="2">0.43472</element>
            </point>
            <point>
               <element dimension="1">25.4743</element>
               <element dimension="2">0.38467</element>
            </point>
            <point>
               <element dimension="1">23.0117</element>
               <element dimension="2">0.16386</element>
            </point>
            <point>
               <element dimension="1">22.7827</element>
               <element dimension="2">0.14448</element>
            </point>
            <point>
               <element dimension="1">18.4266</element>
               <element dimension="2">-0.20198</element>
            </point>
            <point>
               <element dimension="1">18.4265</element>
               <element dimension="2">-0.2007</element>
            </point>
         </set>
      </occupancy>
      <occupancy>
         <time>
            <intervalStart>0.9</intervalStart>
            <intervalEnd>1</intervalEnd>
         </time>
         <set>
            <point>
               <element dimension="1">20.7567</element>
               <element dimension="2">1.7492</element>
            </point>
            <point>
               <element dimension="1">20.7584</element>
               <element dimension="2">1.7493</element>
            </point>
            <point>
               <element dimension="1">27.6137</element>
               <element dimension="2">2.3988</element>
            </point>
            <point>
               <element dimension="1">27.7596</element>
               <element dimension="2">2.4119</element>
            </point>
            <point>
               <element dimension="1">27.9292</element>
               <element dimension="2">0.71267</element>
            </point>
            <point>
               <element dimension="1">27.9332</element>
               <element dimension="2">0.66792</element>
            </point>
            <point>
               <element dimension="1">25.4698</element>
               <element dimension="2">0.422</element>
            </point>
            <point>
               <element dimension="1">25.241</element>
               <element dimension="2">0.40033</element>
            </point>
            <point>
               <element dimension="1">20.9125</element>
               <element dimension="2">0.01221</element>
            </point>
            <point>
               <element dimension="1">20.9124</element>
               <element dimension="2">0.012471</element>
            </point>
         </set>
      </occupancy>
   </occupancySet>
   <reachableSet>
      <reachability>
         <time>0</time>
         <x>
            <intervalStart>-0.1</intervalStart>
            <intervalEnd>0.1</intervalEnd>
         </x>
         <y>
            <intervalStart>-0.1</intervalStart>
            <intervalEnd>0.1</intervalEnd>
         </y>
         <velocity>
            <intervalStart>24.2</intervalStart>
            <intervalEnd>24.6</intervalEnd>
         </velocity>
         <orientation>
            <intervalStart>-0.02</intervalStart>
            <intervalEnd>0.02</intervalEnd>
         </orientation>
      </reachability>
      <reachability>
         <time>1</time>
         <x>
            <intervalStart>24.5581</intervalStart>
            <intervalEnd>24.5595</intervalEnd>
         </x>
         <y>
            <intervalStart>1.2243</intervalStart>
            <intervalEnd>1.2337</intervalEnd>
         </y>
         <velocity>
            <intervalStart>24.8</intervalStart>
            <intervalEnd>24.8</intervalEnd>
         </velocity>
         <orientation>
            <intervalStart>0.099804</intervalStart>
            <intervalEnd>0.1002</intervalEnd>
         </orientation>
      </reachability>
   </reachableSet>
</motionPrimitive>