<?xml version="1.0" encoding="utf-8"?>
<motionPrimitive ID="10320">
   <controller type="generator space control">controller10320.mat</controller>
   <successors>
      <id>10056</id>
      <id>10057</id>
      <id>10058</id>
      <id>10059</id>
      <id>10060</id>
      <id>10061</id>
      <id>10062</id>
      <id>10063</id>
      <id>10064</id>
      <id>10065</id>
      <id>10066</id>
      <id>10067</id>
      <id>10068</id>
      <id>10069</id>
      <id>10070</id>
      <id>10071</id>
      <id>10072</id>
      <id>10073</id>
      <id>10074</id>
      <id>10075</id>
      <id>10076</id>
      <id>10077</id>
      <id>10078</id>
      <id>10079</id>
      <id>10080</id>
      <id>10081</id>
      <id>10082</id>
      <id>10083</id>
      <id>10084</id>
      <id>10085</id>
      <id>10086</id>
      <id>10087</id>
      <id>10088</id>
      <id>10089</id>
      <id>10090</id>
      <id>10091</id>
      <id>10092</id>
      <id>10093</id>
      <id>10094</id>
      <id>10095</id>
      <id>10096</id>
      <id>10097</id>
      <id>10098</id>
      <id>10099</id>
      <id>10100</id>
      <id>10101</id>
      <id>10102</id>
      <id>10103</id>
      <id>10104</id>
      <id>10105</id>
      <id>10106</id>
      <id>10107</id>
      <id>10108</id>
      <id>10109</id>
      <id>10110</id>
      <id>10111</id>
      <id>10112</id>
      <id>10113</id>
      <id>10114</id>
      <id>10115</id>
      <id>10116</id>
      <id>10117</id>
      <id>10118</id>
      <id>10119</id>
      <id>10120</id>
      <id>10121</id>
      <id>10122</id>
      <id>10123</id>
      <id>10124</id>
      <id>10125</id>
      <id>10126</id>
      <id>10127</id>
      <id>10128</id>
      <id>10129</id>
      <id>10130</id>
      <id>10131</id>
      <id>10132</id>
      <id>10133</id>
      <id>10134</id>
      <id>10135</id>
      <id>10136</id>
      <id>10137</id>
      <id>10138</id>
      <id>10139</id>
      <id>10140</id>
      <id>10141</id>
      <id>10142</id>
      <id>10143</id>
      <id>10144</id>
      <id>10145</id>
      <id>10146</id>
      <id>10147</id>
      <id>10148</id>
      <id>10149</id>
      <id>10150</id>
      <id>10151</id>
      <id>10152</id>
      <id>10153</id>
      <id>10154</id>
      <id>10155</id>
      <id>10156</id>
      <id>10157</id>
      <id>10158</id>
      <id>10159</id>
      <id>10160</id>
      <id>10161</id>
      <id>10162</id>
      <id>10163</id>
      <id>10164</id>
      <id>10165</id>
      <id>10166</id>
      <id>10167</id>
      <id>10168</id>
      <id>10169</id>
      <id>10170</id>
      <id>10171</id>
      <id>10172</id>
      <id>10173</id>
      <id>10174</id>
      <id>10175</id>
      <id>10176</id>
      <id>10177</id>
      <id>10178</id>
      <id>10179</id>
      <id>10180</id>
      <id>10181</id>
      <id>10182</id>
      <id>10183</id>
      <id>10184</id>
      <id>10185</id>
      <id>10186</id>
      <id>10187</id>
      <id>10188</id>
      <id>10189</id>
      <id>10190</id>
      <id>10191</id>
      <id>10192</id>
      <id>10193</id>
      <id>10194</id>
      <id>10195</id>
      <id>10196</id>
      <id>10197</id>
      <id>10198</id>
      <id>10199</id>
      <id>10200</id>
      <id>10201</id>
      <id>10202</id>
      <id>10203</id>
      <id>10204</id>
      <id>10205</id>
      <id>10206</id>
      <id>10207</id>
      <id>10208</id>
      <id>10209</id>
      <id>10210</id>
      <id>10211</id>
      <id>10212</id>
      <id>10213</id>
      <id>10214</id>
      <id>10215</id>
      <id>10216</id>
      <id>10217</id>
      <id>10218</id>
      <id>10219</id>
      <id>10220</id>
      <id>10221</id>
      <id>10222</id>
      <id>10223</id>
      <id>10224</id>
      <id>10225</id>
      <id>10226</id>
      <id>10227</id>
      <id>10228</id>
      <id>10229</id>
      <id>10230</id>
      <id>10231</id>
      <id>10232</id>
      <id>10233</id>
      <id>10234</id>
      <id>10235</id>
   </successors>
   <trajectory>
      <states>
         <state>
            <time>0</time>
            <x>0</x>
            <y>0</y>
            <velocity>24.8</velocity>
            <orientation>0</orientation>
         </state>
         <state>
            <time>0.1</time>
            <x>2.4778</x>
            <y>0.02496</y>
            <velocity>24.76</velocity>
            <orientation>0.020146</orientation>
         </state>
         <state>
            <time>0.2</time>
            <x>4.9507</x>
            <y>0.099671</y>
            <velocity>24.72</velocity>
            <orientation>0.04026</orientation>
         </state>
         <state>
            <time>0.3</time>
            <x>7.4175</x>
            <y>0.22386</y>
            <velocity>24.68</velocity>
            <orientation>0.060341</orientation>
         </state>
         <state>
            <time>0.4</time>
            <x>9.8774</x>
            <y>0.39724</y>
            <velocity>24.64</velocity>
            <orientation>0.08039</orientation>
         </state>
         <state>
            <time>0.5</time>
            <x>12.3293</x>
            <y>0.61949</y>
            <velocity>24.6</velocity>
            <orientation>0.10041</orientation>
         </state>
         <state>
            <time>0.6</time>
            <x>14.7723</x>
            <y>0.89029</y>
            <velocity>24.56</velocity>
            <orientation>0.12039</orientation>
         </state>
         <state>
            <time>0.7</time>
            <x>17.2054</x>
            <y>1.2093</y>
            <velocity>24.52</velocity>
            <orientation>0.14034</orientation>
         </state>
         <state>
            <time>0.8</time>
            <x>19.6277</x>
            <y>1.5761</y>
            <velocity>24.48</velocity>
            <orientation>0.16026</orientation>
         </state>
         <state>
            <time>0.9</time>
            <x>22.0383</x>
            <y>1.9904</y>
            <velocity>24.44</velocity>
            <orientation>0.18015</orientation>
         </state>
         <state>
            <time>1</time>
            <x>24.4363</x>
            <y>2.4518</y>
            <velocity>24.4</velocity>
            <orientation>0.2</orientation>
         </state>
      </states>
      <inputs>
         <input>
            <acceleration>-0.4</acceleration>
            <steer>0.018697</steer>
         </input>
         <input>
            <acceleration>-0.4</acceleration>
            <steer>0.018697</steer>
         </input>
         <input>
            <acceleration>-0.4</acceleration>
            <steer>0.018697</steer>
         </input>
         <input>
            <acceleration>-0.4</acceleration>
            <steer>0.018697</steer>
         </input>
         <input>
            <acceleration>-0.4</acceleration>
            <steer>0.018697</steer>
         </input>
         <input>
            <acceleration>-0.4</acceleration>
            <steer>0.018697</steer>
         </input>
         <input>
            <acceleration>-0.4</acceleration>
            <steer>0.018697</steer>
         </input>
         <input>
            <acceleration>-0.4</acceleration>
            <steer>0.018697</steer>
         </input>
         <input>
            <acceleration>-0.4</acceleration>
            <steer>0.018697</steer>
         </input>
         <input>
            <acceleration>-0.4</acceleration>
            <steer>0.018697</steer>
         </input>
      </inputs>
   </trajectory>
   <occupancySet>
      <occupancy>
         <time>
            <intervalStart>0</intervalStart>
            <intervalEnd>0.1</intervalEnd>
         </time>
         <set>
            <point>
               <element dimension="1">-1.1217</element>
               <element dimension="2">1.0186</element>
            </point>
            <point>
               <element dimension="1">-1.1133</element>
               <element dimension="2">1.0188</element>
            </point>
            <point>
               <element dimension="1">3.7402</element>
               <element dimension="2">1.0677</element>
            </point>
            <point>
               <element dimension="1">5.8672</element>
               <element dimension="2">1.0698</element>
            </point>
            <point>
               <element dimension="1">5.9</element>
               <element dimension="2">-0.64648</element>
            </point>
            <point>
               <element dimension="1">5.9015</element>
               <element dimension="2">-0.78994</element>
            </point>
            <point>
               <element dimension="1">5.9017</element>
               <element dimension="2">-0.97339</element>
            </point>
            <point>
               <element dimension="1">3.6611</element>
               <element dimension="2">-1.0163</element>
            </point>
            <point>
               <element dimension="1">3.4175</element>
               <element dimension="2">-1.0187</element>
            </point>
            <point>
               <element dimension="1">-1.1197</element>
               <element dimension="2">-1.0233</element>
            </point>
            <point>
               <element dimension="1">-1.1197</element>
               <element dimension="2">-1.0231</element>
            </point>
            <point>
               <element dimension="1">-1.1197</element>
               <element dimension="2">-1.0228</element>
            </point>
         </set>
      </occupancy>
      <occupancy>
         <time>
            <intervalStart>0.1</intervalStart>
            <intervalEnd>0.2</intervalEnd>
         </time>
         <set>
            <point>
               <element dimension="1">1.1028</element>
               <element dimension="2">0.97952</element>
            </point>
            <point>
               <element dimension="1">3.3217</element>
               <element dimension="2">1.0667</element>
            </point>
            <point>
               <element dimension="1">8.1433</element>
               <element dimension="2">1.2075</element>
            </point>
            <point>
               <element dimension="1">8.3117</element>
               <element dimension="2">1.2107</element>
            </point>
            <point>
               <element dimension="1">8.3799</element>
               <element dimension="2">-0.52548</element>
            </point>
            <point>
               <element dimension="1">8.38</element>
               <element dimension="2">-0.52702</element>
            </point>
            <point>
               <element dimension="1">8.3851</element>
               <element dimension="2">-0.79293</element>
            </point>
            <point>
               <element dimension="1">5.9007</element>
               <element dimension="2">-0.89052</element>
            </point>
            <point>
               <element dimension="1">5.2345</element>
               <element dimension="2">-0.90998</element>
            </point>
            <point>
               <element dimension="1">1.1406</element>
               <element dimension="2">-0.98836</element>
            </point>
            <point>
               <element dimension="1">1.1403</element>
               <element dimension="2">-0.9802</element>
            </point>
         </set>
      </occupancy>
      <occupancy>
         <time>
            <intervalStart>0.2</intervalStart>
            <intervalEnd>0.3</intervalEnd>
         </time>
         <set>
            <point>
               <element dimension="1">3.5638</element>
               <element dimension="2">1.0251</element>
            </point>
            <point>
               <element dimension="1">4.6724</element>
               <element dimension="2">1.0909</element>
            </point>
            <point>
               <element dimension="1">10.5987</element>
               <element dimension="2">1.3833</element>
            </point>
            <point>
               <element dimension="1">10.745</element>
               <element dimension="2">1.3891</element>
            </point>
            <point>
               <element dimension="1">10.8483</element>
               <element dimension="2">-0.35049</element>
            </point>
            <point>
               <element dimension="1">10.8581</element>
               <element dimension="2">-0.59844</element>
            </point>
            <point>
               <element dimension="1">8.3823</element>
               <element dimension="2">-0.74553</element>
            </point>
            <point>
               <element dimension="1">8.1136</element>
               <element dimension="2">-0.75879</element>
            </point>
            <point>
               <element dimension="1">3.6409</element>
               <element dimension="2">-0.93448</element>
            </point>
            <point>
               <element dimension="1">3.6404</element>
               <element dimension="2">-0.92608</element>
            </point>
         </set>
      </occupancy>
      <occupancy>
         <time>
            <intervalStart>0.3</intervalStart>
            <intervalEnd>0.4</intervalEnd>
         </time>
         <set>
            <point>
               <element dimension="1">6.0248</element>
               <element dimension="2">1.109</element>
            </point>
            <point>
               <element dimension="1">7.077</element>
               <element dimension="2">1.1927</element>
            </point>
            <point>
               <element dimension="1">13.0457</element>
               <element dimension="2">1.6074</element>
            </point>
            <point>
               <element dimension="1">13.1708</element>
               <element dimension="2">1.6149</element>
            </point>
            <point>
               <element dimension="1">13.3092</element>
               <element dimension="2">-0.12489</element>
            </point>
            <point>
               <element dimension="1">13.3222</element>
               <element dimension="2">-0.34358</element>
            </point>
            <point>
               <element dimension="1">10.8518</element>
               <element dimension="2">-0.54012</element>
            </point>
            <point>
               <element dimension="1">10.554</element>
               <element dimension="2">-0.56082</element>
            </point>
            <point>
               <element dimension="1">6.1399</element>
               <element dimension="2">-0.82308</element>
            </point>
            <point>
               <element dimension="1">6.1388</element>
               <element dimension="2">-0.81013</element>
            </point>
         </set>
      </occupancy>
      <occupancy>
         <time>
            <intervalStart>0.4</intervalStart>
            <intervalEnd>0.5</intervalEnd>
         </time>
         <set>
            <point>
               <element dimension="1">8.4797</element>
               <element dimension="2">1.2416</element>
            </point>
            <point>
               <element dimension="1">9.3041</element>
               <element dimension="2">1.3238</element>
            </point>
            <point>
               <element dimension="1">15.4843</element>
               <element dimension="2">1.8778</element>
            </point>
            <point>
               <element dimension="1">15.5872</element>
               <element dimension="2">1.886</element>
            </point>
            <point>
               <element dimension="1">15.7601</element>
               <element dimension="2">0.15164</element>
            </point>
            <point>
               <element dimension="1">15.7754</element>
               <element dimension="2">-0.039536</element>
            </point>
            <point>
               <element dimension="1">13.3144</element>
               <element dimension="2">-0.28499</element>
            </point>
            <point>
               <element dimension="1">13.0569</element>
               <element dimension="2">-0.30807</element>
            </point>
            <point>
               <element dimension="1">8.6312</element>
               <element dimension="2">-0.66017</element>
            </point>
            <point>
               <element dimension="1">8.6301</element>
               <element dimension="2">-0.6487</element>
            </point>
         </set>
      </occupancy>
      <occupancy>
         <time>
            <intervalStart>0.5</intervalStart>
            <intervalEnd>0.6</intervalEnd>
         </time>
         <set>
            <point>
               <element dimension="1">10.929</element>
               <element dimension="2">1.421</element>
            </point>
            <point>
               <element dimension="1">11.7799</element>
               <element dimension="2">1.523</element>
            </point>
            <point>
               <element dimension="1">17.913</element>
               <element dimension="2">2.1967</element>
            </point>
            <point>
               <element dimension="1">17.9938</element>
               <element dimension="2">2.2048</element>
            </point>
            <point>
               <element dimension="1">18.2011</element>
               <element dimension="2">0.47623</element>
            </point>
            <point>
               <element dimension="1">18.2172</element>
               <element dimension="2">0.31513</element>
            </point>
            <point>
               <element dimension="1">15.7653</element>
               <element dimension="2">0.020979</element>
            </point>
            <point>
               <element dimension="1">15.4979</element>
               <element dimension="2">-0.0083933</element>
            </point>
            <point>
               <element dimension="1">11.1153</element>
               <element dimension="2">-0.4455</element>
            </point>
            <point>
               <element dimension="1">11.1142</element>
               <element dimension="2">-0.43629</element>
            </point>
         </set>
      </occupancy>
      <occupancy>
         <time>
            <intervalStart>0.6</intervalStart>
            <intervalEnd>0.7</intervalEnd>
         </time>
         <set>
            <point>
               <element dimension="1">13.3708</element>
               <element dimension="2">1.6493</element>
            </point>
            <point>
               <element dimension="1">14.2353</element>
               <element dimension="2">1.7705</element>
            </point>
            <point>
               <element dimension="1">20.331</element>
               <element dimension="2">2.5636</element>
            </point>
            <point>
               <element dimension="1">20.3897</element>
               <element dimension="2">2.5706</element>
            </point>
            <point>
               <element dimension="1">20.6312</element>
               <element dimension="2">0.8486</element>
            </point>
            <point>
               <element dimension="1">20.647</element>
               <element dimension="2">0.71741</element>
            </point>
            <point>
               <element dimension="1">18.2056</element>
               <element dimension="2">0.37499</element>
            </point>
            <point>
               <element dimension="1">17.94</element>
               <element dimension="2">0.34043</element>
            </point>
            <point>
               <element dimension="1">13.5905</element>
               <element dimension="2">-0.18135</element>
            </point>
            <point>
               <element dimension="1">13.5895</element>
               <element dimension="2">-0.17424</element>
            </point>
         </set>
      </occupancy>
      <occupancy>
         <time>
            <intervalStart>0.7</intervalStart>
            <intervalEnd>0.8</intervalEnd>
         </time>
         <set>
            <point>
               <element dimension="1">15.8041</element>
               <element dimension="2">1.9262</element>
            </point>
            <point>
               <element dimension="1">16.6812</element>
               <element dimension="2">2.0671</element>
            </point>
            <point>
               <element dimension="1">22.7372</element>
               <element dimension="2">2.9781</element>
            </point>
            <point>
               <element dimension="1">22.7741</element>
               <element dimension="2">2.9832</element>
            </point>
            <point>
               <element dimension="1">23.0495</element>
               <element dimension="2">1.2684</element>
            </point>
            <point>
               <element dimension="1">23.0637</element>
               <element dimension="2">1.167</element>
            </point>
            <point>
               <element dimension="1">20.6345</element>
               <element dimension="2">0.77679</element>
            </point>
            <point>
               <element dimension="1">20.3707</element>
               <element dimension="2">0.73711</element>
            </point>
            <point>
               <element dimension="1">16.0559</element>
               <element dimension="2">0.13193</element>
            </point>
            <point>
               <element dimension="1">16.0551</element>
               <element dimension="2">0.13696</element>
            </point>
         </set>
      </occupancy>
      <occupancy>
         <time>
            <intervalStart>0.8</intervalStart>
            <intervalEnd>0.9</intervalEnd>
         </time>
         <set>
            <point>
               <element dimension="1">18.2281</element>
               <element dimension="2">2.2514</element>
            </point>
            <point>
               <element dimension="1">19.1257</element>
               <element dimension="2">2.4139</element>
            </point>
            <point>
               <element dimension="1">25.1416</element>
               <element dimension="2">3.4417</element>
            </point>
            <point>
               <element dimension="1">25.1459</element>
               <element dimension="2">3.4424</element>
            </point>
            <point>
               <element dimension="1">25.4551</element>
               <element dimension="2">1.7352</element>
            </point>
            <point>
               <element dimension="1">25.4666</element>
               <element dimension="2">1.6635</element>
            </point>
            <point>
               <element dimension="1">23.0509</element>
               <element dimension="2">1.226</element>
            </point>
            <point>
               <element dimension="1">22.7869</element>
               <element dimension="2">1.1809</element>
            </point>
            <point>
               <element dimension="1">18.5104</element>
               <element dimension="2">0.49394</element>
            </point>
            <point>
               <element dimension="1">18.5099</element>
               <element dimension="2">0.49694</element>
            </point>
         </set>
      </occupancy>
      <occupancy>
         <time>
            <intervalStart>0.9</intervalStart>
            <intervalEnd>1</intervalEnd>
         </time>
         <set>
            <point>
               <element dimension="1">20.6416</element>
               <element dimension="2">2.6245</element>
            </point>
            <point>
               <element dimension="1">21.7405</element>
               <element dimension="2">2.8461</element>
            </point>
            <point>
               <element dimension="1">27.5022</element>
               <element dimension="2">3.9487</element>
            </point>
            <point>
               <element dimension="1">27.5044</element>
               <element dimension="2">3.9491</element>
            </point>
            <point>
               <element dimension="1">27.8425</element>
               <element dimension="2">2.2726</element>
            </point>
            <point>
               <element dimension="1">27.8545</element>
               <element dimension="2">2.2063</element>
            </point>
            <point>
               <element dimension="1">25.454</element>
               <element dimension="2">1.7221</element>
            </point>
            <point>
               <element dimension="1">25.101</element>
               <element dimension="2">1.6546</element>
            </point>
            <point>
               <element dimension="1">20.9533</element>
               <element dimension="2">0.90345</element>
            </point>
            <point>
               <element dimension="1">20.953</element>
               <element dimension="2">0.90532</element>
            </point>
         </set>
      </occupancy>
   </occupancySet>
   <reachableSet>
      <reachability>
         <time>0</time>
         <x>
            <intervalStart>-0.1</intervalStart>
            <intervalEnd>0.1</intervalEnd>
         </x>
         <y>
            <intervalStart>-0.1</intervalStart>
            <intervalEnd>0.1</intervalEnd>
         </y>
         <velocity>
            <intervalStart>24.6</intervalStart>
            <intervalEnd>25</intervalEnd>
         </velocity>
         <orientation>
            <intervalStart>-0.02</intervalStart>
            <intervalEnd>0.02</intervalEnd>
         </orientation>
      </reachability>
      <reachability>
         <time>1</time>
         <x>
            <intervalStart>24.435</intervalStart>
            <intervalEnd>24.4372</intervalEnd>
         </x>
         <y>
            <intervalStart>2.447</intervalStart>
            <intervalEnd>2.4567</intervalEnd>
         </y>
         <velocity>
            <intervalStart>24.4</intervalStart>
            <intervalEnd>24.4</intervalEnd>
         </velocity>
         <orientation>
            <intervalStart>0.1998</intervalStart>
            <intervalEnd>0.20021</intervalEnd>
         </orientation>
      </reachability>
   </reachableSet>
</motionPrimitive>