<?xml version="1.0" encoding="utf-8"?>
<motionPrimitive ID="10077">
   <controller type="generator space control">controller10077.mat</controller>
   <successors>
      <id>8121</id>
      <id>8122</id>
      <id>8123</id>
      <id>8124</id>
      <id>8125</id>
      <id>8126</id>
      <id>8127</id>
      <id>8128</id>
      <id>8129</id>
      <id>8130</id>
      <id>8131</id>
      <id>8132</id>
      <id>8133</id>
      <id>8134</id>
      <id>8135</id>
      <id>8136</id>
      <id>8137</id>
      <id>8138</id>
      <id>8139</id>
      <id>8140</id>
      <id>8141</id>
      <id>8142</id>
      <id>8143</id>
      <id>8144</id>
      <id>8145</id>
      <id>8146</id>
      <id>8147</id>
      <id>8148</id>
      <id>8149</id>
      <id>8150</id>
      <id>8151</id>
      <id>8152</id>
      <id>8153</id>
      <id>8154</id>
      <id>8155</id>
      <id>8156</id>
      <id>8157</id>
      <id>8158</id>
      <id>8159</id>
      <id>8160</id>
      <id>8161</id>
      <id>8162</id>
      <id>8163</id>
      <id>8164</id>
      <id>8165</id>
      <id>8166</id>
      <id>8167</id>
      <id>8168</id>
      <id>8169</id>
      <id>8170</id>
      <id>8171</id>
      <id>8172</id>
      <id>8173</id>
      <id>8174</id>
      <id>8175</id>
      <id>8176</id>
      <id>8177</id>
      <id>8178</id>
      <id>8179</id>
      <id>8180</id>
      <id>8181</id>
      <id>8182</id>
      <id>8183</id>
      <id>8184</id>
      <id>8185</id>
      <id>8186</id>
      <id>8187</id>
      <id>8188</id>
      <id>8189</id>
      <id>8190</id>
      <id>8191</id>
      <id>8192</id>
      <id>8193</id>
      <id>8194</id>
      <id>8195</id>
      <id>8196</id>
      <id>8197</id>
      <id>8198</id>
      <id>8199</id>
      <id>8200</id>
      <id>8201</id>
      <id>8202</id>
      <id>8203</id>
      <id>8204</id>
      <id>8205</id>
      <id>8206</id>
      <id>8207</id>
      <id>8208</id>
      <id>8209</id>
      <id>8210</id>
      <id>8211</id>
      <id>8212</id>
      <id>8213</id>
      <id>8214</id>
      <id>8215</id>
      <id>8216</id>
      <id>8217</id>
      <id>8218</id>
      <id>8219</id>
      <id>8220</id>
      <id>8221</id>
      <id>8222</id>
      <id>8223</id>
      <id>8224</id>
      <id>8225</id>
      <id>8226</id>
      <id>8227</id>
      <id>8228</id>
      <id>8229</id>
      <id>8230</id>
      <id>8231</id>
      <id>8232</id>
      <id>8233</id>
      <id>8234</id>
      <id>8235</id>
      <id>8236</id>
      <id>8237</id>
      <id>8238</id>
      <id>8239</id>
      <id>8240</id>
      <id>8241</id>
      <id>8242</id>
      <id>8243</id>
      <id>8244</id>
      <id>8245</id>
      <id>8246</id>
      <id>8247</id>
      <id>8248</id>
      <id>8249</id>
      <id>8250</id>
      <id>8251</id>
      <id>8252</id>
      <id>8253</id>
      <id>8254</id>
      <id>8255</id>
      <id>8256</id>
      <id>8257</id>
      <id>8258</id>
      <id>8259</id>
      <id>8260</id>
      <id>8261</id>
      <id>8262</id>
      <id>8263</id>
      <id>8264</id>
      <id>8265</id>
      <id>8266</id>
      <id>8267</id>
      <id>8268</id>
      <id>8269</id>
      <id>8270</id>
      <id>8271</id>
      <id>8272</id>
      <id>8273</id>
      <id>8274</id>
      <id>8275</id>
      <id>8276</id>
      <id>8277</id>
      <id>8278</id>
      <id>8279</id>
      <id>8280</id>
      <id>8281</id>
      <id>8282</id>
      <id>8283</id>
      <id>8284</id>
      <id>8285</id>
      <id>8286</id>
      <id>8287</id>
      <id>8288</id>
      <id>8289</id>
      <id>8290</id>
      <id>8291</id>
      <id>8292</id>
      <id>8293</id>
      <id>8294</id>
      <id>8295</id>
      <id>8296</id>
      <id>8297</id>
      <id>8298</id>
      <id>8299</id>
      <id>8300</id>
      <id>8301</id>
      <id>8302</id>
      <id>8303</id>
      <id>8304</id>
      <id>8305</id>
      <id>8306</id>
      <id>8307</id>
      <id>8308</id>
      <id>8309</id>
      <id>8310</id>
      <id>8311</id>
      <id>8312</id>
      <id>8313</id>
      <id>8314</id>
      <id>8315</id>
   </successors>
   <trajectory>
      <states>
         <state>
            <time>0</time>
            <x>0</x>
            <y>0</y>
            <velocity>24.4</velocity>
            <orientation>0</orientation>
         </state>
         <state>
            <time>0.1</time>
            <x>2.417</x>
            <y>-0.10451</y>
            <velocity>24</velocity>
            <orientation>-0.086429</orientation>
         </state>
         <state>
            <time>0.2</time>
            <x>4.7765</x>
            <y>-0.41042</y>
            <velocity>23.6</velocity>
            <orientation>-0.17143</orientation>
         </state>
         <state>
            <time>0.3</time>
            <x>7.0629</x>
            <y>-0.90543</y>
            <velocity>23.2</velocity>
            <orientation>-0.255</orientation>
         </state>
         <state>
            <time>0.4</time>
            <x>9.2622</x>
            <y>-1.5763</y>
            <velocity>22.8</velocity>
            <orientation>-0.33714</orientation>
         </state>
         <state>
            <time>0.5</time>
            <x>11.3625</x>
            <y>-2.4091</y>
            <velocity>22.4</velocity>
            <orientation>-0.41786</orientation>
         </state>
         <state>
            <time>0.6</time>
            <x>13.3537</x>
            <y>-3.3894</y>
            <velocity>22</velocity>
            <orientation>-0.49714</orientation>
         </state>
         <state>
            <time>0.7</time>
            <x>15.2274</x>
            <y>-4.5026</y>
            <velocity>21.6</velocity>
            <orientation>-0.575</orientation>
         </state>
         <state>
            <time>0.8</time>
            <x>16.977</x>
            <y>-5.7339</y>
            <velocity>21.2</velocity>
            <orientation>-0.65143</orientation>
         </state>
         <state>
            <time>0.9</time>
            <x>18.5977</x>
            <y>-7.0686</y>
            <velocity>20.8</velocity>
            <orientation>-0.72643</orientation>
         </state>
         <state>
            <time>1</time>
            <x>20.086</x>
            <y>-8.4922</y>
            <velocity>20.4</velocity>
            <orientation>-0.8</orientation>
         </state>
      </states>
      <inputs>
         <input>
            <acceleration>-4</acceleration>
            <steer>-0.081959</steer>
         </input>
         <input>
            <acceleration>-4</acceleration>
            <steer>-0.081959</steer>
         </input>
         <input>
            <acceleration>-4</acceleration>
            <steer>-0.081959</steer>
         </input>
         <input>
            <acceleration>-4</acceleration>
            <steer>-0.081959</steer>
         </input>
         <input>
            <acceleration>-4</acceleration>
            <steer>-0.081959</steer>
         </input>
         <input>
            <acceleration>-4</acceleration>
            <steer>-0.081959</steer>
         </input>
         <input>
            <acceleration>-4</acceleration>
            <steer>-0.081959</steer>
         </input>
         <input>
            <acceleration>-4</acceleration>
            <steer>-0.081959</steer>
         </input>
         <input>
            <acceleration>-4</acceleration>
            <steer>-0.081959</steer>
         </input>
         <input>
            <acceleration>-4</acceleration>
            <steer>-0.081959</steer>
         </input>
      </inputs>
   </trajectory>
   <occupancySet>
      <occupancy>
         <time>
            <intervalStart>0</intervalStart>
            <intervalEnd>0.1</intervalEnd>
         </time>
         <set>
            <point>
               <element dimension="1">-1.1287</element>
               <element dimension="2">-1.0186</element>
            </point>
            <point>
               <element dimension="1">-1.1197</element>
               <element dimension="2">1.0377</element>
            </point>
            <point>
               <element dimension="1">-1.1197</element>
               <element dimension="2">1.038</element>
            </point>
            <point>
               <element dimension="1">-1.1186</element>
               <element dimension="2">1.0519</element>
            </point>
            <point>
               <element dimension="1">3.0884</element>
               <element dimension="2">1.0336</element>
            </point>
            <point>
               <element dimension="1">3.6574</element>
               <element dimension="2">1.009</element>
            </point>
            <point>
               <element dimension="1">5.892</element>
               <element dimension="2">0.82496</element>
            </point>
            <point>
               <element dimension="1">5.8906</element>
               <element dimension="2">0.49755</element>
            </point>
            <point>
               <element dimension="1">5.8847</element>
               <element dimension="2">0.36233</element>
            </point>
            <point>
               <element dimension="1">5.7422</element>
               <element dimension="2">-1.3682</element>
            </point>
            <point>
               <element dimension="1">5.5504</element>
               <element dimension="2">-1.3673</element>
            </point>
            <point>
               <element dimension="1">0.39986</element>
               <element dimension="2">-1.1444</element>
            </point>
         </set>
      </occupancy>
      <occupancy>
         <time>
            <intervalStart>0.1</intervalStart>
            <intervalEnd>0.2</intervalEnd>
         </time>
         <set>
            <point>
               <element dimension="1">0.9823</element>
               <element dimension="2">-0.97926</element>
            </point>
            <point>
               <element dimension="1">1.1443</element>
               <element dimension="2">0.98832</element>
            </point>
            <point>
               <element dimension="1">1.1443</element>
               <element dimension="2">0.98833</element>
            </point>
            <point>
               <element dimension="1">1.1507</element>
               <element dimension="2">1.0263</element>
            </point>
            <point>
               <element dimension="1">5.1402</element>
               <element dimension="2">0.69784</element>
            </point>
            <point>
               <element dimension="1">5.8898</element>
               <element dimension="2">0.60388</element>
            </point>
            <point>
               <element dimension="1">8.3062</element>
               <element dimension="2">0.19596</element>
            </point>
            <point>
               <element dimension="1">8.2725</element>
               <element dimension="2">-0.21364</element>
            </point>
            <point>
               <element dimension="1">8.2724</element>
               <element dimension="2">-0.21379</element>
            </point>
            <point>
               <element dimension="1">7.9782</element>
               <element dimension="2">-1.9569</element>
            </point>
            <point>
               <element dimension="1">7.8082</element>
               <element dimension="2">-1.9429</element>
            </point>
            <point>
               <element dimension="1">3.468</element>
               <element dimension="2">-1.3989</element>
            </point>
         </set>
      </occupancy>
      <occupancy>
         <time>
            <intervalStart>0.2</intervalStart>
            <intervalEnd>0.3</intervalEnd>
         </time>
         <set>
            <point>
               <element dimension="1">3.2791</element>
               <element dimension="2">-1.1659</element>
            </point>
            <point>
               <element dimension="1">3.6064</element>
               <element dimension="2">0.77271</element>
            </point>
            <point>
               <element dimension="1">3.6193</element>
               <element dimension="2">0.82325</element>
            </point>
            <point>
               <element dimension="1">7.6394</element>
               <element dimension="2">0.14461</element>
            </point>
            <point>
               <element dimension="1">8.2859</element>
               <element dimension="2">0.0074468</element>
            </point>
            <point>
               <element dimension="1">10.6252</element>
               <element dimension="2">-0.59206</element>
            </point>
            <point>
               <element dimension="1">10.5604</element>
               <element dimension="2">-0.97577</element>
            </point>
            <point>
               <element dimension="1">10.1162</element>
               <element dimension="2">-2.7091</element>
            </point>
            <point>
               <element dimension="1">9.9705</element>
               <element dimension="2">-2.6845</element>
            </point>
            <point>
               <element dimension="1">5.5223</element>
               <element dimension="2">-1.7407</element>
            </point>
         </set>
      </occupancy>
      <occupancy>
         <time>
            <intervalStart>0.3</intervalStart>
            <intervalEnd>0.4</intervalEnd>
         </time>
         <set>
            <point>
               <element dimension="1">5.5214</element>
               <element dimension="2">-1.5313</element>
            </point>
            <point>
               <element dimension="1">6.0026</element>
               <element dimension="2">0.3463</element>
            </point>
            <point>
               <element dimension="1">6.0247</element>
               <element dimension="2">0.41032</element>
            </point>
            <point>
               <element dimension="1">9.9854</element>
               <element dimension="2">-0.6047</element>
            </point>
            <point>
               <element dimension="1">10.5789</element>
               <element dimension="2">-0.7831</element>
            </point>
            <point>
               <element dimension="1">12.8309</element>
               <element dimension="2">-1.5622</element>
            </point>
            <point>
               <element dimension="1">12.7412</element>
               <element dimension="2">-1.9123</element>
            </point>
            <point>
               <element dimension="1">12.1521</element>
               <element dimension="2">-3.6148</element>
            </point>
            <point>
               <element dimension="1">12.0308</element>
               <element dimension="2">-3.5838</element>
            </point>
            <point>
               <element dimension="1">7.6327</element>
               <element dimension="2">-2.2618</element>
            </point>
         </set>
      </occupancy>
      <occupancy>
         <time>
            <intervalStart>0.4</intervalStart>
            <intervalEnd>0.5</intervalEnd>
         </time>
         <set>
            <point>
               <element dimension="1">7.6888</element>
               <element dimension="2">-2.0684</element>
            </point>
            <point>
               <element dimension="1">8.3179</element>
               <element dimension="2">-0.25015</element>
            </point>
            <point>
               <element dimension="1">8.3416</element>
               <element dimension="2">-0.19606</element>
            </point>
            <point>
               <element dimension="1">12.2707</element>
               <element dimension="2">-1.5554</element>
            </point>
            <point>
               <element dimension="1">12.7597</element>
               <element dimension="2">-1.747</element>
            </point>
            <point>
               <element dimension="1">14.9067</element>
               <element dimension="2">-2.6901</element>
            </point>
            <point>
               <element dimension="1">14.7958</element>
               <element dimension="2">-3.0108</element>
            </point>
            <point>
               <element dimension="1">14.0747</element>
               <element dimension="2">-4.6526</element>
            </point>
            <point>
               <element dimension="1">13.9783</element>
               <element dimension="2">-4.6192</element>
            </point>
            <point>
               <element dimension="1">9.5091</element>
               <element dimension="2">-2.8679</element>
            </point>
         </set>
      </occupancy>
      <occupancy>
         <time>
            <intervalStart>0.5</intervalStart>
            <intervalEnd>0.6</intervalEnd>
         </time>
         <set>
            <point>
               <element dimension="1">9.7775</element>
               <element dimension="2">-2.7607</element>
            </point>
            <point>
               <element dimension="1">10.5388</element>
               <element dimension="2">-1.0275</element>
            </point>
            <point>
               <element dimension="1">10.5624</element>
               <element dimension="2">-0.98341</element>
            </point>
            <point>
               <element dimension="1">14.3305</element>
               <element dimension="2">-2.6385</element>
            </point>
            <point>
               <element dimension="1">14.8108</element>
               <element dimension="2">-2.8726</element>
            </point>
            <point>
               <element dimension="1">16.8449</element>
               <element dimension="2">-3.966</element>
            </point>
            <point>
               <element dimension="1">16.7219</element>
               <element dimension="2">-4.246</element>
            </point>
            <point>
               <element dimension="1">15.8765</element>
               <element dimension="2">-5.8187</element>
            </point>
            <point>
               <element dimension="1">15.8036</element>
               <element dimension="2">-5.7867</element>
            </point>
            <point>
               <element dimension="1">11.5459</element>
               <element dimension="2">-3.7113</element>
            </point>
         </set>
      </occupancy>
      <occupancy>
         <time>
            <intervalStart>0.6</intervalStart>
            <intervalEnd>0.7</intervalEnd>
         </time>
         <set>
            <point>
               <element dimension="1">11.77</element>
               <element dimension="2">-3.6051</element>
            </point>
            <point>
               <element dimension="1">12.6515</element>
               <element dimension="2">-1.9652</element>
            </point>
            <point>
               <element dimension="1">12.674</element>
               <element dimension="2">-1.9302</element>
            </point>
            <point>
               <element dimension="1">16.2738</element>
               <element dimension="2">-3.8652</element>
            </point>
            <point>
               <element dimension="1">16.7311</element>
               <element dimension="2">-4.1345</element>
            </point>
            <point>
               <element dimension="1">18.6419</element>
               <element dimension="2">-5.3623</element>
            </point>
            <point>
               <element dimension="1">18.5129</element>
               <element dimension="2">-5.6023</element>
            </point>
            <point>
               <element dimension="1">17.5517</element>
               <element dimension="2">-7.098</element>
            </point>
            <point>
               <element dimension="1">17.5006</element>
               <element dimension="2">-7.0705</element>
            </point>
            <point>
               <element dimension="1">13.463</element>
               <element dimension="2">-4.693</element>
            </point>
         </set>
      </occupancy>
      <occupancy>
         <time>
            <intervalStart>0.7</intervalStart>
            <intervalEnd>0.8</intervalEnd>
         </time>
         <set>
            <point>
               <element dimension="1">13.6573</element>
               <element dimension="2">-4.5876</element>
            </point>
            <point>
               <element dimension="1">14.6469</element>
               <element dimension="2">-3.0476</element>
            </point>
            <point>
               <element dimension="1">14.667</element>
               <element dimension="2">-3.0211</element>
            </point>
            <point>
               <element dimension="1">18.0818</element>
               <element dimension="2">-5.2155</element>
            </point>
            <point>
               <element dimension="1">18.5139</element>
               <element dimension="2">-5.5171</element>
            </point>
            <point>
               <element dimension="1">20.2929</element>
               <element dimension="2">-6.8629</element>
            </point>
            <point>
               <element dimension="1">20.1637</element>
               <element dimension="2">-7.0639</element>
            </point>
            <point>
               <element dimension="1">19.0956</element>
               <element dimension="2">-8.4758</element>
            </point>
            <point>
               <element dimension="1">19.0643</element>
               <element dimension="2">-8.4557</element>
            </point>
            <point>
               <element dimension="1">15.2639</element>
               <element dimension="2">-5.8029</element>
            </point>
         </set>
      </occupancy>
      <occupancy>
         <time>
            <intervalStart>0.8</intervalStart>
            <intervalEnd>0.9</intervalEnd>
         </time>
         <set>
            <point>
               <element dimension="1">15.4317</element>
               <element dimension="2">-5.6945</element>
            </point>
            <point>
               <element dimension="1">16.5172</element>
               <element dimension="2">-4.2597</element>
            </point>
            <point>
               <element dimension="1">16.5339</element>
               <element dimension="2">-4.2408</element>
            </point>
            <point>
               <element dimension="1">19.7483</element>
               <element dimension="2">-6.6725</element>
            </point>
            <point>
               <element dimension="1">20.1544</element>
               <element dimension="2">-7.0044</element>
            </point>
            <point>
               <element dimension="1">21.7952</element>
               <element dimension="2">-8.4514</element>
            </point>
            <point>
               <element dimension="1">21.6712</element>
               <element dimension="2">-8.6154</element>
            </point>
            <point>
               <element dimension="1">20.5039</element>
               <element dimension="2">-9.939</element>
            </point>
            <point>
               <element dimension="1">20.497</element>
               <element dimension="2">-9.9338</element>
            </point>
            <point>
               <element dimension="1">16.9712</element>
               <element dimension="2">-7.0523</element>
            </point>
         </set>
      </occupancy>
      <occupancy>
         <time>
            <intervalStart>0.9</intervalStart>
            <intervalEnd>1</intervalEnd>
         </time>
         <set>
            <point>
               <element dimension="1">17.0862</element>
               <element dimension="2">-6.9129</element>
            </point>
            <point>
               <element dimension="1">18.2564</element>
               <element dimension="2">-5.586</element>
            </point>
            <point>
               <element dimension="1">18.272</element>
               <element dimension="2">-5.5707</element>
            </point>
            <point>
               <element dimension="1">21.2011</element>
               <element dimension="2">-8.1538</element>
            </point>
            <point>
               <element dimension="1">21.6524</element>
               <element dimension="2">-8.5824</element>
            </point>
            <point>
               <element dimension="1">23.1466</element>
               <element dimension="2">-10.1098</element>
            </point>
            <point>
               <element dimension="1">23.0133</element>
               <element dimension="2">-10.2609</element>
            </point>
            <point>
               <element dimension="1">21.7774</element>
               <element dimension="2">-11.47</element>
            </point>
            <point>
               <element dimension="1">21.7731</element>
               <element dimension="2">-11.4662</element>
            </point>
            <point>
               <element dimension="1">18.4993</element>
               <element dimension="2">-8.3574</element>
            </point>
         </set>
      </occupancy>
   </occupancySet>
   <reachableSet>
      <reachability>
         <time>0</time>
         <x>
            <intervalStart>-0.1</intervalStart>
            <intervalEnd>0.1</intervalEnd>
         </x>
         <y>
            <intervalStart>-0.1</intervalStart>
            <intervalEnd>0.1</intervalEnd>
         </y>
         <velocity>
            <intervalStart>24.2</intervalStart>
            <intervalEnd>24.6</intervalEnd>
         </velocity>
         <orientation>
            <intervalStart>-0.02</intervalStart>
            <intervalEnd>0.02</intervalEnd>
         </orientation>
      </reachability>
      <reachability>
         <time>1</time>
         <x>
            <intervalStart>20.0817</intervalStart>
            <intervalEnd>20.0895</intervalEnd>
         </x>
         <y>
            <intervalStart>-8.4985</intervalStart>
            <intervalEnd>-8.4864</intervalEnd>
         </y>
         <velocity>
            <intervalStart>20.4</intervalStart>
            <intervalEnd>20.4</intervalEnd>
         </velocity>
         <orientation>
            <intervalStart>-0.80032</intervalStart>
            <intervalEnd>-0.79971</intervalEnd>
         </orientation>
      </reachability>
   </reachableSet>
</motionPrimitive>