<?xml version="1.0" encoding="utf-8"?>
<motionPrimitive ID="10123">
   <controller type="generator space control">controller10123.mat</controller>
   <successors>
      <id>10236</id>
      <id>10237</id>
      <id>10238</id>
      <id>10239</id>
      <id>10240</id>
      <id>10241</id>
      <id>10242</id>
      <id>10243</id>
      <id>10244</id>
      <id>10245</id>
      <id>10246</id>
      <id>10247</id>
      <id>10248</id>
      <id>10249</id>
      <id>10250</id>
      <id>10251</id>
      <id>10252</id>
      <id>10253</id>
      <id>10254</id>
      <id>10255</id>
      <id>10256</id>
      <id>10257</id>
      <id>10258</id>
      <id>10259</id>
      <id>10260</id>
      <id>10261</id>
      <id>10262</id>
      <id>10263</id>
      <id>10264</id>
      <id>10265</id>
      <id>10266</id>
      <id>10267</id>
      <id>10268</id>
      <id>10269</id>
      <id>10270</id>
      <id>10271</id>
      <id>10272</id>
      <id>10273</id>
      <id>10274</id>
      <id>10275</id>
      <id>10276</id>
      <id>10277</id>
      <id>10278</id>
      <id>10279</id>
      <id>10280</id>
      <id>10281</id>
      <id>10282</id>
      <id>10283</id>
      <id>10284</id>
      <id>10285</id>
      <id>10286</id>
      <id>10287</id>
      <id>10288</id>
      <id>10289</id>
      <id>10290</id>
      <id>10291</id>
      <id>10292</id>
      <id>10293</id>
      <id>10294</id>
      <id>10295</id>
      <id>10296</id>
      <id>10297</id>
      <id>10298</id>
      <id>10299</id>
      <id>10300</id>
      <id>10301</id>
      <id>10302</id>
      <id>10303</id>
      <id>10304</id>
      <id>10305</id>
      <id>10306</id>
      <id>10307</id>
      <id>10308</id>
      <id>10309</id>
      <id>10310</id>
      <id>10311</id>
      <id>10312</id>
      <id>10313</id>
      <id>10314</id>
      <id>10315</id>
      <id>10316</id>
      <id>10317</id>
      <id>10318</id>
      <id>10319</id>
      <id>10320</id>
      <id>10321</id>
      <id>10322</id>
      <id>10323</id>
      <id>10324</id>
      <id>10325</id>
      <id>10326</id>
      <id>10327</id>
      <id>10328</id>
      <id>10329</id>
      <id>10330</id>
      <id>10331</id>
      <id>10332</id>
      <id>10333</id>
      <id>10334</id>
      <id>10335</id>
      <id>10336</id>
      <id>10337</id>
      <id>10338</id>
      <id>10339</id>
      <id>10340</id>
      <id>10341</id>
      <id>10342</id>
      <id>10343</id>
      <id>10344</id>
      <id>10345</id>
      <id>10346</id>
      <id>10347</id>
      <id>10348</id>
      <id>10349</id>
      <id>10350</id>
      <id>10351</id>
      <id>10352</id>
      <id>10353</id>
      <id>10354</id>
      <id>10355</id>
      <id>10356</id>
      <id>10357</id>
      <id>10358</id>
      <id>10359</id>
      <id>10360</id>
      <id>10361</id>
      <id>10362</id>
      <id>10363</id>
      <id>10364</id>
      <id>10365</id>
      <id>10366</id>
      <id>10367</id>
      <id>10368</id>
      <id>10369</id>
      <id>10370</id>
      <id>10371</id>
      <id>10372</id>
      <id>10373</id>
      <id>10374</id>
      <id>10375</id>
      <id>10376</id>
      <id>10377</id>
      <id>10378</id>
      <id>10379</id>
      <id>10380</id>
      <id>10381</id>
      <id>10382</id>
      <id>10383</id>
      <id>10384</id>
      <id>10385</id>
      <id>10386</id>
      <id>10387</id>
      <id>10388</id>
      <id>10389</id>
      <id>10390</id>
      <id>10391</id>
      <id>10392</id>
      <id>10393</id>
      <id>10394</id>
      <id>10395</id>
      <id>10396</id>
      <id>10397</id>
      <id>10398</id>
      <id>10399</id>
      <id>10400</id>
      <id>10401</id>
      <id>10402</id>
      <id>10403</id>
      <id>10404</id>
      <id>10405</id>
      <id>10406</id>
      <id>10407</id>
      <id>10408</id>
      <id>10409</id>
      <id>10410</id>
      <id>10411</id>
      <id>10412</id>
      <id>10413</id>
      <id>10414</id>
      <id>10415</id>
   </successors>
   <trajectory>
      <states>
         <state>
            <time>0</time>
            <x>0</x>
            <y>0</y>
            <velocity>24.4</velocity>
            <orientation>0</orientation>
         </state>
         <state>
            <time>0.1</time>
            <x>2.438</x>
            <y>-0.12111</y>
            <velocity>24.44</velocity>
            <orientation>-0.099268</orientation>
         </state>
         <state>
            <time>0.2</time>
            <x>4.8559</x>
            <y>-0.48403</y>
            <velocity>24.48</velocity>
            <orientation>-0.1987</orientation>
         </state>
         <state>
            <time>0.3</time>
            <x>7.2297</x>
            <y>-1.0863</y>
            <velocity>24.52</velocity>
            <orientation>-0.29829</orientation>
         </state>
         <state>
            <time>0.4</time>
            <x>9.5355</x>
            <y>-1.9233</y>
            <velocity>24.56</velocity>
            <orientation>-0.39805</orientation>
         </state>
         <state>
            <time>0.5</time>
            <x>11.75</x>
            <y>-2.9875</y>
            <velocity>24.6</velocity>
            <orientation>-0.49797</orientation>
         </state>
         <state>
            <time>0.6</time>
            <x>13.8506</x>
            <y>-4.2697</y>
            <velocity>24.64</velocity>
            <orientation>-0.59805</orientation>
         </state>
         <state>
            <time>0.7</time>
            <x>15.8156</x>
            <y>-5.7579</y>
            <velocity>24.68</velocity>
            <orientation>-0.69829</orientation>
         </state>
         <state>
            <time>0.8</time>
            <x>17.6247</x>
            <y>-7.4381</y>
            <velocity>24.72</velocity>
            <orientation>-0.7987</orientation>
         </state>
         <state>
            <time>0.9</time>
            <x>19.2586</x>
            <y>-9.2943</y>
            <velocity>24.76</velocity>
            <orientation>-0.89927</orientation>
         </state>
         <state>
            <time>1</time>
            <x>20.7002</x>
            <y>-11.3086</y>
            <velocity>24.8</velocity>
            <orientation>-1</orientation>
         </state>
      </states>
      <inputs>
         <input>
            <acceleration>0.4</acceleration>
            <steer>-0.093225</steer>
         </input>
         <input>
            <acceleration>0.4</acceleration>
            <steer>-0.093225</steer>
         </input>
         <input>
            <acceleration>0.4</acceleration>
            <steer>-0.093225</steer>
         </input>
         <input>
            <acceleration>0.4</acceleration>
            <steer>-0.093225</steer>
         </input>
         <input>
            <acceleration>0.4</acceleration>
            <steer>-0.093225</steer>
         </input>
         <input>
            <acceleration>0.4</acceleration>
            <steer>-0.093225</steer>
         </input>
         <input>
            <acceleration>0.4</acceleration>
            <steer>-0.093225</steer>
         </input>
         <input>
            <acceleration>0.4</acceleration>
            <steer>-0.093225</steer>
         </input>
         <input>
            <acceleration>0.4</acceleration>
            <steer>-0.093225</steer>
         </input>
         <input>
            <acceleration>0.4</acceleration>
            <steer>-0.093225</steer>
         </input>
      </inputs>
   </trajectory>
   <occupancySet>
      <occupancy>
         <time>
            <intervalStart>0</intervalStart>
            <intervalEnd>0.1</intervalEnd>
         </time>
         <set>
            <point>
               <element dimension="1">-1.13</element>
               <element dimension="2">-1.0211</element>
            </point>
            <point>
               <element dimension="1">-1.1198</element>
               <element dimension="2">1.0412</element>
            </point>
            <point>
               <element dimension="1">-1.1197</element>
               <element dimension="2">1.0432</element>
            </point>
            <point>
               <element dimension="1">-1.1144</element>
               <element dimension="2">1.0985</element>
            </point>
            <point>
               <element dimension="1">2.2111</element>
               <element dimension="2">1.082</element>
            </point>
            <point>
               <element dimension="1">3.6609</element>
               <element dimension="2">1.01</element>
            </point>
            <point>
               <element dimension="1">5.9499</element>
               <element dimension="2">0.7935</element>
            </point>
            <point>
               <element dimension="1">5.9486</element>
               <element dimension="2">0.55016</element>
            </point>
            <point>
               <element dimension="1">5.9427</element>
               <element dimension="2">0.43104</element>
            </point>
            <point>
               <element dimension="1">5.7587</element>
               <element dimension="2">-1.515</element>
            </point>
            <point>
               <element dimension="1">5.5591</element>
               <element dimension="2">-1.514</element>
            </point>
            <point>
               <element dimension="1">2.4495</element>
               <element dimension="2">-1.3596</element>
            </point>
         </set>
      </occupancy>
      <occupancy>
         <time>
            <intervalStart>0.1</intervalStart>
            <intervalEnd>0.2</intervalEnd>
         </time>
         <set>
            <point>
               <element dimension="1">0.96021</element>
               <element dimension="2">-1.0654</element>
            </point>
            <point>
               <element dimension="1">1.1553</element>
               <element dimension="2">0.99714</element>
            </point>
            <point>
               <element dimension="1">1.1663</element>
               <element dimension="2">1.0728</element>
            </point>
            <point>
               <element dimension="1">1.1812</element>
               <element dimension="2">1.149</element>
            </point>
            <point>
               <element dimension="1">4.6494</element>
               <element dimension="2">0.82092</element>
            </point>
            <point>
               <element dimension="1">5.9483</element>
               <element dimension="2">0.63262</element>
            </point>
            <point>
               <element dimension="1">8.4398</element>
               <element dimension="2">0.14383</element>
            </point>
            <point>
               <element dimension="1">8.4077</element>
               <element dimension="2">-0.19499</element>
            </point>
            <point>
               <element dimension="1">8.4038</element>
               <element dimension="2">-0.22244</element>
            </point>
            <point>
               <element dimension="1">8.0048</element>
               <element dimension="2">-2.2559</element>
            </point>
            <point>
               <element dimension="1">7.8228</element>
               <element dimension="2">-2.2387</element>
            </point>
            <point>
               <element dimension="1">4.445</element>
               <element dimension="2">-1.749</element>
            </point>
         </set>
      </occupancy>
      <occupancy>
         <time>
            <intervalStart>0.2</intervalStart>
            <intervalEnd>0.3</intervalEnd>
         </time>
         <set>
            <point>
               <element dimension="1">3.2857</element>
               <element dimension="2">-1.3341</element>
            </point>
            <point>
               <element dimension="1">3.6875</element>
               <element dimension="2">0.71401</element>
            </point>
            <point>
               <element dimension="1">3.725</element>
               <element dimension="2">0.86484</element>
            </point>
            <point>
               <element dimension="1">3.7534</element>
               <element dimension="2">0.9589</element>
            </point>
            <point>
               <element dimension="1">7.1587</element>
               <element dimension="2">0.29085</element>
            </point>
            <point>
               <element dimension="1">8.4221</element>
               <element dimension="2">-0.02299</element>
            </point>
            <point>
               <element dimension="1">10.862</element>
               <element dimension="2">-0.75992</element>
            </point>
            <point>
               <element dimension="1">10.7919</element>
               <element dimension="2">-1.1177</element>
            </point>
            <point>
               <element dimension="1">10.1583</element>
               <element dimension="2">-3.2153</element>
            </point>
            <point>
               <element dimension="1">10.0063</element>
               <element dimension="2">-3.1855</element>
            </point>
            <point>
               <element dimension="1">6.6801</element>
               <element dimension="2">-2.3592</element>
            </point>
         </set>
      </occupancy>
      <occupancy>
         <time>
            <intervalStart>0.3</intervalStart>
            <intervalEnd>0.4</intervalEnd>
         </time>
         <set>
            <point>
               <element dimension="1">5.5774</element>
               <element dimension="2">-1.8324</element>
            </point>
            <point>
               <element dimension="1">6.2396</element>
               <element dimension="2">0.36017</element>
            </point>
            <point>
               <element dimension="1">6.254</element>
               <element dimension="2">0.40036</element>
            </point>
            <point>
               <element dimension="1">6.2842</element>
               <element dimension="2">0.47328</element>
            </point>
            <point>
               <element dimension="1">10.3594</element>
               <element dimension="2">-0.75753</element>
            </point>
            <point>
               <element dimension="1">10.823</element>
               <element dimension="2">-0.92318</element>
            </point>
            <point>
               <element dimension="1">13.1804</element>
               <element dimension="2">-1.9009</element>
            </point>
            <point>
               <element dimension="1">13.0552</element>
               <element dimension="2">-2.3157</element>
            </point>
            <point>
               <element dimension="1">12.9818</element>
               <element dimension="2">-2.5211</element>
            </point>
            <point>
               <element dimension="1">12.2424</element>
               <element dimension="2">-4.3039</element>
            </point>
            <point>
               <element dimension="1">12.1193</element>
               <element dimension="2">-4.2668</element>
            </point>
            <point>
               <element dimension="1">7.2595</element>
               <element dimension="2">-2.5301</element>
            </point>
         </set>
      </occupancy>
      <occupancy>
         <time>
            <intervalStart>0.4</intervalStart>
            <intervalEnd>0.5</intervalEnd>
         </time>
         <set>
            <point>
               <element dimension="1">7.8356</element>
               <element dimension="2">-2.4725</element>
            </point>
            <point>
               <element dimension="1">8.7074</element>
               <element dimension="2">-0.37047</element>
            </point>
            <point>
               <element dimension="1">8.7373</element>
               <element dimension="2">-0.3149</element>
            </point>
            <point>
               <element dimension="1">12.7891</element>
               <element dimension="2">-1.9953</element>
            </point>
            <point>
               <element dimension="1">13.0936</element>
               <element dimension="2">-2.1399</element>
            </point>
            <point>
               <element dimension="1">15.3503</element>
               <element dimension="2">-3.3524</element>
            </point>
            <point>
               <element dimension="1">15.1165</element>
               <element dimension="2">-3.9162</element>
            </point>
            <point>
               <element dimension="1">15.0977</element>
               <element dimension="2">-3.9557</element>
            </point>
            <point>
               <element dimension="1">14.2229</element>
               <element dimension="2">-5.5839</element>
            </point>
            <point>
               <element dimension="1">14.1253</element>
               <element dimension="2">-5.5435</element>
            </point>
            <point>
               <element dimension="1">9.2052</element>
               <element dimension="2">-3.2084</element>
            </point>
         </set>
      </occupancy>
      <occupancy>
         <time>
            <intervalStart>0.5</intervalStart>
            <intervalEnd>0.6</intervalEnd>
         </time>
         <set>
            <point>
               <element dimension="1">10.0311</element>
               <element dimension="2">-3.3235</element>
            </point>
            <point>
               <element dimension="1">11.0668</element>
               <element dimension="2">-1.396</element>
            </point>
            <point>
               <element dimension="1">11.0986</element>
               <element dimension="2">-1.3487</element>
            </point>
            <point>
               <element dimension="1">14.8769</element>
               <element dimension="2">-3.3788</element>
            </point>
            <point>
               <element dimension="1">15.2287</element>
               <element dimension="2">-3.5912</element>
            </point>
            <point>
               <element dimension="1">17.3669</element>
               <element dimension="2">-5.0325</element>
            </point>
            <point>
               <element dimension="1">17.0994</element>
               <element dimension="2">-5.5304</element>
            </point>
            <point>
               <element dimension="1">16.069</element>
               <element dimension="2">-7.059</element>
            </point>
            <point>
               <element dimension="1">15.9953</element>
               <element dimension="2">-7.0194</element>
            </point>
            <point>
               <element dimension="1">11.386</element>
               <element dimension="2">-4.2369</element>
            </point>
         </set>
      </occupancy>
      <occupancy>
         <time>
            <intervalStart>0.6</intervalStart>
            <intervalEnd>0.7</intervalEnd>
         </time>
         <set>
            <point>
               <element dimension="1">12.1395</element>
               <element dimension="2">-4.3982</element>
            </point>
            <point>
               <element dimension="1">13.315</element>
               <element dimension="2">-2.6544</element>
            </point>
            <point>
               <element dimension="1">13.3461</element>
               <element dimension="2">-2.617</element>
            </point>
            <point>
               <element dimension="1">16.8901</element>
               <element dimension="2">-5.006</element>
            </point>
            <point>
               <element dimension="1">17.213</element>
               <element dimension="2">-5.248</element>
            </point>
            <point>
               <element dimension="1">19.2047</element>
               <element dimension="2">-6.9031</element>
            </point>
            <point>
               <element dimension="1">18.9384</element>
               <element dimension="2">-7.298</element>
            </point>
            <point>
               <element dimension="1">17.7635</element>
               <element dimension="2">-8.712</element>
            </point>
            <point>
               <element dimension="1">17.7117</element>
               <element dimension="2">-8.677</element>
            </point>
            <point>
               <element dimension="1">13.3891</element>
               <element dimension="2">-5.4367</element>
            </point>
         </set>
      </occupancy>
      <occupancy>
         <time>
            <intervalStart>0.7</intervalStart>
            <intervalEnd>0.8</intervalEnd>
         </time>
         <set>
            <point>
               <element dimension="1">14.1399</element>
               <element dimension="2">-5.6856</element>
            </point>
            <point>
               <element dimension="1">15.4278</element>
               <element dimension="2">-4.1358</element>
            </point>
            <point>
               <element dimension="1">15.4564</element>
               <element dimension="2">-4.1076</element>
            </point>
            <point>
               <element dimension="1">18.7327</element>
               <element dimension="2">-6.8302</element>
            </point>
            <point>
               <element dimension="1">19.0242</element>
               <element dimension="2">-7.0983</element>
            </point>
            <point>
               <element dimension="1">20.8418</element>
               <element dimension="2">-8.9465</element>
            </point>
            <point>
               <element dimension="1">20.5959</element>
               <element dimension="2">-9.2424</element>
            </point>
            <point>
               <element dimension="1">19.2888</element>
               <element dimension="2">-10.5278</element>
            </point>
            <point>
               <element dimension="1">19.2565</element>
               <element dimension="2">-10.5009</element>
            </point>
            <point>
               <element dimension="1">15.2681</element>
               <element dimension="2">-6.8329</element>
            </point>
         </set>
      </occupancy>
      <occupancy>
         <time>
            <intervalStart>0.8</intervalStart>
            <intervalEnd>0.9</intervalEnd>
         </time>
         <set>
            <point>
               <element dimension="1">16.0101</element>
               <element dimension="2">-7.1759</element>
            </point>
            <point>
               <element dimension="1">17.3828</element>
               <element dimension="2">-5.826</element>
            </point>
            <point>
               <element dimension="1">17.4075</element>
               <element dimension="2">-5.8061</element>
            </point>
            <point>
               <element dimension="1">20.3844</element>
               <element dimension="2">-8.8332</element>
            </point>
            <point>
               <element dimension="1">20.6431</element>
               <element dimension="2">-9.1242</element>
            </point>
            <point>
               <element dimension="1">22.2621</element>
               <element dimension="2">-11.1408</element>
            </point>
            <point>
               <element dimension="1">22.0546</element>
               <element dimension="2">-11.3449</element>
            </point>
            <point>
               <element dimension="1">20.6286</element>
               <element dimension="2">-12.4898</element>
            </point>
            <point>
               <element dimension="1">20.6195</element>
               <element dimension="2">-12.4805</element>
            </point>
            <point>
               <element dimension="1">17.0028</element>
               <element dimension="2">-8.4124</element>
            </point>
         </set>
      </occupancy>
      <occupancy>
         <time>
            <intervalStart>0.9</intervalStart>
            <intervalEnd>1</intervalEnd>
         </time>
         <set>
            <point>
               <element dimension="1">17.7286</element>
               <element dimension="2">-8.8569</element>
            </point>
            <point>
               <element dimension="1">19.159</element>
               <element dimension="2">-7.7085</element>
            </point>
            <point>
               <element dimension="1">19.1818</element>
               <element dimension="2">-7.6938</element>
            </point>
            <point>
               <element dimension="1">21.7852</element>
               <element dimension="2">-10.9365</element>
            </point>
            <point>
               <element dimension="1">22.0525</element>
               <element dimension="2">-11.3061</element>
            </point>
            <point>
               <element dimension="1">23.4443</element>
               <element dimension="2">-13.4503</element>
            </point>
            <point>
               <element dimension="1">23.2315</element>
               <element dimension="2">-13.6211</element>
            </point>
            <point>
               <element dimension="1">23.2311</element>
               <element dimension="2">-13.6214</element>
            </point>
            <point>
               <element dimension="1">21.7618</element>
               <element dimension="2">-14.5752</element>
            </point>
            <point>
               <element dimension="1">21.7553</element>
               <element dimension="2">-14.5671</element>
            </point>
            <point>
               <element dimension="1">18.6297</element>
               <element dimension="2">-10.2451</element>
            </point>
         </set>
      </occupancy>
   </occupancySet>
   <reachableSet>
      <reachability>
         <time>0</time>
         <x>
            <intervalStart>-0.1</intervalStart>
            <intervalEnd>0.1</intervalEnd>
         </x>
         <y>
            <intervalStart>-0.1</intervalStart>
            <intervalEnd>0.1</intervalEnd>
         </y>
         <velocity>
            <intervalStart>24.2</intervalStart>
            <intervalEnd>24.6</intervalEnd>
         </velocity>
         <orientation>
            <intervalStart>-0.02</intervalStart>
            <intervalEnd>0.02</intervalEnd>
         </orientation>
      </reachability>
      <reachability>
         <time>1</time>
         <x>
            <intervalStart>20.6888</intervalStart>
            <intervalEnd>20.7071</intervalEnd>
         </x>
         <y>
            <intervalStart>-11.3174</intervalStart>
            <intervalEnd>-11.3008</intervalEnd>
         </y>
         <velocity>
            <intervalStart>24.8</intervalStart>
            <intervalEnd>24.8</intervalEnd>
         </velocity>
         <orientation>
            <intervalStart>-1.0005</intervalStart>
            <intervalEnd>-0.99969</intervalEnd>
         </orientation>
      </reachability>
   </reachableSet>
</motionPrimitive>