<?xml version="1.0" encoding="utf-8"?>
<motionPrimitive ID="10298">
   <controller type="generator space control">controller10298.mat</controller>
   <successors>
      <id>10416</id>
      <id>10417</id>
      <id>10418</id>
      <id>10419</id>
      <id>10420</id>
      <id>10421</id>
      <id>10422</id>
      <id>10423</id>
      <id>10424</id>
      <id>10425</id>
      <id>10426</id>
      <id>10427</id>
      <id>10428</id>
      <id>10429</id>
      <id>10430</id>
      <id>10431</id>
      <id>10432</id>
      <id>10433</id>
      <id>10434</id>
      <id>10435</id>
      <id>10436</id>
      <id>10437</id>
      <id>10438</id>
      <id>10439</id>
      <id>10440</id>
      <id>10441</id>
      <id>10442</id>
      <id>10443</id>
      <id>10444</id>
      <id>10445</id>
      <id>10446</id>
      <id>10447</id>
      <id>10448</id>
      <id>10449</id>
      <id>10450</id>
      <id>10451</id>
      <id>10452</id>
      <id>10453</id>
      <id>10454</id>
      <id>10455</id>
      <id>10456</id>
      <id>10457</id>
      <id>10458</id>
      <id>10459</id>
      <id>10460</id>
      <id>10461</id>
      <id>10462</id>
      <id>10463</id>
      <id>10464</id>
      <id>10465</id>
      <id>10466</id>
      <id>10467</id>
      <id>10468</id>
      <id>10469</id>
      <id>10470</id>
      <id>10471</id>
      <id>10472</id>
      <id>10473</id>
      <id>10474</id>
      <id>10475</id>
      <id>10476</id>
      <id>10477</id>
      <id>10478</id>
      <id>10479</id>
      <id>10480</id>
      <id>10481</id>
      <id>10482</id>
      <id>10483</id>
      <id>10484</id>
      <id>10485</id>
      <id>10486</id>
      <id>10487</id>
      <id>10488</id>
      <id>10489</id>
      <id>10490</id>
      <id>10491</id>
      <id>10492</id>
      <id>10493</id>
      <id>10494</id>
      <id>10495</id>
      <id>10496</id>
      <id>10497</id>
      <id>10498</id>
      <id>10499</id>
      <id>10500</id>
      <id>10501</id>
      <id>10502</id>
      <id>10503</id>
      <id>10504</id>
      <id>10505</id>
      <id>10506</id>
      <id>10507</id>
      <id>10508</id>
      <id>10509</id>
      <id>10510</id>
      <id>10511</id>
      <id>10512</id>
      <id>10513</id>
      <id>10514</id>
      <id>10515</id>
      <id>10516</id>
      <id>10517</id>
      <id>10518</id>
      <id>10519</id>
      <id>10520</id>
      <id>10521</id>
      <id>10522</id>
      <id>10523</id>
      <id>10524</id>
      <id>10525</id>
      <id>10526</id>
      <id>10527</id>
      <id>10528</id>
      <id>10529</id>
      <id>10530</id>
      <id>10531</id>
      <id>10532</id>
      <id>10533</id>
      <id>10534</id>
      <id>10535</id>
      <id>10536</id>
      <id>10537</id>
      <id>10538</id>
      <id>10539</id>
      <id>10540</id>
      <id>10541</id>
      <id>10542</id>
      <id>10543</id>
      <id>10544</id>
      <id>10545</id>
      <id>10546</id>
      <id>10547</id>
      <id>10548</id>
      <id>10549</id>
      <id>10550</id>
      <id>10551</id>
      <id>10552</id>
      <id>10553</id>
      <id>10554</id>
      <id>10555</id>
      <id>10556</id>
      <id>10557</id>
      <id>10558</id>
      <id>10559</id>
      <id>10560</id>
      <id>10561</id>
      <id>10562</id>
      <id>10563</id>
      <id>10564</id>
      <id>10565</id>
      <id>10566</id>
      <id>10567</id>
      <id>10568</id>
      <id>10569</id>
      <id>10570</id>
      <id>10571</id>
      <id>10572</id>
      <id>10573</id>
      <id>10574</id>
      <id>10575</id>
      <id>10576</id>
      <id>10577</id>
      <id>10578</id>
      <id>10579</id>
      <id>10580</id>
      <id>10581</id>
      <id>10582</id>
      <id>10583</id>
      <id>10584</id>
      <id>10585</id>
      <id>10586</id>
      <id>10587</id>
      <id>10588</id>
      <id>10589</id>
      <id>10590</id>
      <id>10591</id>
      <id>10592</id>
      <id>10593</id>
      <id>10594</id>
      <id>10595</id>
   </successors>
   <trajectory>
      <states>
         <state>
            <time>0</time>
            <x>0</x>
            <y>0</y>
            <velocity>24.8</velocity>
            <orientation>0</orientation>
         </state>
         <state>
            <time>0.1</time>
            <x>2.4818</x>
            <y>-0.02464</y>
            <velocity>24.84</velocity>
            <orientation>-0.019856</orientation>
         </state>
         <state>
            <time>0.2</time>
            <x>4.9667</x>
            <y>-0.098711</y>
            <velocity>24.88</velocity>
            <orientation>-0.039744</orientation>
         </state>
         <state>
            <time>0.3</time>
            <x>7.4536</x>
            <y>-0.22242</y>
            <velocity>24.92</velocity>
            <orientation>-0.059664</orientation>
         </state>
         <state>
            <time>0.4</time>
            <x>9.9415</x>
            <y>-0.39596</y>
            <velocity>24.96</velocity>
            <orientation>-0.079616</orientation>
         </state>
         <state>
            <time>0.5</time>
            <x>12.4294</x>
            <y>-0.6195</y>
            <velocity>25</velocity>
            <orientation>-0.0996</orientation>
         </state>
         <state>
            <time>0.6</time>
            <x>14.9164</x>
            <y>-0.89318</y>
            <velocity>25.04</velocity>
            <orientation>-0.11962</orientation>
         </state>
         <state>
            <time>0.7</time>
            <x>17.4013</x>
            <y>-1.2171</y>
            <velocity>25.08</velocity>
            <orientation>-0.13966</orientation>
         </state>
         <state>
            <time>0.8</time>
            <x>19.8832</x>
            <y>-1.5915</y>
            <velocity>25.12</velocity>
            <orientation>-0.15974</orientation>
         </state>
         <state>
            <time>0.9</time>
            <x>22.361</x>
            <y>-2.0163</y>
            <velocity>25.16</velocity>
            <orientation>-0.17986</orientation>
         </state>
         <state>
            <time>1</time>
            <x>24.8337</x>
            <y>-2.4917</y>
            <velocity>25.2</velocity>
            <orientation>-0.2</orientation>
         </state>
      </states>
      <inputs>
         <input>
            <acceleration>0.4</acceleration>
            <steer>-0.018398</steer>
         </input>
         <input>
            <acceleration>0.4</acceleration>
            <steer>-0.018398</steer>
         </input>
         <input>
            <acceleration>0.4</acceleration>
            <steer>-0.018398</steer>
         </input>
         <input>
            <acceleration>0.4</acceleration>
            <steer>-0.018398</steer>
         </input>
         <input>
            <acceleration>0.4</acceleration>
            <steer>-0.018398</steer>
         </input>
         <input>
            <acceleration>0.4</acceleration>
            <steer>-0.018398</steer>
         </input>
         <input>
            <acceleration>0.4</acceleration>
            <steer>-0.018398</steer>
         </input>
         <input>
            <acceleration>0.4</acceleration>
            <steer>-0.018398</steer>
         </input>
         <input>
            <acceleration>0.4</acceleration>
            <steer>-0.018398</steer>
         </input>
         <input>
            <acceleration>0.4</acceleration>
            <steer>-0.018398</steer>
         </input>
      </inputs>
   </trajectory>
   <occupancySet>
      <occupancy>
         <time>
            <intervalStart>0</intervalStart>
            <intervalEnd>0.1</intervalEnd>
         </time>
         <set>
            <point>
               <element dimension="1">-1.1217</element>
               <element dimension="2">-1.0186</element>
            </point>
            <point>
               <element dimension="1">-1.1197</element>
               <element dimension="2">1.0228</element>
            </point>
            <point>
               <element dimension="1">-1.1197</element>
               <element dimension="2">1.0231</element>
            </point>
            <point>
               <element dimension="1">-1.1197</element>
               <element dimension="2">1.0233</element>
            </point>
            <point>
               <element dimension="1">3.4174</element>
               <element dimension="2">1.0188</element>
            </point>
            <point>
               <element dimension="1">3.6615</element>
               <element dimension="2">1.0163</element>
            </point>
            <point>
               <element dimension="1">5.9054</element>
               <element dimension="2">0.97399</element>
            </point>
            <point>
               <element dimension="1">5.9052</element>
               <element dimension="2">0.7927</element>
            </point>
            <point>
               <element dimension="1">5.9038</element>
               <element dimension="2">0.64803</element>
            </point>
            <point>
               <element dimension="1">5.8714</element>
               <element dimension="2">-1.0686</element>
            </point>
            <point>
               <element dimension="1">3.6832</element>
               <element dimension="2">-1.0664</element>
            </point>
            <point>
               <element dimension="1">-1.1137</element>
               <element dimension="2">-1.0188</element>
            </point>
         </set>
      </occupancy>
      <occupancy>
         <time>
            <intervalStart>0.1</intervalStart>
            <intervalEnd>0.2</intervalEnd>
         </time>
         <set>
            <point>
               <element dimension="1">1.1064</element>
               <element dimension="2">-0.97956</element>
            </point>
            <point>
               <element dimension="1">1.1433</element>
               <element dimension="2">0.98018</element>
            </point>
            <point>
               <element dimension="1">1.1437</element>
               <element dimension="2">0.98818</element>
            </point>
            <point>
               <element dimension="1">5.244</element>
               <element dimension="2">0.91081</element>
            </point>
            <point>
               <element dimension="1">5.9044</element>
               <element dimension="2">0.89178</element>
            </point>
            <point>
               <element dimension="1">8.4005</element>
               <element dimension="2">0.79499</element>
            </point>
            <point>
               <element dimension="1">8.3955</element>
               <element dimension="2">0.53032</element>
            </point>
            <point>
               <element dimension="1">8.3955</element>
               <element dimension="2">0.52763</element>
            </point>
            <point>
               <element dimension="1">8.3282</element>
               <element dimension="2">-1.2081</element>
            </point>
            <point>
               <element dimension="1">8.1597</element>
               <element dimension="2">-1.2049</element>
            </point>
            <point>
               <element dimension="1">3.321</element>
               <element dimension="2">-1.0654</element>
            </point>
         </set>
      </occupancy>
      <occupancy>
         <time>
            <intervalStart>0.2</intervalStart>
            <intervalEnd>0.3</intervalEnd>
         </time>
         <set>
            <point>
               <element dimension="1">3.5789</element>
               <element dimension="2">-1.0247</element>
            </point>
            <point>
               <element dimension="1">3.6545</element>
               <element dimension="2">0.92647</element>
            </point>
            <point>
               <element dimension="1">3.655</element>
               <element dimension="2">0.93478</element>
            </point>
            <point>
               <element dimension="1">8.1289</element>
               <element dimension="2">0.76131</element>
            </point>
            <point>
               <element dimension="1">8.3978</element>
               <element dimension="2">0.7482</element>
            </point>
            <point>
               <element dimension="1">10.8934</element>
               <element dimension="2">0.6016</element>
            </point>
            <point>
               <element dimension="1">10.8838</element>
               <element dimension="2">0.35351</element>
            </point>
            <point>
               <element dimension="1">10.7816</element>
               <element dimension="2">-1.3855</element>
            </point>
            <point>
               <element dimension="1">10.6354</element>
               <element dimension="2">-1.3798</element>
            </point>
            <point>
               <element dimension="1">4.691</element>
               <element dimension="2">-1.09</element>
            </point>
         </set>
      </occupancy>
      <occupancy>
         <time>
            <intervalStart>0.3</intervalStart>
            <intervalEnd>0.4</intervalEnd>
         </time>
         <set>
            <point>
               <element dimension="1">6.0593</element>
               <element dimension="2">-1.1085</element>
            </point>
            <point>
               <element dimension="1">6.172</element>
               <element dimension="2">0.81107</element>
            </point>
            <point>
               <element dimension="1">6.173</element>
               <element dimension="2">0.82387</element>
            </point>
            <point>
               <element dimension="1">10.5898</element>
               <element dimension="2">0.56443</element>
            </point>
            <point>
               <element dimension="1">10.8873</element>
               <element dimension="2">0.54397</element>
            </point>
            <point>
               <element dimension="1">13.3855</element>
               <element dimension="2">0.34715</element>
            </point>
            <point>
               <element dimension="1">13.3727</element>
               <element dimension="2">0.128</element>
            </point>
            <point>
               <element dimension="1">13.2356</element>
               <element dimension="2">-1.6112</element>
            </point>
            <point>
               <element dimension="1">13.1105</element>
               <element dimension="2">-1.6039</element>
            </point>
            <point>
               <element dimension="1">7.1141</element>
               <element dimension="2">-1.1916</element>
            </point>
         </set>
      </occupancy>
      <occupancy>
         <time>
            <intervalStart>0.4</intervalStart>
            <intervalEnd>0.5</intervalEnd>
         </time>
         <set>
            <point>
               <element dimension="1">8.5415</element>
               <element dimension="2">-1.2414</element>
            </point>
            <point>
               <element dimension="1">8.6905</element>
               <element dimension="2">0.6495</element>
            </point>
            <point>
               <element dimension="1">8.6916</element>
               <element dimension="2">0.6609</element>
            </point>
            <point>
               <element dimension="1">13.1203</element>
               <element dimension="2">0.312</element>
            </point>
            <point>
               <element dimension="1">13.3779</element>
               <element dimension="2">0.28911</element>
            </point>
            <point>
               <element dimension="1">15.8748</element>
               <element dimension="2">0.04211</element>
            </point>
            <point>
               <element dimension="1">15.8597</element>
               <element dimension="2">-0.14972</element>
            </point>
            <point>
               <element dimension="1">15.6881</element>
               <element dimension="2">-1.8836</element>
            </point>
            <point>
               <element dimension="1">15.5853</element>
               <element dimension="2">-1.8755</element>
            </point>
            <point>
               <element dimension="1">9.371</element>
               <element dimension="2">-1.3234</element>
            </point>
         </set>
      </occupancy>
      <occupancy>
         <time>
            <intervalStart>0.5</intervalStart>
            <intervalEnd>0.6</intervalEnd>
         </time>
         <set>
            <point>
               <element dimension="1">11.026</element>
               <element dimension="2">-1.422</element>
            </point>
            <point>
               <element dimension="1">11.2098</element>
               <element dimension="2">0.43597</element>
            </point>
            <point>
               <element dimension="1">11.2109</element>
               <element dimension="2">0.44515</element>
            </point>
            <point>
               <element dimension="1">15.5975</element>
               <element dimension="2">0.011211</element>
            </point>
            <point>
               <element dimension="1">15.8649</element>
               <element dimension="2">-0.017949</element>
            </point>
            <point>
               <element dimension="1">18.3607</element>
               <element dimension="2">-0.31539</element>
            </point>
            <point>
               <element dimension="1">18.3447</element>
               <element dimension="2">-0.47726</element>
            </point>
            <point>
               <element dimension="1">18.1387</element>
               <element dimension="2">-2.2054</element>
            </point>
            <point>
               <element dimension="1">18.058</element>
               <element dimension="2">-2.1974</element>
            </point>
            <point>
               <element dimension="1">11.8818</element>
               <element dimension="2">-1.524</element>
            </point>
         </set>
      </occupancy>
      <occupancy>
         <time>
            <intervalStart>0.6</intervalStart>
            <intervalEnd>0.7</intervalEnd>
         </time>
         <set>
            <point>
               <element dimension="1">13.5109</element>
               <element dimension="2">-1.653</element>
            </point>
            <point>
               <element dimension="1">13.7283</element>
               <element dimension="2">0.17127</element>
            </point>
            <point>
               <element dimension="1">13.7293</element>
               <element dimension="2">0.17838</element>
            </point>
            <point>
               <element dimension="1">18.0836</element>
               <element dimension="2">-0.34056</element>
            </point>
            <point>
               <element dimension="1">18.3493</element>
               <element dimension="2">-0.37492</element>
            </point>
            <point>
               <element dimension="1">20.8424</element>
               <element dimension="2">-0.72286</element>
            </point>
            <point>
               <element dimension="1">20.8267</element>
               <element dimension="2">-0.85485</element>
            </point>
            <point>
               <element dimension="1">20.5864</element>
               <element dimension="2">-2.5765</element>
            </point>
            <point>
               <element dimension="1">20.5277</element>
               <element dimension="2">-2.5695</element>
            </point>
            <point>
               <element dimension="1">14.3803</element>
               <element dimension="2">-1.7743</element>
            </point>
         </set>
      </occupancy>
      <occupancy>
         <time>
            <intervalStart>0.7</intervalStart>
            <intervalEnd>0.8</intervalEnd>
         </time>
         <set>
            <point>
               <element dimension="1">15.9951</element>
               <element dimension="2">-1.9345</element>
            </point>
            <point>
               <element dimension="1">16.2449</element>
               <element dimension="2">-0.14459</element>
            </point>
            <point>
               <element dimension="1">16.2457</element>
               <element dimension="2">-0.13954</element>
            </point>
            <point>
               <element dimension="1">20.5662</element>
               <element dimension="2">-0.7425</element>
            </point>
            <point>
               <element dimension="1">20.83</element>
               <element dimension="2">-0.78203</element>
            </point>
            <point>
               <element dimension="1">23.3188</element>
               <element dimension="2">-1.1805</element>
            </point>
            <point>
               <element dimension="1">23.3046</element>
               <element dimension="2">-1.2826</element>
            </point>
            <point>
               <element dimension="1">23.0301</element>
               <element dimension="2">-2.9971</element>
            </point>
            <point>
               <element dimension="1">22.9933</element>
               <element dimension="2">-2.992</element>
            </point>
            <point>
               <element dimension="1">16.8771</element>
               <element dimension="2">-2.0757</element>
            </point>
         </set>
      </occupancy>
      <occupancy>
         <time>
            <intervalStart>0.8</intervalStart>
            <intervalEnd>0.9</intervalEnd>
         </time>
         <set>
            <point>
               <element dimension="1">18.4777</element>
               <element dimension="2">-2.2666</element>
            </point>
            <point>
               <element dimension="1">18.7586</element>
               <element dimension="2">-0.51173</element>
            </point>
            <point>
               <element dimension="1">18.7592</element>
               <element dimension="2">-0.5087</element>
            </point>
            <point>
               <element dimension="1">23.0421</element>
               <element dimension="2">-1.1944</element>
            </point>
            <point>
               <element dimension="1">23.3061</element>
               <element dimension="2">-1.2393</element>
            </point>
            <point>
               <element dimension="1">25.789</element>
               <element dimension="2">-1.6882</element>
            </point>
            <point>
               <element dimension="1">25.7775</element>
               <element dimension="2">-1.7605</element>
            </point>
            <point>
               <element dimension="1">25.4689</element>
               <element dimension="2">-3.4673</element>
            </point>
            <point>
               <element dimension="1">25.4645</element>
               <element dimension="2">-3.4666</element>
            </point>
            <point>
               <element dimension="1">19.3768</element>
               <element dimension="2">-2.4292</element>
            </point>
         </set>
      </occupancy>
      <occupancy>
         <time>
            <intervalStart>0.9</intervalStart>
            <intervalEnd>1</intervalEnd>
         </time>
         <set>
            <point>
               <element dimension="1">20.9575</element>
               <element dimension="2">-2.6495</element>
            </point>
            <point>
               <element dimension="1">21.2683</element>
               <element dimension="2">-0.93023</element>
            </point>
            <point>
               <element dimension="1">21.2686</element>
               <element dimension="2">-0.92866</element>
            </point>
            <point>
               <element dimension="1">25.4582</element>
               <element dimension="2">-1.6861</element>
            </point>
            <point>
               <element dimension="1">25.7764</element>
               <element dimension="2">-1.7469</element>
            </point>
            <point>
               <element dimension="1">28.2519</element>
               <element dimension="2">-2.2461</element>
            </point>
            <point>
               <element dimension="1">28.2398</element>
               <element dimension="2">-2.3125</element>
            </point>
            <point>
               <element dimension="1">27.9018</element>
               <element dimension="2">-3.989</element>
            </point>
            <point>
               <element dimension="1">27.8996</element>
               <element dimension="2">-3.9886</element>
            </point>
            <point>
               <element dimension="1">22.0744</element>
               <element dimension="2">-2.8748</element>
            </point>
         </set>
      </occupancy>
   </occupancySet>
   <reachableSet>
      <reachability>
         <time>0</time>
         <x>
            <intervalStart>-0.1</intervalStart>
            <intervalEnd>0.1</intervalEnd>
         </x>
         <y>
            <intervalStart>-0.1</intervalStart>
            <intervalEnd>0.1</intervalEnd>
         </y>
         <velocity>
            <intervalStart>24.6</intervalStart>
            <intervalEnd>25</intervalEnd>
         </velocity>
         <orientation>
            <intervalStart>-0.02</intervalStart>
            <intervalEnd>0.02</intervalEnd>
         </orientation>
      </reachability>
      <reachability>
         <time>1</time>
         <x>
            <intervalStart>24.8323</intervalStart>
            <intervalEnd>24.8346</intervalEnd>
         </x>
         <y>
            <intervalStart>-2.4966</intervalStart>
            <intervalEnd>-2.4869</intervalEnd>
         </y>
         <velocity>
            <intervalStart>25.2</intervalStart>
            <intervalEnd>25.2</intervalEnd>
         </velocity>
         <orientation>
            <intervalStart>-0.2002</intervalStart>
            <intervalEnd>-0.1998</intervalEnd>
         </orientation>
      </reachability>
   </reachableSet>
</motionPrimitive>