<?xml version="1.0" encoding="utf-8"?>
<motionPrimitive ID="10121">
   <controller type="generator space control">controller10121.mat</controller>
   <successors>
      <id>10236</id>
      <id>10237</id>
      <id>10238</id>
      <id>10239</id>
      <id>10240</id>
      <id>10241</id>
      <id>10242</id>
      <id>10243</id>
      <id>10244</id>
      <id>10245</id>
      <id>10246</id>
      <id>10247</id>
      <id>10248</id>
      <id>10249</id>
      <id>10250</id>
      <id>10251</id>
      <id>10252</id>
      <id>10253</id>
      <id>10254</id>
      <id>10255</id>
      <id>10256</id>
      <id>10257</id>
      <id>10258</id>
      <id>10259</id>
      <id>10260</id>
      <id>10261</id>
      <id>10262</id>
      <id>10263</id>
      <id>10264</id>
      <id>10265</id>
      <id>10266</id>
      <id>10267</id>
      <id>10268</id>
      <id>10269</id>
      <id>10270</id>
      <id>10271</id>
      <id>10272</id>
      <id>10273</id>
      <id>10274</id>
      <id>10275</id>
      <id>10276</id>
      <id>10277</id>
      <id>10278</id>
      <id>10279</id>
      <id>10280</id>
      <id>10281</id>
      <id>10282</id>
      <id>10283</id>
      <id>10284</id>
      <id>10285</id>
      <id>10286</id>
      <id>10287</id>
      <id>10288</id>
      <id>10289</id>
      <id>10290</id>
      <id>10291</id>
      <id>10292</id>
      <id>10293</id>
      <id>10294</id>
      <id>10295</id>
      <id>10296</id>
      <id>10297</id>
      <id>10298</id>
      <id>10299</id>
      <id>10300</id>
      <id>10301</id>
      <id>10302</id>
      <id>10303</id>
      <id>10304</id>
      <id>10305</id>
      <id>10306</id>
      <id>10307</id>
      <id>10308</id>
      <id>10309</id>
      <id>10310</id>
      <id>10311</id>
      <id>10312</id>
      <id>10313</id>
      <id>10314</id>
      <id>10315</id>
      <id>10316</id>
      <id>10317</id>
      <id>10318</id>
      <id>10319</id>
      <id>10320</id>
      <id>10321</id>
      <id>10322</id>
      <id>10323</id>
      <id>10324</id>
      <id>10325</id>
      <id>10326</id>
      <id>10327</id>
      <id>10328</id>
      <id>10329</id>
      <id>10330</id>
      <id>10331</id>
      <id>10332</id>
      <id>10333</id>
      <id>10334</id>
      <id>10335</id>
      <id>10336</id>
      <id>10337</id>
      <id>10338</id>
      <id>10339</id>
      <id>10340</id>
      <id>10341</id>
      <id>10342</id>
      <id>10343</id>
      <id>10344</id>
      <id>10345</id>
      <id>10346</id>
      <id>10347</id>
      <id>10348</id>
      <id>10349</id>
      <id>10350</id>
      <id>10351</id>
      <id>10352</id>
      <id>10353</id>
      <id>10354</id>
      <id>10355</id>
      <id>10356</id>
      <id>10357</id>
      <id>10358</id>
      <id>10359</id>
      <id>10360</id>
      <id>10361</id>
      <id>10362</id>
      <id>10363</id>
      <id>10364</id>
      <id>10365</id>
      <id>10366</id>
      <id>10367</id>
      <id>10368</id>
      <id>10369</id>
      <id>10370</id>
      <id>10371</id>
      <id>10372</id>
      <id>10373</id>
      <id>10374</id>
      <id>10375</id>
      <id>10376</id>
      <id>10377</id>
      <id>10378</id>
      <id>10379</id>
      <id>10380</id>
      <id>10381</id>
      <id>10382</id>
      <id>10383</id>
      <id>10384</id>
      <id>10385</id>
      <id>10386</id>
      <id>10387</id>
      <id>10388</id>
      <id>10389</id>
      <id>10390</id>
      <id>10391</id>
      <id>10392</id>
      <id>10393</id>
      <id>10394</id>
      <id>10395</id>
      <id>10396</id>
      <id>10397</id>
      <id>10398</id>
      <id>10399</id>
      <id>10400</id>
      <id>10401</id>
      <id>10402</id>
      <id>10403</id>
      <id>10404</id>
      <id>10405</id>
      <id>10406</id>
      <id>10407</id>
      <id>10408</id>
      <id>10409</id>
      <id>10410</id>
      <id>10411</id>
      <id>10412</id>
      <id>10413</id>
      <id>10414</id>
      <id>10415</id>
   </successors>
   <trajectory>
      <states>
         <state>
            <time>0</time>
            <x>0</x>
            <y>0</y>
            <velocity>24.4</velocity>
            <orientation>0</orientation>
         </state>
         <state>
            <time>0.1</time>
            <x>2.4406</x>
            <y>-0.072702</y>
            <velocity>24.44</velocity>
            <orientation>-0.059561</orientation>
         </state>
         <state>
            <time>0.2</time>
            <x>4.8764</x>
            <y>-0.29103</y>
            <velocity>24.48</velocity>
            <orientation>-0.11922</orientation>
         </state>
         <state>
            <time>0.3</time>
            <x>7.2989</x>
            <y>-0.65491</y>
            <velocity>24.52</velocity>
            <orientation>-0.17898</orientation>
         </state>
         <state>
            <time>0.4</time>
            <x>9.6992</x>
            <y>-1.1638</y>
            <velocity>24.56</velocity>
            <orientation>-0.23883</orientation>
         </state>
         <state>
            <time>0.5</time>
            <x>12.0686</x>
            <y>-1.8165</y>
            <velocity>24.6</velocity>
            <orientation>-0.29878</orientation>
         </state>
         <state>
            <time>0.6</time>
            <x>14.3983</x>
            <y>-2.6113</y>
            <velocity>24.64</velocity>
            <orientation>-0.35883</orientation>
         </state>
         <state>
            <time>0.7</time>
            <x>16.6798</x>
            <y>-3.5462</y>
            <velocity>24.68</velocity>
            <orientation>-0.41898</orientation>
         </state>
         <state>
            <time>0.8</time>
            <x>18.9046</x>
            <y>-4.6184</y>
            <velocity>24.72</velocity>
            <orientation>-0.47922</orientation>
         </state>
         <state>
            <time>0.9</time>
            <x>21.0641</x>
            <y>-5.8247</y>
            <velocity>24.76</velocity>
            <orientation>-0.53956</orientation>
         </state>
         <state>
            <time>1</time>
            <x>23.1503</x>
            <y>-7.1612</y>
            <velocity>24.8</velocity>
            <orientation>-0.6</orientation>
         </state>
      </states>
      <inputs>
         <input>
            <acceleration>0.4</acceleration>
            <steer>-0.056039</steer>
         </input>
         <input>
            <acceleration>0.4</acceleration>
            <steer>-0.056039</steer>
         </input>
         <input>
            <acceleration>0.4</acceleration>
            <steer>-0.056039</steer>
         </input>
         <input>
            <acceleration>0.4</acceleration>
            <steer>-0.056039</steer>
         </input>
         <input>
            <acceleration>0.4</acceleration>
            <steer>-0.056039</steer>
         </input>
         <input>
            <acceleration>0.4</acceleration>
            <steer>-0.056039</steer>
         </input>
         <input>
            <acceleration>0.4</acceleration>
            <steer>-0.056039</steer>
         </input>
         <input>
            <acceleration>0.4</acceleration>
            <steer>-0.056039</steer>
         </input>
         <input>
            <acceleration>0.4</acceleration>
            <steer>-0.056039</steer>
         </input>
         <input>
            <acceleration>0.4</acceleration>
            <steer>-0.056039</steer>
         </input>
      </inputs>
   </trajectory>
   <occupancySet>
      <occupancy>
         <time>
            <intervalStart>0</intervalStart>
            <intervalEnd>0.1</intervalEnd>
         </time>
         <set>
            <point>
               <element dimension="1">-1.1258</element>
               <element dimension="2">-1.0186</element>
            </point>
            <point>
               <element dimension="1">-1.1197</element>
               <element dimension="2">1.0316</element>
            </point>
            <point>
               <element dimension="1">-1.1197</element>
               <element dimension="2">1.0318</element>
            </point>
            <point>
               <element dimension="1">-1.1194</element>
               <element dimension="2">1.0374</element>
            </point>
            <point>
               <element dimension="1">3.2366</element>
               <element dimension="2">1.0244</element>
            </point>
            <point>
               <element dimension="1">3.6572</element>
               <element dimension="2">1.0119</element>
            </point>
            <point>
               <element dimension="1">5.8963</element>
               <element dimension="2">0.88504</element>
            </point>
            <point>
               <element dimension="1">5.8955</element>
               <element dimension="2">0.62213</element>
            </point>
            <point>
               <element dimension="1">5.8913</element>
               <element dimension="2">0.4799</element>
            </point>
            <point>
               <element dimension="1">5.7934</element>
               <element dimension="2">-1.2482</element>
            </point>
            <point>
               <element dimension="1">5.6023</element>
               <element dimension="2">-1.2477</element>
            </point>
            <point>
               <element dimension="1">-0.059921</element>
               <element dimension="2">-1.079</element>
            </point>
         </set>
      </occupancy>
      <occupancy>
         <time>
            <intervalStart>0.1</intervalStart>
            <intervalEnd>0.2</intervalEnd>
         </time>
         <set>
            <point>
               <element dimension="1">1.0284</element>
               <element dimension="2">-0.98055</element>
            </point>
            <point>
               <element dimension="1">1.1398</element>
               <element dimension="2">0.98529</element>
            </point>
            <point>
               <element dimension="1">1.1428</element>
               <element dimension="2">1.0113</element>
            </point>
            <point>
               <element dimension="1">5.1659</element>
               <element dimension="2">0.78336</element>
            </point>
            <point>
               <element dimension="1">5.8946</element>
               <element dimension="2">0.72021</element>
            </point>
            <point>
               <element dimension="1">8.3717</element>
               <element dimension="2">0.43094</element>
            </point>
            <point>
               <element dimension="1">8.3519</element>
               <element dimension="2">0.081131</element>
            </point>
            <point>
               <element dimension="1">8.3515</element>
               <element dimension="2">0.076384</element>
            </point>
            <point>
               <element dimension="1">8.148</element>
               <element dimension="2">-1.6666</element>
            </point>
            <point>
               <element dimension="1">7.9786</element>
               <element dimension="2">-1.657</element>
            </point>
            <point>
               <element dimension="1">3.4929</element>
               <element dimension="2">-1.2683</element>
            </point>
         </set>
      </occupancy>
      <occupancy>
         <time>
            <intervalStart>0.2</intervalStart>
            <intervalEnd>0.3</intervalEnd>
         </time>
         <set>
            <point>
               <element dimension="1">3.4169</element>
               <element dimension="2">-1.116</element>
            </point>
            <point>
               <element dimension="1">3.6444</element>
               <element dimension="2">0.83226</element>
            </point>
            <point>
               <element dimension="1">3.6505</element>
               <element dimension="2">0.8663</element>
            </point>
            <point>
               <element dimension="1">7.7768</element>
               <element dimension="2">0.38443</element>
            </point>
            <point>
               <element dimension="1">8.3612</element>
               <element dimension="2">0.29842</element>
            </point>
            <point>
               <element dimension="1">10.8227</element>
               <element dimension="2">-0.13935</element>
            </point>
            <point>
               <element dimension="1">10.7838</element>
               <element dimension="2">-0.47301</element>
            </point>
            <point>
               <element dimension="1">10.4738</element>
               <element dimension="2">-2.2158</element>
            </point>
            <point>
               <element dimension="1">10.3275</element>
               <element dimension="2">-2.1987</element>
            </point>
            <point>
               <element dimension="1">5.5575</element>
               <element dimension="2">-1.4967</element>
            </point>
         </set>
      </occupancy>
      <occupancy>
         <time>
            <intervalStart>0.3</intervalStart>
            <intervalEnd>0.4</intervalEnd>
         </time>
         <set>
            <point>
               <element dimension="1">5.8033</element>
               <element dimension="2">-1.3855</element>
            </point>
            <point>
               <element dimension="1">6.1419</element>
               <element dimension="2">0.51868</element>
            </point>
            <point>
               <element dimension="1">6.1526</element>
               <element dimension="2">0.56327</element>
            </point>
            <point>
               <element dimension="1">10.264</element>
               <element dimension="2">-0.16791</element>
            </point>
            <point>
               <element dimension="1">10.7974</element>
               <element dimension="2">-0.27934</element>
            </point>
            <point>
               <element dimension="1">13.2383</element>
               <element dimension="2">-0.86592</element>
            </point>
            <point>
               <element dimension="1">13.184</element>
               <element dimension="2">-1.1711</element>
            </point>
            <point>
               <element dimension="1">12.7685</element>
               <element dimension="2">-2.9004</element>
            </point>
            <point>
               <element dimension="1">12.6448</element>
               <element dimension="2">-2.8784</element>
            </point>
            <point>
               <element dimension="1">7.8325</element>
               <element dimension="2">-1.8732</element>
            </point>
         </set>
      </occupancy>
      <occupancy>
         <time>
            <intervalStart>0.4</intervalStart>
            <intervalEnd>0.5</intervalEnd>
         </time>
         <set>
            <point>
               <element dimension="1">8.1735</element>
               <element dimension="2">-1.7951</element>
            </point>
            <point>
               <element dimension="1">8.621</element>
               <element dimension="2">0.067133</element>
            </point>
            <point>
               <element dimension="1">8.633</element>
               <element dimension="2">0.1064</element>
            </point>
            <point>
               <element dimension="1">12.7406</element>
               <element dimension="2">-0.88072</element>
            </point>
            <point>
               <element dimension="1">13.2009</element>
               <element dimension="2">-1.006</element>
            </point>
            <point>
               <element dimension="1">15.6057</element>
               <element dimension="2">-1.7389</element>
            </point>
            <point>
               <element dimension="1">15.5385</element>
               <element dimension="2">-2.0186</element>
            </point>
            <point>
               <element dimension="1">15.0218</element>
               <element dimension="2">-3.7141</element>
            </point>
            <point>
               <element dimension="1">14.9216</element>
               <element dimension="2">-3.6901</element>
            </point>
            <point>
               <element dimension="1">9.9507</element>
               <element dimension="2">-2.3367</element>
            </point>
         </set>
      </occupancy>
      <occupancy>
         <time>
            <intervalStart>0.5</intervalStart>
            <intervalEnd>0.6</intervalEnd>
         </time>
         <set>
            <point>
               <element dimension="1">10.5242</element>
               <element dimension="2">-2.3412</element>
            </point>
            <point>
               <element dimension="1">11.0737</element>
               <element dimension="2">-0.53768</element>
            </point>
            <point>
               <element dimension="1">11.0858</element>
               <element dimension="2">-0.50509</element>
            </point>
            <point>
               <element dimension="1">15.0929</element>
               <element dimension="2">-1.7261</element>
            </point>
            <point>
               <element dimension="1">15.5556</element>
               <element dimension="2">-1.8825</element>
            </point>
            <point>
               <element dimension="1">17.917</element>
               <element dimension="2">-2.7601</element>
            </point>
            <point>
               <element dimension="1">17.8421</element>
               <element dimension="2">-3.0061</element>
            </point>
            <point>
               <element dimension="1">17.2264</element>
               <element dimension="2">-4.6625</element>
            </point>
            <point>
               <element dimension="1">17.1491</element>
               <element dimension="2">-4.639</element>
            </point>
            <point>
               <element dimension="1">12.2863</element>
               <element dimension="2">-2.9961</element>
            </point>
         </set>
      </occupancy>
      <occupancy>
         <time>
            <intervalStart>0.6</intervalStart>
            <intervalEnd>0.7</intervalEnd>
         </time>
         <set>
            <point>
               <element dimension="1">12.843</element>
               <element dimension="2">-3.0296</element>
            </point>
            <point>
               <element dimension="1">13.4891</element>
               <element dimension="2">-1.291</element>
            </point>
            <point>
               <element dimension="1">13.5008</element>
               <element dimension="2">-1.2646</element>
            </point>
            <point>
               <element dimension="1">17.405</element>
               <element dimension="2">-2.7156</element>
            </point>
            <point>
               <element dimension="1">17.8574</element>
               <element dimension="2">-2.8994</element>
            </point>
            <point>
               <element dimension="1">20.1652</element>
               <element dimension="2">-3.9189</element>
            </point>
            <point>
               <element dimension="1">20.0863</element>
               <element dimension="2">-4.1311</element>
            </point>
            <point>
               <element dimension="1">19.3744</element>
               <element dimension="2">-5.7426</element>
            </point>
            <point>
               <element dimension="1">19.319</element>
               <element dimension="2">-5.722</element>
            </point>
            <point>
               <element dimension="1">14.5706</element>
               <element dimension="2">-3.7928</element>
            </point>
         </set>
      </occupancy>
      <occupancy>
         <time>
            <intervalStart>0.7</intervalStart>
            <intervalEnd>0.8</intervalEnd>
         </time>
         <set>
            <point>
               <element dimension="1">15.1213</element>
               <element dimension="2">-3.8587</element>
            </point>
            <point>
               <element dimension="1">15.8583</element>
               <element dimension="2">-2.1904</element>
            </point>
            <point>
               <element dimension="1">15.8688</element>
               <element dimension="2">-2.17</element>
            </point>
            <point>
               <element dimension="1">19.6573</element>
               <element dimension="2">-3.8436</element>
            </point>
            <point>
               <element dimension="1">20.0978</element>
               <element dimension="2">-4.0542</element>
            </point>
            <point>
               <element dimension="1">22.3417</element>
               <element dimension="2">-5.2117</element>
            </point>
            <point>
               <element dimension="1">22.2628</element>
               <element dimension="2">-5.3902</element>
            </point>
            <point>
               <element dimension="1">21.4577</element>
               <element dimension="2">-6.9512</element>
            </point>
            <point>
               <element dimension="1">21.4231</element>
               <element dimension="2">-6.9359</element>
            </point>
            <point>
               <element dimension="1">16.8095</element>
               <element dimension="2">-4.7295</element>
            </point>
         </set>
      </occupancy>
      <occupancy>
         <time>
            <intervalStart>0.8</intervalStart>
            <intervalEnd>0.9</intervalEnd>
         </time>
         <set>
            <point>
               <element dimension="1">17.3505</element>
               <element dimension="2">-4.8263</element>
            </point>
            <point>
               <element dimension="1">18.1722</element>
               <element dimension="2">-3.2332</element>
            </point>
            <point>
               <element dimension="1">18.181</element>
               <element dimension="2">-3.2184</element>
            </point>
            <point>
               <element dimension="1">21.8396</element>
               <element dimension="2">-5.1055</element>
            </point>
            <point>
               <element dimension="1">22.2684</element>
               <element dimension="2">-5.3433</element>
            </point>
            <point>
               <element dimension="1">24.4385</element>
               <element dimension="2">-6.634</element>
            </point>
            <point>
               <element dimension="1">24.3635</element>
               <element dimension="2">-6.7796</element>
            </point>
            <point>
               <element dimension="1">23.4681</element>
               <element dimension="2">-8.285</element>
            </point>
            <point>
               <element dimension="1">23.4624</element>
               <element dimension="2">-8.2821</element>
            </point>
            <point>
               <element dimension="1">18.993</element>
               <element dimension="2">-5.8033</element>
            </point>
         </set>
      </occupancy>
      <occupancy>
         <time>
            <intervalStart>0.9</intervalStart>
            <intervalEnd>1</intervalEnd>
         </time>
         <set>
            <point>
               <element dimension="1">19.5219</element>
               <element dimension="2">-5.9299</element>
            </point>
            <point>
               <element dimension="1">20.4222</element>
               <element dimension="2">-4.4162</element>
            </point>
            <point>
               <element dimension="1">20.4297</element>
               <element dimension="2">-4.4051</element>
            </point>
            <point>
               <element dimension="1">23.8926</element>
               <element dimension="2">-6.4647</element>
            </point>
            <point>
               <element dimension="1">24.3609</element>
               <element dimension="2">-6.7627</element>
            </point>
            <point>
               <element dimension="1">26.4469</element>
               <element dimension="2">-8.1807</element>
            </point>
            <point>
               <element dimension="1">26.3664</element>
               <element dimension="2">-8.3162</element>
            </point>
            <point>
               <element dimension="1">25.3981</element>
               <element dimension="2">-9.7406</element>
            </point>
            <point>
               <element dimension="1">25.3939</element>
               <element dimension="2">-9.7381</element>
            </point>
            <point>
               <element dimension="1">21.164</element>
               <element dimension="2">-7.0461</element>
            </point>
         </set>
      </occupancy>
   </occupancySet>
   <reachableSet>
      <reachability>
         <time>0</time>
         <x>
            <intervalStart>-0.1</intervalStart>
            <intervalEnd>0.1</intervalEnd>
         </x>
         <y>
            <intervalStart>-0.1</intervalStart>
            <intervalEnd>0.1</intervalEnd>
         </y>
         <velocity>
            <intervalStart>24.2</intervalStart>
            <intervalEnd>24.6</intervalEnd>
         </velocity>
         <orientation>
            <intervalStart>-0.02</intervalStart>
            <intervalEnd>0.02</intervalEnd>
         </orientation>
      </reachability>
      <reachability>
         <time>1</time>
         <x>
            <intervalStart>23.1472</intervalStart>
            <intervalEnd>23.1529</intervalEnd>
         </x>
         <y>
            <intervalStart>-7.167</intervalStart>
            <intervalEnd>-7.1559</intervalEnd>
         </y>
         <velocity>
            <intervalStart>24.8</intervalStart>
            <intervalEnd>24.8</intervalEnd>
         </velocity>
         <orientation>
            <intervalStart>-0.60025</intervalStart>
            <intervalEnd>-0.59977</intervalEnd>
         </orientation>
      </reachability>
   </reachableSet>
</motionPrimitive>