<?xml version="1.0" encoding="utf-8"?>
<motionPrimitive ID="10310">
   <controller type="generator space control">controller10310.mat</controller>
   <successors>
      <id>10416</id>
      <id>10417</id>
      <id>10418</id>
      <id>10419</id>
      <id>10420</id>
      <id>10421</id>
      <id>10422</id>
      <id>10423</id>
      <id>10424</id>
      <id>10425</id>
      <id>10426</id>
      <id>10427</id>
      <id>10428</id>
      <id>10429</id>
      <id>10430</id>
      <id>10431</id>
      <id>10432</id>
      <id>10433</id>
      <id>10434</id>
      <id>10435</id>
      <id>10436</id>
      <id>10437</id>
      <id>10438</id>
      <id>10439</id>
      <id>10440</id>
      <id>10441</id>
      <id>10442</id>
      <id>10443</id>
      <id>10444</id>
      <id>10445</id>
      <id>10446</id>
      <id>10447</id>
      <id>10448</id>
      <id>10449</id>
      <id>10450</id>
      <id>10451</id>
      <id>10452</id>
      <id>10453</id>
      <id>10454</id>
      <id>10455</id>
      <id>10456</id>
      <id>10457</id>
      <id>10458</id>
      <id>10459</id>
      <id>10460</id>
      <id>10461</id>
      <id>10462</id>
      <id>10463</id>
      <id>10464</id>
      <id>10465</id>
      <id>10466</id>
      <id>10467</id>
      <id>10468</id>
      <id>10469</id>
      <id>10470</id>
      <id>10471</id>
      <id>10472</id>
      <id>10473</id>
      <id>10474</id>
      <id>10475</id>
      <id>10476</id>
      <id>10477</id>
      <id>10478</id>
      <id>10479</id>
      <id>10480</id>
      <id>10481</id>
      <id>10482</id>
      <id>10483</id>
      <id>10484</id>
      <id>10485</id>
      <id>10486</id>
      <id>10487</id>
      <id>10488</id>
      <id>10489</id>
      <id>10490</id>
      <id>10491</id>
      <id>10492</id>
      <id>10493</id>
      <id>10494</id>
      <id>10495</id>
      <id>10496</id>
      <id>10497</id>
      <id>10498</id>
      <id>10499</id>
      <id>10500</id>
      <id>10501</id>
      <id>10502</id>
      <id>10503</id>
      <id>10504</id>
      <id>10505</id>
      <id>10506</id>
      <id>10507</id>
      <id>10508</id>
      <id>10509</id>
      <id>10510</id>
      <id>10511</id>
      <id>10512</id>
      <id>10513</id>
      <id>10514</id>
      <id>10515</id>
      <id>10516</id>
      <id>10517</id>
      <id>10518</id>
      <id>10519</id>
      <id>10520</id>
      <id>10521</id>
      <id>10522</id>
      <id>10523</id>
      <id>10524</id>
      <id>10525</id>
      <id>10526</id>
      <id>10527</id>
      <id>10528</id>
      <id>10529</id>
      <id>10530</id>
      <id>10531</id>
      <id>10532</id>
      <id>10533</id>
      <id>10534</id>
      <id>10535</id>
      <id>10536</id>
      <id>10537</id>
      <id>10538</id>
      <id>10539</id>
      <id>10540</id>
      <id>10541</id>
      <id>10542</id>
      <id>10543</id>
      <id>10544</id>
      <id>10545</id>
      <id>10546</id>
      <id>10547</id>
      <id>10548</id>
      <id>10549</id>
      <id>10550</id>
      <id>10551</id>
      <id>10552</id>
      <id>10553</id>
      <id>10554</id>
      <id>10555</id>
      <id>10556</id>
      <id>10557</id>
      <id>10558</id>
      <id>10559</id>
      <id>10560</id>
      <id>10561</id>
      <id>10562</id>
      <id>10563</id>
      <id>10564</id>
      <id>10565</id>
      <id>10566</id>
      <id>10567</id>
      <id>10568</id>
      <id>10569</id>
      <id>10570</id>
      <id>10571</id>
      <id>10572</id>
      <id>10573</id>
      <id>10574</id>
      <id>10575</id>
      <id>10576</id>
      <id>10577</id>
      <id>10578</id>
      <id>10579</id>
      <id>10580</id>
      <id>10581</id>
      <id>10582</id>
      <id>10583</id>
      <id>10584</id>
      <id>10585</id>
      <id>10586</id>
      <id>10587</id>
      <id>10588</id>
      <id>10589</id>
      <id>10590</id>
      <id>10591</id>
      <id>10592</id>
      <id>10593</id>
      <id>10594</id>
      <id>10595</id>
   </successors>
   <trajectory>
      <states>
         <state>
            <time>0</time>
            <x>0</x>
            <y>0</y>
            <velocity>24.8</velocity>
            <orientation>0</orientation>
         </state>
         <state>
            <time>0.1</time>
            <x>2.4779</x>
            <y>0.12311</y>
            <velocity>24.84</velocity>
            <orientation>0.09928</orientation>
         </state>
         <state>
            <time>0.2</time>
            <x>4.9354</x>
            <y>0.492</y>
            <velocity>24.88</velocity>
            <orientation>0.19872</orientation>
         </state>
         <state>
            <time>0.3</time>
            <x>7.3479</x>
            <y>1.1042</y>
            <velocity>24.92</velocity>
            <orientation>0.29832</orientation>
         </state>
         <state>
            <time>0.4</time>
            <x>9.6912</x>
            <y>1.9548</y>
            <velocity>24.96</velocity>
            <orientation>0.39808</orientation>
         </state>
         <state>
            <time>0.5</time>
            <x>11.9417</x>
            <y>3.0365</y>
            <velocity>25</velocity>
            <orientation>0.498</orientation>
         </state>
         <state>
            <time>0.6</time>
            <x>14.0764</x>
            <y>4.3395</y>
            <velocity>25.04</velocity>
            <orientation>0.59808</orientation>
         </state>
         <state>
            <time>0.7</time>
            <x>16.0733</x>
            <y>5.8519</y>
            <velocity>25.08</velocity>
            <orientation>0.69832</orientation>
         </state>
         <state>
            <time>0.8</time>
            <x>17.9116</x>
            <y>7.5594</y>
            <velocity>25.12</velocity>
            <orientation>0.79872</orientation>
         </state>
         <state>
            <time>0.9</time>
            <x>19.572</x>
            <y>9.4457</y>
            <velocity>25.16</velocity>
            <orientation>0.89928</orientation>
         </state>
         <state>
            <time>1</time>
            <x>21.0368</x>
            <y>11.4924</y>
            <velocity>25.2</velocity>
            <orientation>1</orientation>
         </state>
      </states>
      <inputs>
         <input>
            <acceleration>0.4</acceleration>
            <steer>0.091742</steer>
         </input>
         <input>
            <acceleration>0.4</acceleration>
            <steer>0.091742</steer>
         </input>
         <input>
            <acceleration>0.4</acceleration>
            <steer>0.091742</steer>
         </input>
         <input>
            <acceleration>0.4</acceleration>
            <steer>0.091742</steer>
         </input>
         <input>
            <acceleration>0.4</acceleration>
            <steer>0.091742</steer>
         </input>
         <input>
            <acceleration>0.4</acceleration>
            <steer>0.091742</steer>
         </input>
         <input>
            <acceleration>0.4</acceleration>
            <steer>0.091742</steer>
         </input>
         <input>
            <acceleration>0.4</acceleration>
            <steer>0.091742</steer>
         </input>
         <input>
            <acceleration>0.4</acceleration>
            <steer>0.091742</steer>
         </input>
         <input>
            <acceleration>0.4</acceleration>
            <steer>0.091742</steer>
         </input>
      </inputs>
   </trajectory>
   <occupancySet>
      <occupancy>
         <time>
            <intervalStart>0</intervalStart>
            <intervalEnd>0.1</intervalEnd>
         </time>
         <set>
            <point>
               <element dimension="1">-1.13</element>
               <element dimension="2">1.0212</element>
            </point>
            <point>
               <element dimension="1">2.4646</element>
               <element dimension="2">1.3612</element>
            </point>
            <point>
               <element dimension="1">5.5989</element>
               <element dimension="2">1.5168</element>
            </point>
            <point>
               <element dimension="1">5.7985</element>
               <element dimension="2">1.5178</element>
            </point>
            <point>
               <element dimension="1">5.9828</element>
               <element dimension="2">-0.42977</element>
            </point>
            <point>
               <element dimension="1">5.9887</element>
               <element dimension="2">-0.54889</element>
            </point>
            <point>
               <element dimension="1">5.9899</element>
               <element dimension="2">-0.79013</element>
            </point>
            <point>
               <element dimension="1">3.6689</element>
               <element dimension="2">-1.0097</element>
            </point>
            <point>
               <element dimension="1">2.217</element>
               <element dimension="2">-1.0818</element>
            </point>
            <point>
               <element dimension="1">-1.1145</element>
               <element dimension="2">-1.0983</element>
            </point>
            <point>
               <element dimension="1">-1.1197</element>
               <element dimension="2">-1.0433</element>
            </point>
            <point>
               <element dimension="1">-1.1198</element>
               <element dimension="2">-1.0413</element>
            </point>
         </set>
      </occupancy>
      <occupancy>
         <time>
            <intervalStart>0.1</intervalStart>
            <intervalEnd>0.2</intervalEnd>
         </time>
         <set>
            <point>
               <element dimension="1">0.99604</element>
               <element dimension="2">1.0677</element>
            </point>
            <point>
               <element dimension="1">4.4955</element>
               <element dimension="2">1.7543</element>
            </point>
            <point>
               <element dimension="1">7.9018</element>
               <element dimension="2">2.2483</element>
            </point>
            <point>
               <element dimension="1">8.084</element>
               <element dimension="2">2.2655</element>
            </point>
            <point>
               <element dimension="1">8.4836</element>
               <element dimension="2">0.22899</element>
            </point>
            <point>
               <element dimension="1">8.4876</element>
               <element dimension="2">0.20155</element>
            </point>
            <point>
               <element dimension="1">8.5194</element>
               <element dimension="2">-0.13476</element>
            </point>
            <point>
               <element dimension="1">5.9883</element>
               <element dimension="2">-0.63136</element>
            </point>
            <point>
               <element dimension="1">4.6926</element>
               <element dimension="2">-0.81924</element>
            </point>
            <point>
               <element dimension="1">1.2172</element>
               <element dimension="2">-1.148</element>
            </point>
            <point>
               <element dimension="1">1.2023</element>
               <element dimension="2">-1.0719</element>
            </point>
            <point>
               <element dimension="1">1.1912</element>
               <element dimension="2">-0.99501</element>
            </point>
         </set>
      </occupancy>
      <occupancy>
         <time>
            <intervalStart>0.2</intervalStart>
            <intervalEnd>0.3</intervalEnd>
         </time>
         <set>
            <point>
               <element dimension="1">3.3609</element>
               <element dimension="2">1.3428</element>
            </point>
            <point>
               <element dimension="1">6.7694</element>
               <element dimension="2">2.3723</element>
            </point>
            <point>
               <element dimension="1">10.1237</element>
               <element dimension="2">3.2056</element>
            </point>
            <point>
               <element dimension="1">10.2758</element>
               <element dimension="2">3.2355</element>
            </point>
            <point>
               <element dimension="1">10.9107</element>
               <element dimension="2">1.1335</element>
            </point>
            <point>
               <element dimension="1">10.9804</element>
               <element dimension="2">0.77816</element>
            </point>
            <point>
               <element dimension="1">8.5019</element>
               <element dimension="2">0.029515</element>
            </point>
            <point>
               <element dimension="1">7.2417</element>
               <element dimension="2">-0.28357</element>
            </point>
            <point>
               <element dimension="1">3.8293</element>
               <element dimension="2">-0.95309</element>
            </point>
            <point>
               <element dimension="1">3.8009</element>
               <element dimension="2">-0.8591</element>
            </point>
            <point>
               <element dimension="1">3.7628</element>
               <element dimension="2">-0.70587</element>
            </point>
         </set>
      </occupancy>
      <occupancy>
         <time>
            <intervalStart>0.3</intervalStart>
            <intervalEnd>0.4</intervalEnd>
         </time>
         <set>
            <point>
               <element dimension="1">5.691</element>
               <element dimension="2">1.8513</element>
            </point>
            <point>
               <element dimension="1">7.3744</element>
               <element dimension="2">2.5495</element>
            </point>
            <point>
               <element dimension="1">12.274</element>
               <element dimension="2">4.3006</element>
            </point>
            <point>
               <element dimension="1">12.3971</element>
               <element dimension="2">4.3378</element>
            </point>
            <point>
               <element dimension="1">13.1369</element>
               <element dimension="2">2.5541</element>
            </point>
            <point>
               <element dimension="1">13.2116</element>
               <element dimension="2">2.3453</element>
            </point>
            <point>
               <element dimension="1">13.3364</element>
               <element dimension="2">1.9321</element>
            </point>
            <point>
               <element dimension="1">10.9418</element>
               <element dimension="2">0.93892</element>
            </point>
            <point>
               <element dimension="1">10.4767</element>
               <element dimension="2">0.77269</element>
            </point>
            <point>
               <element dimension="1">6.3993</element>
               <element dimension="2">-0.45889</element>
            </point>
            <point>
               <element dimension="1">6.369</element>
               <element dimension="2">-0.38583</element>
            </point>
            <point>
               <element dimension="1">6.3545</element>
               <element dimension="2">-0.34507</element>
            </point>
         </set>
      </occupancy>
      <occupancy>
         <time>
            <intervalStart>0.4</intervalStart>
            <intervalEnd>0.5</intervalEnd>
         </time>
         <set>
            <point>
               <element dimension="1">7.9868</element>
               <element dimension="2">2.5047</element>
            </point>
            <point>
               <element dimension="1">9.3495</element>
               <element dimension="2">3.237</element>
            </point>
            <point>
               <element dimension="1">14.3161</element>
               <element dimension="2">5.5943</element>
            </point>
            <point>
               <element dimension="1">14.4137</element>
               <element dimension="2">5.6347</element>
            </point>
            <point>
               <element dimension="1">15.2883</element>
               <element dimension="2">4.0071</element>
            </point>
            <point>
               <element dimension="1">15.3077</element>
               <element dimension="2">3.9662</element>
            </point>
            <point>
               <element dimension="1">15.5422</element>
               <element dimension="2">3.4009</element>
            </point>
            <point>
               <element dimension="1">13.2501</element>
               <element dimension="2">2.1692</element>
            </point>
            <point>
               <element dimension="1">12.9497</element>
               <element dimension="2">2.0267</element>
            </point>
            <point>
               <element dimension="1">8.8903</element>
               <element dimension="2">0.34293</element>
            </point>
            <point>
               <element dimension="1">8.8604</element>
               <element dimension="2">0.39844</element>
            </point>
         </set>
      </occupancy>
      <occupancy>
         <time>
            <intervalStart>0.5</intervalStart>
            <intervalEnd>0.6</intervalEnd>
         </time>
         <set>
            <point>
               <element dimension="1">10.2183</element>
               <element dimension="2">3.3722</element>
            </point>
            <point>
               <element dimension="1">11.5664</element>
               <element dimension="2">4.2811</element>
            </point>
            <point>
               <element dimension="1">16.2203</element>
               <element dimension="2">7.0906</element>
            </point>
            <point>
               <element dimension="1">16.294</element>
               <element dimension="2">7.1302</element>
            </point>
            <point>
               <element dimension="1">17.3241</element>
               <element dimension="2">5.6021</element>
            </point>
            <point>
               <element dimension="1">17.5927</element>
               <element dimension="2">5.1023</element>
            </point>
            <point>
               <element dimension="1">15.4211</element>
               <element dimension="2">3.6384</element>
            </point>
            <point>
               <element dimension="1">15.0737</element>
               <element dimension="2">3.4286</element>
            </point>
            <point>
               <element dimension="1">11.2877</element>
               <element dimension="2">1.3942</element>
            </point>
            <point>
               <element dimension="1">11.2559</element>
               <element dimension="2">1.4414</element>
            </point>
         </set>
      </occupancy>
      <occupancy>
         <time>
            <intervalStart>0.6</intervalStart>
            <intervalEnd>0.7</intervalEnd>
         </time>
         <set>
            <point>
               <element dimension="1">12.3611</element>
               <element dimension="2">4.467</element>
            </point>
            <point>
               <element dimension="1">13.6042</element>
               <element dimension="2">5.5001</element>
            </point>
            <point>
               <element dimension="1">17.9686</element>
               <element dimension="2">8.772</element>
            </point>
            <point>
               <element dimension="1">18.0205</element>
               <element dimension="2">8.807</element>
            </point>
            <point>
               <element dimension="1">19.1951</element>
               <element dimension="2">7.3935</element>
            </point>
            <point>
               <element dimension="1">19.4621</element>
               <element dimension="2">6.9975</element>
            </point>
            <point>
               <element dimension="1">17.4394</element>
               <element dimension="2">5.3165</element>
            </point>
            <point>
               <element dimension="1">17.1207</element>
               <element dimension="2">5.0776</element>
            </point>
            <point>
               <element dimension="1">13.5693</element>
               <element dimension="2">2.6834</element>
            </point>
            <point>
               <element dimension="1">13.5383</element>
               <element dimension="2">2.7208</element>
            </point>
         </set>
      </occupancy>
      <occupancy>
         <time>
            <intervalStart>0.7</intervalStart>
            <intervalEnd>0.8</intervalEnd>
         </time>
         <set>
            <point>
               <element dimension="1">14.3937</element>
               <element dimension="2">5.7778</element>
            </point>
            <point>
               <element dimension="1">15.5159</element>
               <element dimension="2">6.919</element>
            </point>
            <point>
               <element dimension="1">19.5429</element>
               <element dimension="2">10.6227</element>
            </point>
            <point>
               <element dimension="1">19.5753</element>
               <element dimension="2">10.6496</element>
            </point>
            <point>
               <element dimension="1">20.882</element>
               <element dimension="2">9.3646</element>
            </point>
            <point>
               <element dimension="1">21.1281</element>
               <element dimension="2">9.0685</element>
            </point>
            <point>
               <element dimension="1">19.2823</element>
               <element dimension="2">7.1914</element>
            </point>
            <point>
               <element dimension="1">18.9946</element>
               <element dimension="2">6.9268</element>
            </point>
            <point>
               <element dimension="1">15.7115</element>
               <element dimension="2">4.1984</element>
            </point>
            <point>
               <element dimension="1">15.6829</element>
               <element dimension="2">4.2265</element>
            </point>
         </set>
      </occupancy>
      <occupancy>
         <time>
            <intervalStart>0.8</intervalStart>
            <intervalEnd>0.9</intervalEnd>
         </time>
         <set>
            <point>
               <element dimension="1">16.2937</element>
               <element dimension="2">7.2947</element>
            </point>
            <point>
               <element dimension="1">17.2806</element>
               <element dimension="2">8.5239</element>
            </point>
            <point>
               <element dimension="1">20.9315</element>
               <element dimension="2">12.6307</element>
            </point>
            <point>
               <element dimension="1">20.9418</element>
               <element dimension="2">12.6411</element>
            </point>
            <point>
               <element dimension="1">22.3673</element>
               <element dimension="2">11.4967</element>
            </point>
            <point>
               <element dimension="1">22.5745</element>
               <element dimension="2">11.293</element>
            </point>
            <point>
               <element dimension="1">20.9303</element>
               <element dimension="2">9.245</element>
            </point>
            <point>
               <element dimension="1">20.6745</element>
               <element dimension="2">8.9573</element>
            </point>
            <point>
               <element dimension="1">17.6919</element>
               <element dimension="2">5.9243</element>
            </point>
            <point>
               <element dimension="1">17.6672</element>
               <element dimension="2">5.9441</element>
            </point>
         </set>
      </occupancy>
      <occupancy>
         <time>
            <intervalStart>0.9</intervalStart>
            <intervalEnd>1</intervalEnd>
         </time>
         <set>
            <point>
               <element dimension="1">18.0393</element>
               <element dimension="2">9.0053</element>
            </point>
            <point>
               <element dimension="1">18.9387</element>
               <element dimension="2">10.3908</element>
            </point>
            <point>
               <element dimension="1">22.0918</element>
               <element dimension="2">14.751</element>
            </point>
            <point>
               <element dimension="1">22.0984</element>
               <element dimension="2">14.7591</element>
            </point>
            <point>
               <element dimension="1">23.5677</element>
               <element dimension="2">13.8053</element>
            </point>
            <point>
               <element dimension="1">23.5681</element>
               <element dimension="2">13.805</element>
            </point>
            <point>
               <element dimension="1">23.7795</element>
               <element dimension="2">13.6353</element>
            </point>
            <point>
               <element dimension="1">22.3657</element>
               <element dimension="2">11.4572</element>
            </point>
            <point>
               <element dimension="1">22.1071</element>
               <element dimension="2">11.0996</element>
            </point>
            <point>
               <element dimension="1">19.4921</element>
               <element dimension="2">7.8424</element>
            </point>
            <point>
               <element dimension="1">19.4699</element>
               <element dimension="2">7.8568</element>
            </point>
         </set>
      </occupancy>
   </occupancySet>
   <reachableSet>
      <reachability>
         <time>0</time>
         <x>
            <intervalStart>-0.1</intervalStart>
            <intervalEnd>0.1</intervalEnd>
         </x>
         <y>
            <intervalStart>-0.1</intervalStart>
            <intervalEnd>0.1</intervalEnd>
         </y>
         <velocity>
            <intervalStart>24.6</intervalStart>
            <intervalEnd>25</intervalEnd>
         </velocity>
         <orientation>
            <intervalStart>-0.02</intervalStart>
            <intervalEnd>0.02</intervalEnd>
         </orientation>
      </reachability>
      <reachability>
         <time>1</time>
         <x>
            <intervalStart>21.0254</intervalStart>
            <intervalEnd>21.0437</intervalEnd>
         </x>
         <y>
            <intervalStart>11.4847</intervalStart>
            <intervalEnd>11.5013</intervalEnd>
         </y>
         <velocity>
            <intervalStart>25.2</intervalStart>
            <intervalEnd>25.2</intervalEnd>
         </velocity>
         <orientation>
            <intervalStart>0.99969</intervalStart>
            <intervalEnd>1.0005</intervalEnd>
         </orientation>
      </reachability>
   </reachableSet>
</motionPrimitive>