<?xml version="1.0" encoding="utf-8"?>
<motionPrimitive ID="10029">
   <controller type="generator space control">controller10029.mat</controller>
   <successors>
      <id>10776</id>
      <id>10777</id>
      <id>10778</id>
      <id>10779</id>
      <id>10780</id>
      <id>10781</id>
      <id>10782</id>
      <id>10783</id>
      <id>10784</id>
      <id>10785</id>
      <id>10786</id>
      <id>10787</id>
      <id>10788</id>
      <id>10789</id>
      <id>10790</id>
      <id>10791</id>
      <id>10792</id>
      <id>10793</id>
      <id>10794</id>
      <id>10795</id>
      <id>10796</id>
      <id>10797</id>
      <id>10798</id>
      <id>10799</id>
      <id>10800</id>
      <id>10801</id>
      <id>10802</id>
      <id>10803</id>
      <id>10804</id>
      <id>10805</id>
      <id>10806</id>
      <id>10807</id>
      <id>10808</id>
      <id>10809</id>
      <id>10810</id>
      <id>10811</id>
      <id>10812</id>
      <id>10813</id>
      <id>10814</id>
      <id>10815</id>
      <id>10816</id>
      <id>10817</id>
      <id>10818</id>
      <id>10819</id>
      <id>10820</id>
      <id>10821</id>
      <id>10822</id>
      <id>10823</id>
      <id>10824</id>
      <id>10825</id>
      <id>10826</id>
      <id>10827</id>
      <id>10828</id>
      <id>10829</id>
      <id>10830</id>
      <id>10831</id>
      <id>10832</id>
      <id>10833</id>
      <id>10834</id>
      <id>10835</id>
      <id>10836</id>
      <id>10837</id>
      <id>10838</id>
      <id>10839</id>
      <id>10840</id>
      <id>10841</id>
      <id>10842</id>
      <id>10843</id>
      <id>10844</id>
      <id>10845</id>
      <id>10846</id>
      <id>10847</id>
      <id>10848</id>
      <id>10849</id>
      <id>10850</id>
      <id>10851</id>
      <id>10852</id>
      <id>10853</id>
      <id>10854</id>
      <id>10855</id>
      <id>10856</id>
      <id>10857</id>
      <id>10858</id>
      <id>10859</id>
      <id>10860</id>
      <id>10861</id>
      <id>10862</id>
      <id>10863</id>
      <id>10864</id>
      <id>10865</id>
      <id>10866</id>
      <id>10867</id>
      <id>10868</id>
      <id>10869</id>
      <id>10870</id>
      <id>10871</id>
      <id>10872</id>
      <id>10873</id>
      <id>10874</id>
      <id>10875</id>
      <id>10876</id>
      <id>10877</id>
      <id>10878</id>
      <id>10879</id>
      <id>10880</id>
      <id>10881</id>
      <id>10882</id>
      <id>10883</id>
      <id>10884</id>
      <id>10885</id>
      <id>10886</id>
      <id>10887</id>
      <id>10888</id>
      <id>10889</id>
      <id>10890</id>
      <id>10891</id>
      <id>10892</id>
      <id>10893</id>
      <id>10894</id>
      <id>10895</id>
      <id>10896</id>
      <id>10897</id>
      <id>10898</id>
      <id>10899</id>
      <id>10900</id>
      <id>10901</id>
      <id>10902</id>
      <id>10903</id>
      <id>10904</id>
      <id>10905</id>
      <id>10906</id>
      <id>10907</id>
      <id>10908</id>
      <id>10909</id>
      <id>10910</id>
      <id>10911</id>
      <id>10912</id>
      <id>10913</id>
      <id>10914</id>
      <id>10915</id>
      <id>10916</id>
      <id>10917</id>
      <id>10918</id>
      <id>10919</id>
      <id>10920</id>
      <id>10921</id>
      <id>10922</id>
      <id>10923</id>
      <id>10924</id>
      <id>10925</id>
      <id>10926</id>
      <id>10927</id>
      <id>10928</id>
      <id>10929</id>
      <id>10930</id>
      <id>10931</id>
      <id>10932</id>
      <id>10933</id>
      <id>10934</id>
      <id>10935</id>
      <id>10936</id>
      <id>10937</id>
      <id>10938</id>
      <id>10939</id>
      <id>10940</id>
      <id>10941</id>
      <id>10942</id>
      <id>10943</id>
      <id>10944</id>
      <id>10945</id>
      <id>10946</id>
      <id>10947</id>
      <id>10948</id>
      <id>10949</id>
      <id>10950</id>
      <id>10951</id>
      <id>10952</id>
      <id>10953</id>
      <id>10954</id>
      <id>10955</id>
   </successors>
   <trajectory>
      <states>
         <state>
            <time>0</time>
            <x>0</x>
            <y>0</y>
            <velocity>24</velocity>
            <orientation>0</orientation>
         </state>
         <state>
            <time>0.1</time>
            <x>2.4097</x>
            <y>-0.034846</y>
            <velocity>24.2</velocity>
            <orientation>-0.02892</orientation>
         </state>
         <state>
            <time>0.2</time>
            <x>4.8373</x>
            <y>-0.14051</y>
            <velocity>24.4</velocity>
            <orientation>-0.05808</orientation>
         </state>
         <state>
            <time>0.3</time>
            <x>7.2807</x>
            <y>-0.31866</y>
            <velocity>24.6</velocity>
            <orientation>-0.08748</orientation>
         </state>
         <state>
            <time>0.4</time>
            <x>9.7377</x>
            <y>-0.57089</y>
            <velocity>24.8</velocity>
            <orientation>-0.11712</orientation>
         </state>
         <state>
            <time>0.5</time>
            <x>12.2059</x>
            <y>-0.89875</y>
            <velocity>25</velocity>
            <orientation>-0.147</orientation>
         </state>
         <state>
            <time>0.6</time>
            <x>14.6829</x>
            <y>-1.3037</y>
            <velocity>25.2</velocity>
            <orientation>-0.17712</orientation>
         </state>
         <state>
            <time>0.7</time>
            <x>17.1662</x>
            <y>-1.7872</y>
            <velocity>25.4</velocity>
            <orientation>-0.20748</orientation>
         </state>
         <state>
            <time>0.8</time>
            <x>19.6531</x>
            <y>-2.3506</y>
            <velocity>25.6</velocity>
            <orientation>-0.23808</orientation>
         </state>
         <state>
            <time>0.9</time>
            <x>22.1409</x>
            <y>-2.9951</y>
            <velocity>25.8</velocity>
            <orientation>-0.26892</orientation>
         </state>
         <state>
            <time>1</time>
            <x>24.6267</x>
            <y>-3.722</y>
            <velocity>26</velocity>
            <orientation>-0.3</orientation>
         </state>
      </states>
      <inputs>
         <input>
            <acceleration>2</acceleration>
            <steer>-0.027593</steer>
         </input>
         <input>
            <acceleration>2</acceleration>
            <steer>-0.027593</steer>
         </input>
         <input>
            <acceleration>2</acceleration>
            <steer>-0.027593</steer>
         </input>
         <input>
            <acceleration>2</acceleration>
            <steer>-0.027593</steer>
         </input>
         <input>
            <acceleration>2</acceleration>
            <steer>-0.027593</steer>
         </input>
         <input>
            <acceleration>2</acceleration>
            <steer>-0.027593</steer>
         </input>
         <input>
            <acceleration>2</acceleration>
            <steer>-0.027593</steer>
         </input>
         <input>
            <acceleration>2</acceleration>
            <steer>-0.027593</steer>
         </input>
         <input>
            <acceleration>2</acceleration>
            <steer>-0.027593</steer>
         </input>
         <input>
            <acceleration>2</acceleration>
            <steer>-0.027593</steer>
         </input>
      </inputs>
   </trajectory>
   <occupancySet>
      <occupancy>
         <time>
            <intervalStart>0</intervalStart>
            <intervalEnd>0.1</intervalEnd>
         </time>
         <set>
            <point>
               <element dimension="1">-1.1227</element>
               <element dimension="2">-1.0185</element>
            </point>
            <point>
               <element dimension="1">-1.1197</element>
               <element dimension="2">1.0246</element>
            </point>
            <point>
               <element dimension="1">-1.1197</element>
               <element dimension="2">1.0249</element>
            </point>
            <point>
               <element dimension="1">-1.1197</element>
               <element dimension="2">1.0254</element>
            </point>
            <point>
               <element dimension="1">3.4016</element>
               <element dimension="2">1.0189</element>
            </point>
            <point>
               <element dimension="1">3.6472</element>
               <element dimension="2">1.0154</element>
            </point>
            <point>
               <element dimension="1">5.8409</element>
               <element dimension="2">0.95508</element>
            </point>
            <point>
               <element dimension="1">5.8406</element>
               <element dimension="2">0.75714</element>
            </point>
            <point>
               <element dimension="1">5.8385</element>
               <element dimension="2">0.61114</element>
            </point>
            <point>
               <element dimension="1">5.7913</element>
               <element dimension="2">-1.1084</element>
            </point>
            <point>
               <element dimension="1">5.0021</element>
               <element dimension="2">-1.1073</element>
            </point>
            <point>
               <element dimension="1">-1.1074</element>
               <element dimension="2">-1.0189</element>
            </point>
         </set>
      </occupancy>
      <occupancy>
         <time>
            <intervalStart>0.1</intervalStart>
            <intervalEnd>0.2</intervalEnd>
         </time>
         <set>
            <point>
               <element dimension="1">1.0313</element>
               <element dimension="2">-0.97882</element>
            </point>
            <point>
               <element dimension="1">1.0852</element>
               <element dimension="2">0.98154</element>
            </point>
            <point>
               <element dimension="1">1.0859</element>
               <element dimension="2">0.99393</element>
            </point>
            <point>
               <element dimension="1">5.1324</element>
               <element dimension="2">0.88273</element>
            </point>
            <point>
               <element dimension="1">5.8399</element>
               <element dimension="2">0.85296</element>
            </point>
            <point>
               <element dimension="1">8.2864</element>
               <element dimension="2">0.71428</element>
            </point>
            <point>
               <element dimension="1">8.2786</element>
               <element dimension="2">0.43186</element>
            </point>
            <point>
               <element dimension="1">8.2784</element>
               <element dimension="2">0.42679</element>
            </point>
            <point>
               <element dimension="1">8.1798</element>
               <element dimension="2">-1.3116</element>
            </point>
            <point>
               <element dimension="1">8.0112</element>
               <element dimension="2">-1.307</element>
            </point>
            <point>
               <element dimension="1">3.3893</element>
               <element dimension="2">-1.1125</element>
            </point>
         </set>
      </occupancy>
      <occupancy>
         <time>
            <intervalStart>0.2</intervalStart>
            <intervalEnd>0.3</intervalEnd>
         </time>
         <set>
            <point>
               <element dimension="1">3.4363</element>
               <element dimension="2">-1.0438</element>
            </point>
            <point>
               <element dimension="1">3.5469</element>
               <element dimension="2">0.90736</element>
            </point>
            <point>
               <element dimension="1">3.5481</element>
               <element dimension="2">0.9215</element>
            </point>
            <point>
               <element dimension="1">7.8775</element>
               <element dimension="2">0.67608</element>
            </point>
            <point>
               <element dimension="1">8.2825</element>
               <element dimension="2">0.64715</element>
            </point>
            <point>
               <element dimension="1">10.7428</element>
               <element dimension="2">0.43501</element>
            </point>
            <point>
               <element dimension="1">10.7276</element>
               <element dimension="2">0.16613</element>
            </point>
            <point>
               <element dimension="1">10.5773</element>
               <element dimension="2">-1.5761</element>
            </point>
            <point>
               <element dimension="1">10.431</element>
               <element dimension="2">-1.5678</element>
            </point>
            <point>
               <element dimension="1">5.0767</element>
               <element dimension="2">-1.1852</element>
            </point>
         </set>
      </occupancy>
      <occupancy>
         <time>
            <intervalStart>0.3</intervalStart>
            <intervalEnd>0.4</intervalEnd>
         </time>
         <set>
            <point>
               <element dimension="1">5.8637</element>
               <element dimension="2">-1.1701</element>
            </point>
            <point>
               <element dimension="1">6.0292</element>
               <element dimension="2">0.74862</element>
            </point>
            <point>
               <element dimension="1">6.0315</element>
               <element dimension="2">0.76846</element>
            </point>
            <point>
               <element dimension="1">10.3621</element>
               <element dimension="2">0.39505</element>
            </point>
            <point>
               <element dimension="1">10.7336</element>
               <element dimension="2">0.35746</element>
            </point>
            <point>
               <element dimension="1">13.2095</element>
               <element dimension="2">0.069868</element>
            </point>
            <point>
               <element dimension="1">13.1887</element>
               <element dimension="2">-0.17135</element>
            </point>
            <point>
               <element dimension="1">12.9865</element>
               <element dimension="2">-1.9122</element>
            </point>
            <point>
               <element dimension="1">12.8615</element>
               <element dimension="2">-1.9014</element>
            </point>
            <point>
               <element dimension="1">7.4265</element>
               <element dimension="2">-1.3516</element>
            </point>
         </set>
      </occupancy>
      <occupancy>
         <time>
            <intervalStart>0.4</intervalStart>
            <intervalEnd>0.5</intervalEnd>
         </time>
         <set>
            <point>
               <element dimension="1">8.3061</element>
               <element dimension="2">-1.3684</element>
            </point>
            <point>
               <element dimension="1">8.5255</element>
               <element dimension="2">0.52085</element>
            </point>
            <point>
               <element dimension="1">8.5282</element>
               <element dimension="2">0.5388</element>
            </point>
            <point>
               <element dimension="1">12.8571</element>
               <element dimension="2">0.035973</element>
            </point>
            <point>
               <element dimension="1">13.1969</element>
               <element dimension="2">-0.0086492</element>
            </point>
            <point>
               <element dimension="1">15.6823</element>
               <element dimension="2">-0.37287</element>
            </point>
            <point>
               <element dimension="1">15.6573</element>
               <element dimension="2">-0.58827</element>
            </point>
            <point>
               <element dimension="1">15.4036</element>
               <element dimension="2">-2.3192</element>
            </point>
            <point>
               <element dimension="1">15.301</element>
               <element dimension="2">-2.3073</element>
            </point>
            <point>
               <element dimension="1">9.6422</element>
               <element dimension="2">-1.5642</element>
            </point>
         </set>
      </occupancy>
      <occupancy>
         <time>
            <intervalStart>0.5</intervalStart>
            <intervalEnd>0.6</intervalEnd>
         </time>
         <set>
            <point>
               <element dimension="1">10.7634</element>
               <element dimension="2">-1.6384</element>
            </point>
            <point>
               <element dimension="1">11.0349</element>
               <element dimension="2">0.2144</element>
            </point>
            <point>
               <element dimension="1">11.0375</element>
               <element dimension="2">0.22916</element>
            </point>
            <point>
               <element dimension="1">15.3162</element>
               <element dimension="2">-0.39784</element>
            </point>
            <point>
               <element dimension="1">15.6655</element>
               <element dimension="2">-0.45442</element>
            </point>
            <point>
               <element dimension="1">18.1594</element>
               <element dimension="2">-0.89693</element>
            </point>
            <point>
               <element dimension="1">18.1322</element>
               <element dimension="2">-1.0824</element>
            </point>
            <point>
               <element dimension="1">17.827</element>
               <element dimension="2">-2.8022</element>
            </point>
            <point>
               <element dimension="1">17.7466</element>
               <element dimension="2">-2.7904</element>
            </point>
            <point>
               <element dimension="1">12.1195</element>
               <element dimension="2">-1.8791</element>
            </point>
         </set>
      </occupancy>
      <occupancy>
         <time>
            <intervalStart>0.6</intervalStart>
            <intervalEnd>0.7</intervalEnd>
         </time>
         <set>
            <point>
               <element dimension="1">13.2318</element>
               <element dimension="2">-1.9854</element>
            </point>
            <point>
               <element dimension="1">13.5538</element>
               <element dimension="2">-0.17082</element>
            </point>
            <point>
               <element dimension="1">13.5562</element>
               <element dimension="2">-0.15903</element>
            </point>
            <point>
               <element dimension="1">17.7922</element>
               <element dimension="2">-0.91067</element>
            </point>
            <point>
               <element dimension="1">18.1396</element>
               <element dimension="2">-0.97775</element>
            </point>
            <point>
               <element dimension="1">20.6384</element>
               <element dimension="2">-1.4998</element>
            </point>
            <point>
               <element dimension="1">20.6108</element>
               <element dimension="2">-1.6553</element>
            </point>
            <point>
               <element dimension="1">20.2542</element>
               <element dimension="2">-3.3622</element>
            </point>
            <point>
               <element dimension="1">20.1958</element>
               <element dimension="2">-3.3519</element>
            </point>
            <point>
               <element dimension="1">14.5941</element>
               <element dimension="2">-2.27</element>
            </point>
         </set>
      </occupancy>
      <occupancy>
         <time>
            <intervalStart>0.7</intervalStart>
            <intervalEnd>0.8</intervalEnd>
         </time>
         <set>
            <point>
               <element dimension="1">15.7089</element>
               <element dimension="2">-2.4105</element>
            </point>
            <point>
               <element dimension="1">16.0796</element>
               <element dimension="2">-0.63604</element>
            </point>
            <point>
               <element dimension="1">16.0817</element>
               <element dimension="2">-0.62722</element>
            </point>
            <point>
               <element dimension="1">20.2713</element>
               <element dimension="2">-1.5025</element>
            </point>
            <point>
               <element dimension="1">20.6163</element>
               <element dimension="2">-1.5801</element>
            </point>
            <point>
               <element dimension="1">23.1167</element>
               <element dimension="2">-2.1829</element>
            </point>
            <point>
               <element dimension="1">23.0905</element>
               <element dimension="2">-2.3082</element>
            </point>
            <point>
               <element dimension="1">22.6826</element>
               <element dimension="2">-4.0006</element>
            </point>
            <point>
               <element dimension="1">22.6458</element>
               <element dimension="2">-3.9929</element>
            </point>
            <point>
               <element dimension="1">17.075</element>
               <element dimension="2">-2.7399</element>
            </point>
         </set>
      </occupancy>
      <occupancy>
         <time>
            <intervalStart>0.8</intervalStart>
            <intervalEnd>0.9</intervalEnd>
         </time>
         <set>
            <point>
               <element dimension="1">18.192</element>
               <element dimension="2">-2.9154</element>
            </point>
            <point>
               <element dimension="1">18.6097</element>
               <element dimension="2">-1.1827</element>
            </point>
            <point>
               <element dimension="1">18.6113</element>
               <element dimension="2">-1.1768</element>
            </point>
            <point>
               <element dimension="1">22.7494</element>
               <element dimension="2">-2.1743</element>
            </point>
            <point>
               <element dimension="1">23.0932</element>
               <element dimension="2">-2.2628</element>
            </point>
            <point>
               <element dimension="1">25.5915</element>
               <element dimension="2">-2.9472</element>
            </point>
            <point>
               <element dimension="1">25.5686</element>
               <element dimension="2">-3.0422</element>
            </point>
            <point>
               <element dimension="1">25.1093</element>
               <element dimension="2">-4.7187</element>
            </point>
            <point>
               <element dimension="1">25.1035</element>
               <element dimension="2">-4.7173</element>
            </point>
            <point>
               <element dimension="1">19.5633</element>
               <element dimension="2">-3.2911</element>
            </point>
         </set>
      </occupancy>
      <occupancy>
         <time>
            <intervalStart>0.9</intervalStart>
            <intervalEnd>1</intervalEnd>
         </time>
         <set>
            <point>
               <element dimension="1">20.6785</element>
               <element dimension="2">-3.5015</element>
            </point>
            <point>
               <element dimension="1">21.1413</element>
               <element dimension="2">-1.812</element>
            </point>
            <point>
               <element dimension="1">21.1425</element>
               <element dimension="2">-1.8081</element>
            </point>
            <point>
               <element dimension="1">25.1681</element>
               <element dimension="2">-2.9108</element>
            </point>
            <point>
               <element dimension="1">25.5673</element>
               <element dimension="2">-3.0269</element>
            </point>
            <point>
               <element dimension="1">28.0596</element>
               <element dimension="2">-3.7936</element>
            </point>
            <point>
               <element dimension="1">28.0354</element>
               <element dimension="2">-3.8819</element>
            </point>
            <point>
               <element dimension="1">27.5317</element>
               <element dimension="2">-5.5194</element>
            </point>
            <point>
               <element dimension="1">27.5288</element>
               <element dimension="2">-5.5186</element>
            </point>
            <point>
               <element dimension="1">22.1973</element>
               <element dimension="2">-3.9687</element>
            </point>
         </set>
      </occupancy>
   </occupancySet>
   <reachableSet>
      <reachability>
         <time>0</time>
         <x>
            <intervalStart>-0.1</intervalStart>
            <intervalEnd>0.1</intervalEnd>
         </x>
         <y>
            <intervalStart>-0.1</intervalStart>
            <intervalEnd>0.1</intervalEnd>
         </y>
         <velocity>
            <intervalStart>23.8</intervalStart>
            <intervalEnd>24.2</intervalEnd>
         </velocity>
         <orientation>
            <intervalStart>-0.02</intervalStart>
            <intervalEnd>0.02</intervalEnd>
         </orientation>
      </reachability>
      <reachability>
         <time>1</time>
         <x>
            <intervalStart>24.6249</intervalStart>
            <intervalEnd>24.628</intervalEnd>
         </x>
         <y>
            <intervalStart>-3.7275</intervalStart>
            <intervalEnd>-3.7167</intervalEnd>
         </y>
         <velocity>
            <intervalStart>26</intervalStart>
            <intervalEnd>26</intervalEnd>
         </velocity>
         <orientation>
            <intervalStart>-0.30023</intervalStart>
            <intervalEnd>-0.29978</intervalEnd>
         </orientation>
      </reachability>
   </reachableSet>
</motionPrimitive>