<?xml version="1.0" encoding="utf-8"?>
<motionPrimitive ID="1024">
   <controller type="generator space control">controller1024.mat</controller>
   <successors>
      <id>1</id>
      <id>2</id>
      <id>3</id>
      <id>4</id>
      <id>5</id>
      <id>6</id>
      <id>7</id>
      <id>8</id>
      <id>9</id>
      <id>10</id>
      <id>11</id>
      <id>12</id>
      <id>13</id>
      <id>14</id>
      <id>15</id>
      <id>16</id>
      <id>17</id>
      <id>18</id>
      <id>19</id>
      <id>20</id>
      <id>21</id>
      <id>22</id>
      <id>23</id>
      <id>24</id>
      <id>25</id>
      <id>26</id>
      <id>27</id>
      <id>28</id>
      <id>29</id>
      <id>30</id>
      <id>31</id>
      <id>32</id>
      <id>33</id>
      <id>34</id>
      <id>35</id>
      <id>36</id>
      <id>37</id>
      <id>38</id>
      <id>39</id>
      <id>40</id>
      <id>41</id>
      <id>42</id>
      <id>43</id>
      <id>44</id>
      <id>45</id>
      <id>46</id>
      <id>47</id>
      <id>48</id>
      <id>49</id>
      <id>50</id>
      <id>51</id>
      <id>52</id>
      <id>53</id>
      <id>54</id>
      <id>55</id>
      <id>56</id>
      <id>57</id>
      <id>58</id>
      <id>59</id>
      <id>60</id>
      <id>61</id>
      <id>62</id>
      <id>63</id>
      <id>64</id>
      <id>65</id>
      <id>66</id>
      <id>67</id>
      <id>68</id>
      <id>69</id>
      <id>70</id>
      <id>71</id>
      <id>72</id>
      <id>73</id>
      <id>74</id>
      <id>75</id>
      <id>76</id>
      <id>77</id>
      <id>78</id>
      <id>79</id>
      <id>80</id>
      <id>81</id>
      <id>82</id>
      <id>83</id>
      <id>84</id>
      <id>85</id>
      <id>86</id>
      <id>87</id>
      <id>88</id>
      <id>89</id>
      <id>90</id>
      <id>91</id>
      <id>92</id>
      <id>93</id>
      <id>94</id>
      <id>95</id>
      <id>96</id>
      <id>97</id>
      <id>98</id>
      <id>99</id>
      <id>100</id>
      <id>101</id>
      <id>102</id>
      <id>103</id>
      <id>104</id>
      <id>105</id>
      <id>106</id>
      <id>107</id>
      <id>108</id>
      <id>109</id>
      <id>110</id>
      <id>111</id>
      <id>112</id>
      <id>113</id>
      <id>114</id>
      <id>115</id>
      <id>116</id>
      <id>117</id>
      <id>118</id>
      <id>119</id>
      <id>120</id>
      <id>121</id>
      <id>122</id>
      <id>123</id>
      <id>124</id>
      <id>125</id>
      <id>126</id>
      <id>127</id>
      <id>128</id>
      <id>129</id>
      <id>130</id>
      <id>131</id>
      <id>132</id>
      <id>133</id>
      <id>134</id>
      <id>135</id>
      <id>136</id>
      <id>137</id>
      <id>138</id>
      <id>139</id>
      <id>140</id>
      <id>141</id>
      <id>142</id>
      <id>143</id>
      <id>144</id>
      <id>145</id>
      <id>146</id>
      <id>147</id>
      <id>148</id>
      <id>149</id>
      <id>150</id>
      <id>151</id>
      <id>152</id>
      <id>153</id>
      <id>154</id>
   </successors>
   <trajectory>
      <states>
         <state>
            <time>0</time>
            <x>0</x>
            <y>0</y>
            <velocity>5.6</velocity>
            <orientation>0</orientation>
         </state>
         <state>
            <time>0.1</time>
            <x>0.54953</x>
            <y>0.01972</y>
            <velocity>5.4</velocity>
            <orientation>0.071739</orientation>
         </state>
         <state>
            <time>0.2</time>
            <x>1.0764</x>
            <y>0.075944</y>
            <velocity>5.2</velocity>
            <orientation>0.14087</orientation>
         </state>
         <state>
            <time>0.3</time>
            <x>1.5786</x>
            <y>0.16429</y>
            <velocity>5</velocity>
            <orientation>0.20739</orientation>
         </state>
         <state>
            <time>0.4</time>
            <x>2.0546</x>
            <y>0.28043</y>
            <velocity>4.8</velocity>
            <orientation>0.2713</orientation>
         </state>
         <state>
            <time>0.5</time>
            <x>2.5032</x>
            <y>0.42018</y>
            <velocity>4.6</velocity>
            <orientation>0.33261</orientation>
         </state>
         <state>
            <time>0.6</time>
            <x>2.924</x>
            <y>0.57951</y>
            <velocity>4.4</velocity>
            <orientation>0.3913</orientation>
         </state>
         <state>
            <time>0.7</time>
            <x>3.3167</x>
            <y>0.75456</y>
            <velocity>4.2</velocity>
            <orientation>0.44739</orientation>
         </state>
         <state>
            <time>0.8</time>
            <x>3.6814</x>
            <y>0.94173</y>
            <velocity>4</velocity>
            <orientation>0.50087</orientation>
         </state>
         <state>
            <time>0.9</time>
            <x>4.0186</x>
            <y>1.1376</y>
            <velocity>3.8</velocity>
            <orientation>0.55174</orientation>
         </state>
         <state>
            <time>1</time>
            <x>4.3289</x>
            <y>1.3391</y>
            <velocity>3.6</velocity>
            <orientation>0.6</orientation>
         </state>
      </states>
      <inputs>
         <input>
            <acceleration>-2</acceleration>
            <steer>0.29146</steer>
         </input>
         <input>
            <acceleration>-2</acceleration>
            <steer>0.29146</steer>
         </input>
         <input>
            <acceleration>-2</acceleration>
            <steer>0.29146</steer>
         </input>
         <input>
            <acceleration>-2</acceleration>
            <steer>0.29146</steer>
         </input>
         <input>
            <acceleration>-2</acceleration>
            <steer>0.29146</steer>
         </input>
         <input>
            <acceleration>-2</acceleration>
            <steer>0.29146</steer>
         </input>
         <input>
            <acceleration>-2</acceleration>
            <steer>0.29146</steer>
         </input>
         <input>
            <acceleration>-2</acceleration>
            <steer>0.29146</steer>
         </input>
         <input>
            <acceleration>-2</acceleration>
            <steer>0.29146</steer>
         </input>
         <input>
            <acceleration>-2</acceleration>
            <steer>0.29146</steer>
         </input>
      </inputs>
   </trajectory>
   <occupancySet>
      <occupancy>
         <time>
            <intervalStart>0</intervalStart>
            <intervalEnd>0.1</intervalEnd>
         </time>
         <set>
            <point>
               <element dimension="1">-1.1275</element>
               <element dimension="2">1.023</element>
            </point>
            <point>
               <element dimension="1">-0.2564</element>
               <element dimension="2">1.0827</element>
            </point>
            <point>
               <element dimension="1">3.7013</element>
               <element dimension="2">1.2255</element>
            </point>
            <point>
               <element dimension="1">3.8922</element>
               <element dimension="2">1.2262</element>
            </point>
            <point>
               <element dimension="1">4.0114</element>
               <element dimension="2">-0.51119</element>
            </point>
            <point>
               <element dimension="1">4.0147</element>
               <element dimension="2">-0.60374</element>
            </point>
            <point>
               <element dimension="1">4.0161</element>
               <element dimension="2">-0.97783</element>
            </point>
            <point>
               <element dimension="1">3.4227</element>
               <element dimension="2">-1.0185</element>
            </point>
            <point>
               <element dimension="1">3.2427</element>
               <element dimension="2">-1.025</element>
            </point>
            <point>
               <element dimension="1">-1.1195</element>
               <element dimension="2">-1.041</element>
            </point>
            <point>
               <element dimension="1">-1.1199</element>
               <element dimension="2">-1.0345</element>
            </point>
            <point>
               <element dimension="1">-1.1199</element>
               <element dimension="2">-1.0344</element>
            </point>
         </set>
      </occupancy>
      <occupancy>
         <time>
            <intervalStart>0.1</intervalStart>
            <intervalEnd>0.2</intervalEnd>
         </time>
         <set>
            <point>
               <element dimension="1">-0.68641</element>
               <element dimension="2">0.91865</element>
            </point>
            <point>
               <element dimension="1">2.58</element>
               <element dimension="2">1.3729</element>
            </point>
            <point>
               <element dimension="1">4.1665</element>
               <element dimension="2">1.5374</element>
            </point>
            <point>
               <element dimension="1">4.338</element>
               <element dimension="2">1.5492</element>
            </point>
            <point>
               <element dimension="1">4.5962</element>
               <element dimension="2">-0.3073</element>
            </point>
            <point>
               <element dimension="1">4.6192</element>
               <element dimension="2">-0.64297</element>
            </point>
            <point>
               <element dimension="1">3.9418</element>
               <element dimension="2">-0.73718</element>
            </point>
            <point>
               <element dimension="1">1.5977</element>
               <element dimension="2">-0.9803</element>
            </point>
            <point>
               <element dimension="1">-0.53932</element>
               <element dimension="2">-1.1269</element>
            </point>
            <point>
               <element dimension="1">-0.55276</element>
               <element dimension="2">-1.0302</element>
            </point>
         </set>
      </occupancy>
      <occupancy>
         <time>
            <intervalStart>0.2</intervalStart>
            <intervalEnd>0.3</intervalEnd>
         </time>
         <set>
            <point>
               <element dimension="1">-0.23812</element>
               <element dimension="2">0.91902</element>
            </point>
            <point>
               <element dimension="1">1.894</element>
               <element dimension="2">1.3619</element>
            </point>
            <point>
               <element dimension="1">4.5786</element>
               <element dimension="2">1.8272</element>
            </point>
            <point>
               <element dimension="1">4.7273</element>
               <element dimension="2">1.8479</element>
            </point>
            <point>
               <element dimension="1">5.1137</element>
               <element dimension="2">-0.012305</element>
            </point>
            <point>
               <element dimension="1">5.1598</element>
               <element dimension="2">-0.34414</element>
            </point>
            <point>
               <element dimension="1">4.5309</element>
               <element dimension="2">-0.4748</element>
            </point>
            <point>
               <element dimension="1">3.265</element>
               <element dimension="2">-0.6942</element>
            </point>
            <point>
               <element dimension="1">0.053399</element>
               <element dimension="2">-1.1408</element>
            </point>
            <point>
               <element dimension="1">0.038013</element>
               <element dimension="2">-1.0667</element>
            </point>
         </set>
      </occupancy>
      <occupancy>
         <time>
            <intervalStart>0.3</intervalStart>
            <intervalEnd>0.4</intervalEnd>
         </time>
         <set>
            <point>
               <element dimension="1">0.22143</element>
               <element dimension="2">0.91627</element>
            </point>
            <point>
               <element dimension="1">2.469</element>
               <element dimension="2">1.5357</element>
            </point>
            <point>
               <element dimension="1">4.98</element>
               <element dimension="2">2.142</element>
            </point>
            <point>
               <element dimension="1">5.0915</element>
               <element dimension="2">2.1651</element>
            </point>
            <point>
               <element dimension="1">5.6033</element>
               <element dimension="2">0.30802</element>
            </point>
            <point>
               <element dimension="1">5.6639</element>
               <element dimension="2">0.016286</element>
            </point>
            <point>
               <element dimension="1">5.0523</element>
               <element dimension="2">-0.15229</element>
            </point>
            <point>
               <element dimension="1">3.6059</element>
               <element dimension="2">-0.5015</element>
            </point>
            <point>
               <element dimension="1">0.64987</element>
               <element dimension="2">-1.1156</element>
            </point>
            <point>
               <element dimension="1">0.62405</element>
               <element dimension="2">-1.0219</element>
            </point>
         </set>
      </occupancy>
      <occupancy>
         <time>
            <intervalStart>0.4</intervalStart>
            <intervalEnd>0.5</intervalEnd>
         </time>
         <set>
            <point>
               <element dimension="1">0.65051</element>
               <element dimension="2">0.94373</element>
            </point>
            <point>
               <element dimension="1">2.3726</element>
               <element dimension="2">1.5343</element>
            </point>
            <point>
               <element dimension="1">5.4008</element>
               <element dimension="2">2.4696</element>
            </point>
            <point>
               <element dimension="1">5.4108</element>
               <element dimension="2">2.4724</element>
            </point>
            <point>
               <element dimension="1">6.0339</element>
               <element dimension="2">0.65572</element>
            </point>
            <point>
               <element dimension="1">6.1092</element>
               <element dimension="2">0.3824</element>
            </point>
            <point>
               <element dimension="1">5.5458</element>
               <element dimension="2">0.1892</element>
            </point>
            <point>
               <element dimension="1">4.5012</element>
               <element dimension="2">-0.13347</element>
            </point>
            <point>
               <element dimension="1">1.201</element>
               <element dimension="2">-1.043</element>
            </point>
            <point>
               <element dimension="1">1.186</element>
               <element dimension="2">-0.99934</element>
            </point>
         </set>
      </occupancy>
      <occupancy>
         <time>
            <intervalStart>0.5</intervalStart>
            <intervalEnd>0.6</intervalEnd>
         </time>
         <set>
            <point>
               <element dimension="1">1.081</element>
               <element dimension="2">0.9824</element>
            </point>
            <point>
               <element dimension="1">2.9711</element>
               <element dimension="2">1.7576</element>
            </point>
            <point>
               <element dimension="1">5.6879</element>
               <element dimension="2">2.7793</element>
            </point>
            <point>
               <element dimension="1">5.6984</element>
               <element dimension="2">2.7829</element>
            </point>
            <point>
               <element dimension="1">6.4257</element>
               <element dimension="2">1.0096</element>
            </point>
            <point>
               <element dimension="1">6.5057</element>
               <element dimension="2">0.77616</element>
            </point>
            <point>
               <element dimension="1">5.9778</element>
               <element dimension="2">0.55963</element>
            </point>
            <point>
               <element dimension="1">4.7442</element>
               <element dimension="2">0.095693</element>
            </point>
            <point>
               <element dimension="1">1.7409</element>
               <element dimension="2">-0.93426</element>
            </point>
            <point>
               <element dimension="1">1.7249</element>
               <element dimension="2">-0.89541</element>
            </point>
         </set>
      </occupancy>
      <occupancy>
         <time>
            <intervalStart>0.6</intervalStart>
            <intervalEnd>0.7</intervalEnd>
         </time>
         <set>
            <point>
               <element dimension="1">1.491</element>
               <element dimension="2">1.0486</element>
            </point>
            <point>
               <element dimension="1">3.6153</element>
               <element dimension="2">2.0628</element>
            </point>
            <point>
               <element dimension="1">5.9271</element>
               <element dimension="2">3.0876</element>
            </point>
            <point>
               <element dimension="1">5.9535</element>
               <element dimension="2">3.0985</element>
            </point>
            <point>
               <element dimension="1">6.7799</element>
               <element dimension="2">1.3675</element>
            </point>
            <point>
               <element dimension="1">6.8611</element>
               <element dimension="2">1.1694</element>
            </point>
            <point>
               <element dimension="1">6.3015</element>
               <element dimension="2">0.90223</element>
            </point>
            <point>
               <element dimension="1">4.963</element>
               <element dimension="2">0.30889</element>
            </point>
            <point>
               <element dimension="1">2.2529</element>
               <element dimension="2">-0.80254</element>
            </point>
            <point>
               <element dimension="1">2.2332</element>
               <element dimension="2">-0.76124</element>
            </point>
         </set>
      </occupancy>
      <occupancy>
         <time>
            <intervalStart>0.7</intervalStart>
            <intervalEnd>0.8</intervalEnd>
         </time>
         <set>
            <point>
               <element dimension="1">1.875</element>
               <element dimension="2">1.1465</element>
            </point>
            <point>
               <element dimension="1">4.5131</element>
               <element dimension="2">2.5844</element>
            </point>
            <point>
               <element dimension="1">6.1481</element>
               <element dimension="2">3.4194</element>
            </point>
            <point>
               <element dimension="1">6.1695</element>
               <element dimension="2">3.4296</element>
            </point>
            <point>
               <element dimension="1">7.0982</element>
               <element dimension="2">1.7257</element>
            </point>
            <point>
               <element dimension="1">7.1818</element>
               <element dimension="2">1.5506</element>
            </point>
            <point>
               <element dimension="1">6.6959</element>
               <element dimension="2">1.2857</element>
            </point>
            <point>
               <element dimension="1">4.7341</element>
               <element dimension="2">0.28378</element>
            </point>
            <point>
               <element dimension="1">2.7445</element>
               <element dimension="2">-0.66609</element>
            </point>
            <point>
               <element dimension="1">2.7107</element>
               <element dimension="2">-0.60402</element>
            </point>
         </set>
      </occupancy>
      <occupancy>
         <time>
            <intervalStart>0.8</intervalStart>
            <intervalEnd>0.9</intervalEnd>
         </time>
         <set>
            <point>
               <element dimension="1">2.2274</element>
               <element dimension="2">1.2774</element>
            </point>
            <point>
               <element dimension="1">4.7512</element>
               <element dimension="2">2.8248</element>
            </point>
            <point>
               <element dimension="1">6.3407</element>
               <element dimension="2">3.7444</element>
            </point>
            <point>
               <element dimension="1">6.357</element>
               <element dimension="2">3.7533</element>
            </point>
            <point>
               <element dimension="1">7.3826</element>
               <element dimension="2">2.0806</element>
            </point>
            <point>
               <element dimension="1">7.475</element>
               <element dimension="2">1.9111</element>
            </point>
            <point>
               <element dimension="1">7.042</element>
               <element dimension="2">1.6457</element>
            </point>
            <point>
               <element dimension="1">5.1368</element>
               <element dimension="2">0.54339</element>
            </point>
            <point>
               <element dimension="1">3.2064</element>
               <element dimension="2">-0.50875</element>
            </point>
            <point>
               <element dimension="1">3.1569</element>
               <element dimension="2">-0.42799</element>
            </point>
         </set>
      </occupancy>
      <occupancy>
         <time>
            <intervalStart>0.9</intervalStart>
            <intervalEnd>1</intervalEnd>
         </time>
         <set>
            <point>
               <element dimension="1">2.5557</element>
               <element dimension="2">1.4201</element>
            </point>
            <point>
               <element dimension="1">2.6083</element>
               <element dimension="2">1.456</element>
            </point>
            <point>
               <element dimension="1">4.8536</element>
               <element dimension="2">2.9097</element>
            </point>
            <point>
               <element dimension="1">6.5627</element>
               <element dimension="2">3.9576</element>
            </point>
            <point>
               <element dimension="1">7.5622</element>
               <element dimension="2">2.4941</element>
            </point>
            <point>
               <element dimension="1">7.7116</element>
               <element dimension="2">2.2503</element>
            </point>
            <point>
               <element dimension="1">7.3538</element>
               <element dimension="2">2.0059</element>
            </point>
            <point>
               <element dimension="1">7.1575</element>
               <element dimension="2">1.8788</element>
            </point>
            <point>
               <element dimension="1">3.6116</element>
               <element dimension="2">-0.29534</element>
            </point>
            <point>
               <element dimension="1">3.5719</element>
               <element dimension="2">-0.23728</element>
            </point>
         </set>
      </occupancy>
   </occupancySet>
   <reachableSet>
      <reachability>
         <time>0</time>
         <x>
            <intervalStart>-0.1</intervalStart>
            <intervalEnd>0.1</intervalEnd>
         </x>
         <y>
            <intervalStart>-0.1</intervalStart>
            <intervalEnd>0.1</intervalEnd>
         </y>
         <velocity>
            <intervalStart>5.4</intervalStart>
            <intervalEnd>5.8</intervalEnd>
         </velocity>
         <orientation>
            <intervalStart>-0.02</intervalStart>
            <intervalEnd>0.02</intervalEnd>
         </orientation>
      </reachability>
      <reachability>
         <time>1</time>
         <x>
            <intervalStart>4.3216</intervalStart>
            <intervalEnd>4.3328</intervalEnd>
         </x>
         <y>
            <intervalStart>1.3294</intervalStart>
            <intervalEnd>1.3541</intervalEnd>
         </y>
         <velocity>
            <intervalStart>3.6</intervalStart>
            <intervalEnd>3.6</intervalEnd>
         </velocity>
         <orientation>
            <intervalStart>0.59671</intervalStart>
            <intervalEnd>0.60637</intervalEnd>
         </orientation>
      </reachability>
   </reachableSet>
</motionPrimitive>